Workbook

Sheet תפוקה מצטברת מול אשתקד
D1: שינוי מול אשתקד % | H1: תפוקה מצטברת 07/2025 | L1: תפוקה מצטברת 07/2024
A2: שם סוכן | B2: מפקח | C2: מחלקה | D2: פנסיוני | E2: סיכונים | F2: פיננסים | G2: ניודי פנסיה | H2: פנסיוני | I2: סיכונים | J2: פיננסים | K2: ניודי פנסיה | L2: פנסיוני | M2: סיכונים | N2: פיננסים | O2: ניודי פנסיה
A3: גל אלמגור סוכ | B3: יוסי אביב | C3: ישירים | D3: =IF(H3=0,0%,IF(L3=0,100%,H3/L3-1)) -> 0.75387384 | E3: =IF(I3=0,0%,IF(M3=0,100%,I3/M3-1)) -> -0.66207676 | F3: =IF(J3=0,0%,IF(N3=G29,100%,J3/N3-1)) -> 0.21062612 | G3: =IF(K3=0,0%,IF(O3=H29,100%,K3/O3-1)) -> 0.95230791 | H3: =VLOOKUP(A3,'הכשרה'!A:G,4,0)+VLOOKUP('תפוקה מצטברת מול אשתקד'!A3,'מגדל'!A:G,4,0)+VLOOKUP('תפוקה מצטברת מול אשתקד'!A3,'מנורה'!A:G,4,0)+VLOOKUP('תפוקה מצטברת מול אשתקד'!A3,'איילון'!A:G,4,0)+VLOOKUP('תפוקה מצטברת מול אשתקד'!A3,'הראל'!A:G,4,0)+VLOOKUP('תפוקה מצטברת מול אשתקד'!A3,'הפניקס'!A:G,4,0)+VLOOKUP('תפוקה מצטברת מול אשתקד'!A3,'כלל'!A:G,4,0)+VLOOKUP('תפוקה מצטברת מול אשתקד'!A3,'מור'!A:G,4,0)+VLOOKUP('תפוקה מצטברת מול אשתקד'!A3,'אלטשולר שחם'!A:G,4,0)+VLOOKUP('תפוקה מצטברת מול אשתקד'!A3,'מדיהו '!A:G,4,0)+VLOOKUP('תפוקה מצטברת מול אשתקד'!A3,'אנליסט '!A:G,4,0)+VLOOKUP('תפוקה מצטברת מול אשתקד'!A3,'מיטב דש'!A:G,4,0)+VLOOKUP('תפוקה מצטברת מול אשתקד'!A3,'אינפניטי'!A:G,4,0) -> 7943583.2 | I3: =VLOOKUP(A3,'הכשרה'!A:G,5,0)+VLOOKUP('תפוקה מצטברת מול אשתקד'!A3,'מגדל'!A:G,5,0)+VLOOKUP('תפוקה מצטברת מול אשתקד'!A3,'מנורה'!A:G,5,0)+VLOOKUP('תפוקה מצטברת מול אשתקד'!A3,'איילון'!A:G,5,0)+VLOOKUP('תפוקה מצטברת מול אשתקד'!A3,'הראל'!A:G,5,0)+VLOOKUP('תפוקה מצטברת מול אשתקד'!A3,'הפניקס'!A:G,5,0)+VLOOKUP('תפוקה מצטברת מול אשתקד'!A3,'כלל'!A:G,5,0)+VLOOKUP('תפוקה מצטברת מול אשתקד'!A3,'מור'!A:G,5,0)+VLOOKUP('תפוקה מצטברת מול אשתקד'!A3,'אלטשולר שחם'!A:G,5,0)+VLOOKUP('תפוקה מצטברת מול אשתקד'!A3,'מדיהו '!A:G,5,0)+VLOOKUP('תפוקה מצטברת מול אשתקד'!A3,'אנליסט '!A:G,5,0)+VLOOKUP('תפוקה מצטברת מול אשתקד'!A3,'מיטב דש'!A:G,5,0)+VLOOKUP('תפוקה מצטברת מול אשתקד'!A3,'אינפניטי'!A:G,5,0) -> 284148.82 | J3: =VLOOKUP(A3,'הכשרה'!A:G,6,0)+VLOOKUP('תפוקה מצטברת מול אשתקד'!A3,'מגדל'!A:G,6,0)+VLOOKUP('תפוקה מצטברת מול אשתקד'!A3,'מנורה'!A:G,6,0)+VLOOKUP('תפוקה מצטברת מול אשתקד'!A3,'איילון'!A:G,6,0)+VLOOKUP(A3,'הראל'!A:G,6,0)+VLOOKUP('תפוקה מצטברת מול אשתקד'!A3,'הפניקס'!A:G,6,0)+VLOOKUP('תפוקה מצטברת מול אשתקד'!A3,'כלל'!A:G,6,0)+VLOOKUP('תפוקה מצטברת מול אשתקד'!A3,'מור'!A:G,6,0)+VLOOKUP('תפוקה מצטברת מול אשתקד'!A3,'אלטשולר שחם'!A:G,6,0)+VLOOKUP('תפוקה מצטברת מול אשתקד'!A3,'מדיהו '!A:G,6,0)+VLOOKUP('תפוקה מצטברת מול אשתקד'!A3,'אנליסט '!A:G,6,0)+VLOOKUP('תפוקה מצטברת מול אשתקד'!A3,'מיטב דש'!A:G,6,0)+VLOOKUP('תפוקה מצטברת מול אשתקד'!A3,'אינפניטי'!A:G,6,0) -> 19291898 | K3: =VLOOKUP(A3,'הכשרה'!A:G,7,0)+VLOOKUP('תפוקה מצטברת מול אשתקד'!A3,'מגדל'!A:G,7,0)+VLOOKUP('תפוקה מצטברת מול אשתקד'!A3,'מנורה'!A:G,7,0)+VLOOKUP('תפוקה מצטברת מול אשתקד'!A3,'איילון'!A:G,7,0)+VLOOKUP('תפוקה מצטברת מול אשתקד'!A3,'הראל'!A:G,7,0)+VLOOKUP('תפוקה מצטברת מול אשתקד'!A3,'הפניקס'!A:G,7,0)+VLOOKUP('תפוקה מצטברת מול אשתקד'!A3,'כלל'!A:G,7,0)+VLOOKUP('תפוקה מצטברת מול אשתקד'!A3,'מור'!A:G,7,0)+VLOOKUP('תפוקה מצטברת מול אשתקד'!A3,'אלטשולר שחם'!A:G,7,0)+VLOOKUP('תפוקה מצטברת מול אשתקד'!A3,'מדיהו '!A:K,7,0)+VLOOKUP(A3,'אנליסט '!A:G,7,0)+VLOOKUP('תפוקה מצטברת מול אשתקד'!A3,'מיטב דש'!A:G,7,0)+VLOOKUP('תפוקה מצטברת מול אשתקד'!A3,'אינפניטי'!A:G,7,0) -> 50754486 | L3: =VLOOKUP(A3,'הכשרה'!A:K,8,0)+VLOOKUP('תפוקה מצטברת מול אשתקד'!A3,'מגדל'!A:K,8,0)+VLOOKUP('תפוקה מצטברת מול אשתקד'!A3,'מנורה'!A:K,8,0)+VLOOKUP('תפוקה מצטברת מול אשתקד'!A3,'איילון'!A:K,8,0)+VLOOKUP('תפוקה מצטברת מול אשתקד'!A3,'הראל'!A:K,8,0)+VLOOKUP('תפוקה מצטברת מול אשתקד'!A3,'הפניקס'!A:K,8,0)+VLOOKUP('תפוקה מצטברת מול אשתקד'!A3,'כלל'!A:K,8,0)+VLOOKUP('תפוקה מצטברת מול אשתקד'!A3,'מור'!A:K,8,0)+VLOOKUP('תפוקה מצטברת מול אשתקד'!A3,'אלטשולר שחם'!A:K,8,0)+VLOOKUP('תפוקה מצטברת מול אשתקד'!A3,'מדיהו '!A:K,8,0)+VLOOKUP('תפוקה מצטברת מול אשתקד'!A3,'אנליסט '!A:K,8,0)+VLOOKUP('תפוקה מצטברת מול אשתקד'!A3,'מיטב דש'!A:K,8,0)+VLOOKUP('תפוקה מצטברת מול אשתקד'!A3,'אינפניטי'!A:K,8,0) -> 4529164.5 | M3: =VLOOKUP(A3,'הכשרה'!A:K,9,0)+VLOOKUP('תפוקה מצטברת מול אשתקד'!A3,'מגדל'!A:K,9,0)+VLOOKUP('תפוקה מצטברת מול אשתקד'!A3,'מנורה'!A:K,9,0)+VLOOKUP('תפוקה מצטברת מול אשתקד'!A3,'איילון'!A:K,9,0)+VLOOKUP('תפוקה מצטברת מול אשתקד'!A3,'הראל'!A:K,9,0)+VLOOKUP('תפוקה מצטברת מול אשתקד'!A3,'הפניקס'!A:K,9,0)+VLOOKUP('תפוקה מצטברת מול אשתקד'!A3,'כלל'!A:K,9,0)+VLOOKUP('תפוקה מצטברת מול אשתקד'!A3,'מור'!A:K,9,0)+VLOOKUP('תפוקה מצטברת מול אשתקד'!A3,'אלטשולר שחם'!A:K,9,0)+VLOOKUP('תפוקה מצטברת מול אשתקד'!A3,'מדיהו '!A:K,9,0)+VLOOKUP('תפוקה מצטברת מול אשתקד'!A3,'אנליסט '!A:K,9,0)+VLOOKUP('תפוקה מצטברת מול אשתקד'!A3,'מיטב דש'!A:K,9,0)+VLOOKUP('תפוקה מצטברת מול אשתקד'!A3,'אינפניטי'!A:K,9,0) -> 840867.93 | N3: =VLOOKUP(A3,'הכשרה'!A:K,10,0)+VLOOKUP('תפוקה מצטברת מול אשתקד'!A3,'מגדל'!A:K,10,0)+VLOOKUP('תפוקה מצטברת מול אשתקד'!A3,'מנורה'!A:K,10,0)+VLOOKUP('תפוקה מצטברת מול אשתקד'!A3,'איילון'!A:K,10,0)+VLOOKUP('תפוקה מצטברת מול אשתקד'!A3,'הראל'!A:K,10,0)+VLOOKUP('תפוקה מצטברת מול אשתקד'!A3,'הפניקס'!A:K,10,0)+VLOOKUP('תפוקה מצטברת מול אשתקד'!A3,'כלל'!A:K,10,0)+VLOOKUP('תפוקה מצטברת מול אשתקד'!A3,'מור'!A:K,10,0)+VLOOKUP('תפוקה מצטברת מול אשתקד'!A3,'אלטשולר שחם'!A:K,10,0)+VLOOKUP('תפוקה מצטברת מול אשתקד'!A3,'מדיהו '!A:K,10,0)+VLOOKUP('תפוקה מצטברת מול אשתקד'!A3,'אנליסט '!A:K,10,0)+VLOOKUP('תפוקה מצטברת מול אשתקד'!A3,'מיטב דש'!A:K,10,0)+VLOOKUP('תפוקה מצטברת מול אשתקד'!A3,'אינפניטי'!A:K,10,0) -> 15935471 | O3: =VLOOKUP(A3,'הכשרה'!A:K,11,0)+VLOOKUP('תפוקה מצטברת מול אשתקד'!A3,'מגדל'!A:K,11,0)+VLOOKUP('תפוקה מצטברת מול אשתקד'!A3,'מנורה'!A:K,11,0)+VLOOKUP('תפוקה מצטברת מול אשתקד'!A3,'איילון'!A:K,11,0)+VLOOKUP('תפוקה מצטברת מול אשתקד'!A3,'הראל'!A:K,11,0)+VLOOKUP('תפוקה מצטברת מול אשתקד'!A3,'הפניקס'!A:K,11,0)+VLOOKUP('תפוקה מצטברת מול אשתקד'!A3,'כלל'!A:K,11,0)+VLOOKUP('תפוקה מצטברת מול אשתקד'!A3,'מור'!A:K,11,0)+VLOOKUP('תפוקה מצטברת מול אשתקד'!A3,'אלטשולר שחם'!A:K,11,0)+VLOOKUP('תפוקה מצטברת מול אשתקד'!A3,'מדיהו '!A:K,11,0)+VLOOKUP('תפוקה מצטברת מול אשתקד'!A3,'אנליסט '!A:K,11,0)+VLOOKUP('תפוקה מצטברת מול אשתקד'!A3,'מיטב דש'!A:K,11,0)+VLOOKUP('תפוקה מצטברת מול אשתקד'!A3,'אינפניטי'!A:K,11,0) -> 25997172
A4: דניאלה אביב | B4: יוסי אביב | C4: ישירים | D4: =IF(H4=0,0%,IF(L4=0,100%,H4/L4-1)) -> -0.43877468 | E4: =IF(I4=0,0%,IF(M4=0,100%,I4/M4-1)) -> -0.42272162 | F4: =IF(J4=0,0%,IF(N4=0,100%,J4/N4-1)) -> -0.49415328 | G4: =IF(K4=0,0%,IF(O4=H30,100%,K4/O4-1)) -> -0.83586763 | H4: =VLOOKUP(A4,'הכשרה'!A:G,4,0)+VLOOKUP('תפוקה מצטברת מול אשתקד'!A4,'מגדל'!A:G,4,0)+VLOOKUP('תפוקה מצטברת מול אשתקד'!A4,'מנורה'!A:G,4,0)+VLOOKUP('תפוקה מצטברת מול אשתקד'!A4,'איילון'!A:G,4,0)+VLOOKUP('תפוקה מצטברת מול אשתקד'!A4,'הראל'!A:G,4,0)+VLOOKUP('תפוקה מצטברת מול אשתקד'!A4,'הפניקס'!A:G,4,0)+VLOOKUP('תפוקה מצטברת מול אשתקד'!A4,'כלל'!A:G,4,0)+VLOOKUP('תפוקה מצטברת מול אשתקד'!A4,'מור'!A:G,4,0)+VLOOKUP('תפוקה מצטברת מול אשתקד'!A4,'אלטשולר שחם'!A:G,4,0)+VLOOKUP('תפוקה מצטברת מול אשתקד'!A4,'מדיהו '!A:G,4,0)+VLOOKUP('תפוקה מצטברת מול אשתקד'!A4,'אנליסט '!A:G,4,0)+VLOOKUP('תפוקה מצטברת מול אשתקד'!A4,'מיטב דש'!A:G,4,0)+VLOOKUP('תפוקה מצטברת מול אשתקד'!A4,'אינפניטי'!A:G,4,0) -> 430369.65 | I4: =VLOOKUP(A4,'הכשרה'!A:G,5,0)+VLOOKUP('תפוקה מצטברת מול אשתקד'!A4,'מגדל'!A:G,5,0)+VLOOKUP('תפוקה מצטברת מול אשתקד'!A4,'מנורה'!A:G,5,0)+VLOOKUP('תפוקה מצטברת מול אשתקד'!A4,'איילון'!A:G,5,0)+VLOOKUP('תפוקה מצטברת מול אשתקד'!A4,'הראל'!A:G,5,0)+VLOOKUP('תפוקה מצטברת מול אשתקד'!A4,'הפניקס'!A:G,5,0)+VLOOKUP('תפוקה מצטברת מול אשתקד'!A4,'כלל'!A:G,5,0)+VLOOKUP('תפוקה מצטברת מול אשתקד'!A4,'מור'!A:G,5,0)+VLOOKUP('תפוקה מצטברת מול אשתקד'!A4,'אלטשולר שחם'!A:G,5,0)+VLOOKUP('תפוקה מצטברת מול אשתקד'!A4,'מדיהו '!A:G,5,0)+VLOOKUP('תפוקה מצטברת מול אשתקד'!A4,'אנליסט '!A:G,5,0)+VLOOKUP('תפוקה מצטברת מול אשתקד'!A4,'מיטב דש'!A:G,5,0)+VLOOKUP('תפוקה מצטברת מול אשתקד'!A4,'אינפניטי'!A:G,5,0) -> 3951.3062 | J4: =VLOOKUP(A4,'הכשרה'!A:G,6,0)+VLOOKUP('תפוקה מצטברת מול אשתקד'!A4,'מגדל'!A:G,6,0)+VLOOKUP('תפוקה מצטברת מול אשתקד'!A4,'מנורה'!A:G,6,0)+VLOOKUP('תפוקה מצטברת מול אשתקד'!A4,'איילון'!A:G,6,0)+VLOOKUP(A4,'הראל'!A:G,6,0)+VLOOKUP('תפוקה מצטברת מול אשתקד'!A4,'הפניקס'!A:G,6,0)+VLOOKUP('תפוקה מצטברת מול אשתקד'!A4,'כלל'!A:G,6,0)+VLOOKUP('תפוקה מצטברת מול אשתקד'!A4,'מור'!A:G,6,0)+VLOOKUP('תפוקה מצטברת מול אשתקד'!A4,'אלטשולר שחם'!A:G,6,0)+VLOOKUP('תפוקה מצטברת מול אשתקד'!A4,'מדיהו '!A:G,6,0)+VLOOKUP('תפוקה מצטברת מול אשתקד'!A4,'אנליסט '!A:G,6,0)+VLOOKUP('תפוקה מצטברת מול אשתקד'!A4,'מיטב דש'!A:G,6,0)+VLOOKUP('תפוקה מצטברת מול אשתקד'!A4,'אינפניטי'!A:G,6,0) -> 2919925 | K4: =VLOOKUP(A4,'הכשרה'!A:G,7,0)+VLOOKUP('תפוקה מצטברת מול אשתקד'!A4,'מגדל'!A:G,7,0)+VLOOKUP('תפוקה מצטברת מול אשתקד'!A4,'מנורה'!A:G,7,0)+VLOOKUP('תפוקה מצטברת מול אשתקד'!A4,'איילון'!A:G,7,0)+VLOOKUP('תפוקה מצטברת מול אשתקד'!A4,'הראל'!A:G,7,0)+VLOOKUP('תפוקה מצטברת מול אשתקד'!A4,'הפניקס'!A:G,7,0)+VLOOKUP('תפוקה מצטברת מול אשתקד'!A4,'כלל'!A:G,7,0)+VLOOKUP('תפוקה מצטברת מול אשתקד'!A4,'מור'!A:G,7,0)+VLOOKUP('תפוקה מצטברת מול אשתקד'!A4,'אלטשולר שחם'!A:G,7,0)+VLOOKUP('תפוקה מצטברת מול אשתקד'!A4,'מדיהו '!A:K,7,0)+VLOOKUP(A4,'אנליסט '!A:G,7,0)+VLOOKUP('תפוקה מצטברת מול אשתקד'!A4,'מיטב דש'!A:G,7,0)+VLOOKUP('תפוקה מצטברת מול אשתקד'!A4,'אינפניטי'!A:G,7,0) -> 1041834.2 | L4: =VLOOKUP(A4,'הכשרה'!A:K,8,0)+VLOOKUP('תפוקה מצטברת מול אשתקד'!A4,'מגדל'!A:K,8,0)+VLOOKUP('תפוקה מצטברת מול אשתקד'!A4,'מנורה'!A:K,8,0)+VLOOKUP('תפוקה מצטברת מול אשתקד'!A4,'איילון'!A:K,8,0)+VLOOKUP('תפוקה מצטברת מול אשתקד'!A4,'הראל'!A:K,8,0)+VLOOKUP('תפוקה מצטברת מול אשתקד'!A4,'הפניקס'!A:K,8,0)+VLOOKUP('תפוקה מצטברת מול אשתקד'!A4,'כלל'!A:K,8,0)+VLOOKUP('תפוקה מצטברת מול אשתקד'!A4,'מור'!A:K,8,0)+VLOOKUP('תפוקה מצטברת מול אשתקד'!A4,'אלטשולר שחם'!A:K,8,0)+VLOOKUP('תפוקה מצטברת מול אשתקד'!A4,'מדיהו '!A:K,8,0)+VLOOKUP('תפוקה מצטברת מול אשתקד'!A4,'אנליסט '!A:K,8,0)+VLOOKUP('תפוקה מצטברת מול אשתקד'!A4,'מיטב דש'!A:K,8,0)+VLOOKUP('תפוקה מצטברת מול אשתקד'!A4,'אינפניטי'!A:K,8,0) -> 766839.34 | M4: =VLOOKUP(A4,'הכשרה'!A:K,9,0)+VLOOKUP('תפוקה מצטברת מול אשתקד'!A4,'מגדל'!A:K,9,0)+VLOOKUP('תפוקה מצטברת מול אשתקד'!A4,'מנורה'!A:K,9,0)+VLOOKUP('תפוקה מצטברת מול אשתקד'!A4,'איילון'!A:K,9,0)+VLOOKUP('תפוקה מצטברת מול אשתקד'!A4,'הראל'!A:K,9,0)+VLOOKUP('תפוקה מצטברת מול אשתקד'!A4,'הפניקס'!A:K,9,0)+VLOOKUP('תפוקה מצטברת מול אשתקד'!A4,'כלל'!A:K,9,0)+VLOOKUP('תפוקה מצטברת מול אשתקד'!A4,'מור'!A:K,9,0)+VLOOKUP('תפוקה מצטברת מול אשתקד'!A4,'אלטשולר שחם'!A:K,9,0)+VLOOKUP('תפוקה מצטברת מול אשתקד'!A4,'מדיהו '!A:K,9,0)+VLOOKUP('תפוקה מצטברת מול אשתקד'!A4,'אנליסט '!A:K,9,0)+VLOOKUP('תפוקה מצטברת מול אשתקד'!A4,'מיטב דש'!A:K,9,0)+VLOOKUP('תפוקה מצטברת מול אשתקד'!A4,'אינפניטי'!A:K,9,0) -> 6844.7154 | N4: =VLOOKUP(A4,'הכשרה'!A:K,10,0)+VLOOKUP('תפוקה מצטברת מול אשתקד'!A4,'מגדל'!A:K,10,0)+VLOOKUP('תפוקה מצטברת מול אשתקד'!A4,'מנורה'!A:K,10,0)+VLOOKUP('תפוקה מצטברת מול אשתקד'!A4,'איילון'!A:K,10,0)+VLOOKUP('תפוקה מצטברת מול אשתקד'!A4,'הראל'!A:K,10,0)+VLOOKUP('תפוקה מצטברת מול אשתקד'!A4,'הפניקס'!A:K,10,0)+VLOOKUP('תפוקה מצטברת מול אשתקד'!A4,'כלל'!A:K,10,0)+VLOOKUP('תפוקה מצטברת מול אשתקד'!A4,'מור'!A:K,10,0)+VLOOKUP('תפוקה מצטברת מול אשתקד'!A4,'אלטשולר שחם'!A:K,10,0)+VLOOKUP('תפוקה מצטברת מול אשתקד'!A4,'מדיהו '!A:K,10,0)+VLOOKUP('תפוקה מצטברת מול אשתקד'!A4,'אנליסט '!A:K,10,0)+VLOOKUP('תפוקה מצטברת מול אשתקד'!A4,'מיטב דש'!A:K,10,0)+VLOOKUP('תפוקה מצטברת מול אשתקד'!A4,'אינפניטי'!A:K,10,0) -> 5772351.3 | O4: =VLOOKUP(A4,'הכשרה'!A:K,11,0)+VLOOKUP('תפוקה מצטברת מול אשתקד'!A4,'מגדל'!A:K,11,0)+VLOOKUP('תפוקה מצטברת מול אשתקד'!A4,'מנורה'!A:K,11,0)+VLOOKUP('תפוקה מצטברת מול אשתקד'!A4,'איילון'!A:K,11,0)+VLOOKUP('תפוקה מצטברת מול אשתקד'!A4,'הראל'!A:K,11,0)+VLOOKUP('תפוקה מצטברת מול אשתקד'!A4,'הפניקס'!A:K,11,0)+VLOOKUP('תפוקה מצטברת מול אשתקד'!A4,'כלל'!A:K,11,0)+VLOOKUP('תפוקה מצטברת מול אשתקד'!A4,'מור'!A:K,11,0)+VLOOKUP('תפוקה מצטברת מול אשתקד'!A4,'אלטשולר שחם'!A:K,11,0)+VLOOKUP('תפוקה מצטברת מול אשתקד'!A4,'מדיהו '!A:K,11,0)+VLOOKUP('תפוקה מצטברת מול אשתקד'!A4,'אנליסט '!A:K,11,0)+VLOOKUP('תפוקה מצטברת מול אשתקד'!A4,'מיטב דש'!A:K,11,0)+VLOOKUP('תפוקה מצטברת מול אשתקד'!A4,'אינפניטי'!A:K,11,0) -> 6347524.3
A5: רותי | B5: יוסי אביב | C5: ישירים | D5: =IF(H5=0,0%,IF(L5=0,100%,H5/L5-1)) -> 0 | E5: =IF(I5=0,0%,IF(M5=0,100%,I5/M5-1)) -> 1 | F5: =IF(J5=0,0%,IF(N5=0,100%,J5/N5-1)) -> 1 | G5: =IF(K5=0,0%,IF(O5=H31,100%,K5/O5-1)) -> 0 | H5: =VLOOKUP(A5,'הכשרה'!A:G,4,0)+VLOOKUP('תפוקה מצטברת מול אשתקד'!A5,'מגדל'!A:G,4,0)+VLOOKUP('תפוקה מצטברת מול אשתקד'!A5,'מנורה'!A:G,4,0)+VLOOKUP('תפוקה מצטברת מול אשתקד'!A5,'איילון'!A:G,4,0)+VLOOKUP('תפוקה מצטברת מול אשתקד'!A5,'הראל'!A:G,4,0)+VLOOKUP('תפוקה מצטברת מול אשתקד'!A5,'הפניקס'!A:G,4,0)+VLOOKUP('תפוקה מצטברת מול אשתקד'!A5,'כלל'!A:G,4,0)+VLOOKUP('תפוקה מצטברת מול אשתקד'!A5,'מור'!A:G,4,0)+VLOOKUP('תפוקה מצטברת מול אשתקד'!A5,'אלטשולר שחם'!A:G,4,0)+VLOOKUP('תפוקה מצטברת מול אשתקד'!A5,'מדיהו '!A:G,4,0)+VLOOKUP('תפוקה מצטברת מול אשתקד'!A5,'אנליסט '!A:G,4,0)+VLOOKUP('תפוקה מצטברת מול אשתקד'!A5,'מיטב דש'!A:G,4,0)+VLOOKUP('תפוקה מצטברת מול אשתקד'!A5,'אינפניטי'!A:G,4,0) -> 0 | I5: =VLOOKUP(A5,'הכשרה'!A:G,5,0)+VLOOKUP('תפוקה מצטברת מול אשתקד'!A5,'מגדל'!A:G,5,0)+VLOOKUP('תפוקה מצטברת מול אשתקד'!A5,'מנורה'!A:G,5,0)+VLOOKUP('תפוקה מצטברת מול אשתקד'!A5,'איילון'!A:G,5,0)+VLOOKUP('תפוקה מצטברת מול אשתקד'!A5,'הראל'!A:G,5,0)+VLOOKUP('תפוקה מצטברת מול אשתקד'!A5,'הפניקס'!A:G,5,0)+VLOOKUP('תפוקה מצטברת מול אשתקד'!A5,'כלל'!A:G,5,0)+VLOOKUP('תפוקה מצטברת מול אשתקד'!A5,'מור'!A:G,5,0)+VLOOKUP('תפוקה מצטברת מול אשתקד'!A5,'אלטשולר שחם'!A:G,5,0)+VLOOKUP('תפוקה מצטברת מול אשתקד'!A5,'מדיהו '!A:G,5,0)+VLOOKUP('תפוקה מצטברת מול אשתקד'!A5,'אנליסט '!A:G,5,0)+VLOOKUP('תפוקה מצטברת מול אשתקד'!A5,'מיטב דש'!A:G,5,0)+VLOOKUP('תפוקה מצטברת מול אשתקד'!A5,'אינפניטי'!A:G,5,0) -> 53005.696 | J5: =VLOOKUP(A5,'הכשרה'!A:G,6,0)+VLOOKUP('תפוקה מצטברת מול אשתקד'!A5,'מגדל'!A:G,6,0)+VLOOKUP('תפוקה מצטברת מול אשתקד'!A5,'מנורה'!A:G,6,0)+VLOOKUP('תפוקה מצטברת מול אשתקד'!A5,'איילון'!A:G,6,0)+VLOOKUP(A5,'הראל'!A:G,6,0)+VLOOKUP('תפוקה מצטברת מול אשתקד'!A5,'הפניקס'!A:G,6,0)+VLOOKUP('תפוקה מצטברת מול אשתקד'!A5,'כלל'!A:G,6,0)+VLOOKUP('תפוקה מצטברת מול אשתקד'!A5,'מור'!A:G,6,0)+VLOOKUP('תפוקה מצטברת מול אשתקד'!A5,'אלטשולר שחם'!A:G,6,0)+VLOOKUP('תפוקה מצטברת מול אשתקד'!A5,'מדיהו '!A:G,6,0)+VLOOKUP('תפוקה מצטברת מול אשתקד'!A5,'אנליסט '!A:G,6,0)+VLOOKUP('תפוקה מצטברת מול אשתקד'!A5,'מיטב דש'!A:G,6,0)+VLOOKUP('תפוקה מצטברת מול אשתקד'!A5,'אינפניטי'!A:G,6,0) -> 300000 | K5: =VLOOKUP(A5,'הכשרה'!A:G,7,0)+VLOOKUP('תפוקה מצטברת מול אשתקד'!A5,'מגדל'!A:G,7,0)+VLOOKUP('תפוקה מצטברת מול אשתקד'!A5,'מנורה'!A:G,7,0)+VLOOKUP('תפוקה מצטברת מול אשתקד'!A5,'איילון'!A:G,7,0)+VLOOKUP('תפוקה מצטברת מול אשתקד'!A5,'הראל'!A:G,7,0)+VLOOKUP('תפוקה מצטברת מול אשתקד'!A5,'הפניקס'!A:G,7,0)+VLOOKUP('תפוקה מצטברת מול אשתקד'!A5,'כלל'!A:G,7,0)+VLOOKUP('תפוקה מצטברת מול אשתקד'!A5,'מור'!A:G,7,0)+VLOOKUP('תפוקה מצטברת מול אשתקד'!A5,'אלטשולר שחם'!A:G,7,0)+VLOOKUP('תפוקה מצטברת מול אשתקד'!A5,'מדיהו '!A:K,7,0)+VLOOKUP(A5,'אנליסט '!A:G,7,0)+VLOOKUP('תפוקה מצטברת מול אשתקד'!A5,'מיטב דש'!A:G,7,0)+VLOOKUP('תפוקה מצטברת מול אשתקד'!A5,'אינפניטי'!A:G,7,0) -> 0 | L5: =VLOOKUP(A5,'הכשרה'!A:K,8,0)+VLOOKUP('תפוקה מצטברת מול אשתקד'!A5,'מגדל'!A:K,8,0)+VLOOKUP('תפוקה מצטברת מול אשתקד'!A5,'מנורה'!A:K,8,0)+VLOOKUP('תפוקה מצטברת מול אשתקד'!A5,'איילון'!A:K,8,0)+VLOOKUP('תפוקה מצטברת מול אשתקד'!A5,'הראל'!A:K,8,0)+VLOOKUP('תפוקה מצטברת מול אשתקד'!A5,'הפניקס'!A:K,8,0)+VLOOKUP('תפוקה מצטברת מול אשתקד'!A5,'כלל'!A:K,8,0)+VLOOKUP('תפוקה מצטברת מול אשתקד'!A5,'מור'!A:K,8,0)+VLOOKUP('תפוקה מצטברת מול אשתקד'!A5,'אלטשולר שחם'!A:K,8,0)+VLOOKUP('תפוקה מצטברת מול אשתקד'!A5,'מדיהו '!A:K,8,0)+VLOOKUP('תפוקה מצטברת מול אשתקד'!A5,'אנליסט '!A:K,8,0)+VLOOKUP('תפוקה מצטברת מול אשתקד'!A5,'מיטב דש'!A:K,8,0)+VLOOKUP('תפוקה מצטברת מול אשתקד'!A5,'אינפניטי'!A:K,8,0) -> 0 | M5: =VLOOKUP(A5,'הכשרה'!A:K,9,0)+VLOOKUP('תפוקה מצטברת מול אשתקד'!A5,'מגדל'!A:K,9,0)+VLOOKUP('תפוקה מצטברת מול אשתקד'!A5,'מנורה'!A:K,9,0)+VLOOKUP('תפוקה מצטברת מול אשתקד'!A5,'איילון'!A:K,9,0)+VLOOKUP('תפוקה מצטברת מול אשתקד'!A5,'הראל'!A:K,9,0)+VLOOKUP('תפוקה מצטברת מול אשתקד'!A5,'הפניקס'!A:K,9,0)+VLOOKUP('תפוקה מצטברת מול אשתקד'!A5,'כלל'!A:K,9,0)+VLOOKUP('תפוקה מצטברת מול אשתקד'!A5,'מור'!A:K,9,0)+VLOOKUP('תפוקה מצטברת מול אשתקד'!A5,'אלטשולר שחם'!A:K,9,0)+VLOOKUP('תפוקה מצטברת מול אשתקד'!A5,'מדיהו '!A:K,9,0)+VLOOKUP('תפוקה מצטברת מול אשתקד'!A5,'אנליסט '!A:K,9,0)+VLOOKUP('תפוקה מצטברת מול אשתקד'!A5,'מיטב דש'!A:K,9,0)+VLOOKUP('תפוקה מצטברת מול אשתקד'!A5,'אינפניטי'!A:K,9,0) -> 0 | N5: =VLOOKUP(A5,'הכשרה'!A:K,10,0)+VLOOKUP('תפוקה מצטברת מול אשתקד'!A5,'מגדל'!A:K,10,0)+VLOOKUP('תפוקה מצטברת מול אשתקד'!A5,'מנורה'!A:K,10,0)+VLOOKUP('תפוקה מצטברת מול אשתקד'!A5,'איילון'!A:K,10,0)+VLOOKUP('תפוקה מצטברת מול אשתקד'!A5,'הראל'!A:K,10,0)+VLOOKUP('תפוקה מצטברת מול אשתקד'!A5,'הפניקס'!A:K,10,0)+VLOOKUP('תפוקה מצטברת מול אשתקד'!A5,'כלל'!A:K,10,0)+VLOOKUP('תפוקה מצטברת מול אשתקד'!A5,'מור'!A:K,10,0)+VLOOKUP('תפוקה מצטברת מול אשתקד'!A5,'אלטשולר שחם'!A:K,10,0)+VLOOKUP('תפוקה מצטברת מול אשתקד'!A5,'מדיהו '!A:K,10,0)+VLOOKUP('תפוקה מצטברת מול אשתקד'!A5,'אנליסט '!A:K,10,0)+VLOOKUP('תפוקה מצטברת מול אשתקד'!A5,'מיטב דש'!A:K,10,0)+VLOOKUP('תפוקה מצטברת מול אשתקד'!A5,'אינפניטי'!A:K,10,0) -> 0 | O5: =VLOOKUP(A5,'הכשרה'!A:K,11,0)+VLOOKUP('תפוקה מצטברת מול אשתקד'!A5,'מגדל'!A:K,11,0)+VLOOKUP('תפוקה מצטברת מול אשתקד'!A5,'מנורה'!A:K,11,0)+VLOOKUP('תפוקה מצטברת מול אשתקד'!A5,'איילון'!A:K,11,0)+VLOOKUP('תפוקה מצטברת מול אשתקד'!A5,'הראל'!A:K,11,0)+VLOOKUP('תפוקה מצטברת מול אשתקד'!A5,'הפניקס'!A:K,11,0)+VLOOKUP('תפוקה מצטברת מול אשתקד'!A5,'כלל'!A:K,11,0)+VLOOKUP('תפוקה מצטברת מול אשתקד'!A5,'מור'!A:K,11,0)+VLOOKUP('תפוקה מצטברת מול אשתקד'!A5,'אלטשולר שחם'!A:K,11,0)+VLOOKUP('תפוקה מצטברת מול אשתקד'!A5,'מדיהו '!A:K,11,0)+VLOOKUP('תפוקה מצטברת מול אשתקד'!A5,'אנליסט '!A:K,11,0)+VLOOKUP('תפוקה מצטברת מול אשתקד'!A5,'מיטב דש'!A:K,11,0)+VLOOKUP('תפוקה מצטברת מול אשתקד'!A5,'אינפניטי'!A:K,11,0) -> 0
A6: אילנית | B6: יוסי אביב | C6: ישירים | D6: =IF(H6=0,0%,IF(L6=0,100%,H6/L6-1)) -> 1 | E6: =IF(I6=0,0%,IF(M6=0,100%,I6/M6-1)) -> 1 | F6: =IF(J6=0,0%,IF(N6=0,100%,J6/N6-1)) -> 1 | G6: 1 | H6: =VLOOKUP(A6,'הכשרה'!A:G,4,0)+VLOOKUP('תפוקה מצטברת מול אשתקד'!A6,'מגדל'!A:G,4,0)+VLOOKUP('תפוקה מצטברת מול אשתקד'!A6,'מנורה'!A:G,4,0)+VLOOKUP('תפוקה מצטברת מול אשתקד'!A6,'איילון'!A:G,4,0)+VLOOKUP('תפוקה מצטברת מול אשתקד'!A6,'הראל'!A:G,4,0)+VLOOKUP('תפוקה מצטברת מול אשתקד'!A6,'הפניקס'!A:G,4,0)+VLOOKUP('תפוקה מצטברת מול אשתקד'!A6,'כלל'!A:G,4,0)+VLOOKUP('תפוקה מצטברת מול אשתקד'!A6,'מור'!A:G,4,0)+VLOOKUP('תפוקה מצטברת מול אשתקד'!A6,'אלטשולר שחם'!A:G,4,0)+VLOOKUP('תפוקה מצטברת מול אשתקד'!A6,'מדיהו '!A:G,4,0)+VLOOKUP('תפוקה מצטברת מול אשתקד'!A6,'אנליסט '!A:G,4,0)+VLOOKUP('תפוקה מצטברת מול אשתקד'!A6,'מיטב דש'!A:G,4,0)+VLOOKUP('תפוקה מצטברת מול אשתקד'!A6,'אינפניטי'!A:G,4,0) -> 94229.891 | I6: =VLOOKUP(A6,'הכשרה'!A:G,5,0)+VLOOKUP('תפוקה מצטברת מול אשתקד'!A6,'מגדל'!A:G,5,0)+VLOOKUP('תפוקה מצטברת מול אשתקד'!A6,'מנורה'!A:G,5,0)+VLOOKUP('תפוקה מצטברת מול אשתקד'!A6,'איילון'!A:G,5,0)+VLOOKUP('תפוקה מצטברת מול אשתקד'!A6,'הראל'!A:G,5,0)+VLOOKUP('תפוקה מצטברת מול אשתקד'!A6,'הפניקס'!A:G,5,0)+VLOOKUP('תפוקה מצטברת מול אשתקד'!A6,'כלל'!A:G,5,0)+VLOOKUP('תפוקה מצטברת מול אשתקד'!A6,'מור'!A:G,5,0)+VLOOKUP('תפוקה מצטברת מול אשתקד'!A6,'אלטשולר שחם'!A:G,5,0)+VLOOKUP('תפוקה מצטברת מול אשתקד'!A6,'מדיהו '!A:G,5,0)+VLOOKUP('תפוקה מצטברת מול אשתקד'!A6,'אנליסט '!A:G,5,0)+VLOOKUP('תפוקה מצטברת מול אשתקד'!A6,'מיטב דש'!A:G,5,0)+VLOOKUP('תפוקה מצטברת מול אשתקד'!A6,'אינפניטי'!A:G,5,0) -> 40998.678 | J6: =VLOOKUP(A6,'הכשרה'!A:G,6,0)+VLOOKUP('תפוקה מצטברת מול אשתקד'!A6,'מגדל'!A:G,6,0)+VLOOKUP('תפוקה מצטברת מול אשתקד'!A6,'מנורה'!A:G,6,0)+VLOOKUP('תפוקה מצטברת מול אשתקד'!A6,'איילון'!A:G,6,0)+VLOOKUP(A6,'הראל'!A:G,6,0)+VLOOKUP('תפוקה מצטברת מול אשתקד'!A6,'הפניקס'!A:G,6,0)+VLOOKUP('תפוקה מצטברת מול אשתקד'!A6,'כלל'!A:G,6,0)+VLOOKUP('תפוקה מצטברת מול אשתקד'!A6,'מור'!A:G,6,0)+VLOOKUP('תפוקה מצטברת מול אשתקד'!A6,'אלטשולר שחם'!A:G,6,0)+VLOOKUP('תפוקה מצטברת מול אשתקד'!A6,'מדיהו '!A:G,6,0)+VLOOKUP('תפוקה מצטברת מול אשתקד'!A6,'אנליסט '!A:G,6,0)+VLOOKUP('תפוקה מצטברת מול אשתקד'!A6,'מיטב דש'!A:G,6,0)+VLOOKUP('תפוקה מצטברת מול אשתקד'!A6,'אינפניטי'!A:G,6,0) -> 785770.34 | K6: =VLOOKUP(A6,'הכשרה'!A:G,7,0)+VLOOKUP('תפוקה מצטברת מול אשתקד'!A6,'מגדל'!A:G,7,0)+VLOOKUP('תפוקה מצטברת מול אשתקד'!A6,'מנורה'!A:G,7,0)+VLOOKUP('תפוקה מצטברת מול אשתקד'!A6,'איילון'!A:G,7,0)+VLOOKUP('תפוקה מצטברת מול אשתקד'!A6,'הראל'!A:G,7,0)+VLOOKUP('תפוקה מצטברת מול אשתקד'!A6,'הפניקס'!A:G,7,0)+VLOOKUP('תפוקה מצטברת מול אשתקד'!A6,'כלל'!A:G,7,0)+VLOOKUP('תפוקה מצטברת מול אשתקד'!A6,'מור'!A:G,7,0)+VLOOKUP('תפוקה מצטברת מול אשתקד'!A6,'אלטשולר שחם'!A:G,7,0)+VLOOKUP('תפוקה מצטברת מול אשתקד'!A6,'מדיהו '!A:K,7,0)+VLOOKUP(A6,'אנליסט '!A:G,7,0)+VLOOKUP('תפוקה מצטברת מול אשתקד'!A6,'מיטב דש'!A:G,7,0)+VLOOKUP('תפוקה מצטברת מול אשתקד'!A6,'אינפניטי'!A:G,7,0) -> 937262.66 | L6: =VLOOKUP(A6,'הכשרה'!A:K,8,0)+VLOOKUP('תפוקה מצטברת מול אשתקד'!A6,'מגדל'!A:K,8,0)+VLOOKUP('תפוקה מצטברת מול אשתקד'!A6,'מנורה'!A:K,8,0)+VLOOKUP('תפוקה מצטברת מול אשתקד'!A6,'איילון'!A:K,8,0)+VLOOKUP('תפוקה מצטברת מול אשתקד'!A6,'הראל'!A:K,8,0)+VLOOKUP('תפוקה מצטברת מול אשתקד'!A6,'הפניקס'!A:K,8,0)+VLOOKUP('תפוקה מצטברת מול אשתקד'!A6,'כלל'!A:K,8,0)+VLOOKUP('תפוקה מצטברת מול אשתקד'!A6,'מור'!A:K,8,0)+VLOOKUP('תפוקה מצטברת מול אשתקד'!A6,'אלטשולר שחם'!A:K,8,0)+VLOOKUP('תפוקה מצטברת מול אשתקד'!A6,'מדיהו '!A:K,8,0)+VLOOKUP('תפוקה מצטברת מול אשתקד'!A6,'אנליסט '!A:K,8,0)+VLOOKUP('תפוקה מצטברת מול אשתקד'!A6,'מיטב דש'!A:K,8,0)+VLOOKUP('תפוקה מצטברת מול אשתקד'!A6,'אינפניטי'!A:K,8,0) -> 0 | M6: =VLOOKUP(A6,'הכשרה'!A:K,9,0)+VLOOKUP('תפוקה מצטברת מול אשתקד'!A6,'מגדל'!A:K,9,0)+VLOOKUP('תפוקה מצטברת מול אשתקד'!A6,'מנורה'!A:K,9,0)+VLOOKUP('תפוקה מצטברת מול אשתקד'!A6,'איילון'!A:K,9,0)+VLOOKUP('תפוקה מצטברת מול אשתקד'!A6,'הראל'!A:K,9,0)+VLOOKUP('תפוקה מצטברת מול אשתקד'!A6,'הפניקס'!A:K,9,0)+VLOOKUP('תפוקה מצטברת מול אשתקד'!A6,'כלל'!A:K,9,0)+VLOOKUP('תפוקה מצטברת מול אשתקד'!A6,'מור'!A:K,9,0)+VLOOKUP('תפוקה מצטברת מול אשתקד'!A6,'אלטשולר שחם'!A:K,9,0)+VLOOKUP('תפוקה מצטברת מול אשתקד'!A6,'מדיהו '!A:K,9,0)+VLOOKUP('תפוקה מצטברת מול אשתקד'!A6,'אנליסט '!A:K,9,0)+VLOOKUP('תפוקה מצטברת מול אשתקד'!A6,'מיטב דש'!A:K,9,0)+VLOOKUP('תפוקה מצטברת מול אשתקד'!A6,'אינפניטי'!A:K,9,0) -> 0 | N6: =VLOOKUP(A6,'הכשרה'!A:K,10,0)+VLOOKUP('תפוקה מצטברת מול אשתקד'!A6,'מגדל'!A:K,10,0)+VLOOKUP('תפוקה מצטברת מול אשתקד'!A6,'מנורה'!A:K,10,0)+VLOOKUP('תפוקה מצטברת מול אשתקד'!A6,'איילון'!A:K,10,0)+VLOOKUP('תפוקה מצטברת מול אשתקד'!A6,'הראל'!A:K,10,0)+VLOOKUP('תפוקה מצטברת מול אשתקד'!A6,'הפניקס'!A:K,10,0)+VLOOKUP('תפוקה מצטברת מול אשתקד'!A6,'כלל'!A:K,10,0)+VLOOKUP('תפוקה מצטברת מול אשתקד'!A6,'מור'!A:K,10,0)+VLOOKUP('תפוקה מצטברת מול אשתקד'!A6,'אלטשולר שחם'!A:K,10,0)+VLOOKUP('תפוקה מצטברת מול אשתקד'!A6,'מדיהו '!A:K,10,0)+VLOOKUP('תפוקה מצטברת מול אשתקד'!A6,'אנליסט '!A:K,10,0)+VLOOKUP('תפוקה מצטברת מול אשתקד'!A6,'מיטב דש'!A:K,10,0)+VLOOKUP('תפוקה מצטברת מול אשתקד'!A6,'אינפניטי'!A:K,10,0) -> 0 | O6: =VLOOKUP(A6,'הכשרה'!A:K,11,0)+VLOOKUP('תפוקה מצטברת מול אשתקד'!A6,'מגדל'!A:K,11,0)+VLOOKUP('תפוקה מצטברת מול אשתקד'!A6,'מנורה'!A:K,11,0)+VLOOKUP('תפוקה מצטברת מול אשתקד'!A6,'איילון'!A:K,11,0)+VLOOKUP('תפוקה מצטברת מול אשתקד'!A6,'הראל'!A:K,11,0)+VLOOKUP('תפוקה מצטברת מול אשתקד'!A6,'הפניקס'!A:K,11,0)+VLOOKUP('תפוקה מצטברת מול אשתקד'!A6,'כלל'!A:K,11,0)+VLOOKUP('תפוקה מצטברת מול אשתקד'!A6,'מור'!A:K,11,0)+VLOOKUP('תפוקה מצטברת מול אשתקד'!A6,'אלטשולר שחם'!A:K,11,0)+VLOOKUP('תפוקה מצטברת מול אשתקד'!A6,'מדיהו '!A:K,11,0)+VLOOKUP('תפוקה מצטברת מול אשתקד'!A6,'אנליסט '!A:K,11,0)+VLOOKUP('תפוקה מצטברת מול אשתקד'!A6,'מיטב דש'!A:K,11,0)+VLOOKUP('תפוקה מצטברת מול אשתקד'!A6,'אינפניטי'!A:K,11,0) -> 0
A7: דני פחימה | B7: יוסי אביב | C7: ישירים | D7: =IF(H7=0,0%,IF(L7=0,100%,H7/L7-1)) -> -0.51184377 | E7: =IF(I7=0,0%,IF(M7=0,100%,I7/M7-1)) -> -0.57839059 | F7: =IF(J7=0,0%,IF(N7=0,100%,J7/N7-1)) -> 0.15942432 | G7: =IF(K7=0,0%,IF(O7=H74,100%,K7/O7-1)) -> -0.49768728 | H7: =VLOOKUP(A7,'הכשרה'!A:G,4,0)+VLOOKUP('תפוקה מצטברת מול אשתקד'!A7,'מגדל'!A:G,4,0)+VLOOKUP('תפוקה מצטברת מול אשתקד'!A7,'מנורה'!A:G,4,0)+VLOOKUP('תפוקה מצטברת מול אשתקד'!A7,'איילון'!A:G,4,0)+VLOOKUP('תפוקה מצטברת מול אשתקד'!A7,'הראל'!A:G,4,0)+VLOOKUP('תפוקה מצטברת מול אשתקד'!A7,'הפניקס'!A:G,4,0)+VLOOKUP('תפוקה מצטברת מול אשתקד'!A7,'כלל'!A:G,4,0)+VLOOKUP('תפוקה מצטברת מול אשתקד'!A7,'מור'!A:G,4,0)+VLOOKUP('תפוקה מצטברת מול אשתקד'!A7,'אלטשולר שחם'!A:G,4,0)+VLOOKUP('תפוקה מצטברת מול אשתקד'!A7,'מדיהו '!A:G,4,0)+VLOOKUP('תפוקה מצטברת מול אשתקד'!A7,'אנליסט '!A:G,4,0)+VLOOKUP('תפוקה מצטברת מול אשתקד'!A7,'מיטב דש'!A:G,4,0)+VLOOKUP('תפוקה מצטברת מול אשתקד'!A7,'אינפניטי'!A:G,4,0) -> 19388.55 | I7: =VLOOKUP(A7,'הכשרה'!A:G,5,0)+VLOOKUP('תפוקה מצטברת מול אשתקד'!A7,'מגדל'!A:G,5,0)+VLOOKUP('תפוקה מצטברת מול אשתקד'!A7,'מנורה'!A:G,5,0)+VLOOKUP('תפוקה מצטברת מול אשתקד'!A7,'איילון'!A:G,5,0)+VLOOKUP('תפוקה מצטברת מול אשתקד'!A7,'הראל'!A:G,5,0)+VLOOKUP('תפוקה מצטברת מול אשתקד'!A7,'הפניקס'!A:G,5,0)+VLOOKUP('תפוקה מצטברת מול אשתקד'!A7,'כלל'!A:G,5,0)+VLOOKUP('תפוקה מצטברת מול אשתקד'!A7,'מור'!A:G,5,0)+VLOOKUP('תפוקה מצטברת מול אשתקד'!A7,'אלטשולר שחם'!A:G,5,0)+VLOOKUP('תפוקה מצטברת מול אשתקד'!A7,'מדיהו '!A:G,5,0)+VLOOKUP('תפוקה מצטברת מול אשתקד'!A7,'אנליסט '!A:G,5,0)+VLOOKUP('תפוקה מצטברת מול אשתקד'!A7,'מיטב דש'!A:G,5,0)+VLOOKUP('תפוקה מצטברת מול אשתקד'!A7,'אינפניטי'!A:G,5,0) -> 1778.28 | J7: =VLOOKUP(A7,'הכשרה'!A:G,6,0)+VLOOKUP('תפוקה מצטברת מול אשתקד'!A7,'מגדל'!A:G,6,0)+VLOOKUP('תפוקה מצטברת מול אשתקד'!A7,'מנורה'!A:G,6,0)+VLOOKUP('תפוקה מצטברת מול אשתקד'!A7,'איילון'!A:G,6,0)+VLOOKUP(A7,'הראל'!A:G,6,0)+VLOOKUP('תפוקה מצטברת מול אשתקד'!A7,'הפניקס'!A:G,6,0)+VLOOKUP('תפוקה מצטברת מול אשתקד'!A7,'כלל'!A:G,6,0)+VLOOKUP('תפוקה מצטברת מול אשתקד'!A7,'מור'!A:G,6,0)+VLOOKUP('תפוקה מצטברת מול אשתקד'!A7,'אלטשולר שחם'!A:G,6,0)+VLOOKUP('תפוקה מצטברת מול אשתקד'!A7,'מדיהו '!A:G,6,0)+VLOOKUP('תפוקה מצטברת מול אשתקד'!A7,'אנליסט '!A:G,6,0)+VLOOKUP('תפוקה מצטברת מול אשתקד'!A7,'מיטב דש'!A:G,6,0)+VLOOKUP('תפוקה מצטברת מול אשתקד'!A7,'אינפניטי'!A:G,6,0) -> 12228.97 | K7: =VLOOKUP(A7,'הכשרה'!A:G,7,0)+VLOOKUP('תפוקה מצטברת מול אשתקד'!A7,'מגדל'!A:G,7,0)+VLOOKUP('תפוקה מצטברת מול אשתקד'!A7,'מנורה'!A:G,7,0)+VLOOKUP('תפוקה מצטברת מול אשתקד'!A7,'איילון'!A:G,7,0)+VLOOKUP('תפוקה מצטברת מול אשתקד'!A7,'הראל'!A:G,7,0)+VLOOKUP('תפוקה מצטברת מול אשתקד'!A7,'הפניקס'!A:G,7,0)+VLOOKUP('תפוקה מצטברת מול אשתקד'!A7,'כלל'!A:G,7,0)+VLOOKUP('תפוקה מצטברת מול אשתקד'!A7,'מור'!A:G,7,0)+VLOOKUP('תפוקה מצטברת מול אשתקד'!A7,'אלטשולר שחם'!A:G,7,0)+VLOOKUP('תפוקה מצטברת מול אשתקד'!A7,'מדיהו '!A:K,7,0)+VLOOKUP(A7,'אנליסט '!A:G,7,0)+VLOOKUP('תפוקה מצטברת מול אשתקד'!A7,'מיטב דש'!A:G,7,0)+VLOOKUP('תפוקה מצטברת מול אשתקד'!A7,'אינפניטי'!A:G,7,0) -> 53154.27 | L7: =VLOOKUP(A7,'הכשרה'!A:K,8,0)+VLOOKUP('תפוקה מצטברת מול אשתקד'!A7,'מגדל'!A:K,8,0)+VLOOKUP('תפוקה מצטברת מול אשתקד'!A7,'מנורה'!A:K,8,0)+VLOOKUP('תפוקה מצטברת מול אשתקד'!A7,'איילון'!A:K,8,0)+VLOOKUP('תפוקה מצטברת מול אשתקד'!A7,'הראל'!A:K,8,0)+VLOOKUP('תפוקה מצטברת מול אשתקד'!A7,'הפניקס'!A:K,8,0)+VLOOKUP('תפוקה מצטברת מול אשתקד'!A7,'כלל'!A:K,8,0)+VLOOKUP('תפוקה מצטברת מול אשתקד'!A7,'מור'!A:K,8,0)+VLOOKUP('תפוקה מצטברת מול אשתקד'!A7,'אלטשולר שחם'!A:K,8,0)+VLOOKUP('תפוקה מצטברת מול אשתקד'!A7,'מדיהו '!A:K,8,0)+VLOOKUP('תפוקה מצטברת מול אשתקד'!A7,'אנליסט '!A:K,8,0)+VLOOKUP('תפוקה מצטברת מול אשתקד'!A7,'מיטב דש'!A:K,8,0)+VLOOKUP('תפוקה מצטברת מול אשתקד'!A7,'אינפניטי'!A:K,8,0) -> 39717.92 | M7: =VLOOKUP(A7,'הכשרה'!A:K,9,0)+VLOOKUP('תפוקה מצטברת מול אשתקד'!A7,'מגדל'!A:K,9,0)+VLOOKUP('תפוקה מצטברת מול אשתקד'!A7,'מנורה'!A:K,9,0)+VLOOKUP('תפוקה מצטברת מול אשתקד'!A7,'איילון'!A:K,9,0)+VLOOKUP('תפוקה מצטברת מול אשתקד'!A7,'הראל'!A:K,9,0)+VLOOKUP('תפוקה מצטברת מול אשתקד'!A7,'הפניקס'!A:K,9,0)+VLOOKUP('תפוקה מצטברת מול אשתקד'!A7,'כלל'!A:K,9,0)+VLOOKUP('תפוקה מצטברת מול אשתקד'!A7,'מור'!A:K,9,0)+VLOOKUP('תפוקה מצטברת מול אשתקד'!A7,'אלטשולר שחם'!A:K,9,0)+VLOOKUP('תפוקה מצטברת מול אשתקד'!A7,'מדיהו '!A:K,9,0)+VLOOKUP('תפוקה מצטברת מול אשתקד'!A7,'אנליסט '!A:K,9,0)+VLOOKUP('תפוקה מצטברת מול אשתקד'!A7,'מיטב דש'!A:K,9,0)+VLOOKUP('תפוקה מצטברת מול אשתקד'!A7,'אינפניטי'!A:K,9,0) -> 4217.8375 | N7: =VLOOKUP(A7,'הכשרה'!A:K,10,0)+VLOOKUP('תפוקה מצטברת מול אשתקד'!A7,'מגדל'!A:K,10,0)+VLOOKUP('תפוקה מצטברת מול אשתקד'!A7,'מנורה'!A:K,10,0)+VLOOKUP('תפוקה מצטברת מול אשתקד'!A7,'איילון'!A:K,10,0)+VLOOKUP('תפוקה מצטברת מול אשתקד'!A7,'הראל'!A:K,10,0)+VLOOKUP('תפוקה מצטברת מול אשתקד'!A7,'הפניקס'!A:K,10,0)+VLOOKUP('תפוקה מצטברת מול אשתקד'!A7,'כלל'!A:K,10,0)+VLOOKUP('תפוקה מצטברת מול אשתקד'!A7,'מור'!A:K,10,0)+VLOOKUP('תפוקה מצטברת מול אשתקד'!A7,'אלטשולר שחם'!A:K,10,0)+VLOOKUP('תפוקה מצטברת מול אשתקד'!A7,'מדיהו '!A:K,10,0)+VLOOKUP('תפוקה מצטברת מול אשתקד'!A7,'אנליסט '!A:K,10,0)+VLOOKUP('תפוקה מצטברת מול אשתקד'!A7,'מיטב דש'!A:K,10,0)+VLOOKUP('תפוקה מצטברת מול אשתקד'!A7,'אינפניטי'!A:K,10,0) -> 10547.45 | O7: =VLOOKUP(A7,'הכשרה'!A:K,11,0)+VLOOKUP('תפוקה מצטברת מול אשתקד'!A7,'מגדל'!A:K,11,0)+VLOOKUP('תפוקה מצטברת מול אשתקד'!A7,'מנורה'!A:K,11,0)+VLOOKUP('תפוקה מצטברת מול אשתקד'!A7,'איילון'!A:K,11,0)+VLOOKUP('תפוקה מצטברת מול אשתקד'!A7,'הראל'!A:K,11,0)+VLOOKUP('תפוקה מצטברת מול אשתקד'!A7,'הפניקס'!A:K,11,0)+VLOOKUP('תפוקה מצטברת מול אשתקד'!A7,'כלל'!A:K,11,0)+VLOOKUP('תפוקה מצטברת מול אשתקד'!A7,'מור'!A:K,11,0)+VLOOKUP('תפוקה מצטברת מול אשתקד'!A7,'אלטשולר שחם'!A:K,11,0)+VLOOKUP('תפוקה מצטברת מול אשתקד'!A7,'מדיהו '!A:K,11,0)+VLOOKUP('תפוקה מצטברת מול אשתקד'!A7,'אנליסט '!A:K,11,0)+VLOOKUP('תפוקה מצטברת מול אשתקד'!A7,'מיטב דש'!A:K,11,0)+VLOOKUP('תפוקה מצטברת מול אשתקד'!A7,'אינפניטי'!A:K,11,0) -> 105819.08
A8: סה"כ ישיר | D8: =IF(H8=0,0%,IF(L8=0,100%,H8/L8-1)) -> 0.59070724 | E8: =IF(I8=0,0%,IF(M8=0,100%,I8/M8-1)) -> -0.54939659 | F8: =IF(J8=0,0%,IF(N8=0,100%,J8/N8-1)) -> 0.07327677 | G8: =IF(K8=0,0%,IF(O8=H75,100%,K8/O8-1)) -> 0.62668405 | H8: =SUM(H3:H7) -> 8487571.3 | I8: =SUM(I3:I7) -> 383882.78 | J8: =SUM(J3:J7) -> 23309822 | K8: =SUM(K3:K7) -> 52786737 | L8: =SUM(L3:L7) -> 5335721.8 | M8: =SUM(M3:M7) -> 851930.49 | N8: =SUM(N3:N7) -> 21718370 | O8: =SUM(O3:O7) -> 32450516
A9: בראשית סוכנות לביטוח | B9: יוסי אביב | C9: שותפים | D9: =IF(H9=0,0%,IF(L9=0,100%,H9/L9-1)) -> 13.008987 | E9: =IF(I9=0,0%,IF(M9=0,100%,I9/M9-1)) -> 0.67705477 | F9: =IF(J9=0,0%,IF(N9=0,100%,J9/N9-1)) -> 0 | G9: =IF(K9=0,0%,IF(O9=H33,100%,K9/O9-1)) -> -0.59458265 | H9: =VLOOKUP(A9,'הכשרה'!A:G,4,0)+VLOOKUP('תפוקה מצטברת מול אשתקד'!A9,'מגדל'!A:G,4,0)+VLOOKUP('תפוקה מצטברת מול אשתקד'!A9,'מנורה'!A:G,4,0)+VLOOKUP('תפוקה מצטברת מול אשתקד'!A9,'איילון'!A:G,4,0)+VLOOKUP('תפוקה מצטברת מול אשתקד'!A9,'הראל'!A:G,4,0)+VLOOKUP('תפוקה מצטברת מול אשתקד'!A9,'הפניקס'!A:G,4,0)+VLOOKUP('תפוקה מצטברת מול אשתקד'!A9,'כלל'!A:G,4,0)+VLOOKUP('תפוקה מצטברת מול אשתקד'!A9,'מור'!A:G,4,0)+VLOOKUP('תפוקה מצטברת מול אשתקד'!A9,'אלטשולר שחם'!A:G,4,0)+VLOOKUP('תפוקה מצטברת מול אשתקד'!A9,'מדיהו '!A:G,4,0)+VLOOKUP('תפוקה מצטברת מול אשתקד'!A9,'אנליסט '!A:G,4,0)+VLOOKUP('תפוקה מצטברת מול אשתקד'!A9,'מיטב דש'!A:G,4,0)+VLOOKUP('תפוקה מצטברת מול אשתקד'!A9,'אינפניטי'!A:G,4,0) -> 37973.945 | I9: =VLOOKUP(A9,'הכשרה'!A:G,5,0)+VLOOKUP('תפוקה מצטברת מול אשתקד'!A9,'מגדל'!A:G,5,0)+VLOOKUP('תפוקה מצטברת מול אשתקד'!A9,'מנורה'!A:G,5,0)+VLOOKUP('תפוקה מצטברת מול אשתקד'!A9,'איילון'!A:G,5,0)+VLOOKUP('תפוקה מצטברת מול אשתקד'!A9,'הראל'!A:G,5,0)+VLOOKUP('תפוקה מצטברת מול אשתקד'!A9,'הפניקס'!A:G,5,0)+VLOOKUP('תפוקה מצטברת מול אשתקד'!A9,'כלל'!A:G,5,0)+VLOOKUP('תפוקה מצטברת מול אשתקד'!A9,'מור'!A:G,5,0)+VLOOKUP('תפוקה מצטברת מול אשתקד'!A9,'אלטשולר שחם'!A:G,5,0)+VLOOKUP('תפוקה מצטברת מול אשתקד'!A9,'מדיהו '!A:G,5,0)+VLOOKUP('תפוקה מצטברת מול אשתקד'!A9,'אנליסט '!A:G,5,0)+VLOOKUP('תפוקה מצטברת מול אשתקד'!A9,'מיטב דש'!A:G,5,0)+VLOOKUP('תפוקה מצטברת מול אשתקד'!A9,'אינפניטי'!A:G,5,0) -> 1173.13 | J9: =VLOOKUP(A9,'הכשרה'!A:G,6,0)+VLOOKUP('תפוקה מצטברת מול אשתקד'!A9,'מגדל'!A:G,6,0)+VLOOKUP('תפוקה מצטברת מול אשתקד'!A9,'מנורה'!A:G,6,0)+VLOOKUP('תפוקה מצטברת מול אשתקד'!A9,'איילון'!A:G,6,0)+VLOOKUP(A9,'הראל'!A:G,6,0)+VLOOKUP('תפוקה מצטברת מול אשתקד'!A9,'הפניקס'!A:G,6,0)+VLOOKUP('תפוקה מצטברת מול אשתקד'!A9,'כלל'!A:G,6,0)+VLOOKUP('תפוקה מצטברת מול אשתקד'!A9,'מור'!A:G,6,0)+VLOOKUP('תפוקה מצטברת מול אשתקד'!A9,'אלטשולר שחם'!A:G,6,0)+VLOOKUP('תפוקה מצטברת מול אשתקד'!A9,'מדיהו '!A:G,6,0)+VLOOKUP('תפוקה מצטברת מול אשתקד'!A9,'אנליסט '!A:G,6,0)+VLOOKUP('תפוקה מצטברת מול אשתקד'!A9,'מיטב דש'!A:G,6,0)+VLOOKUP('תפוקה מצטברת מול אשתקד'!A9,'אינפניטי'!A:G,6,0) -> 0 | K9: =VLOOKUP(A9,'הכשרה'!A:G,7,0)+VLOOKUP('תפוקה מצטברת מול אשתקד'!A9,'מגדל'!A:G,7,0)+VLOOKUP('תפוקה מצטברת מול אשתקד'!A9,'מנורה'!A:G,7,0)+VLOOKUP('תפוקה מצטברת מול אשתקד'!A9,'איילון'!A:G,7,0)+VLOOKUP('תפוקה מצטברת מול אשתקד'!A9,'הראל'!A:G,7,0)+VLOOKUP('תפוקה מצטברת מול אשתקד'!A9,'הפניקס'!A:G,7,0)+VLOOKUP('תפוקה מצטברת מול אשתקד'!A9,'כלל'!A:G,7,0)+VLOOKUP('תפוקה מצטברת מול אשתקד'!A9,'מור'!A:G,7,0)+VLOOKUP('תפוקה מצטברת מול אשתקד'!A9,'אלטשולר שחם'!A:G,7,0)+VLOOKUP('תפוקה מצטברת מול אשתקד'!A9,'מדיהו '!A:K,7,0)+VLOOKUP(A9,'אנליסט '!A:G,7,0)+VLOOKUP('תפוקה מצטברת מול אשתקד'!A9,'מיטב דש'!A:G,7,0)+VLOOKUP('תפוקה מצטברת מול אשתקד'!A9,'אינפניטי'!A:G,7,0) -> -321158.48 | L9: =VLOOKUP(A9,'הכשרה'!A:K,8,0)+VLOOKUP('תפוקה מצטברת מול אשתקד'!A9,'מגדל'!A:K,8,0)+VLOOKUP('תפוקה מצטברת מול אשתקד'!A9,'מנורה'!A:K,8,0)+VLOOKUP('תפוקה מצטברת מול אשתקד'!A9,'איילון'!A:K,8,0)+VLOOKUP('תפוקה מצטברת מול אשתקד'!A9,'הראל'!A:K,8,0)+VLOOKUP('תפוקה מצטברת מול אשתקד'!A9,'הפניקס'!A:K,8,0)+VLOOKUP('תפוקה מצטברת מול אשתקד'!A9,'כלל'!A:K,8,0)+VLOOKUP('תפוקה מצטברת מול אשתקד'!A9,'מור'!A:K,8,0)+VLOOKUP('תפוקה מצטברת מול אשתקד'!A9,'אלטשולר שחם'!A:K,8,0)+VLOOKUP('תפוקה מצטברת מול אשתקד'!A9,'מדיהו '!A:K,8,0)+VLOOKUP('תפוקה מצטברת מול אשתקד'!A9,'אנליסט '!A:K,8,0)+VLOOKUP('תפוקה מצטברת מול אשתקד'!A9,'מיטב דש'!A:K,8,0)+VLOOKUP('תפוקה מצטברת מול אשתקד'!A9,'אינפניטי'!A:K,8,0) -> 2710.6846 | M9: =VLOOKUP(A9,'הכשרה'!A:K,9,0)+VLOOKUP('תפוקה מצטברת מול אשתקד'!A9,'מגדל'!A:K,9,0)+VLOOKUP('תפוקה מצטברת מול אשתקד'!A9,'מנורה'!A:K,9,0)+VLOOKUP('תפוקה מצטברת מול אשתקד'!A9,'איילון'!A:K,9,0)+VLOOKUP('תפוקה מצטברת מול אשתקד'!A9,'הראל'!A:K,9,0)+VLOOKUP('תפוקה מצטברת מול אשתקד'!A9,'הפניקס'!A:K,9,0)+VLOOKUP('תפוקה מצטברת מול אשתקד'!A9,'כלל'!A:K,9,0)+VLOOKUP('תפוקה מצטברת מול אשתקד'!A9,'מור'!A:K,9,0)+VLOOKUP('תפוקה מצטברת מול אשתקד'!A9,'אלטשולר שחם'!A:K,9,0)+VLOOKUP('תפוקה מצטברת מול אשתקד'!A9,'מדיהו '!A:K,9,0)+VLOOKUP('תפוקה מצטברת מול אשתקד'!A9,'אנליסט '!A:K,9,0)+VLOOKUP('תפוקה מצטברת מול אשתקד'!A9,'מיטב דש'!A:K,9,0)+VLOOKUP('תפוקה מצטברת מול אשתקד'!A9,'אינפניטי'!A:K,9,0) -> 699.518 | N9: =VLOOKUP(A9,'הכשרה'!A:K,10,0)+VLOOKUP('תפוקה מצטברת מול אשתקד'!A9,'מגדל'!A:K,10,0)+VLOOKUP('תפוקה מצטברת מול אשתקד'!A9,'מנורה'!A:K,10,0)+VLOOKUP('תפוקה מצטברת מול אשתקד'!A9,'איילון'!A:K,10,0)+VLOOKUP('תפוקה מצטברת מול אשתקד'!A9,'הראל'!A:K,10,0)+VLOOKUP('תפוקה מצטברת מול אשתקד'!A9,'הפניקס'!A:K,10,0)+VLOOKUP('תפוקה מצטברת מול אשתקד'!A9,'כלל'!A:K,10,0)+VLOOKUP('תפוקה מצטברת מול אשתקד'!A9,'מור'!A:K,10,0)+VLOOKUP('תפוקה מצטברת מול אשתקד'!A9,'אלטשולר שחם'!A:K,10,0)+VLOOKUP('תפוקה מצטברת מול אשתקד'!A9,'מדיהו '!A:K,10,0)+VLOOKUP('תפוקה מצטברת מול אשתקד'!A9,'אנליסט '!A:K,10,0)+VLOOKUP('תפוקה מצטברת מול אשתקד'!A9,'מיטב דש'!A:K,10,0)+VLOOKUP('תפוקה מצטברת מול אשתקד'!A9,'אינפניטי'!A:K,10,0) -> 0 | O9: =VLOOKUP(A9,'הכשרה'!A:K,11,0)+VLOOKUP('תפוקה מצטברת מול אשתקד'!A9,'מגדל'!A:K,11,0)+VLOOKUP('תפוקה מצטברת מול אשתקד'!A9,'מנורה'!A:K,11,0)+VLOOKUP('תפוקה מצטברת מול אשתקד'!A9,'איילון'!A:K,11,0)+VLOOKUP('תפוקה מצטברת מול אשתקד'!A9,'הראל'!A:K,11,0)+VLOOKUP('תפוקה מצטברת מול אשתקד'!A9,'הפניקס'!A:K,11,0)+VLOOKUP('תפוקה מצטברת מול אשתקד'!A9,'כלל'!A:K,11,0)+VLOOKUP('תפוקה מצטברת מול אשתקד'!A9,'מור'!A:K,11,0)+VLOOKUP('תפוקה מצטברת מול אשתקד'!A9,'אלטשולר שחם'!A:K,11,0)+VLOOKUP('תפוקה מצטברת מול אשתקד'!A9,'מדיהו '!A:K,11,0)+VLOOKUP('תפוקה מצטברת מול אשתקד'!A9,'אנליסט '!A:K,11,0)+VLOOKUP('תפוקה מצטברת מול אשתקד'!A9,'מיטב דש'!A:K,11,0)+VLOOKUP('תפוקה מצטברת מול אשתקד'!A9,'אינפניטי'!A:K,11,0) -> -792167.57
A10: גל אלמגור דאוד סוכ' לב | B10: יוסי אביב | C10: שותפים | D10: =IF(H10=0,0%,IF(L10=0,100%,H10/L10-1)) -> 0.021415244 | E10: =IF(I10=0,0%,IF(M10=0,100%,I10/M10-1)) -> 1.005249 | F10: =IF(J10=0,0%,IF(N10=0,100%,J10/N10-1)) -> 0.26763775 | G10: =IF(K10=0,0%,IF(O10=H34,100%,K10/O10-1)) -> 0.60304406 | H10: =VLOOKUP(A10,'הכשרה'!A:G,4,0)+VLOOKUP('תפוקה מצטברת מול אשתקד'!A10,'מגדל'!A:G,4,0)+VLOOKUP('תפוקה מצטברת מול אשתקד'!A10,'מנורה'!A:G,4,0)+VLOOKUP('תפוקה מצטברת מול אשתקד'!A10,'איילון'!A:G,4,0)+VLOOKUP('תפוקה מצטברת מול אשתקד'!A10,'הראל'!A:G,4,0)+VLOOKUP('תפוקה מצטברת מול אשתקד'!A10,'הפניקס'!A:G,4,0)+VLOOKUP('תפוקה מצטברת מול אשתקד'!A10,'כלל'!A:G,4,0)+VLOOKUP('תפוקה מצטברת מול אשתקד'!A10,'מור'!A:G,4,0)+VLOOKUP('תפוקה מצטברת מול אשתקד'!A10,'אלטשולר שחם'!A:G,4,0)+VLOOKUP('תפוקה מצטברת מול אשתקד'!A10,'מדיהו '!A:G,4,0)+VLOOKUP('תפוקה מצטברת מול אשתקד'!A10,'אנליסט '!A:G,4,0)+VLOOKUP('תפוקה מצטברת מול אשתקד'!A10,'מיטב דש'!A:G,4,0)+VLOOKUP('תפוקה מצטברת מול אשתקד'!A10,'אינפניטי'!A:G,4,0) -> 802630.51 | I10: =VLOOKUP(A10,'הכשרה'!A:G,5,0)+VLOOKUP('תפוקה מצטברת מול אשתקד'!A10,'מגדל'!A:G,5,0)+VLOOKUP('תפוקה מצטברת מול אשתקד'!A10,'מנורה'!A:G,5,0)+VLOOKUP('תפוקה מצטברת מול אשתקד'!A10,'איילון'!A:G,5,0)+VLOOKUP('תפוקה מצטברת מול אשתקד'!A10,'הראל'!A:G,5,0)+VLOOKUP('תפוקה מצטברת מול אשתקד'!A10,'הפניקס'!A:G,5,0)+VLOOKUP('תפוקה מצטברת מול אשתקד'!A10,'כלל'!A:G,5,0)+VLOOKUP('תפוקה מצטברת מול אשתקד'!A10,'מור'!A:G,5,0)+VLOOKUP('תפוקה מצטברת מול אשתקד'!A10,'אלטשולר שחם'!A:G,5,0)+VLOOKUP('תפוקה מצטברת מול אשתקד'!A10,'מדיהו '!A:G,5,0)+VLOOKUP('תפוקה מצטברת מול אשתקד'!A10,'אנליסט '!A:G,5,0)+VLOOKUP('תפוקה מצטברת מול אשתקד'!A10,'מיטב דש'!A:G,5,0)+VLOOKUP('תפוקה מצטברת מול אשתקד'!A10,'אינפניטי'!A:G,5,0) -> 1023238.4 | J10: =VLOOKUP(A10,'הכשרה'!A:G,6,0)+VLOOKUP('תפוקה מצטברת מול אשתקד'!A10,'מגדל'!A:G,6,0)+VLOOKUP('תפוקה מצטברת מול אשתקד'!A10,'מנורה'!A:G,6,0)+VLOOKUP('תפוקה מצטברת מול אשתקד'!A10,'איילון'!A:G,6,0)+VLOOKUP(A10,'הראל'!A:G,6,0)+VLOOKUP('תפוקה מצטברת מול אשתקד'!A10,'הפניקס'!A:G,6,0)+VLOOKUP('תפוקה מצטברת מול אשתקד'!A10,'כלל'!A:G,6,0)+VLOOKUP('תפוקה מצטברת מול אשתקד'!A10,'מור'!A:G,6,0)+VLOOKUP('תפוקה מצטברת מול אשתקד'!A10,'אלטשולר שחם'!A:G,6,0)+VLOOKUP('תפוקה מצטברת מול אשתקד'!A10,'מדיהו '!A:G,6,0)+VLOOKUP('תפוקה מצטברת מול אשתקד'!A10,'אנליסט '!A:G,6,0)+VLOOKUP('תפוקה מצטברת מול אשתקד'!A10,'מיטב דש'!A:G,6,0)+VLOOKUP('תפוקה מצטברת מול אשתקד'!A10,'אינפניטי'!A:G,6,0) -> 336893.64 | K10: =VLOOKUP(A10,'הכשרה'!A:G,7,0)+VLOOKUP('תפוקה מצטברת מול אשתקד'!A10,'מגדל'!A:G,7,0)+VLOOKUP('תפוקה מצטברת מול אשתקד'!A10,'מנורה'!A:G,7,0)+VLOOKUP('תפוקה מצטברת מול אשתקד'!A10,'איילון'!A:G,7,0)+VLOOKUP('תפוקה מצטברת מול אשתקד'!A10,'הראל'!A:G,7,0)+VLOOKUP('תפוקה מצטברת מול אשתקד'!A10,'הפניקס'!A:G,7,0)+VLOOKUP('תפוקה מצטברת מול אשתקד'!A10,'כלל'!A:G,7,0)+VLOOKUP('תפוקה מצטברת מול אשתקד'!A10,'מור'!A:G,7,0)+VLOOKUP('תפוקה מצטברת מול אשתקד'!A10,'אלטשולר שחם'!A:G,7,0)+VLOOKUP('תפוקה מצטברת מול אשתקד'!A10,'מדיהו '!A:K,7,0)+VLOOKUP(A10,'אנליסט '!A:G,7,0)+VLOOKUP('תפוקה מצטברת מול אשתקד'!A10,'מיטב דש'!A:G,7,0)+VLOOKUP('תפוקה מצטברת מול אשתקד'!A10,'אינפניטי'!A:G,7,0) -> 1488051.8 | L10: =VLOOKUP(A10,'הכשרה'!A:K,8,0)+VLOOKUP('תפוקה מצטברת מול אשתקד'!A10,'מגדל'!A:K,8,0)+VLOOKUP('תפוקה מצטברת מול אשתקד'!A10,'מנורה'!A:K,8,0)+VLOOKUP('תפוקה מצטברת מול אשתקד'!A10,'איילון'!A:K,8,0)+VLOOKUP('תפוקה מצטברת מול אשתקד'!A10,'הראל'!A:K,8,0)+VLOOKUP('תפוקה מצטברת מול אשתקד'!A10,'הפניקס'!A:K,8,0)+VLOOKUP('תפוקה מצטברת מול אשתקד'!A10,'כלל'!A:K,8,0)+VLOOKUP('תפוקה מצטברת מול אשתקד'!A10,'מור'!A:K,8,0)+VLOOKUP('תפוקה מצטברת מול אשתקד'!A10,'אלטשולר שחם'!A:K,8,0)+VLOOKUP('תפוקה מצטברת מול אשתקד'!A10,'מדיהו '!A:K,8,0)+VLOOKUP('תפוקה מצטברת מול אשתקד'!A10,'אנליסט '!A:K,8,0)+VLOOKUP('תפוקה מצטברת מול אשתקד'!A10,'מיטב דש'!A:K,8,0)+VLOOKUP('תפוקה מצטברת מול אשתקד'!A10,'אינפניטי'!A:K,8,0) -> 785802.36 | M10: =VLOOKUP(A10,'הכשרה'!A:K,9,0)+VLOOKUP('תפוקה מצטברת מול אשתקד'!A10,'מגדל'!A:K,9,0)+VLOOKUP('תפוקה מצטברת מול אשתקד'!A10,'מנורה'!A:K,9,0)+VLOOKUP('תפוקה מצטברת מול אשתקד'!A10,'איילון'!A:K,9,0)+VLOOKUP('תפוקה מצטברת מול אשתקד'!A10,'הראל'!A:K,9,0)+VLOOKUP('תפוקה מצטברת מול אשתקד'!A10,'הפניקס'!A:K,9,0)+VLOOKUP('תפוקה מצטברת מול אשתקד'!A10,'כלל'!A:K,9,0)+VLOOKUP('תפוקה מצטברת מול אשתקד'!A10,'מור'!A:K,9,0)+VLOOKUP('תפוקה מצטברת מול אשתקד'!A10,'אלטשולר שחם'!A:K,9,0)+VLOOKUP('תפוקה מצטברת מול אשתקד'!A10,'מדיהו '!A:K,9,0)+VLOOKUP('תפוקה מצטברת מול אשתקד'!A10,'אנליסט '!A:K,9,0)+VLOOKUP('תפוקה מצטברת מול אשתקד'!A10,'מיטב דש'!A:K,9,0)+VLOOKUP('תפוקה מצטברת מול אשתקד'!A10,'אינפניטי'!A:K,9,0) -> 510279.99 | N10: =VLOOKUP(A10,'הכשרה'!A:K,10,0)+VLOOKUP('תפוקה מצטברת מול אשתקד'!A10,'מגדל'!A:K,10,0)+VLOOKUP('תפוקה מצטברת מול אשתקד'!A10,'מנורה'!A:K,10,0)+VLOOKUP('תפוקה מצטברת מול אשתקד'!A10,'איילון'!A:K,10,0)+VLOOKUP('תפוקה מצטברת מול אשתקד'!A10,'הראל'!A:K,10,0)+VLOOKUP('תפוקה מצטברת מול אשתקד'!A10,'הפניקס'!A:K,10,0)+VLOOKUP('תפוקה מצטברת מול אשתקד'!A10,'כלל'!A:K,10,0)+VLOOKUP('תפוקה מצטברת מול אשתקד'!A10,'מור'!A:K,10,0)+VLOOKUP('תפוקה מצטברת מול אשתקד'!A10,'אלטשולר שחם'!A:K,10,0)+VLOOKUP('תפוקה מצטברת מול אשתקד'!A10,'מדיהו '!A:K,10,0)+VLOOKUP('תפוקה מצטברת מול אשתקד'!A10,'אנליסט '!A:K,10,0)+VLOOKUP('תפוקה מצטברת מול אשתקד'!A10,'מיטב דש'!A:K,10,0)+VLOOKUP('תפוקה מצטברת מול אשתקד'!A10,'אינפניטי'!A:K,10,0) -> 265764.92 | O10: =VLOOKUP(A10,'הכשרה'!A:K,11,0)+VLOOKUP('תפוקה מצטברת מול אשתקד'!A10,'מגדל'!A:K,11,0)+VLOOKUP('תפוקה מצטברת מול אשתקד'!A10,'מנורה'!A:K,11,0)+VLOOKUP('תפוקה מצטברת מול אשתקד'!A10,'איילון'!A:K,11,0)+VLOOKUP('תפוקה מצטברת מול אשתקד'!A10,'הראל'!A:K,11,0)+VLOOKUP('תפוקה מצטברת מול אשתקד'!A10,'הפניקס'!A:K,11,0)+VLOOKUP('תפוקה מצטברת מול אשתקד'!A10,'כלל'!A:K,11,0)+VLOOKUP('תפוקה מצטברת מול אשתקד'!A10,'מור'!A:K,11,0)+VLOOKUP('תפוקה מצטברת מול אשתקד'!A10,'אלטשולר שחם'!A:K,11,0)+VLOOKUP('תפוקה מצטברת מול אשתקד'!A10,'מדיהו '!A:K,11,0)+VLOOKUP('תפוקה מצטברת מול אשתקד'!A10,'אנליסט '!A:K,11,0)+VLOOKUP('תפוקה מצטברת מול אשתקד'!A10,'מיטב דש'!A:K,11,0)+VLOOKUP('תפוקה מצטברת מול אשתקד'!A10,'אינפניטי'!A:K,11,0) -> 928266.34
A11: גל אלמגור -וייס סוכנות | B11: יוסי אביב | C11: שותפים | D11: =IF(H11=0,0%,IF(L11=0,100%,H11/L11-1)) -> -0.39273436 | E11: =IF(I11=0,0%,IF(M11=0,100%,I11/M11-1)) -> -0.50106264 | F11: =IF(J11=0,0%,IF(N11=0,100%,J11/N11-1)) -> 2.3072486 | G11: =IF(K11=0,0%,IF(O11=H35,100%,K11/O11-1)) -> -1.215931 | H11: =VLOOKUP(A11,'הכשרה'!A:G,4,0)+VLOOKUP('תפוקה מצטברת מול אשתקד'!A11,'מגדל'!A:G,4,0)+VLOOKUP('תפוקה מצטברת מול אשתקד'!A11,'מנורה'!A:G,4,0)+VLOOKUP('תפוקה מצטברת מול אשתקד'!A11,'איילון'!A:G,4,0)+VLOOKUP('תפוקה מצטברת מול אשתקד'!A11,'הראל'!A:G,4,0)+VLOOKUP('תפוקה מצטברת מול אשתקד'!A11,'הפניקס'!A:G,4,0)+VLOOKUP('תפוקה מצטברת מול אשתקד'!A11,'כלל'!A:G,4,0)+VLOOKUP('תפוקה מצטברת מול אשתקד'!A11,'מור'!A:G,4,0)+VLOOKUP('תפוקה מצטברת מול אשתקד'!A11,'אלטשולר שחם'!A:G,4,0)+VLOOKUP('תפוקה מצטברת מול אשתקד'!A11,'מדיהו '!A:G,4,0)+VLOOKUP('תפוקה מצטברת מול אשתקד'!A11,'אנליסט '!A:G,4,0)+VLOOKUP('תפוקה מצטברת מול אשתקד'!A11,'מיטב דש'!A:G,4,0)+VLOOKUP('תפוקה מצטברת מול אשתקד'!A11,'אינפניטי'!A:G,4,0) -> 139802.97 | I11: =VLOOKUP(A11,'הכשרה'!A:G,5,0)+VLOOKUP('תפוקה מצטברת מול אשתקד'!A11,'מגדל'!A:G,5,0)+VLOOKUP('תפוקה מצטברת מול אשתקד'!A11,'מנורה'!A:G,5,0)+VLOOKUP('תפוקה מצטברת מול אשתקד'!A11,'איילון'!A:G,5,0)+VLOOKUP('תפוקה מצטברת מול אשתקד'!A11,'הראל'!A:G,5,0)+VLOOKUP('תפוקה מצטברת מול אשתקד'!A11,'הפניקס'!A:G,5,0)+VLOOKUP('תפוקה מצטברת מול אשתקד'!A11,'כלל'!A:G,5,0)+VLOOKUP('תפוקה מצטברת מול אשתקד'!A11,'מור'!A:G,5,0)+VLOOKUP('תפוקה מצטברת מול אשתקד'!A11,'אלטשולר שחם'!A:G,5,0)+VLOOKUP('תפוקה מצטברת מול אשתקד'!A11,'מדיהו '!A:G,5,0)+VLOOKUP('תפוקה מצטברת מול אשתקד'!A11,'אנליסט '!A:G,5,0)+VLOOKUP('תפוקה מצטברת מול אשתקד'!A11,'מיטב דש'!A:G,5,0)+VLOOKUP('תפוקה מצטברת מול אשתקד'!A11,'אינפניטי'!A:G,5,0) -> 40596.432 | J11: =VLOOKUP(A11,'הכשרה'!A:G,6,0)+VLOOKUP('תפוקה מצטברת מול אשתקד'!A11,'מגדל'!A:G,6,0)+VLOOKUP('תפוקה מצטברת מול אשתקד'!A11,'מנורה'!A:G,6,0)+VLOOKUP('תפוקה מצטברת מול אשתקד'!A11,'איילון'!A:G,6,0)+VLOOKUP(A11,'הראל'!A:G,6,0)+VLOOKUP('תפוקה מצטברת מול אשתקד'!A11,'הפניקס'!A:G,6,0)+VLOOKUP('תפוקה מצטברת מול אשתקד'!A11,'כלל'!A:G,6,0)+VLOOKUP('תפוקה מצטברת מול אשתקד'!A11,'מור'!A:G,6,0)+VLOOKUP('תפוקה מצטברת מול אשתקד'!A11,'אלטשולר שחם'!A:G,6,0)+VLOOKUP('תפוקה מצטברת מול אשתקד'!A11,'מדיהו '!A:G,6,0)+VLOOKUP('תפוקה מצטברת מול אשתקד'!A11,'אנליסט '!A:G,6,0)+VLOOKUP('תפוקה מצטברת מול אשתקד'!A11,'מיטב דש'!A:G,6,0)+VLOOKUP('תפוקה מצטברת מול אשתקד'!A11,'אינפניטי'!A:G,6,0) -> 899639.48 | K11: =VLOOKUP(A11,'הכשרה'!A:G,7,0)+VLOOKUP('תפוקה מצטברת מול אשתקד'!A11,'מגדל'!A:G,7,0)+VLOOKUP('תפוקה מצטברת מול אשתקד'!A11,'מנורה'!A:G,7,0)+VLOOKUP('תפוקה מצטברת מול אשתקד'!A11,'איילון'!A:G,7,0)+VLOOKUP('תפוקה מצטברת מול אשתקד'!A11,'הראל'!A:G,7,0)+VLOOKUP('תפוקה מצטברת מול אשתקד'!A11,'הפניקס'!A:G,7,0)+VLOOKUP('תפוקה מצטברת מול אשתקד'!A11,'כלל'!A:G,7,0)+VLOOKUP('תפוקה מצטברת מול אשתקד'!A11,'מור'!A:G,7,0)+VLOOKUP('תפוקה מצטברת מול אשתקד'!A11,'אלטשולר שחם'!A:G,7,0)+VLOOKUP('תפוקה מצטברת מול אשתקד'!A11,'מדיהו '!A:K,7,0)+VLOOKUP(A11,'אנליסט '!A:G,7,0)+VLOOKUP('תפוקה מצטברת מול אשתקד'!A11,'מיטב דש'!A:G,7,0)+VLOOKUP('תפוקה מצטברת מול אשתקד'!A11,'אינפניטי'!A:G,7,0) -> 81331.63 | L11: =VLOOKUP(A11,'הכשרה'!A:K,8,0)+VLOOKUP('תפוקה מצטברת מול אשתקד'!A11,'מגדל'!A:K,8,0)+VLOOKUP('תפוקה מצטברת מול אשתקד'!A11,'מנורה'!A:K,8,0)+VLOOKUP('תפוקה מצטברת מול אשתקד'!A11,'איילון'!A:K,8,0)+VLOOKUP('תפוקה מצטברת מול אשתקד'!A11,'הראל'!A:K,8,0)+VLOOKUP('תפוקה מצטברת מול אשתקד'!A11,'הפניקס'!A:K,8,0)+VLOOKUP('תפוקה מצטברת מול אשתקד'!A11,'כלל'!A:K,8,0)+VLOOKUP('תפוקה מצטברת מול אשתקד'!A11,'מור'!A:K,8,0)+VLOOKUP('תפוקה מצטברת מול אשתקד'!A11,'אלטשולר שחם'!A:K,8,0)+VLOOKUP('תפוקה מצטברת מול אשתקד'!A11,'מדיהו '!A:K,8,0)+VLOOKUP('תפוקה מצטברת מול אשתקד'!A11,'אנליסט '!A:K,8,0)+VLOOKUP('תפוקה מצטברת מול אשתקד'!A11,'מיטב דש'!A:K,8,0)+VLOOKUP('תפוקה מצטברת מול אשתקד'!A11,'אינפניטי'!A:K,8,0) -> 230217.16 | M11: =VLOOKUP(A11,'הכשרה'!A:K,9,0)+VLOOKUP('תפוקה מצטברת מול אשתקד'!A11,'מגדל'!A:K,9,0)+VLOOKUP('תפוקה מצטברת מול אשתקד'!A11,'מנורה'!A:K,9,0)+VLOOKUP('תפוקה מצטברת מול אשתקד'!A11,'איילון'!A:K,9,0)+VLOOKUP('תפוקה מצטברת מול אשתקד'!A11,'הראל'!A:K,9,0)+VLOOKUP('תפוקה מצטברת מול אשתקד'!A11,'הפניקס'!A:K,9,0)+VLOOKUP('תפוקה מצטברת מול אשתקד'!A11,'כלל'!A:K,9,0)+VLOOKUP('תפוקה מצטברת מול אשתקד'!A11,'מור'!A:K,9,0)+VLOOKUP('תפוקה מצטברת מול אשתקד'!A11,'אלטשולר שחם'!A:K,9,0)+VLOOKUP('תפוקה מצטברת מול אשתקד'!A11,'מדיהו '!A:K,9,0)+VLOOKUP('תפוקה מצטברת מול אשתקד'!A11,'אנליסט '!A:K,9,0)+VLOOKUP('תפוקה מצטברת מול אשתקד'!A11,'מיטב דש'!A:K,9,0)+VLOOKUP('תפוקה מצטברת מול אשתקד'!A11,'אינפניטי'!A:K,9,0) -> 81365.79 | N11: =VLOOKUP(A11,'הכשרה'!A:K,10,0)+VLOOKUP('תפוקה מצטברת מול אשתקד'!A11,'מגדל'!A:K,10,0)+VLOOKUP('תפוקה מצטברת מול אשתקד'!A11,'מנורה'!A:K,10,0)+VLOOKUP('תפוקה מצטברת מול אשתקד'!A11,'איילון'!A:K,10,0)+VLOOKUP('תפוקה מצטברת מול אשתקד'!A11,'הראל'!A:K,10,0)+VLOOKUP('תפוקה מצטברת מול אשתקד'!A11,'הפניקס'!A:K,10,0)+VLOOKUP('תפוקה מצטברת מול אשתקד'!A11,'כלל'!A:K,10,0)+VLOOKUP('תפוקה מצטברת מול אשתקד'!A11,'מור'!A:K,10,0)+VLOOKUP('תפוקה מצטברת מול אשתקד'!A11,'אלטשולר שחם'!A:K,10,0)+VLOOKUP('תפוקה מצטברת מול אשתקד'!A11,'מדיהו '!A:K,10,0)+VLOOKUP('תפוקה מצטברת מול אשתקד'!A11,'אנליסט '!A:K,10,0)+VLOOKUP('תפוקה מצטברת מול אשתקד'!A11,'מיטב דש'!A:K,10,0)+VLOOKUP('תפוקה מצטברת מול אשתקד'!A11,'אינפניטי'!A:K,10,0) -> 272020.52 | O11: =VLOOKUP(A11,'הכשרה'!A:K,11,0)+VLOOKUP('תפוקה מצטברת מול אשתקד'!A11,'מגדל'!A:K,11,0)+VLOOKUP('תפוקה מצטברת מול אשתקד'!A11,'מנורה'!A:K,11,0)+VLOOKUP('תפוקה מצטברת מול אשתקד'!A11,'איילון'!A:K,11,0)+VLOOKUP('תפוקה מצטברת מול אשתקד'!A11,'הראל'!A:K,11,0)+VLOOKUP('תפוקה מצטברת מול אשתקד'!A11,'הפניקס'!A:K,11,0)+VLOOKUP('תפוקה מצטברת מול אשתקד'!A11,'כלל'!A:K,11,0)+VLOOKUP('תפוקה מצטברת מול אשתקד'!A11,'מור'!A:K,11,0)+VLOOKUP('תפוקה מצטברת מול אשתקד'!A11,'אלטשולר שחם'!A:K,11,0)+VLOOKUP('תפוקה מצטברת מול אשתקד'!A11,'מדיהו '!A:K,11,0)+VLOOKUP('תפוקה מצטברת מול אשתקד'!A11,'אנליסט '!A:K,11,0)+VLOOKUP('תפוקה מצטברת מול אשתקד'!A11,'מיטב דש'!A:K,11,0)+VLOOKUP('תפוקה מצטברת מול אשתקד'!A11,'אינפניטי'!A:K,11,0) -> -376655.71
A12: גל אלמגור דרום סוכ ל | B12: יוסי אביב | C12: שותפים | D12: =IF(H12=0,0%,IF(L12=0,100%,H12/L12-1)) -> 1627.821 | E12: =IF(I12=0,0%,IF(M12=0,100%,I12/M12-1)) -> 39.421966 | F12: =IF(J12=0,0%,IF(N12=0,100%,J12/N12-1)) -> 1 | G12: =IF(K12=0,0%,IF(O12=H36,100%,K12/O12-1)) -> -3.3197653 | H12: =VLOOKUP(A12,'הכשרה'!A:G,4,0)+VLOOKUP('תפוקה מצטברת מול אשתקד'!A12,'מגדל'!A:G,4,0)+VLOOKUP('תפוקה מצטברת מול אשתקד'!A12,'מנורה'!A:G,4,0)+VLOOKUP('תפוקה מצטברת מול אשתקד'!A12,'איילון'!A:G,4,0)+VLOOKUP('תפוקה מצטברת מול אשתקד'!A12,'הראל'!A:G,4,0)+VLOOKUP('תפוקה מצטברת מול אשתקד'!A12,'הפניקס'!A:G,4,0)+VLOOKUP('תפוקה מצטברת מול אשתקד'!A12,'כלל'!A:G,4,0)+VLOOKUP('תפוקה מצטברת מול אשתקד'!A12,'מור'!A:G,4,0)+VLOOKUP('תפוקה מצטברת מול אשתקד'!A12,'אלטשולר שחם'!A:G,4,0)+VLOOKUP('תפוקה מצטברת מול אשתקד'!A12,'מדיהו '!A:G,4,0)+VLOOKUP('תפוקה מצטברת מול אשתקד'!A12,'אנליסט '!A:G,4,0)+VLOOKUP('תפוקה מצטברת מול אשתקד'!A12,'מיטב דש'!A:G,4,0)+VLOOKUP('תפוקה מצטברת מול אשתקד'!A12,'אינפניטי'!A:G,4,0) -> 225510.27 | I12: =VLOOKUP(A12,'הכשרה'!A:G,5,0)+VLOOKUP('תפוקה מצטברת מול אשתקד'!A12,'מגדל'!A:G,5,0)+VLOOKUP('תפוקה מצטברת מול אשתקד'!A12,'מנורה'!A:G,5,0)+VLOOKUP('תפוקה מצטברת מול אשתקד'!A12,'איילון'!A:G,5,0)+VLOOKUP('תפוקה מצטברת מול אשתקד'!A12,'הראל'!A:G,5,0)+VLOOKUP('תפוקה מצטברת מול אשתקד'!A12,'הפניקס'!A:G,5,0)+VLOOKUP('תפוקה מצטברת מול אשתקד'!A12,'כלל'!A:G,5,0)+VLOOKUP('תפוקה מצטברת מול אשתקד'!A12,'מור'!A:G,5,0)+VLOOKUP('תפוקה מצטברת מול אשתקד'!A12,'אלטשולר שחם'!A:G,5,0)+VLOOKUP('תפוקה מצטברת מול אשתקד'!A12,'מדיהו '!A:G,5,0)+VLOOKUP('תפוקה מצטברת מול אשתקד'!A12,'אנליסט '!A:G,5,0)+VLOOKUP('תפוקה מצטברת מול אשתקד'!A12,'מיטב דש'!A:G,5,0)+VLOOKUP('תפוקה מצטברת מול אשתקד'!A12,'אינפניטי'!A:G,5,0) -> 16003.137 | J12: =VLOOKUP(A12,'הכשרה'!A:G,6,0)+VLOOKUP('תפוקה מצטברת מול אשתקד'!A12,'מגדל'!A:G,6,0)+VLOOKUP('תפוקה מצטברת מול אשתקד'!A12,'מנורה'!A:G,6,0)+VLOOKUP('תפוקה מצטברת מול אשתקד'!A12,'איילון'!A:G,6,0)+VLOOKUP(A12,'הראל'!A:G,6,0)+VLOOKUP('תפוקה מצטברת מול אשתקד'!A12,'הפניקס'!A:G,6,0)+VLOOKUP('תפוקה מצטברת מול אשתקד'!A12,'כלל'!A:G,6,0)+VLOOKUP('תפוקה מצטברת מול אשתקד'!A12,'מור'!A:G,6,0)+VLOOKUP('תפוקה מצטברת מול אשתקד'!A12,'אלטשולר שחם'!A:G,6,0)+VLOOKUP('תפוקה מצטברת מול אשתקד'!A12,'מדיהו '!A:G,6,0)+VLOOKUP('תפוקה מצטברת מול אשתקד'!A12,'אנליסט '!A:G,6,0)+VLOOKUP('תפוקה מצטברת מול אשתקד'!A12,'מיטב דש'!A:G,6,0)+VLOOKUP('תפוקה מצטברת מול אשתקד'!A12,'אינפניטי'!A:G,6,0) -> 1814271.1 | K12: =VLOOKUP(A12,'הכשרה'!A:G,7,0)+VLOOKUP('תפוקה מצטברת מול אשתקד'!A12,'מגדל'!A:G,7,0)+VLOOKUP('תפוקה מצטברת מול אשתקד'!A12,'מנורה'!A:G,7,0)+VLOOKUP('תפוקה מצטברת מול אשתקד'!A12,'איילון'!A:G,7,0)+VLOOKUP('תפוקה מצטברת מול אשתקד'!A12,'הראל'!A:G,7,0)+VLOOKUP('תפוקה מצטברת מול אשתקד'!A12,'הפניקס'!A:G,7,0)+VLOOKUP('תפוקה מצטברת מול אשתקד'!A12,'כלל'!A:G,7,0)+VLOOKUP('תפוקה מצטברת מול אשתקד'!A12,'מור'!A:G,7,0)+VLOOKUP('תפוקה מצטברת מול אשתקד'!A12,'אלטשולר שחם'!A:G,7,0)+VLOOKUP('תפוקה מצטברת מול אשתקד'!A12,'מדיהו '!A:K,7,0)+VLOOKUP(A12,'אנליסט '!A:G,7,0)+VLOOKUP('תפוקה מצטברת מול אשתקד'!A12,'מיטב דש'!A:G,7,0)+VLOOKUP('תפוקה מצטברת מול אשתקד'!A12,'אינפניטי'!A:G,7,0) -> 542020.65 | L12: =VLOOKUP(A12,'הכשרה'!A:K,8,0)+VLOOKUP('תפוקה מצטברת מול אשתקד'!A12,'מגדל'!A:K,8,0)+VLOOKUP('תפוקה מצטברת מול אשתקד'!A12,'מנורה'!A:K,8,0)+VLOOKUP('תפוקה מצטברת מול אשתקד'!A12,'איילון'!A:K,8,0)+VLOOKUP('תפוקה מצטברת מול אשתקד'!A12,'הראל'!A:K,8,0)+VLOOKUP('תפוקה מצטברת מול אשתקד'!A12,'הפניקס'!A:K,8,0)+VLOOKUP('תפוקה מצטברת מול אשתקד'!A12,'כלל'!A:K,8,0)+VLOOKUP('תפוקה מצטברת מול אשתקד'!A12,'מור'!A:K,8,0)+VLOOKUP('תפוקה מצטברת מול אשתקד'!A12,'אלטשולר שחם'!A:K,8,0)+VLOOKUP('תפוקה מצטברת מול אשתקד'!A12,'מדיהו '!A:K,8,0)+VLOOKUP('תפוקה מצטברת מול אשתקד'!A12,'אנליסט '!A:K,8,0)+VLOOKUP('תפוקה מצטברת מול אשתקד'!A12,'מיטב דש'!A:K,8,0)+VLOOKUP('תפוקה מצטברת מול אשתקד'!A12,'אינפניטי'!A:K,8,0) -> 138.45 | M12: =VLOOKUP(A12,'הכשרה'!A:K,9,0)+VLOOKUP('תפוקה מצטברת מול אשתקד'!A12,'מגדל'!A:K,9,0)+VLOOKUP('תפוקה מצטברת מול אשתקד'!A12,'מנורה'!A:K,9,0)+VLOOKUP('תפוקה מצטברת מול אשתקד'!A12,'איילון'!A:K,9,0)+VLOOKUP('תפוקה מצטברת מול אשתקד'!A12,'הראל'!A:K,9,0)+VLOOKUP('תפוקה מצטברת מול אשתקד'!A12,'הפניקס'!A:K,9,0)+VLOOKUP('תפוקה מצטברת מול אשתקד'!A12,'כלל'!A:K,9,0)+VLOOKUP('תפוקה מצטברת מול אשתקד'!A12,'מור'!A:K,9,0)+VLOOKUP('תפוקה מצטברת מול אשתקד'!A12,'אלטשולר שחם'!A:K,9,0)+VLOOKUP('תפוקה מצטברת מול אשתקד'!A12,'מדיהו '!A:K,9,0)+VLOOKUP('תפוקה מצטברת מול אשתקד'!A12,'אנליסט '!A:K,9,0)+VLOOKUP('תפוקה מצטברת מול אשתקד'!A12,'מיטב דש'!A:K,9,0)+VLOOKUP('תפוקה מצטברת מול אשתקד'!A12,'אינפניטי'!A:K,9,0) -> 395.902 | N12: =VLOOKUP(A12,'הכשרה'!A:K,10,0)+VLOOKUP('תפוקה מצטברת מול אשתקד'!A12,'מגדל'!A:K,10,0)+VLOOKUP('תפוקה מצטברת מול אשתקד'!A12,'מנורה'!A:K,10,0)+VLOOKUP('תפוקה מצטברת מול אשתקד'!A12,'איילון'!A:K,10,0)+VLOOKUP('תפוקה מצטברת מול אשתקד'!A12,'הראל'!A:K,10,0)+VLOOKUP('תפוקה מצטברת מול אשתקד'!A12,'הפניקס'!A:K,10,0)+VLOOKUP('תפוקה מצטברת מול אשתקד'!A12,'כלל'!A:K,10,0)+VLOOKUP('תפוקה מצטברת מול אשתקד'!A12,'מור'!A:K,10,0)+VLOOKUP('תפוקה מצטברת מול אשתקד'!A12,'אלטשולר שחם'!A:K,10,0)+VLOOKUP('תפוקה מצטברת מול אשתקד'!A12,'מדיהו '!A:K,10,0)+VLOOKUP('תפוקה מצטברת מול אשתקד'!A12,'אנליסט '!A:K,10,0)+VLOOKUP('תפוקה מצטברת מול אשתקד'!A12,'מיטב דש'!A:K,10,0)+VLOOKUP('תפוקה מצטברת מול אשתקד'!A12,'אינפניטי'!A:K,10,0) -> 0 | O12: =VLOOKUP(A12,'הכשרה'!A:K,11,0)+VLOOKUP('תפוקה מצטברת מול אשתקד'!A12,'מגדל'!A:K,11,0)+VLOOKUP('תפוקה מצטברת מול אשתקד'!A12,'מנורה'!A:K,11,0)+VLOOKUP('תפוקה מצטברת מול אשתקד'!A12,'איילון'!A:K,11,0)+VLOOKUP('תפוקה מצטברת מול אשתקד'!A12,'הראל'!A:K,11,0)+VLOOKUP('תפוקה מצטברת מול אשתקד'!A12,'הפניקס'!A:K,11,0)+VLOOKUP('תפוקה מצטברת מול אשתקד'!A12,'כלל'!A:K,11,0)+VLOOKUP('תפוקה מצטברת מול אשתקד'!A12,'מור'!A:K,11,0)+VLOOKUP('תפוקה מצטברת מול אשתקד'!A12,'אלטשולר שחם'!A:K,11,0)+VLOOKUP('תפוקה מצטברת מול אשתקד'!A12,'מדיהו '!A:K,11,0)+VLOOKUP('תפוקה מצטברת מול אשתקד'!A12,'אנליסט '!A:K,11,0)+VLOOKUP('תפוקה מצטברת מול אשתקד'!A12,'מיטב דש'!A:K,11,0)+VLOOKUP('תפוקה מצטברת מול אשתקד'!A12,'אינפניטי'!A:K,11,0) -> -233653.23
A13: משה שטרן גל אלמגור | B13: יוסי אביב | C13: שותפים | D13: =IF(H13=0,0%,IF(L13=0,100%,H13/L13-1)) -> 1 | E13: =IF(I13=0,0%,IF(M13=0,100%,I13/M13-1)) -> -0.32909281 | F13: =IF(J13=0,0%,IF(N13=0,100%,J13/N13-1)) -> -0.99760108 | G13: =IF(K13=0,0%,IF(O13=H37,100%,K13/O13-1)) -> -1.0274995 | H13: =VLOOKUP(A13,'הכשרה'!A:G,4,0)+VLOOKUP('תפוקה מצטברת מול אשתקד'!A13,'מגדל'!A:G,4,0)+VLOOKUP('תפוקה מצטברת מול אשתקד'!A13,'מנורה'!A:G,4,0)+VLOOKUP('תפוקה מצטברת מול אשתקד'!A13,'איילון'!A:G,4,0)+VLOOKUP('תפוקה מצטברת מול אשתקד'!A13,'הראל'!A:G,4,0)+VLOOKUP('תפוקה מצטברת מול אשתקד'!A13,'הפניקס'!A:G,4,0)+VLOOKUP('תפוקה מצטברת מול אשתקד'!A13,'כלל'!A:G,4,0)+VLOOKUP('תפוקה מצטברת מול אשתקד'!A13,'מור'!A:G,4,0)+VLOOKUP('תפוקה מצטברת מול אשתקד'!A13,'אלטשולר שחם'!A:G,4,0)+VLOOKUP('תפוקה מצטברת מול אשתקד'!A13,'מדיהו '!A:G,4,0)+VLOOKUP('תפוקה מצטברת מול אשתקד'!A13,'אנליסט '!A:G,4,0)+VLOOKUP('תפוקה מצטברת מול אשתקד'!A13,'מיטב דש'!A:G,4,0)+VLOOKUP('תפוקה מצטברת מול אשתקד'!A13,'אינפניטי'!A:G,4,0) -> 66506.982 | I13: =VLOOKUP(A13,'הכשרה'!A:G,5,0)+VLOOKUP('תפוקה מצטברת מול אשתקד'!A13,'מגדל'!A:G,5,0)+VLOOKUP('תפוקה מצטברת מול אשתקד'!A13,'מנורה'!A:G,5,0)+VLOOKUP('תפוקה מצטברת מול אשתקד'!A13,'איילון'!A:G,5,0)+VLOOKUP('תפוקה מצטברת מול אשתקד'!A13,'הראל'!A:G,5,0)+VLOOKUP('תפוקה מצטברת מול אשתקד'!A13,'הפניקס'!A:G,5,0)+VLOOKUP('תפוקה מצטברת מול אשתקד'!A13,'כלל'!A:G,5,0)+VLOOKUP('תפוקה מצטברת מול אשתקד'!A13,'מור'!A:G,5,0)+VLOOKUP('תפוקה מצטברת מול אשתקד'!A13,'אלטשולר שחם'!A:G,5,0)+VLOOKUP('תפוקה מצטברת מול אשתקד'!A13,'מדיהו '!A:G,5,0)+VLOOKUP('תפוקה מצטברת מול אשתקד'!A13,'אנליסט '!A:G,5,0)+VLOOKUP('תפוקה מצטברת מול אשתקד'!A13,'מיטב דש'!A:G,5,0)+VLOOKUP('תפוקה מצטברת מול אשתקד'!A13,'אינפניטי'!A:G,5,0) -> 142979.02 | J13: =VLOOKUP(A13,'הכשרה'!A:G,6,0)+VLOOKUP('תפוקה מצטברת מול אשתקד'!A13,'מגדל'!A:G,6,0)+VLOOKUP('תפוקה מצטברת מול אשתקד'!A13,'מנורה'!A:G,6,0)+VLOOKUP('תפוקה מצטברת מול אשתקד'!A13,'איילון'!A:G,6,0)+VLOOKUP(A13,'הראל'!A:G,6,0)+VLOOKUP('תפוקה מצטברת מול אשתקד'!A13,'הפניקס'!A:G,6,0)+VLOOKUP('תפוקה מצטברת מול אשתקד'!A13,'כלל'!A:G,6,0)+VLOOKUP('תפוקה מצטברת מול אשתקד'!A13,'מור'!A:G,6,0)+VLOOKUP('תפוקה מצטברת מול אשתקד'!A13,'אלטשולר שחם'!A:G,6,0)+VLOOKUP('תפוקה מצטברת מול אשתקד'!A13,'מדיהו '!A:G,6,0)+VLOOKUP('תפוקה מצטברת מול אשתקד'!A13,'אנליסט '!A:G,6,0)+VLOOKUP('תפוקה מצטברת מול אשתקד'!A13,'מיטב דש'!A:G,6,0)+VLOOKUP('תפוקה מצטברת מול אשתקד'!A13,'אינפניטי'!A:G,6,0) -> 2349.83 | K13: =VLOOKUP(A13,'הכשרה'!A:G,7,0)+VLOOKUP('תפוקה מצטברת מול אשתקד'!A13,'מגדל'!A:G,7,0)+VLOOKUP('תפוקה מצטברת מול אשתקד'!A13,'מנורה'!A:G,7,0)+VLOOKUP('תפוקה מצטברת מול אשתקד'!A13,'איילון'!A:G,7,0)+VLOOKUP('תפוקה מצטברת מול אשתקד'!A13,'הראל'!A:G,7,0)+VLOOKUP('תפוקה מצטברת מול אשתקד'!A13,'הפניקס'!A:G,7,0)+VLOOKUP('תפוקה מצטברת מול אשתקד'!A13,'כלל'!A:G,7,0)+VLOOKUP('תפוקה מצטברת מול אשתקד'!A13,'מור'!A:G,7,0)+VLOOKUP('תפוקה מצטברת מול אשתקד'!A13,'אלטשולר שחם'!A:G,7,0)+VLOOKUP('תפוקה מצטברת מול אשתקד'!A13,'מדיהו '!A:K,7,0)+VLOOKUP(A13,'אנליסט '!A:G,7,0)+VLOOKUP('תפוקה מצטברת מול אשתקד'!A13,'מיטב דש'!A:G,7,0)+VLOOKUP('תפוקה מצטברת מול אשתקד'!A13,'אינפניטי'!A:G,7,0) -> -4433.24 | L13: =VLOOKUP(A13,'הכשרה'!A:K,8,0)+VLOOKUP('תפוקה מצטברת מול אשתקד'!A13,'מגדל'!A:K,8,0)+VLOOKUP('תפוקה מצטברת מול אשתקד'!A13,'מנורה'!A:K,8,0)+VLOOKUP('תפוקה מצטברת מול אשתקד'!A13,'איילון'!A:K,8,0)+VLOOKUP('תפוקה מצטברת מול אשתקד'!A13,'הראל'!A:K,8,0)+VLOOKUP('תפוקה מצטברת מול אשתקד'!A13,'הפניקס'!A:K,8,0)+VLOOKUP('תפוקה מצטברת מול אשתקד'!A13,'כלל'!A:K,8,0)+VLOOKUP('תפוקה מצטברת מול אשתקד'!A13,'מור'!A:K,8,0)+VLOOKUP('תפוקה מצטברת מול אשתקד'!A13,'אלטשולר שחם'!A:K,8,0)+VLOOKUP('תפוקה מצטברת מול אשתקד'!A13,'מדיהו '!A:K,8,0)+VLOOKUP('תפוקה מצטברת מול אשתקד'!A13,'אנליסט '!A:K,8,0)+VLOOKUP('תפוקה מצטברת מול אשתקד'!A13,'מיטב דש'!A:K,8,0)+VLOOKUP('תפוקה מצטברת מול אשתקד'!A13,'אינפניטי'!A:K,8,0) -> 0 | M13: =VLOOKUP(A13,'הכשרה'!A:K,9,0)+VLOOKUP('תפוקה מצטברת מול אשתקד'!A13,'מגדל'!A:K,9,0)+VLOOKUP('תפוקה מצטברת מול אשתקד'!A13,'מנורה'!A:K,9,0)+VLOOKUP('תפוקה מצטברת מול אשתקד'!A13,'איילון'!A:K,9,0)+VLOOKUP('תפוקה מצטברת מול אשתקד'!A13,'הראל'!A:K,9,0)+VLOOKUP('תפוקה מצטברת מול אשתקד'!A13,'הפניקס'!A:K,9,0)+VLOOKUP('תפוקה מצטברת מול אשתקד'!A13,'כלל'!A:K,9,0)+VLOOKUP('תפוקה מצטברת מול אשתקד'!A13,'מור'!A:K,9,0)+VLOOKUP('תפוקה מצטברת מול אשתקד'!A13,'אלטשולר שחם'!A:K,9,0)+VLOOKUP('תפוקה מצטברת מול אשתקד'!A13,'מדיהו '!A:K,9,0)+VLOOKUP('תפוקה מצטברת מול אשתקד'!A13,'אנליסט '!A:K,9,0)+VLOOKUP('תפוקה מצטברת מול אשתקד'!A13,'מיטב דש'!A:K,9,0)+VLOOKUP('תפוקה מצטברת מול אשתקד'!A13,'אינפניטי'!A:K,9,0) -> 213112.96 | N13: =VLOOKUP(A13,'הכשרה'!A:K,10,0)+VLOOKUP('תפוקה מצטברת מול אשתקד'!A13,'מגדל'!A:K,10,0)+VLOOKUP('תפוקה מצטברת מול אשתקד'!A13,'מנורה'!A:K,10,0)+VLOOKUP('תפוקה מצטברת מול אשתקד'!A13,'איילון'!A:K,10,0)+VLOOKUP('תפוקה מצטברת מול אשתקד'!A13,'הראל'!A:K,10,0)+VLOOKUP('תפוקה מצטברת מול אשתקד'!A13,'הפניקס'!A:K,10,0)+VLOOKUP('תפוקה מצטברת מול אשתקד'!A13,'כלל'!A:K,10,0)+VLOOKUP('תפוקה מצטברת מול אשתקד'!A13,'מור'!A:K,10,0)+VLOOKUP('תפוקה מצטברת מול אשתקד'!A13,'אלטשולר שחם'!A:K,10,0)+VLOOKUP('תפוקה מצטברת מול אשתקד'!A13,'מדיהו '!A:K,10,0)+VLOOKUP('תפוקה מצטברת מול אשתקד'!A13,'אנליסט '!A:K,10,0)+VLOOKUP('תפוקה מצטברת מול אשתקד'!A13,'מיטב דש'!A:K,10,0)+VLOOKUP('תפוקה מצטברת מול אשתקד'!A13,'אינפניטי'!A:K,10,0) -> 979535.58 | O13: =VLOOKUP(A13,'הכשרה'!A:K,11,0)+VLOOKUP('תפוקה מצטברת מול אשתקד'!A13,'מגדל'!A:K,11,0)+VLOOKUP('תפוקה מצטברת מול אשתקד'!A13,'מנורה'!A:K,11,0)+VLOOKUP('תפוקה מצטברת מול אשתקד'!A13,'איילון'!A:K,11,0)+VLOOKUP('תפוקה מצטברת מול אשתקד'!A13,'הראל'!A:K,11,0)+VLOOKUP('תפוקה מצטברת מול אשתקד'!A13,'הפניקס'!A:K,11,0)+VLOOKUP('תפוקה מצטברת מול אשתקד'!A13,'כלל'!A:K,11,0)+VLOOKUP('תפוקה מצטברת מול אשתקד'!A13,'מור'!A:K,11,0)+VLOOKUP('תפוקה מצטברת מול אשתקד'!A13,'אלטשולר שחם'!A:K,11,0)+VLOOKUP('תפוקה מצטברת מול אשתקד'!A13,'מדיהו '!A:K,11,0)+VLOOKUP('תפוקה מצטברת מול אשתקד'!A13,'אנליסט '!A:K,11,0)+VLOOKUP('תפוקה מצטברת מול אשתקד'!A13,'מיטב דש'!A:K,11,0)+VLOOKUP('תפוקה מצטברת מול אשתקד'!A13,'אינפניטי'!A:K,11,0) -> 161211.56
A14: מקסימום סוכנות לבטוח פ | B14: יוסי אביב | C14: שותפים | D14: =IF(H14=0,0%,IF(L14=0,100%,H14/L14-1)) -> -0.72535435 | E14: =IF(I14=0,0%,IF(M14=0,100%,I14/M14-1)) -> 0.19349144 | F14: =IF(J14=0,0%,IF(N14=0,100%,J14/N14-1)) -> -0.38790579 | G14: =IF(K14=0,0%,IF(O14=H38,100%,K14/O14-1)) -> -0.9479934 | H14: =VLOOKUP(A14,'הכשרה'!A:G,4,0)+VLOOKUP('תפוקה מצטברת מול אשתקד'!A14,'מגדל'!A:G,4,0)+VLOOKUP('תפוקה מצטברת מול אשתקד'!A14,'מנורה'!A:G,4,0)+VLOOKUP('תפוקה מצטברת מול אשתקד'!A14,'איילון'!A:G,4,0)+VLOOKUP('תפוקה מצטברת מול אשתקד'!A14,'הראל'!A:G,4,0)+VLOOKUP('תפוקה מצטברת מול אשתקד'!A14,'הפניקס'!A:G,4,0)+VLOOKUP('תפוקה מצטברת מול אשתקד'!A14,'כלל'!A:G,4,0)+VLOOKUP('תפוקה מצטברת מול אשתקד'!A14,'מור'!A:G,4,0)+VLOOKUP('תפוקה מצטברת מול אשתקד'!A14,'אלטשולר שחם'!A:G,4,0)+VLOOKUP('תפוקה מצטברת מול אשתקד'!A14,'מדיהו '!A:G,4,0)+VLOOKUP('תפוקה מצטברת מול אשתקד'!A14,'אנליסט '!A:G,4,0)+VLOOKUP('תפוקה מצטברת מול אשתקד'!A14,'מיטב דש'!A:G,4,0)+VLOOKUP('תפוקה מצטברת מול אשתקד'!A14,'אינפניטי'!A:G,4,0) -> 175246.46 | I14: =VLOOKUP(A14,'הכשרה'!A:G,5,0)+VLOOKUP('תפוקה מצטברת מול אשתקד'!A14,'מגדל'!A:G,5,0)+VLOOKUP('תפוקה מצטברת מול אשתקד'!A14,'מנורה'!A:G,5,0)+VLOOKUP('תפוקה מצטברת מול אשתקד'!A14,'איילון'!A:G,5,0)+VLOOKUP('תפוקה מצטברת מול אשתקד'!A14,'הראל'!A:G,5,0)+VLOOKUP('תפוקה מצטברת מול אשתקד'!A14,'הפניקס'!A:G,5,0)+VLOOKUP('תפוקה מצטברת מול אשתקד'!A14,'כלל'!A:G,5,0)+VLOOKUP('תפוקה מצטברת מול אשתקד'!A14,'מור'!A:G,5,0)+VLOOKUP('תפוקה מצטברת מול אשתקד'!A14,'אלטשולר שחם'!A:G,5,0)+VLOOKUP('תפוקה מצטברת מול אשתקד'!A14,'מדיהו '!A:G,5,0)+VLOOKUP('תפוקה מצטברת מול אשתקד'!A14,'אנליסט '!A:G,5,0)+VLOOKUP('תפוקה מצטברת מול אשתקד'!A14,'מיטב דש'!A:G,5,0)+VLOOKUP('תפוקה מצטברת מול אשתקד'!A14,'אינפניטי'!A:G,5,0) -> 44291.821 | J14: =VLOOKUP(A14,'הכשרה'!A:G,6,0)+VLOOKUP('תפוקה מצטברת מול אשתקד'!A14,'מגדל'!A:G,6,0)+VLOOKUP('תפוקה מצטברת מול אשתקד'!A14,'מנורה'!A:G,6,0)+VLOOKUP('תפוקה מצטברת מול אשתקד'!A14,'איילון'!A:G,6,0)+VLOOKUP(A14,'הראל'!A:G,6,0)+VLOOKUP('תפוקה מצטברת מול אשתקד'!A14,'הפניקס'!A:G,6,0)+VLOOKUP('תפוקה מצטברת מול אשתקד'!A14,'כלל'!A:G,6,0)+VLOOKUP('תפוקה מצטברת מול אשתקד'!A14,'מור'!A:G,6,0)+VLOOKUP('תפוקה מצטברת מול אשתקד'!A14,'אלטשולר שחם'!A:G,6,0)+VLOOKUP('תפוקה מצטברת מול אשתקד'!A14,'מדיהו '!A:G,6,0)+VLOOKUP('תפוקה מצטברת מול אשתקד'!A14,'אנליסט '!A:G,6,0)+VLOOKUP('תפוקה מצטברת מול אשתקד'!A14,'מיטב דש'!A:G,6,0)+VLOOKUP('תפוקה מצטברת מול אשתקד'!A14,'אינפניטי'!A:G,6,0) -> 982065.15 | K14: =VLOOKUP(A14,'הכשרה'!A:G,7,0)+VLOOKUP('תפוקה מצטברת מול אשתקד'!A14,'מגדל'!A:G,7,0)+VLOOKUP('תפוקה מצטברת מול אשתקד'!A14,'מנורה'!A:G,7,0)+VLOOKUP('תפוקה מצטברת מול אשתקד'!A14,'איילון'!A:G,7,0)+VLOOKUP('תפוקה מצטברת מול אשתקד'!A14,'הראל'!A:G,7,0)+VLOOKUP('תפוקה מצטברת מול אשתקד'!A14,'הפניקס'!A:G,7,0)+VLOOKUP('תפוקה מצטברת מול אשתקד'!A14,'כלל'!A:G,7,0)+VLOOKUP('תפוקה מצטברת מול אשתקד'!A14,'מור'!A:G,7,0)+VLOOKUP('תפוקה מצטברת מול אשתקד'!A14,'אלטשולר שחם'!A:G,7,0)+VLOOKUP('תפוקה מצטברת מול אשתקד'!A14,'מדיהו '!A:K,7,0)+VLOOKUP(A14,'אנליסט '!A:G,7,0)+VLOOKUP('תפוקה מצטברת מול אשתקד'!A14,'מיטב דש'!A:G,7,0)+VLOOKUP('תפוקה מצטברת מול אשתקד'!A14,'אינפניטי'!A:G,7,0) -> 287720.33 | L14: =VLOOKUP(A14,'הכשרה'!A:K,8,0)+VLOOKUP('תפוקה מצטברת מול אשתקד'!A14,'מגדל'!A:K,8,0)+VLOOKUP('תפוקה מצטברת מול אשתקד'!A14,'מנורה'!A:K,8,0)+VLOOKUP('תפוקה מצטברת מול אשתקד'!A14,'איילון'!A:K,8,0)+VLOOKUP('תפוקה מצטברת מול אשתקד'!A14,'הראל'!A:K,8,0)+VLOOKUP('תפוקה מצטברת מול אשתקד'!A14,'הפניקס'!A:K,8,0)+VLOOKUP('תפוקה מצטברת מול אשתקד'!A14,'כלל'!A:K,8,0)+VLOOKUP('תפוקה מצטברת מול אשתקד'!A14,'מור'!A:K,8,0)+VLOOKUP('תפוקה מצטברת מול אשתקד'!A14,'אלטשולר שחם'!A:K,8,0)+VLOOKUP('תפוקה מצטברת מול אשתקד'!A14,'מדיהו '!A:K,8,0)+VLOOKUP('תפוקה מצטברת מול אשתקד'!A14,'אנליסט '!A:K,8,0)+VLOOKUP('תפוקה מצטברת מול אשתקד'!A14,'מיטב דש'!A:K,8,0)+VLOOKUP('תפוקה מצטברת מול אשתקד'!A14,'אינפניטי'!A:K,8,0) -> 638082.03 | M14: =VLOOKUP(A14,'הכשרה'!A:K,9,0)+VLOOKUP('תפוקה מצטברת מול אשתקד'!A14,'מגדל'!A:K,9,0)+VLOOKUP('תפוקה מצטברת מול אשתקד'!A14,'מנורה'!A:K,9,0)+VLOOKUP('תפוקה מצטברת מול אשתקד'!A14,'איילון'!A:K,9,0)+VLOOKUP('תפוקה מצטברת מול אשתקד'!A14,'הראל'!A:K,9,0)+VLOOKUP('תפוקה מצטברת מול אשתקד'!A14,'הפניקס'!A:K,9,0)+VLOOKUP('תפוקה מצטברת מול אשתקד'!A14,'כלל'!A:K,9,0)+VLOOKUP('תפוקה מצטברת מול אשתקד'!A14,'מור'!A:K,9,0)+VLOOKUP('תפוקה מצטברת מול אשתקד'!A14,'אלטשולר שחם'!A:K,9,0)+VLOOKUP('תפוקה מצטברת מול אשתקד'!A14,'מדיהו '!A:K,9,0)+VLOOKUP('תפוקה מצטברת מול אשתקד'!A14,'אנליסט '!A:K,9,0)+VLOOKUP('תפוקה מצטברת מול אשתקד'!A14,'מיטב דש'!A:K,9,0)+VLOOKUP('תפוקה מצטברת מול אשתקד'!A14,'אינפניטי'!A:K,9,0) -> 37111.134 | N14: =VLOOKUP(A14,'הכשרה'!A:K,10,0)+VLOOKUP('תפוקה מצטברת מול אשתקד'!A14,'מגדל'!A:K,10,0)+VLOOKUP('תפוקה מצטברת מול אשתקד'!A14,'מנורה'!A:K,10,0)+VLOOKUP('תפוקה מצטברת מול אשתקד'!A14,'איילון'!A:K,10,0)+VLOOKUP('תפוקה מצטברת מול אשתקד'!A14,'הראל'!A:K,10,0)+VLOOKUP('תפוקה מצטברת מול אשתקד'!A14,'הפניקס'!A:K,10,0)+VLOOKUP('תפוקה מצטברת מול אשתקד'!A14,'כלל'!A:K,10,0)+VLOOKUP('תפוקה מצטברת מול אשתקד'!A14,'מור'!A:K,10,0)+VLOOKUP('תפוקה מצטברת מול אשתקד'!A14,'אלטשולר שחם'!A:K,10,0)+VLOOKUP('תפוקה מצטברת מול אשתקד'!A14,'מדיהו '!A:K,10,0)+VLOOKUP('תפוקה מצטברת מול אשתקד'!A14,'אנליסט '!A:K,10,0)+VLOOKUP('תפוקה מצטברת מול אשתקד'!A14,'מיטב דש'!A:K,10,0)+VLOOKUP('תפוקה מצטברת מול אשתקד'!A14,'אינפניטי'!A:K,10,0) -> 1604434.6 | O14: =VLOOKUP(A14,'הכשרה'!A:K,11,0)+VLOOKUP('תפוקה מצטברת מול אשתקד'!A14,'מגדל'!A:K,11,0)+VLOOKUP('תפוקה מצטברת מול אשתקד'!A14,'מנורה'!A:K,11,0)+VLOOKUP('תפוקה מצטברת מול אשתקד'!A14,'איילון'!A:K,11,0)+VLOOKUP('תפוקה מצטברת מול אשתקד'!A14,'הראל'!A:K,11,0)+VLOOKUP('תפוקה מצטברת מול אשתקד'!A14,'הפניקס'!A:K,11,0)+VLOOKUP('תפוקה מצטברת מול אשתקד'!A14,'כלל'!A:K,11,0)+VLOOKUP('תפוקה מצטברת מול אשתקד'!A14,'מור'!A:K,11,0)+VLOOKUP('תפוקה מצטברת מול אשתקד'!A14,'אלטשולר שחם'!A:K,11,0)+VLOOKUP('תפוקה מצטברת מול אשתקד'!A14,'מדיהו '!A:K,11,0)+VLOOKUP('תפוקה מצטברת מול אשתקד'!A14,'אנליסט '!A:K,11,0)+VLOOKUP('תפוקה מצטברת מול אשתקד'!A14,'מיטב דש'!A:K,11,0)+VLOOKUP('תפוקה מצטברת מול אשתקד'!A14,'אינפניטי'!A:K,11,0) -> 5532380.7
A15: א.ד. אבידן ביטוחים בע"מ | B15: יוסי אביב | C15: שותפים | D15: =IF(H15=0,0%,IF(L15=0,100%,H15/L15-1)) -> 4.1741043 | E15: =IF(I15=0,0%,IF(M15=0,100%,I15/M15-1)) -> 0 | F15: =IF(J15=0,0%,IF(N15=0,100%,J15/N15-1)) -> 1 | G15: =IF(K15=0,0%,IF(O15=H39,100%,K15/O15-1)) -> #DIV/0! | H15: =VLOOKUP(A15,'הכשרה'!A:G,4,0)+VLOOKUP('תפוקה מצטברת מול אשתקד'!A15,'מגדל'!A:G,4,0)+VLOOKUP('תפוקה מצטברת מול אשתקד'!A15,'מנורה'!A:G,4,0)+VLOOKUP('תפוקה מצטברת מול אשתקד'!A15,'איילון'!A:G,4,0)+VLOOKUP('תפוקה מצטברת מול אשתקד'!A15,'הראל'!A:G,4,0)+VLOOKUP('תפוקה מצטברת מול אשתקד'!A15,'הפניקס'!A:G,4,0)+VLOOKUP('תפוקה מצטברת מול אשתקד'!A15,'כלל'!A:G,4,0)+VLOOKUP('תפוקה מצטברת מול אשתקד'!A15,'מור'!A:G,4,0)+VLOOKUP('תפוקה מצטברת מול אשתקד'!A15,'אלטשולר שחם'!A:G,4,0)+VLOOKUP('תפוקה מצטברת מול אשתקד'!A15,'מדיהו '!A:G,4,0)+VLOOKUP('תפוקה מצטברת מול אשתקד'!A15,'אנליסט '!A:G,4,0)+VLOOKUP('תפוקה מצטברת מול אשתקד'!A15,'מיטב דש'!A:G,4,0)+VLOOKUP('תפוקה מצטברת מול אשתקד'!A15,'אינפניטי'!A:G,4,0) -> 122818.49 | I15: =VLOOKUP(A15,'הכשרה'!A:G,5,0)+VLOOKUP('תפוקה מצטברת מול אשתקד'!A15,'מגדל'!A:G,5,0)+VLOOKUP('תפוקה מצטברת מול אשתקד'!A15,'מנורה'!A:G,5,0)+VLOOKUP('תפוקה מצטברת מול אשתקד'!A15,'איילון'!A:G,5,0)+VLOOKUP('תפוקה מצטברת מול אשתקד'!A15,'הראל'!A:G,5,0)+VLOOKUP('תפוקה מצטברת מול אשתקד'!A15,'הפניקס'!A:G,5,0)+VLOOKUP('תפוקה מצטברת מול אשתקד'!A15,'כלל'!A:G,5,0)+VLOOKUP('תפוקה מצטברת מול אשתקד'!A15,'מור'!A:G,5,0)+VLOOKUP('תפוקה מצטברת מול אשתקד'!A15,'אלטשולר שחם'!A:G,5,0)+VLOOKUP('תפוקה מצטברת מול אשתקד'!A15,'מדיהו '!A:G,5,0)+VLOOKUP('תפוקה מצטברת מול אשתקד'!A15,'אנליסט '!A:G,5,0)+VLOOKUP('תפוקה מצטברת מול אשתקד'!A15,'מיטב דש'!A:G,5,0)+VLOOKUP('תפוקה מצטברת מול אשתקד'!A15,'אינפניטי'!A:G,5,0) -> 0 | J15: =VLOOKUP(A15,'הכשרה'!A:G,6,0)+VLOOKUP('תפוקה מצטברת מול אשתקד'!A15,'מגדל'!A:G,6,0)+VLOOKUP('תפוקה מצטברת מול אשתקד'!A15,'מנורה'!A:G,6,0)+VLOOKUP('תפוקה מצטברת מול אשתקד'!A15,'איילון'!A:G,6,0)+VLOOKUP(A15,'הראל'!A:G,6,0)+VLOOKUP('תפוקה מצטברת מול אשתקד'!A15,'הפניקס'!A:G,6,0)+VLOOKUP('תפוקה מצטברת מול אשתקד'!A15,'כלל'!A:G,6,0)+VLOOKUP('תפוקה מצטברת מול אשתקד'!A15,'מור'!A:G,6,0)+VLOOKUP('תפוקה מצטברת מול אשתקד'!A15,'אלטשולר שחם'!A:G,6,0)+VLOOKUP('תפוקה מצטברת מול אשתקד'!A15,'מדיהו '!A:G,6,0)+VLOOKUP('תפוקה מצטברת מול אשתקד'!A15,'אנליסט '!A:G,6,0)+VLOOKUP('תפוקה מצטברת מול אשתקד'!A15,'מיטב דש'!A:G,6,0)+VLOOKUP('תפוקה מצטברת מול אשתקד'!A15,'אינפניטי'!A:G,6,0) -> 266565.67 | K15: =VLOOKUP(A15,'הכשרה'!A:G,7,0)+VLOOKUP('תפוקה מצטברת מול אשתקד'!A15,'מגדל'!A:G,7,0)+VLOOKUP('תפוקה מצטברת מול אשתקד'!A15,'מנורה'!A:G,7,0)+VLOOKUP('תפוקה מצטברת מול אשתקד'!A15,'איילון'!A:G,7,0)+VLOOKUP('תפוקה מצטברת מול אשתקד'!A15,'הראל'!A:G,7,0)+VLOOKUP('תפוקה מצטברת מול אשתקד'!A15,'הפניקס'!A:G,7,0)+VLOOKUP('תפוקה מצטברת מול אשתקד'!A15,'כלל'!A:G,7,0)+VLOOKUP('תפוקה מצטברת מול אשתקד'!A15,'מור'!A:G,7,0)+VLOOKUP('תפוקה מצטברת מול אשתקד'!A15,'אלטשולר שחם'!A:G,7,0)+VLOOKUP('תפוקה מצטברת מול אשתקד'!A15,'מדיהו '!A:K,7,0)+VLOOKUP(A15,'אנליסט '!A:G,7,0)+VLOOKUP('תפוקה מצטברת מול אשתקד'!A15,'מיטב דש'!A:G,7,0)+VLOOKUP('תפוקה מצטברת מול אשתקד'!A15,'אינפניטי'!A:G,7,0) -> 113981.56 | L15: =VLOOKUP(A15,'הכשרה'!A:K,8,0)+VLOOKUP('תפוקה מצטברת מול אשתקד'!A15,'מגדל'!A:K,8,0)+VLOOKUP('תפוקה מצטברת מול אשתקד'!A15,'מנורה'!A:K,8,0)+VLOOKUP('תפוקה מצטברת מול אשתקד'!A15,'איילון'!A:K,8,0)+VLOOKUP('תפוקה מצטברת מול אשתקד'!A15,'הראל'!A:K,8,0)+VLOOKUP('תפוקה מצטברת מול אשתקד'!A15,'הפניקס'!A:K,8,0)+VLOOKUP('תפוקה מצטברת מול אשתקד'!A15,'כלל'!A:K,8,0)+VLOOKUP('תפוקה מצטברת מול אשתקד'!A15,'מור'!A:K,8,0)+VLOOKUP('תפוקה מצטברת מול אשתקד'!A15,'אלטשולר שחם'!A:K,8,0)+VLOOKUP('תפוקה מצטברת מול אשתקד'!A15,'מדיהו '!A:K,8,0)+VLOOKUP('תפוקה מצטברת מול אשתקד'!A15,'אנליסט '!A:K,8,0)+VLOOKUP('תפוקה מצטברת מול אשתקד'!A15,'מיטב דש'!A:K,8,0)+VLOOKUP('תפוקה מצטברת מול אשתקד'!A15,'אינפניטי'!A:K,8,0) -> 23737.15 | M15: =VLOOKUP(A15,'הכשרה'!A:K,9,0)+VLOOKUP('תפוקה מצטברת מול אשתקד'!A15,'מגדל'!A:K,9,0)+VLOOKUP('תפוקה מצטברת מול אשתקד'!A15,'מנורה'!A:K,9,0)+VLOOKUP('תפוקה מצטברת מול אשתקד'!A15,'איילון'!A:K,9,0)+VLOOKUP('תפוקה מצטברת מול אשתקד'!A15,'הראל'!A:K,9,0)+VLOOKUP('תפוקה מצטברת מול אשתקד'!A15,'הפניקס'!A:K,9,0)+VLOOKUP('תפוקה מצטברת מול אשתקד'!A15,'כלל'!A:K,9,0)+VLOOKUP('תפוקה מצטברת מול אשתקד'!A15,'מור'!A:K,9,0)+VLOOKUP('תפוקה מצטברת מול אשתקד'!A15,'אלטשולר שחם'!A:K,9,0)+VLOOKUP('תפוקה מצטברת מול אשתקד'!A15,'מדיהו '!A:K,9,0)+VLOOKUP('תפוקה מצטברת מול אשתקד'!A15,'אנליסט '!A:K,9,0)+VLOOKUP('תפוקה מצטברת מול אשתקד'!A15,'מיטב דש'!A:K,9,0)+VLOOKUP('תפוקה מצטברת מול אשתקד'!A15,'אינפניטי'!A:K,9,0) -> 552.08505 | N15: =VLOOKUP(A15,'הכשרה'!A:K,10,0)+VLOOKUP('תפוקה מצטברת מול אשתקד'!A15,'מגדל'!A:K,10,0)+VLOOKUP('תפוקה מצטברת מול אשתקד'!A15,'מנורה'!A:K,10,0)+VLOOKUP('תפוקה מצטברת מול אשתקד'!A15,'איילון'!A:K,10,0)+VLOOKUP('תפוקה מצטברת מול אשתקד'!A15,'הראל'!A:K,10,0)+VLOOKUP('תפוקה מצטברת מול אשתקד'!A15,'הפניקס'!A:K,10,0)+VLOOKUP('תפוקה מצטברת מול אשתקד'!A15,'כלל'!A:K,10,0)+VLOOKUP('תפוקה מצטברת מול אשתקד'!A15,'מור'!A:K,10,0)+VLOOKUP('תפוקה מצטברת מול אשתקד'!A15,'אלטשולר שחם'!A:K,10,0)+VLOOKUP('תפוקה מצטברת מול אשתקד'!A15,'מדיהו '!A:K,10,0)+VLOOKUP('תפוקה מצטברת מול אשתקד'!A15,'אנליסט '!A:K,10,0)+VLOOKUP('תפוקה מצטברת מול אשתקד'!A15,'מיטב דש'!A:K,10,0)+VLOOKUP('תפוקה מצטברת מול אשתקד'!A15,'אינפניטי'!A:K,10,0) -> 0 | O15: =VLOOKUP(A15,'הכשרה'!A:K,11,0)+VLOOKUP('תפוקה מצטברת מול אשתקד'!A15,'מגדל'!A:K,11,0)+VLOOKUP('תפוקה מצטברת מול אשתקד'!A15,'מנורה'!A:K,11,0)+VLOOKUP('תפוקה מצטברת מול אשתקד'!A15,'איילון'!A:K,11,0)+VLOOKUP('תפוקה מצטברת מול אשתקד'!A15,'הראל'!A:K,11,0)+VLOOKUP('תפוקה מצטברת מול אשתקד'!A15,'הפניקס'!A:K,11,0)+VLOOKUP('תפוקה מצטברת מול אשתקד'!A15,'כלל'!A:K,11,0)+VLOOKUP('תפוקה מצטברת מול אשתקד'!A15,'מור'!A:K,11,0)+VLOOKUP('תפוקה מצטברת מול אשתקד'!A15,'אלטשולר שחם'!A:K,11,0)+VLOOKUP('תפוקה מצטברת מול אשתקד'!A15,'מדיהו '!A:K,11,0)+VLOOKUP('תפוקה מצטברת מול אשתקד'!A15,'אנליסט '!A:K,11,0)+VLOOKUP('תפוקה מצטברת מול אשתקד'!A15,'מיטב דש'!A:K,11,0)+VLOOKUP('תפוקה מצטברת מול אשתקד'!A15,'אינפניטי'!A:K,11,0) -> 0
A16: גל אלמגור -ראם | B16: יוסי אביב | C16: שותפים | D16: =IF(H16=0,0%,IF(L16=0,100%,H16/L16-1)) -> 0.02744433 | E16: =IF(I16=0,0%,IF(M16=0,100%,I16/M16-1)) -> 1.0383483 | F16: =IF(J16=0,0%,IF(N16=0,100%,J16/N16-1)) -> 0.098320779 | G16: =IF(K16=0,0%,IF(O16=H40,100%,K16/O16-1)) -> 16.722149 | H16: =VLOOKUP(A16,'הכשרה'!A:G,4,0)+VLOOKUP('תפוקה מצטברת מול אשתקד'!A16,'מגדל'!A:G,4,0)+VLOOKUP('תפוקה מצטברת מול אשתקד'!A16,'מנורה'!A:G,4,0)+VLOOKUP('תפוקה מצטברת מול אשתקד'!A16,'איילון'!A:G,4,0)+VLOOKUP('תפוקה מצטברת מול אשתקד'!A16,'הראל'!A:G,4,0)+VLOOKUP('תפוקה מצטברת מול אשתקד'!A16,'הפניקס'!A:G,4,0)+VLOOKUP('תפוקה מצטברת מול אשתקד'!A16,'כלל'!A:G,4,0)+VLOOKUP('תפוקה מצטברת מול אשתקד'!A16,'מור'!A:G,4,0)+VLOOKUP('תפוקה מצטברת מול אשתקד'!A16,'אלטשולר שחם'!A:G,4,0)+VLOOKUP('תפוקה מצטברת מול אשתקד'!A16,'מדיהו '!A:G,4,0)+VLOOKUP('תפוקה מצטברת מול אשתקד'!A16,'אנליסט '!A:G,4,0)+VLOOKUP('תפוקה מצטברת מול אשתקד'!A16,'מיטב דש'!A:G,4,0)+VLOOKUP('תפוקה מצטברת מול אשתקד'!A16,'אינפניטי'!A:G,4,0) -> 130488.11 | I16: =VLOOKUP(A16,'הכשרה'!A:G,5,0)+VLOOKUP('תפוקה מצטברת מול אשתקד'!A16,'מגדל'!A:G,5,0)+VLOOKUP('תפוקה מצטברת מול אשתקד'!A16,'מנורה'!A:G,5,0)+VLOOKUP('תפוקה מצטברת מול אשתקד'!A16,'איילון'!A:G,5,0)+VLOOKUP('תפוקה מצטברת מול אשתקד'!A16,'הראל'!A:G,5,0)+VLOOKUP('תפוקה מצטברת מול אשתקד'!A16,'הפניקס'!A:G,5,0)+VLOOKUP('תפוקה מצטברת מול אשתקד'!A16,'כלל'!A:G,5,0)+VLOOKUP('תפוקה מצטברת מול אשתקד'!A16,'מור'!A:G,5,0)+VLOOKUP('תפוקה מצטברת מול אשתקד'!A16,'אלטשולר שחם'!A:G,5,0)+VLOOKUP('תפוקה מצטברת מול אשתקד'!A16,'מדיהו '!A:G,5,0)+VLOOKUP('תפוקה מצטברת מול אשתקד'!A16,'אנליסט '!A:G,5,0)+VLOOKUP('תפוקה מצטברת מול אשתקד'!A16,'מיטב דש'!A:G,5,0)+VLOOKUP('תפוקה מצטברת מול אשתקד'!A16,'אינפניטי'!A:G,5,0) -> 39357.478 | J16: =VLOOKUP(A16,'הכשרה'!A:G,6,0)+VLOOKUP('תפוקה מצטברת מול אשתקד'!A16,'מגדל'!A:G,6,0)+VLOOKUP('תפוקה מצטברת מול אשתקד'!A16,'מנורה'!A:G,6,0)+VLOOKUP('תפוקה מצטברת מול אשתקד'!A16,'איילון'!A:G,6,0)+VLOOKUP(A16,'הראל'!A:G,6,0)+VLOOKUP('תפוקה מצטברת מול אשתקד'!A16,'הפניקס'!A:G,6,0)+VLOOKUP('תפוקה מצטברת מול אשתקד'!A16,'כלל'!A:G,6,0)+VLOOKUP('תפוקה מצטברת מול אשתקד'!A16,'מור'!A:G,6,0)+VLOOKUP('תפוקה מצטברת מול אשתקד'!A16,'אלטשולר שחם'!A:G,6,0)+VLOOKUP('תפוקה מצטברת מול אשתקד'!A16,'מדיהו '!A:G,6,0)+VLOOKUP('תפוקה מצטברת מול אשתקד'!A16,'אנליסט '!A:G,6,0)+VLOOKUP('תפוקה מצטברת מול אשתקד'!A16,'מיטב דש'!A:G,6,0)+VLOOKUP('תפוקה מצטברת מול אשתקד'!A16,'אינפניטי'!A:G,6,0) -> 25369.24 | K16: =VLOOKUP(A16,'הכשרה'!A:G,7,0)+VLOOKUP('תפוקה מצטברת מול אשתקד'!A16,'מגדל'!A:G,7,0)+VLOOKUP('תפוקה מצטברת מול אשתקד'!A16,'מנורה'!A:G,7,0)+VLOOKUP('תפוקה מצטברת מול אשתקד'!A16,'איילון'!A:G,7,0)+VLOOKUP('תפוקה מצטברת מול אשתקד'!A16,'הראל'!A:G,7,0)+VLOOKUP('תפוקה מצטברת מול אשתקד'!A16,'הפניקס'!A:G,7,0)+VLOOKUP('תפוקה מצטברת מול אשתקד'!A16,'כלל'!A:G,7,0)+VLOOKUP('תפוקה מצטברת מול אשתקד'!A16,'מור'!A:G,7,0)+VLOOKUP('תפוקה מצטברת מול אשתקד'!A16,'אלטשולר שחם'!A:G,7,0)+VLOOKUP('תפוקה מצטברת מול אשתקד'!A16,'מדיהו '!A:K,7,0)+VLOOKUP(A16,'אנליסט '!A:G,7,0)+VLOOKUP('תפוקה מצטברת מול אשתקד'!A16,'מיטב דש'!A:G,7,0)+VLOOKUP('תפוקה מצטברת מול אשתקד'!A16,'אינפניטי'!A:G,7,0) -> 118506.56 | L16: =VLOOKUP(A16,'הכשרה'!A:K,8,0)+VLOOKUP('תפוקה מצטברת מול אשתקד'!A16,'מגדל'!A:K,8,0)+VLOOKUP('תפוקה מצטברת מול אשתקד'!A16,'מנורה'!A:K,8,0)+VLOOKUP('תפוקה מצטברת מול אשתקד'!A16,'איילון'!A:K,8,0)+VLOOKUP('תפוקה מצטברת מול אשתקד'!A16,'הראל'!A:K,8,0)+VLOOKUP('תפוקה מצטברת מול אשתקד'!A16,'הפניקס'!A:K,8,0)+VLOOKUP('תפוקה מצטברת מול אשתקד'!A16,'כלל'!A:K,8,0)+VLOOKUP('תפוקה מצטברת מול אשתקד'!A16,'מור'!A:K,8,0)+VLOOKUP('תפוקה מצטברת מול אשתקד'!A16,'אלטשולר שחם'!A:K,8,0)+VLOOKUP('תפוקה מצטברת מול אשתקד'!A16,'מדיהו '!A:K,8,0)+VLOOKUP('תפוקה מצטברת מול אשתקד'!A16,'אנליסט '!A:K,8,0)+VLOOKUP('תפוקה מצטברת מול אשתקד'!A16,'מיטב דש'!A:K,8,0)+VLOOKUP('תפוקה מצטברת מול אשתקד'!A16,'אינפניטי'!A:K,8,0) -> 127002.61 | M16: =VLOOKUP(A16,'הכשרה'!A:K,9,0)+VLOOKUP('תפוקה מצטברת מול אשתקד'!A16,'מגדל'!A:K,9,0)+VLOOKUP('תפוקה מצטברת מול אשתקד'!A16,'מנורה'!A:K,9,0)+VLOOKUP('תפוקה מצטברת מול אשתקד'!A16,'איילון'!A:K,9,0)+VLOOKUP('תפוקה מצטברת מול אשתקד'!A16,'הראל'!A:K,9,0)+VLOOKUP('תפוקה מצטברת מול אשתקד'!A16,'הפניקס'!A:K,9,0)+VLOOKUP('תפוקה מצטברת מול אשתקד'!A16,'כלל'!A:K,9,0)+VLOOKUP('תפוקה מצטברת מול אשתקד'!A16,'מור'!A:K,9,0)+VLOOKUP('תפוקה מצטברת מול אשתקד'!A16,'אלטשולר שחם'!A:K,9,0)+VLOOKUP('תפוקה מצטברת מול אשתקד'!A16,'מדיהו '!A:K,9,0)+VLOOKUP('תפוקה מצטברת מול אשתקד'!A16,'אנליסט '!A:K,9,0)+VLOOKUP('תפוקה מצטברת מול אשתקד'!A16,'מיטב דש'!A:K,9,0)+VLOOKUP('תפוקה מצטברת מול אשתקד'!A16,'אינפניטי'!A:K,9,0) -> 19308.515 | N16: =VLOOKUP(A16,'הכשרה'!A:K,10,0)+VLOOKUP('תפוקה מצטברת מול אשתקד'!A16,'מגדל'!A:K,10,0)+VLOOKUP('תפוקה מצטברת מול אשתקד'!A16,'מנורה'!A:K,10,0)+VLOOKUP('תפוקה מצטברת מול אשתקד'!A16,'איילון'!A:K,10,0)+VLOOKUP('תפוקה מצטברת מול אשתקד'!A16,'הראל'!A:K,10,0)+VLOOKUP('תפוקה מצטברת מול אשתקד'!A16,'הפניקס'!A:K,10,0)+VLOOKUP('תפוקה מצטברת מול אשתקד'!A16,'כלל'!A:K,10,0)+VLOOKUP('תפוקה מצטברת מול אשתקד'!A16,'מור'!A:K,10,0)+VLOOKUP('תפוקה מצטברת מול אשתקד'!A16,'אלטשולר שחם'!A:K,10,0)+VLOOKUP('תפוקה מצטברת מול אשתקד'!A16,'מדיהו '!A:K,10,0)+VLOOKUP('תפוקה מצטברת מול אשתקד'!A16,'אנליסט '!A:K,10,0)+VLOOKUP('תפוקה מצטברת מול אשתקד'!A16,'מיטב דש'!A:K,10,0)+VLOOKUP('תפוקה מצטברת מול אשתקד'!A16,'אינפניטי'!A:K,10,0) -> 23098.206 | O16: =VLOOKUP(A16,'הכשרה'!A:K,11,0)+VLOOKUP('תפוקה מצטברת מול אשתקד'!A16,'מגדל'!A:K,11,0)+VLOOKUP('תפוקה מצטברת מול אשתקד'!A16,'מנורה'!A:K,11,0)+VLOOKUP('תפוקה מצטברת מול אשתקד'!A16,'איילון'!A:K,11,0)+VLOOKUP('תפוקה מצטברת מול אשתקד'!A16,'הראל'!A:K,11,0)+VLOOKUP('תפוקה מצטברת מול אשתקד'!A16,'הפניקס'!A:K,11,0)+VLOOKUP('תפוקה מצטברת מול אשתקד'!A16,'כלל'!A:K,11,0)+VLOOKUP('תפוקה מצטברת מול אשתקד'!A16,'מור'!A:K,11,0)+VLOOKUP('תפוקה מצטברת מול אשתקד'!A16,'אלטשולר שחם'!A:K,11,0)+VLOOKUP('תפוקה מצטברת מול אשתקד'!A16,'מדיהו '!A:K,11,0)+VLOOKUP('תפוקה מצטברת מול אשתקד'!A16,'אנליסט '!A:K,11,0)+VLOOKUP('תפוקה מצטברת מול אשתקד'!A16,'מיטב דש'!A:K,11,0)+VLOOKUP('תפוקה מצטברת מול אשתקד'!A16,'אינפניטי'!A:K,11,0) -> 6686.918
A17: אלרם סוכנות לביטוח | B17: יוסי אביב | C17: שותפים | D17: =IF(H17=0,0%,IF(L17=0,100%,H17/L17-1)) -> 0.013316131 | E17: =IF(I17=0,0%,IF(M17=0,100%,I17/M17-1)) -> 0.44627075 | F17: =IF(J17=0,0%,IF(N17=0,100%,J17/N17-1)) -> -0.4655892 | G17: =IF(K17=0,0%,IF(O17=H41,100%,K17/O17-1)) -> -0.63232356 | H17: =VLOOKUP(A17,'הכשרה'!A:G,4,0)+VLOOKUP('תפוקה מצטברת מול אשתקד'!A17,'מגדל'!A:G,4,0)+VLOOKUP('תפוקה מצטברת מול אשתקד'!A17,'מנורה'!A:G,4,0)+VLOOKUP('תפוקה מצטברת מול אשתקד'!A17,'איילון'!A:G,4,0)+VLOOKUP('תפוקה מצטברת מול אשתקד'!A17,'הראל'!A:G,4,0)+VLOOKUP('תפוקה מצטברת מול אשתקד'!A17,'הפניקס'!A:G,4,0)+VLOOKUP('תפוקה מצטברת מול אשתקד'!A17,'כלל'!A:G,4,0)+VLOOKUP('תפוקה מצטברת מול אשתקד'!A17,'מור'!A:G,4,0)+VLOOKUP('תפוקה מצטברת מול אשתקד'!A17,'אלטשולר שחם'!A:G,4,0)+VLOOKUP('תפוקה מצטברת מול אשתקד'!A17,'מדיהו '!A:G,4,0)+VLOOKUP('תפוקה מצטברת מול אשתקד'!A17,'אנליסט '!A:G,4,0)+VLOOKUP('תפוקה מצטברת מול אשתקד'!A17,'מיטב דש'!A:G,4,0)+VLOOKUP('תפוקה מצטברת מול אשתקד'!A17,'אינפניטי'!A:G,4,0) -> 489009.41 | I17: =VLOOKUP(A17,'הכשרה'!A:G,5,0)+VLOOKUP('תפוקה מצטברת מול אשתקד'!A17,'מגדל'!A:G,5,0)+VLOOKUP('תפוקה מצטברת מול אשתקד'!A17,'מנורה'!A:G,5,0)+VLOOKUP('תפוקה מצטברת מול אשתקד'!A17,'איילון'!A:G,5,0)+VLOOKUP('תפוקה מצטברת מול אשתקד'!A17,'הראל'!A:G,5,0)+VLOOKUP('תפוקה מצטברת מול אשתקד'!A17,'הפניקס'!A:G,5,0)+VLOOKUP('תפוקה מצטברת מול אשתקד'!A17,'כלל'!A:G,5,0)+VLOOKUP('תפוקה מצטברת מול אשתקד'!A17,'מור'!A:G,5,0)+VLOOKUP('תפוקה מצטברת מול אשתקד'!A17,'אלטשולר שחם'!A:G,5,0)+VLOOKUP('תפוקה מצטברת מול אשתקד'!A17,'מדיהו '!A:G,5,0)+VLOOKUP('תפוקה מצטברת מול אשתקד'!A17,'אנליסט '!A:G,5,0)+VLOOKUP('תפוקה מצטברת מול אשתקד'!A17,'מיטב דש'!A:G,5,0)+VLOOKUP('תפוקה מצטברת מול אשתקד'!A17,'אינפניטי'!A:G,5,0) -> 238894.26 | J17: =VLOOKUP(A17,'הכשרה'!A:G,6,0)+VLOOKUP('תפוקה מצטברת מול אשתקד'!A17,'מגדל'!A:G,6,0)+VLOOKUP('תפוקה מצטברת מול אשתקד'!A17,'מנורה'!A:G,6,0)+VLOOKUP('תפוקה מצטברת מול אשתקד'!A17,'איילון'!A:G,6,0)+VLOOKUP(A17,'הראל'!A:G,6,0)+VLOOKUP('תפוקה מצטברת מול אשתקד'!A17,'הפניקס'!A:G,6,0)+VLOOKUP('תפוקה מצטברת מול אשתקד'!A17,'כלל'!A:G,6,0)+VLOOKUP('תפוקה מצטברת מול אשתקד'!A17,'מור'!A:G,6,0)+VLOOKUP('תפוקה מצטברת מול אשתקד'!A17,'אלטשולר שחם'!A:G,6,0)+VLOOKUP('תפוקה מצטברת מול אשתקד'!A17,'מדיהו '!A:G,6,0)+VLOOKUP('תפוקה מצטברת מול אשתקד'!A17,'אנליסט '!A:G,6,0)+VLOOKUP('תפוקה מצטברת מול אשתקד'!A17,'מיטב דש'!A:G,6,0)+VLOOKUP('תפוקה מצטברת מול אשתקד'!A17,'אינפניטי'!A:G,6,0) -> 3435204.1 | K17: =VLOOKUP(A17,'הכשרה'!A:G,7,0)+VLOOKUP('תפוקה מצטברת מול אשתקד'!A17,'מגדל'!A:G,7,0)+VLOOKUP('תפוקה מצטברת מול אשתקד'!A17,'מנורה'!A:G,7,0)+VLOOKUP('תפוקה מצטברת מול אשתקד'!A17,'איילון'!A:G,7,0)+VLOOKUP('תפוקה מצטברת מול אשתקד'!A17,'הראל'!A:G,7,0)+VLOOKUP('תפוקה מצטברת מול אשתקד'!A17,'הפניקס'!A:G,7,0)+VLOOKUP('תפוקה מצטברת מול אשתקד'!A17,'כלל'!A:G,7,0)+VLOOKUP('תפוקה מצטברת מול אשתקד'!A17,'מור'!A:G,7,0)+VLOOKUP('תפוקה מצטברת מול אשתקד'!A17,'אלטשולר שחם'!A:G,7,0)+VLOOKUP('תפוקה מצטברת מול אשתקד'!A17,'מדיהו '!A:K,7,0)+VLOOKUP(A17,'אנליסט '!A:G,7,0)+VLOOKUP('תפוקה מצטברת מול אשתקד'!A17,'מיטב דש'!A:G,7,0)+VLOOKUP('תפוקה מצטברת מול אשתקד'!A17,'אינפניטי'!A:G,7,0) -> 839902.76 | L17: =VLOOKUP(A17,'הכשרה'!A:K,8,0)+VLOOKUP('תפוקה מצטברת מול אשתקד'!A17,'מגדל'!A:K,8,0)+VLOOKUP('תפוקה מצטברת מול אשתקד'!A17,'מנורה'!A:K,8,0)+VLOOKUP('תפוקה מצטברת מול אשתקד'!A17,'איילון'!A:K,8,0)+VLOOKUP('תפוקה מצטברת מול אשתקד'!A17,'הראל'!A:K,8,0)+VLOOKUP('תפוקה מצטברת מול אשתקד'!A17,'הפניקס'!A:K,8,0)+VLOOKUP('תפוקה מצטברת מול אשתקד'!A17,'כלל'!A:K,8,0)+VLOOKUP('תפוקה מצטברת מול אשתקד'!A17,'מור'!A:K,8,0)+VLOOKUP('תפוקה מצטברת מול אשתקד'!A17,'אלטשולר שחם'!A:K,8,0)+VLOOKUP('תפוקה מצטברת מול אשתקד'!A17,'מדיהו '!A:K,8,0)+VLOOKUP('תפוקה מצטברת מול אשתקד'!A17,'אנליסט '!A:K,8,0)+VLOOKUP('תפוקה מצטברת מול אשתקד'!A17,'מיטב דש'!A:K,8,0)+VLOOKUP('תפוקה מצטברת מול אשתקד'!A17,'אינפניטי'!A:K,8,0) -> 482583.26 | M17: =VLOOKUP(A17,'הכשרה'!A:K,9,0)+VLOOKUP('תפוקה מצטברת מול אשתקד'!A17,'מגדל'!A:K,9,0)+VLOOKUP('תפוקה מצטברת מול אשתקד'!A17,'מנורה'!A:K,9,0)+VLOOKUP('תפוקה מצטברת מול אשתקד'!A17,'איילון'!A:K,9,0)+VLOOKUP('תפוקה מצטברת מול אשתקד'!A17,'הראל'!A:K,9,0)+VLOOKUP('תפוקה מצטברת מול אשתקד'!A17,'הפניקס'!A:K,9,0)+VLOOKUP('תפוקה מצטברת מול אשתקד'!A17,'כלל'!A:K,9,0)+VLOOKUP('תפוקה מצטברת מול אשתקד'!A17,'מור'!A:K,9,0)+VLOOKUP('תפוקה מצטברת מול אשתקד'!A17,'אלטשולר שחם'!A:K,9,0)+VLOOKUP('תפוקה מצטברת מול אשתקד'!A17,'מדיהו '!A:K,9,0)+VLOOKUP('תפוקה מצטברת מול אשתקד'!A17,'אנליסט '!A:K,9,0)+VLOOKUP('תפוקה מצטברת מול אשתקד'!A17,'מיטב דש'!A:K,9,0)+VLOOKUP('תפוקה מצטברת מול אשתקד'!A17,'אינפניטי'!A:K,9,0) -> 165179.49 | N17: =VLOOKUP(A17,'הכשרה'!A:K,10,0)+VLOOKUP('תפוקה מצטברת מול אשתקד'!A17,'מגדל'!A:K,10,0)+VLOOKUP('תפוקה מצטברת מול אשתקד'!A17,'מנורה'!A:K,10,0)+VLOOKUP('תפוקה מצטברת מול אשתקד'!A17,'איילון'!A:K,10,0)+VLOOKUP('תפוקה מצטברת מול אשתקד'!A17,'הראל'!A:K,10,0)+VLOOKUP('תפוקה מצטברת מול אשתקד'!A17,'הפניקס'!A:K,10,0)+VLOOKUP('תפוקה מצטברת מול אשתקד'!A17,'כלל'!A:K,10,0)+VLOOKUP('תפוקה מצטברת מול אשתקד'!A17,'מור'!A:K,10,0)+VLOOKUP('תפוקה מצטברת מול אשתקד'!A17,'אלטשולר שחם'!A:K,10,0)+VLOOKUP('תפוקה מצטברת מול אשתקד'!A17,'מדיהו '!A:K,10,0)+VLOOKUP('תפוקה מצטברת מול אשתקד'!A17,'אנליסט '!A:K,10,0)+VLOOKUP('תפוקה מצטברת מול אשתקד'!A17,'מיטב דש'!A:K,10,0)+VLOOKUP('תפוקה מצטברת מול אשתקד'!A17,'אינפניטי'!A:K,10,0) -> 6428021.5 | O17: =VLOOKUP(A17,'הכשרה'!A:K,11,0)+VLOOKUP('תפוקה מצטברת מול אשתקד'!A17,'מגדל'!A:K,11,0)+VLOOKUP('תפוקה מצטברת מול אשתקד'!A17,'מנורה'!A:K,11,0)+VLOOKUP('תפוקה מצטברת מול אשתקד'!A17,'איילון'!A:K,11,0)+VLOOKUP('תפוקה מצטברת מול אשתקד'!A17,'הראל'!A:K,11,0)+VLOOKUP('תפוקה מצטברת מול אשתקד'!A17,'הפניקס'!A:K,11,0)+VLOOKUP('תפוקה מצטברת מול אשתקד'!A17,'כלל'!A:K,11,0)+VLOOKUP('תפוקה מצטברת מול אשתקד'!A17,'מור'!A:K,11,0)+VLOOKUP('תפוקה מצטברת מול אשתקד'!A17,'אלטשולר שחם'!A:K,11,0)+VLOOKUP('תפוקה מצטברת מול אשתקד'!A17,'מדיהו '!A:K,11,0)+VLOOKUP('תפוקה מצטברת מול אשתקד'!A17,'אנליסט '!A:K,11,0)+VLOOKUP('תפוקה מצטברת מול אשתקד'!A17,'מיטב דש'!A:K,11,0)+VLOOKUP('תפוקה מצטברת מול אשתקד'!A17,'אינפניטי'!A:K,11,0) -> 2284352.9
A18: רכס אורן | B18: יוסי אביב | C18: שותפים | D18: =IF(H18=0,0%,IF(L18=0,100%,H18/L18-1)) -> 0.28346877 | E18: =IF(I18=0,0%,IF(M18=0,100%,I18/M18-1)) -> -0.024399877 | F18: =IF(J18=0,0%,IF(N18=0,100%,J18/N18-1)) -> -0.37846514 | G18: =IF(K18=0,0%,IF(O18=H42,100%,K18/O18-1)) -> -0.49178728 | H18: =VLOOKUP(A18,'הכשרה'!A:G,4,0)+VLOOKUP('תפוקה מצטברת מול אשתקד'!A18,'מגדל'!A:G,4,0)+VLOOKUP('תפוקה מצטברת מול אשתקד'!A18,'מנורה'!A:G,4,0)+VLOOKUP('תפוקה מצטברת מול אשתקד'!A18,'איילון'!A:G,4,0)+VLOOKUP('תפוקה מצטברת מול אשתקד'!A18,'הראל'!A:G,4,0)+VLOOKUP('תפוקה מצטברת מול אשתקד'!A18,'הפניקס'!A:G,4,0)+VLOOKUP('תפוקה מצטברת מול אשתקד'!A18,'כלל'!A:G,4,0)+VLOOKUP('תפוקה מצטברת מול אשתקד'!A18,'מור'!A:G,4,0)+VLOOKUP('תפוקה מצטברת מול אשתקד'!A18,'אלטשולר שחם'!A:G,4,0)+VLOOKUP('תפוקה מצטברת מול אשתקד'!A18,'מדיהו '!A:G,4,0)+VLOOKUP('תפוקה מצטברת מול אשתקד'!A18,'אנליסט '!A:G,4,0)+VLOOKUP('תפוקה מצטברת מול אשתקד'!A18,'מיטב דש'!A:G,4,0)+VLOOKUP('תפוקה מצטברת מול אשתקד'!A18,'אינפניטי'!A:G,4,0) -> 824787.13 | I18: =VLOOKUP(A18,'הכשרה'!A:G,5,0)+VLOOKUP('תפוקה מצטברת מול אשתקד'!A18,'מגדל'!A:G,5,0)+VLOOKUP('תפוקה מצטברת מול אשתקד'!A18,'מנורה'!A:G,5,0)+VLOOKUP('תפוקה מצטברת מול אשתקד'!A18,'איילון'!A:G,5,0)+VLOOKUP('תפוקה מצטברת מול אשתקד'!A18,'הראל'!A:G,5,0)+VLOOKUP('תפוקה מצטברת מול אשתקד'!A18,'הפניקס'!A:G,5,0)+VLOOKUP('תפוקה מצטברת מול אשתקד'!A18,'כלל'!A:G,5,0)+VLOOKUP('תפוקה מצטברת מול אשתקד'!A18,'מור'!A:G,5,0)+VLOOKUP('תפוקה מצטברת מול אשתקד'!A18,'אלטשולר שחם'!A:G,5,0)+VLOOKUP('תפוקה מצטברת מול אשתקד'!A18,'מדיהו '!A:G,5,0)+VLOOKUP('תפוקה מצטברת מול אשתקד'!A18,'אנליסט '!A:G,5,0)+VLOOKUP('תפוקה מצטברת מול אשתקד'!A18,'מיטב דש'!A:G,5,0)+VLOOKUP('תפוקה מצטברת מול אשתקד'!A18,'אינפניטי'!A:G,5,0) -> 150515.8 | J18: =VLOOKUP(A18,'הכשרה'!A:G,6,0)+VLOOKUP('תפוקה מצטברת מול אשתקד'!A18,'מגדל'!A:G,6,0)+VLOOKUP('תפוקה מצטברת מול אשתקד'!A18,'מנורה'!A:G,6,0)+VLOOKUP('תפוקה מצטברת מול אשתקד'!A18,'איילון'!A:G,6,0)+VLOOKUP(A18,'הראל'!A:G,6,0)+VLOOKUP('תפוקה מצטברת מול אשתקד'!A18,'הפניקס'!A:G,6,0)+VLOOKUP('תפוקה מצטברת מול אשתקד'!A18,'כלל'!A:G,6,0)+VLOOKUP('תפוקה מצטברת מול אשתקד'!A18,'מור'!A:G,6,0)+VLOOKUP('תפוקה מצטברת מול אשתקד'!A18,'אלטשולר שחם'!A:G,6,0)+VLOOKUP('תפוקה מצטברת מול אשתקד'!A18,'מדיהו '!A:G,6,0)+VLOOKUP('תפוקה מצטברת מול אשתקד'!A18,'אנליסט '!A:G,6,0)+VLOOKUP('תפוקה מצטברת מול אשתקד'!A18,'מיטב דש'!A:G,6,0)+VLOOKUP('תפוקה מצטברת מול אשתקד'!A18,'אינפניטי'!A:G,6,0) -> 8468202.7 | K18: =VLOOKUP(A18,'הכשרה'!A:G,7,0)+VLOOKUP('תפוקה מצטברת מול אשתקד'!A18,'מגדל'!A:G,7,0)+VLOOKUP('תפוקה מצטברת מול אשתקד'!A18,'מנורה'!A:G,7,0)+VLOOKUP('תפוקה מצטברת מול אשתקד'!A18,'איילון'!A:G,7,0)+VLOOKUP('תפוקה מצטברת מול אשתקד'!A18,'הראל'!A:G,7,0)+VLOOKUP('תפוקה מצטברת מול אשתקד'!A18,'הפניקס'!A:G,7,0)+VLOOKUP('תפוקה מצטברת מול אשתקד'!A18,'כלל'!A:G,7,0)+VLOOKUP('תפוקה מצטברת מול אשתקד'!A18,'מור'!A:G,7,0)+VLOOKUP('תפוקה מצטברת מול אשתקד'!A18,'אלטשולר שחם'!A:G,7,0)+VLOOKUP('תפוקה מצטברת מול אשתקד'!A18,'מדיהו '!A:K,7,0)+VLOOKUP(A18,'אנליסט '!A:G,7,0)+VLOOKUP('תפוקה מצטברת מול אשתקד'!A18,'מיטב דש'!A:G,7,0)+VLOOKUP('תפוקה מצטברת מול אשתקד'!A18,'אינפניטי'!A:G,7,0) -> 4199971.7 | L18: =VLOOKUP(A18,'הכשרה'!A:K,8,0)+VLOOKUP('תפוקה מצטברת מול אשתקד'!A18,'מגדל'!A:K,8,0)+VLOOKUP('תפוקה מצטברת מול אשתקד'!A18,'מנורה'!A:K,8,0)+VLOOKUP('תפוקה מצטברת מול אשתקד'!A18,'איילון'!A:K,8,0)+VLOOKUP('תפוקה מצטברת מול אשתקד'!A18,'הראל'!A:K,8,0)+VLOOKUP('תפוקה מצטברת מול אשתקד'!A18,'הפניקס'!A:K,8,0)+VLOOKUP('תפוקה מצטברת מול אשתקד'!A18,'כלל'!A:K,8,0)+VLOOKUP('תפוקה מצטברת מול אשתקד'!A18,'מור'!A:K,8,0)+VLOOKUP('תפוקה מצטברת מול אשתקד'!A18,'אלטשולר שחם'!A:K,8,0)+VLOOKUP('תפוקה מצטברת מול אשתקד'!A18,'מדיהו '!A:K,8,0)+VLOOKUP('תפוקה מצטברת מול אשתקד'!A18,'אנליסט '!A:K,8,0)+VLOOKUP('תפוקה מצטברת מול אשתקד'!A18,'מיטב דש'!A:K,8,0)+VLOOKUP('תפוקה מצטברת מול אשתקד'!A18,'אינפניטי'!A:K,8,0) -> 642623.45 | M18: =VLOOKUP(A18,'הכשרה'!A:K,9,0)+VLOOKUP('תפוקה מצטברת מול אשתקד'!A18,'מגדל'!A:K,9,0)+VLOOKUP('תפוקה מצטברת מול אשתקד'!A18,'מנורה'!A:K,9,0)+VLOOKUP('תפוקה מצטברת מול אשתקד'!A18,'איילון'!A:K,9,0)+VLOOKUP('תפוקה מצטברת מול אשתקד'!A18,'הראל'!A:K,9,0)+VLOOKUP('תפוקה מצטברת מול אשתקד'!A18,'הפניקס'!A:K,9,0)+VLOOKUP('תפוקה מצטברת מול אשתקד'!A18,'כלל'!A:K,9,0)+VLOOKUP('תפוקה מצטברת מול אשתקד'!A18,'מור'!A:K,9,0)+VLOOKUP('תפוקה מצטברת מול אשתקד'!A18,'אלטשולר שחם'!A:K,9,0)+VLOOKUP('תפוקה מצטברת מול אשתקד'!A18,'מדיהו '!A:K,9,0)+VLOOKUP('תפוקה מצטברת מול אשתקד'!A18,'אנליסט '!A:K,9,0)+VLOOKUP('תפוקה מצטברת מול אשתקד'!A18,'מיטב דש'!A:K,9,0)+VLOOKUP('תפוקה מצטברת מול אשתקד'!A18,'אינפניטי'!A:K,9,0) -> 154280.22 | N18: =VLOOKUP(A18,'הכשרה'!A:K,10,0)+VLOOKUP('תפוקה מצטברת מול אשתקד'!A18,'מגדל'!A:K,10,0)+VLOOKUP('תפוקה מצטברת מול אשתקד'!A18,'מנורה'!A:K,10,0)+VLOOKUP('תפוקה מצטברת מול אשתקד'!A18,'איילון'!A:K,10,0)+VLOOKUP('תפוקה מצטברת מול אשתקד'!A18,'הראל'!A:K,10,0)+VLOOKUP('תפוקה מצטברת מול אשתקד'!A18,'הפניקס'!A:K,10,0)+VLOOKUP('תפוקה מצטברת מול אשתקד'!A18,'כלל'!A:K,10,0)+VLOOKUP('תפוקה מצטברת מול אשתקד'!A18,'מור'!A:K,10,0)+VLOOKUP('תפוקה מצטברת מול אשתקד'!A18,'אלטשולר שחם'!A:K,10,0)+VLOOKUP('תפוקה מצטברת מול אשתקד'!A18,'מדיהו '!A:K,10,0)+VLOOKUP('תפוקה מצטברת מול אשתקד'!A18,'אנליסט '!A:K,10,0)+VLOOKUP('תפוקה מצטברת מול אשתקד'!A18,'מיטב דש'!A:K,10,0)+VLOOKUP('תפוקה מצטברת מול אשתקד'!A18,'אינפניטי'!A:K,10,0) -> 13624662 | O18: =VLOOKUP(A18,'הכשרה'!A:K,11,0)+VLOOKUP('תפוקה מצטברת מול אשתקד'!A18,'מגדל'!A:K,11,0)+VLOOKUP('תפוקה מצטברת מול אשתקד'!A18,'מנורה'!A:K,11,0)+VLOOKUP('תפוקה מצטברת מול אשתקד'!A18,'איילון'!A:K,11,0)+VLOOKUP('תפוקה מצטברת מול אשתקד'!A18,'הראל'!A:K,11,0)+VLOOKUP('תפוקה מצטברת מול אשתקד'!A18,'הפניקס'!A:K,11,0)+VLOOKUP('תפוקה מצטברת מול אשתקד'!A18,'כלל'!A:K,11,0)+VLOOKUP('תפוקה מצטברת מול אשתקד'!A18,'מור'!A:K,11,0)+VLOOKUP('תפוקה מצטברת מול אשתקד'!A18,'אלטשולר שחם'!A:K,11,0)+VLOOKUP('תפוקה מצטברת מול אשתקד'!A18,'מדיהו '!A:K,11,0)+VLOOKUP('תפוקה מצטברת מול אשתקד'!A18,'אנליסט '!A:K,11,0)+VLOOKUP('תפוקה מצטברת מול אשתקד'!A18,'מיטב דש'!A:K,11,0)+VLOOKUP('תפוקה מצטברת מול אשתקד'!A18,'אינפניטי'!A:K,11,0) -> 8264200.4
A19: גולדר אבי | B19: יוסי אביב | C19: שותפים | D19: =IF(H19=0,0%,IF(L19=0,100%,H19/L19-1)) -> 5.7923438 | E19: =IF(I19=0,0%,IF(M19=0,100%,I19/M19-1)) -> 0.15799205 | F19: =IF(J19=0,0%,IF(N19=0,100%,J19/N19-1)) -> 0 | G19: =IF(K19=0,0%,IF(O19=H43,100%,K19/O19-1)) -> 1 | H19: =VLOOKUP(A19,'הכשרה'!A:G,4,0)+VLOOKUP('תפוקה מצטברת מול אשתקד'!A19,'מגדל'!A:G,4,0)+VLOOKUP('תפוקה מצטברת מול אשתקד'!A19,'מנורה'!A:G,4,0)+VLOOKUP('תפוקה מצטברת מול אשתקד'!A19,'איילון'!A:G,4,0)+VLOOKUP('תפוקה מצטברת מול אשתקד'!A19,'הראל'!A:G,4,0)+VLOOKUP('תפוקה מצטברת מול אשתקד'!A19,'הפניקס'!A:G,4,0)+VLOOKUP('תפוקה מצטברת מול אשתקד'!A19,'כלל'!A:G,4,0)+VLOOKUP('תפוקה מצטברת מול אשתקד'!A19,'מור'!A:G,4,0)+VLOOKUP('תפוקה מצטברת מול אשתקד'!A19,'אלטשולר שחם'!A:G,4,0)+VLOOKUP('תפוקה מצטברת מול אשתקד'!A19,'מדיהו '!A:G,4,0)+VLOOKUP('תפוקה מצטברת מול אשתקד'!A19,'אנליסט '!A:G,4,0)+VLOOKUP('תפוקה מצטברת מול אשתקד'!A19,'מיטב דש'!A:G,4,0)+VLOOKUP('תפוקה מצטברת מול אשתקד'!A19,'אינפניטי'!A:G,4,0) -> 8690.7636 | I19: =VLOOKUP(A19,'הכשרה'!A:G,5,0)+VLOOKUP('תפוקה מצטברת מול אשתקד'!A19,'מגדל'!A:G,5,0)+VLOOKUP('תפוקה מצטברת מול אשתקד'!A19,'מנורה'!A:G,5,0)+VLOOKUP('תפוקה מצטברת מול אשתקד'!A19,'איילון'!A:G,5,0)+VLOOKUP('תפוקה מצטברת מול אשתקד'!A19,'הראל'!A:G,5,0)+VLOOKUP('תפוקה מצטברת מול אשתקד'!A19,'הפניקס'!A:G,5,0)+VLOOKUP('תפוקה מצטברת מול אשתקד'!A19,'כלל'!A:G,5,0)+VLOOKUP('תפוקה מצטברת מול אשתקד'!A19,'מור'!A:G,5,0)+VLOOKUP('תפוקה מצטברת מול אשתקד'!A19,'אלטשולר שחם'!A:G,5,0)+VLOOKUP('תפוקה מצטברת מול אשתקד'!A19,'מדיהו '!A:G,5,0)+VLOOKUP('תפוקה מצטברת מול אשתקד'!A19,'אנליסט '!A:G,5,0)+VLOOKUP('תפוקה מצטברת מול אשתקד'!A19,'מיטב דש'!A:G,5,0)+VLOOKUP('תפוקה מצטברת מול אשתקד'!A19,'אינפניטי'!A:G,5,0) -> 9451.8136 | J19: =VLOOKUP(A19,'הכשרה'!A:G,6,0)+VLOOKUP('תפוקה מצטברת מול אשתקד'!A19,'מגדל'!A:G,6,0)+VLOOKUP('תפוקה מצטברת מול אשתקד'!A19,'מנורה'!A:G,6,0)+VLOOKUP('תפוקה מצטברת מול אשתקד'!A19,'איילון'!A:G,6,0)+VLOOKUP(A19,'הראל'!A:G,6,0)+VLOOKUP('תפוקה מצטברת מול אשתקד'!A19,'הפניקס'!A:G,6,0)+VLOOKUP('תפוקה מצטברת מול אשתקד'!A19,'כלל'!A:G,6,0)+VLOOKUP('תפוקה מצטברת מול אשתקד'!A19,'מור'!A:G,6,0)+VLOOKUP('תפוקה מצטברת מול אשתקד'!A19,'אלטשולר שחם'!A:G,6,0)+VLOOKUP('תפוקה מצטברת מול אשתקד'!A19,'מדיהו '!A:G,6,0)+VLOOKUP('תפוקה מצטברת מול אשתקד'!A19,'אנליסט '!A:G,6,0)+VLOOKUP('תפוקה מצטברת מול אשתקד'!A19,'מיטב דש'!A:G,6,0)+VLOOKUP('תפוקה מצטברת מול אשתקד'!A19,'אינפניטי'!A:G,6,0) -> 0 | K19: =VLOOKUP(A19,'הכשרה'!A:G,7,0)+VLOOKUP('תפוקה מצטברת מול אשתקד'!A19,'מגדל'!A:G,7,0)+VLOOKUP('תפוקה מצטברת מול אשתקד'!A19,'מנורה'!A:G,7,0)+VLOOKUP('תפוקה מצטברת מול אשתקד'!A19,'איילון'!A:G,7,0)+VLOOKUP('תפוקה מצטברת מול אשתקד'!A19,'הראל'!A:G,7,0)+VLOOKUP('תפוקה מצטברת מול אשתקד'!A19,'הפניקס'!A:G,7,0)+VLOOKUP('תפוקה מצטברת מול אשתקד'!A19,'כלל'!A:G,7,0)+VLOOKUP('תפוקה מצטברת מול אשתקד'!A19,'מור'!A:G,7,0)+VLOOKUP('תפוקה מצטברת מול אשתקד'!A19,'אלטשולר שחם'!A:G,7,0)+VLOOKUP('תפוקה מצטברת מול אשתקד'!A19,'מדיהו '!A:K,7,0)+VLOOKUP(A19,'אנליסט '!A:G,7,0)+VLOOKUP('תפוקה מצטברת מול אשתקד'!A19,'מיטב דש'!A:G,7,0)+VLOOKUP('תפוקה מצטברת מול אשתקד'!A19,'אינפניטי'!A:G,7,0) -> -204933.07 | L19: =VLOOKUP(A19,'הכשרה'!A:K,8,0)+VLOOKUP('תפוקה מצטברת מול אשתקד'!A19,'מגדל'!A:K,8,0)+VLOOKUP('תפוקה מצטברת מול אשתקד'!A19,'מנורה'!A:K,8,0)+VLOOKUP('תפוקה מצטברת מול אשתקד'!A19,'איילון'!A:K,8,0)+VLOOKUP('תפוקה מצטברת מול אשתקד'!A19,'הראל'!A:K,8,0)+VLOOKUP('תפוקה מצטברת מול אשתקד'!A19,'הפניקס'!A:K,8,0)+VLOOKUP('תפוקה מצטברת מול אשתקד'!A19,'כלל'!A:K,8,0)+VLOOKUP('תפוקה מצטברת מול אשתקד'!A19,'מור'!A:K,8,0)+VLOOKUP('תפוקה מצטברת מול אשתקד'!A19,'אלטשולר שחם'!A:K,8,0)+VLOOKUP('תפוקה מצטברת מול אשתקד'!A19,'מדיהו '!A:K,8,0)+VLOOKUP('תפוקה מצטברת מול אשתקד'!A19,'אנליסט '!A:K,8,0)+VLOOKUP('תפוקה מצטברת מול אשתקד'!A19,'מיטב דש'!A:K,8,0)+VLOOKUP('תפוקה מצטברת מול אשתקד'!A19,'אינפניטי'!A:K,8,0) -> 1279.4941 | M19: =VLOOKUP(A19,'הכשרה'!A:K,9,0)+VLOOKUP('תפוקה מצטברת מול אשתקד'!A19,'מגדל'!A:K,9,0)+VLOOKUP('תפוקה מצטברת מול אשתקד'!A19,'מנורה'!A:K,9,0)+VLOOKUP('תפוקה מצטברת מול אשתקד'!A19,'איילון'!A:K,9,0)+VLOOKUP('תפוקה מצטברת מול אשתקד'!A19,'הראל'!A:K,9,0)+VLOOKUP('תפוקה מצטברת מול אשתקד'!A19,'הפניקס'!A:K,9,0)+VLOOKUP('תפוקה מצטברת מול אשתקד'!A19,'כלל'!A:K,9,0)+VLOOKUP('תפוקה מצטברת מול אשתקד'!A19,'מור'!A:K,9,0)+VLOOKUP('תפוקה מצטברת מול אשתקד'!A19,'אלטשולר שחם'!A:K,9,0)+VLOOKUP('תפוקה מצטברת מול אשתקד'!A19,'מדיהו '!A:K,9,0)+VLOOKUP('תפוקה מצטברת מול אשתקד'!A19,'אנליסט '!A:K,9,0)+VLOOKUP('תפוקה מצטברת מול אשתקד'!A19,'מיטב דש'!A:K,9,0)+VLOOKUP('תפוקה מצטברת מול אשתקד'!A19,'אינפניטי'!A:K,9,0) -> 8162.2439 | N19: =VLOOKUP(A19,'הכשרה'!A:K,10,0)+VLOOKUP('תפוקה מצטברת מול אשתקד'!A19,'מגדל'!A:K,10,0)+VLOOKUP('תפוקה מצטברת מול אשתקד'!A19,'מנורה'!A:K,10,0)+VLOOKUP('תפוקה מצטברת מול אשתקד'!A19,'איילון'!A:K,10,0)+VLOOKUP('תפוקה מצטברת מול אשתקד'!A19,'הראל'!A:K,10,0)+VLOOKUP('תפוקה מצטברת מול אשתקד'!A19,'הפניקס'!A:K,10,0)+VLOOKUP('תפוקה מצטברת מול אשתקד'!A19,'כלל'!A:K,10,0)+VLOOKUP('תפוקה מצטברת מול אשתקד'!A19,'מור'!A:K,10,0)+VLOOKUP('תפוקה מצטברת מול אשתקד'!A19,'אלטשולר שחם'!A:K,10,0)+VLOOKUP('תפוקה מצטברת מול אשתקד'!A19,'מדיהו '!A:K,10,0)+VLOOKUP('תפוקה מצטברת מול אשתקד'!A19,'אנליסט '!A:K,10,0)+VLOOKUP('תפוקה מצטברת מול אשתקד'!A19,'מיטב דש'!A:K,10,0)+VLOOKUP('תפוקה מצטברת מול אשתקד'!A19,'אינפניטי'!A:K,10,0) -> 101702.64 | O19: =VLOOKUP(A19,'הכשרה'!A:K,11,0)+VLOOKUP('תפוקה מצטברת מול אשתקד'!A19,'מגדל'!A:K,11,0)+VLOOKUP('תפוקה מצטברת מול אשתקד'!A19,'מנורה'!A:K,11,0)+VLOOKUP('תפוקה מצטברת מול אשתקד'!A19,'איילון'!A:K,11,0)+VLOOKUP('תפוקה מצטברת מול אשתקד'!A19,'הראל'!A:K,11,0)+VLOOKUP('תפוקה מצטברת מול אשתקד'!A19,'הפניקס'!A:K,11,0)+VLOOKUP('תפוקה מצטברת מול אשתקד'!A19,'כלל'!A:K,11,0)+VLOOKUP('תפוקה מצטברת מול אשתקד'!A19,'מור'!A:K,11,0)+VLOOKUP('תפוקה מצטברת מול אשתקד'!A19,'אלטשולר שחם'!A:K,11,0)+VLOOKUP('תפוקה מצטברת מול אשתקד'!A19,'מדיהו '!A:K,11,0)+VLOOKUP('תפוקה מצטברת מול אשתקד'!A19,'אנליסט '!A:K,11,0)+VLOOKUP('תפוקה מצטברת מול אשתקד'!A19,'מיטב דש'!A:K,11,0)+VLOOKUP('תפוקה מצטברת מול אשתקד'!A19,'אינפניטי'!A:K,11,0) -> 0
A20: מרדכי חג'ג' | B20: יוסי אביב | C20: שותפים | D20: =IF(H20=0,0%,IF(L20=0,100%,H20/L20-1)) -> 1 | E20: =IF(I20=0,0%,IF(M20=0,100%,I20/M20-1)) -> 1 | F20: =IF(J20=0,0%,IF(N20=0,100%,J20/N20-1)) -> 1 | G20: =IF(K20=0,0%,IF(O20=H44,100%,K20/O20-1)) -> #DIV/0! | H20: =VLOOKUP(A20,'הכשרה'!A:G,4,0)+VLOOKUP('תפוקה מצטברת מול אשתקד'!A20,'מגדל'!A:G,4,0)+VLOOKUP('תפוקה מצטברת מול אשתקד'!A20,'מנורה'!A:G,4,0)+VLOOKUP('תפוקה מצטברת מול אשתקד'!A20,'איילון'!A:G,4,0)+VLOOKUP('תפוקה מצטברת מול אשתקד'!A20,'הראל'!A:G,4,0)+VLOOKUP('תפוקה מצטברת מול אשתקד'!A20,'הפניקס'!A:G,4,0)+VLOOKUP('תפוקה מצטברת מול אשתקד'!A20,'כלל'!A:G,4,0)+VLOOKUP('תפוקה מצטברת מול אשתקד'!A20,'מור'!A:G,4,0)+VLOOKUP('תפוקה מצטברת מול אשתקד'!A20,'אלטשולר שחם'!A:G,4,0)+VLOOKUP('תפוקה מצטברת מול אשתקד'!A20,'מדיהו '!A:G,4,0)+VLOOKUP('תפוקה מצטברת מול אשתקד'!A20,'אנליסט '!A:G,4,0)+VLOOKUP('תפוקה מצטברת מול אשתקד'!A20,'מיטב דש'!A:G,4,0)+VLOOKUP('תפוקה מצטברת מול אשתקד'!A20,'אינפניטי'!A:G,4,0) -> 65836.578 | I20: =VLOOKUP(A20,'הכשרה'!A:G,5,0)+VLOOKUP('תפוקה מצטברת מול אשתקד'!A20,'מגדל'!A:G,5,0)+VLOOKUP('תפוקה מצטברת מול אשתקד'!A20,'מנורה'!A:G,5,0)+VLOOKUP('תפוקה מצטברת מול אשתקד'!A20,'איילון'!A:G,5,0)+VLOOKUP('תפוקה מצטברת מול אשתקד'!A20,'הראל'!A:G,5,0)+VLOOKUP('תפוקה מצטברת מול אשתקד'!A20,'הפניקס'!A:G,5,0)+VLOOKUP('תפוקה מצטברת מול אשתקד'!A20,'כלל'!A:G,5,0)+VLOOKUP('תפוקה מצטברת מול אשתקד'!A20,'מור'!A:G,5,0)+VLOOKUP('תפוקה מצטברת מול אשתקד'!A20,'אלטשולר שחם'!A:G,5,0)+VLOOKUP('תפוקה מצטברת מול אשתקד'!A20,'מדיהו '!A:G,5,0)+VLOOKUP('תפוקה מצטברת מול אשתקד'!A20,'אנליסט '!A:G,5,0)+VLOOKUP('תפוקה מצטברת מול אשתקד'!A20,'מיטב דש'!A:G,5,0)+VLOOKUP('תפוקה מצטברת מול אשתקד'!A20,'אינפניטי'!A:G,5,0) -> 8429.59 | J20: =VLOOKUP(A20,'הכשרה'!A:G,6,0)+VLOOKUP('תפוקה מצטברת מול אשתקד'!A20,'מגדל'!A:G,6,0)+VLOOKUP('תפוקה מצטברת מול אשתקד'!A20,'מנורה'!A:G,6,0)+VLOOKUP('תפוקה מצטברת מול אשתקד'!A20,'איילון'!A:G,6,0)+VLOOKUP(A20,'הראל'!A:G,6,0)+VLOOKUP('תפוקה מצטברת מול אשתקד'!A20,'הפניקס'!A:G,6,0)+VLOOKUP('תפוקה מצטברת מול אשתקד'!A20,'כלל'!A:G,6,0)+VLOOKUP('תפוקה מצטברת מול אשתקד'!A20,'מור'!A:G,6,0)+VLOOKUP('תפוקה מצטברת מול אשתקד'!A20,'אלטשולר שחם'!A:G,6,0)+VLOOKUP('תפוקה מצטברת מול אשתקד'!A20,'מדיהו '!A:G,6,0)+VLOOKUP('תפוקה מצטברת מול אשתקד'!A20,'אנליסט '!A:G,6,0)+VLOOKUP('תפוקה מצטברת מול אשתקד'!A20,'מיטב דש'!A:G,6,0)+VLOOKUP('תפוקה מצטברת מול אשתקד'!A20,'אינפניטי'!A:G,6,0) -> 110647.08 | K20: =VLOOKUP(A20,'הכשרה'!A:G,7,0)+VLOOKUP('תפוקה מצטברת מול אשתקד'!A20,'מגדל'!A:G,7,0)+VLOOKUP('תפוקה מצטברת מול אשתקד'!A20,'מנורה'!A:G,7,0)+VLOOKUP('תפוקה מצטברת מול אשתקד'!A20,'איילון'!A:G,7,0)+VLOOKUP('תפוקה מצטברת מול אשתקד'!A20,'הראל'!A:G,7,0)+VLOOKUP('תפוקה מצטברת מול אשתקד'!A20,'הפניקס'!A:G,7,0)+VLOOKUP('תפוקה מצטברת מול אשתקד'!A20,'כלל'!A:G,7,0)+VLOOKUP('תפוקה מצטברת מול אשתקד'!A20,'מור'!A:G,7,0)+VLOOKUP('תפוקה מצטברת מול אשתקד'!A20,'אלטשולר שחם'!A:G,7,0)+VLOOKUP('תפוקה מצטברת מול אשתקד'!A20,'מדיהו '!A:K,7,0)+VLOOKUP(A20,'אנליסט '!A:G,7,0)+VLOOKUP('תפוקה מצטברת מול אשתקד'!A20,'מיטב דש'!A:G,7,0)+VLOOKUP('תפוקה מצטברת מול אשתקד'!A20,'אינפניטי'!A:G,7,0) -> 43942.64 | L20: =VLOOKUP(A20,'הכשרה'!A:K,8,0)+VLOOKUP('תפוקה מצטברת מול אשתקד'!A20,'מגדל'!A:K,8,0)+VLOOKUP('תפוקה מצטברת מול אשתקד'!A20,'מנורה'!A:K,8,0)+VLOOKUP('תפוקה מצטברת מול אשתקד'!A20,'איילון'!A:K,8,0)+VLOOKUP('תפוקה מצטברת מול אשתקד'!A20,'הראל'!A:K,8,0)+VLOOKUP('תפוקה מצטברת מול אשתקד'!A20,'הפניקס'!A:K,8,0)+VLOOKUP('תפוקה מצטברת מול אשתקד'!A20,'כלל'!A:K,8,0)+VLOOKUP('תפוקה מצטברת מול אשתקד'!A20,'מור'!A:K,8,0)+VLOOKUP('תפוקה מצטברת מול אשתקד'!A20,'אלטשולר שחם'!A:K,8,0)+VLOOKUP('תפוקה מצטברת מול אשתקד'!A20,'מדיהו '!A:K,8,0)+VLOOKUP('תפוקה מצטברת מול אשתקד'!A20,'אנליסט '!A:K,8,0)+VLOOKUP('תפוקה מצטברת מול אשתקד'!A20,'מיטב דש'!A:K,8,0)+VLOOKUP('תפוקה מצטברת מול אשתקד'!A20,'אינפניטי'!A:K,8,0) -> 0 | M20: =VLOOKUP(A20,'הכשרה'!A:K,9,0)+VLOOKUP('תפוקה מצטברת מול אשתקד'!A20,'מגדל'!A:K,9,0)+VLOOKUP('תפוקה מצטברת מול אשתקד'!A20,'מנורה'!A:K,9,0)+VLOOKUP('תפוקה מצטברת מול אשתקד'!A20,'איילון'!A:K,9,0)+VLOOKUP('תפוקה מצטברת מול אשתקד'!A20,'הראל'!A:K,9,0)+VLOOKUP('תפוקה מצטברת מול אשתקד'!A20,'הפניקס'!A:K,9,0)+VLOOKUP('תפוקה מצטברת מול אשתקד'!A20,'כלל'!A:K,9,0)+VLOOKUP('תפוקה מצטברת מול אשתקד'!A20,'מור'!A:K,9,0)+VLOOKUP('תפוקה מצטברת מול אשתקד'!A20,'אלטשולר שחם'!A:K,9,0)+VLOOKUP('תפוקה מצטברת מול אשתקד'!A20,'מדיהו '!A:K,9,0)+VLOOKUP('תפוקה מצטברת מול אשתקד'!A20,'אנליסט '!A:K,9,0)+VLOOKUP('תפוקה מצטברת מול אשתקד'!A20,'מיטב דש'!A:K,9,0)+VLOOKUP('תפוקה מצטברת מול אשתקד'!A20,'אינפניטי'!A:K,9,0) -> 0 | N20: =VLOOKUP(A20,'הכשרה'!A:K,10,0)+VLOOKUP('תפוקה מצטברת מול אשתקד'!A20,'מגדל'!A:K,10,0)+VLOOKUP('תפוקה מצטברת מול אשתקד'!A20,'מנורה'!A:K,10,0)+VLOOKUP('תפוקה מצטברת מול אשתקד'!A20,'איילון'!A:K,10,0)+VLOOKUP('תפוקה מצטברת מול אשתקד'!A20,'הראל'!A:K,10,0)+VLOOKUP('תפוקה מצטברת מול אשתקד'!A20,'הפניקס'!A:K,10,0)+VLOOKUP('תפוקה מצטברת מול אשתקד'!A20,'כלל'!A:K,10,0)+VLOOKUP('תפוקה מצטברת מול אשתקד'!A20,'מור'!A:K,10,0)+VLOOKUP('תפוקה מצטברת מול אשתקד'!A20,'אלטשולר שחם'!A:K,10,0)+VLOOKUP('תפוקה מצטברת מול אשתקד'!A20,'מדיהו '!A:K,10,0)+VLOOKUP('תפוקה מצטברת מול אשתקד'!A20,'אנליסט '!A:K,10,0)+VLOOKUP('תפוקה מצטברת מול אשתקד'!A20,'מיטב דש'!A:K,10,0)+VLOOKUP('תפוקה מצטברת מול אשתקד'!A20,'אינפניטי'!A:K,10,0) -> 0 | O20: =VLOOKUP(A20,'הכשרה'!A:K,11,0)+VLOOKUP('תפוקה מצטברת מול אשתקד'!A20,'מגדל'!A:K,11,0)+VLOOKUP('תפוקה מצטברת מול אשתקד'!A20,'מנורה'!A:K,11,0)+VLOOKUP('תפוקה מצטברת מול אשתקד'!A20,'איילון'!A:K,11,0)+VLOOKUP('תפוקה מצטברת מול אשתקד'!A20,'הראל'!A:K,11,0)+VLOOKUP('תפוקה מצטברת מול אשתקד'!A20,'הפניקס'!A:K,11,0)+VLOOKUP('תפוקה מצטברת מול אשתקד'!A20,'כלל'!A:K,11,0)+VLOOKUP('תפוקה מצטברת מול אשתקד'!A20,'מור'!A:K,11,0)+VLOOKUP('תפוקה מצטברת מול אשתקד'!A20,'אלטשולר שחם'!A:K,11,0)+VLOOKUP('תפוקה מצטברת מול אשתקד'!A20,'מדיהו '!A:K,11,0)+VLOOKUP('תפוקה מצטברת מול אשתקד'!A20,'אנליסט '!A:K,11,0)+VLOOKUP('תפוקה מצטברת מול אשתקד'!A20,'מיטב דש'!A:K,11,0)+VLOOKUP('תפוקה מצטברת מול אשתקד'!A20,'אינפניטי'!A:K,11,0) -> 0
A21: בדר צבי | B21: יוסי אביב | C21: שותפים | D21: =IF(H21=0,0%,IF(L21=0,100%,H21/L21-1)) -> 0 | E21: =IF(I21=0,0%,IF(M21=0,100%,I21/M21-1)) -> 0 | F21: =IF(J21=0,0%,IF(N21=0,100%,J21/N21-1)) -> 0 | G21: =IF(K21=0,0%,IF(O21=H44,100%,K21/O21-1)) -> 0 | H21: =VLOOKUP(A21,'הכשרה'!A:G,4,0)+VLOOKUP('תפוקה מצטברת מול אשתקד'!A21,'מגדל'!A:G,4,0)+VLOOKUP('תפוקה מצטברת מול אשתקד'!A21,'מנורה'!A:G,4,0)+VLOOKUP('תפוקה מצטברת מול אשתקד'!A21,'איילון'!A:G,4,0)+VLOOKUP('תפוקה מצטברת מול אשתקד'!A21,'הראל'!A:G,4,0)+VLOOKUP('תפוקה מצטברת מול אשתקד'!A21,'הפניקס'!A:G,4,0)+VLOOKUP('תפוקה מצטברת מול אשתקד'!A21,'כלל'!A:G,4,0)+VLOOKUP('תפוקה מצטברת מול אשתקד'!A21,'מור'!A:G,4,0)+VLOOKUP('תפוקה מצטברת מול אשתקד'!A21,'אלטשולר שחם'!A:G,4,0)+VLOOKUP('תפוקה מצטברת מול אשתקד'!A21,'מדיהו '!A:G,4,0)+VLOOKUP('תפוקה מצטברת מול אשתקד'!A21,'אנליסט '!A:G,4,0)+VLOOKUP('תפוקה מצטברת מול אשתקד'!A21,'מיטב דש'!A:G,4,0)+VLOOKUP('תפוקה מצטברת מול אשתקד'!A21,'אינפניטי'!A:G,4,0) -> 0 | I21: =VLOOKUP(A21,'הכשרה'!A:G,5,0)+VLOOKUP('תפוקה מצטברת מול אשתקד'!A21,'מגדל'!A:G,5,0)+VLOOKUP('תפוקה מצטברת מול אשתקד'!A21,'מנורה'!A:G,5,0)+VLOOKUP('תפוקה מצטברת מול אשתקד'!A21,'איילון'!A:G,5,0)+VLOOKUP('תפוקה מצטברת מול אשתקד'!A21,'הראל'!A:G,5,0)+VLOOKUP('תפוקה מצטברת מול אשתקד'!A21,'הפניקס'!A:G,5,0)+VLOOKUP('תפוקה מצטברת מול אשתקד'!A21,'כלל'!A:G,5,0)+VLOOKUP('תפוקה מצטברת מול אשתקד'!A21,'מור'!A:G,5,0)+VLOOKUP('תפוקה מצטברת מול אשתקד'!A21,'אלטשולר שחם'!A:G,5,0)+VLOOKUP('תפוקה מצטברת מול אשתקד'!A21,'מדיהו '!A:G,5,0)+VLOOKUP('תפוקה מצטברת מול אשתקד'!A21,'אנליסט '!A:G,5,0)+VLOOKUP('תפוקה מצטברת מול אשתקד'!A21,'מיטב דש'!A:G,5,0)+VLOOKUP('תפוקה מצטברת מול אשתקד'!A21,'אינפניטי'!A:G,5,0) -> 0 | J21: =VLOOKUP(A21,'הכשרה'!A:G,6,0)+VLOOKUP('תפוקה מצטברת מול אשתקד'!A21,'מגדל'!A:G,6,0)+VLOOKUP('תפוקה מצטברת מול אשתקד'!A21,'מנורה'!A:G,6,0)+VLOOKUP('תפוקה מצטברת מול אשתקד'!A21,'איילון'!A:G,6,0)+VLOOKUP(A21,'הראל'!A:G,6,0)+VLOOKUP('תפוקה מצטברת מול אשתקד'!A21,'הפניקס'!A:G,6,0)+VLOOKUP('תפוקה מצטברת מול אשתקד'!A21,'כלל'!A:G,6,0)+VLOOKUP('תפוקה מצטברת מול אשתקד'!A21,'מור'!A:G,6,0)+VLOOKUP('תפוקה מצטברת מול אשתקד'!A21,'אלטשולר שחם'!A:G,6,0)+VLOOKUP('תפוקה מצטברת מול אשתקד'!A21,'מדיהו '!A:G,6,0)+VLOOKUP('תפוקה מצטברת מול אשתקד'!A21,'אנליסט '!A:G,6,0)+VLOOKUP('תפוקה מצטברת מול אשתקד'!A21,'מיטב דש'!A:G,6,0)+VLOOKUP('תפוקה מצטברת מול אשתקד'!A21,'אינפניטי'!A:G,6,0) -> 0 | K21: =VLOOKUP(A21,'הכשרה'!A:G,7,0)+VLOOKUP('תפוקה מצטברת מול אשתקד'!A21,'מגדל'!A:G,7,0)+VLOOKUP('תפוקה מצטברת מול אשתקד'!A21,'מנורה'!A:G,7,0)+VLOOKUP('תפוקה מצטברת מול אשתקד'!A21,'איילון'!A:G,7,0)+VLOOKUP('תפוקה מצטברת מול אשתקד'!A21,'הראל'!A:G,7,0)+VLOOKUP('תפוקה מצטברת מול אשתקד'!A21,'הפניקס'!A:G,7,0)+VLOOKUP('תפוקה מצטברת מול אשתקד'!A21,'כלל'!A:G,7,0)+VLOOKUP('תפוקה מצטברת מול אשתקד'!A21,'מור'!A:G,7,0)+VLOOKUP('תפוקה מצטברת מול אשתקד'!A21,'אלטשולר שחם'!A:G,7,0)+VLOOKUP('תפוקה מצטברת מול אשתקד'!A21,'מדיהו '!A:K,7,0)+VLOOKUP(A21,'אנליסט '!A:G,7,0)+VLOOKUP('תפוקה מצטברת מול אשתקד'!A21,'מיטב דש'!A:G,7,0)+VLOOKUP('תפוקה מצטברת מול אשתקד'!A21,'אינפניטי'!A:G,7,0) -> 0 | L21: =VLOOKUP(A21,'הכשרה'!A:K,8,0)+VLOOKUP('תפוקה מצטברת מול אשתקד'!A21,'מגדל'!A:K,8,0)+VLOOKUP('תפוקה מצטברת מול אשתקד'!A21,'מנורה'!A:K,8,0)+VLOOKUP('תפוקה מצטברת מול אשתקד'!A21,'איילון'!A:K,8,0)+VLOOKUP('תפוקה מצטברת מול אשתקד'!A21,'הראל'!A:K,8,0)+VLOOKUP('תפוקה מצטברת מול אשתקד'!A21,'הפניקס'!A:K,8,0)+VLOOKUP('תפוקה מצטברת מול אשתקד'!A21,'כלל'!A:K,8,0)+VLOOKUP('תפוקה מצטברת מול אשתקד'!A21,'מור'!A:K,8,0)+VLOOKUP('תפוקה מצטברת מול אשתקד'!A21,'אלטשולר שחם'!A:K,8,0)+VLOOKUP('תפוקה מצטברת מול אשתקד'!A21,'מדיהו '!A:K,8,0)+VLOOKUP('תפוקה מצטברת מול אשתקד'!A21,'אנליסט '!A:K,8,0)+VLOOKUP('תפוקה מצטברת מול אשתקד'!A21,'מיטב דש'!A:K,8,0)+VLOOKUP('תפוקה מצטברת מול אשתקד'!A21,'אינפניטי'!A:K,8,0) -> 0 | M21: =VLOOKUP(A21,'הכשרה'!A:K,9,0)+VLOOKUP('תפוקה מצטברת מול אשתקד'!A21,'מגדל'!A:K,9,0)+VLOOKUP('תפוקה מצטברת מול אשתקד'!A21,'מנורה'!A:K,9,0)+VLOOKUP('תפוקה מצטברת מול אשתקד'!A21,'איילון'!A:K,9,0)+VLOOKUP('תפוקה מצטברת מול אשתקד'!A21,'הראל'!A:K,9,0)+VLOOKUP('תפוקה מצטברת מול אשתקד'!A21,'הפניקס'!A:K,9,0)+VLOOKUP('תפוקה מצטברת מול אשתקד'!A21,'כלל'!A:K,9,0)+VLOOKUP('תפוקה מצטברת מול אשתקד'!A21,'מור'!A:K,9,0)+VLOOKUP('תפוקה מצטברת מול אשתקד'!A21,'אלטשולר שחם'!A:K,9,0)+VLOOKUP('תפוקה מצטברת מול אשתקד'!A21,'מדיהו '!A:K,9,0)+VLOOKUP('תפוקה מצטברת מול אשתקד'!A21,'אנליסט '!A:K,9,0)+VLOOKUP('תפוקה מצטברת מול אשתקד'!A21,'מיטב דש'!A:K,9,0)+VLOOKUP('תפוקה מצטברת מול אשתקד'!A21,'אינפניטי'!A:K,9,0) -> 4120.683 | N21: =VLOOKUP(A21,'הכשרה'!A:K,10,0)+VLOOKUP('תפוקה מצטברת מול אשתקד'!A21,'מגדל'!A:K,10,0)+VLOOKUP('תפוקה מצטברת מול אשתקד'!A21,'מנורה'!A:K,10,0)+VLOOKUP('תפוקה מצטברת מול אשתקד'!A21,'איילון'!A:K,10,0)+VLOOKUP('תפוקה מצטברת מול אשתקד'!A21,'הראל'!A:K,10,0)+VLOOKUP('תפוקה מצטברת מול אשתקד'!A21,'הפניקס'!A:K,10,0)+VLOOKUP('תפוקה מצטברת מול אשתקד'!A21,'כלל'!A:K,10,0)+VLOOKUP('תפוקה מצטברת מול אשתקד'!A21,'מור'!A:K,10,0)+VLOOKUP('תפוקה מצטברת מול אשתקד'!A21,'אלטשולר שחם'!A:K,10,0)+VLOOKUP('תפוקה מצטברת מול אשתקד'!A21,'מדיהו '!A:K,10,0)+VLOOKUP('תפוקה מצטברת מול אשתקד'!A21,'אנליסט '!A:K,10,0)+VLOOKUP('תפוקה מצטברת מול אשתקד'!A21,'מיטב דש'!A:K,10,0)+VLOOKUP('תפוקה מצטברת מול אשתקד'!A21,'אינפניטי'!A:K,10,0) -> 147099.03 | O21: =VLOOKUP(A21,'הכשרה'!A:K,11,0)+VLOOKUP('תפוקה מצטברת מול אשתקד'!A21,'מגדל'!A:K,11,0)+VLOOKUP('תפוקה מצטברת מול אשתקד'!A21,'מנורה'!A:K,11,0)+VLOOKUP('תפוקה מצטברת מול אשתקד'!A21,'איילון'!A:K,11,0)+VLOOKUP('תפוקה מצטברת מול אשתקד'!A21,'הראל'!A:K,11,0)+VLOOKUP('תפוקה מצטברת מול אשתקד'!A21,'הפניקס'!A:K,11,0)+VLOOKUP('תפוקה מצטברת מול אשתקד'!A21,'כלל'!A:K,11,0)+VLOOKUP('תפוקה מצטברת מול אשתקד'!A21,'מור'!A:K,11,0)+VLOOKUP('תפוקה מצטברת מול אשתקד'!A21,'אלטשולר שחם'!A:K,11,0)+VLOOKUP('תפוקה מצטברת מול אשתקד'!A21,'מדיהו '!A:K,11,0)+VLOOKUP('תפוקה מצטברת מול אשתקד'!A21,'אנליסט '!A:K,11,0)+VLOOKUP('תפוקה מצטברת מול אשתקד'!A21,'מיטב דש'!A:K,11,0)+VLOOKUP('תפוקה מצטברת מול אשתקד'!A21,'אינפניטי'!A:K,11,0) -> 0
A22: סה"כ חברות בנות | D22: =IF(H22=0,0%,IF(L22=0,100%,H22/L22-1)) -> 0.052868309 | E22: =IF(I22=0,0%,IF(M22=0,100%,I22/M22-1)) -> 0.43560698 | F22: =IF(J22=0,0%,IF(N22=0,100%,J22/N22-1)) -> -0.30303798 | G22: =IF(K22=0,0%,IF(O22=H45,100%,K22/O22-1)) -> -0.54452761 | H22: =SUM(H9:H21) -> 3089301.6 | I22: =SUM(I9:I21) -> 1714930.9 | J22: =SUM(J9:J21) -> 16341208 | K22: =SUM(K9:K21) -> 7184904.9 | L22: =SUM(L9:L21) -> 2934176.7 | M22: =SUM(M9:M21) -> 1194568.5 | N22: =SUM(N9:N21) -> 23446339 | O22: =SUM(O9:O21) -> 15774622
A23: מועלם אלפרד | B23: ערן גירוני | C23: סוכנים | D23: =IF(H23=0,0%,IF(L23=0,100%,H23/L23-1)) -> -0.17421311 | E23: =IF(I23=0,0%,IF(M23=0,100%,I23/M23-1)) -> -0.015509179 | F23: =IF(J23=0,0%,IF(N23=0,100%,J23/N23-1)) -> -0.7623003 | G23: =IF(K23=0,0%,IF(O23=H46,100%,K23/O23-1)) -> -0.26417253 | H23: =VLOOKUP(A23,'הכשרה'!A:G,4,0)+VLOOKUP('תפוקה מצטברת מול אשתקד'!A23,'מגדל'!A:G,4,0)+VLOOKUP('תפוקה מצטברת מול אשתקד'!A23,'מנורה'!A:G,4,0)+VLOOKUP('תפוקה מצטברת מול אשתקד'!A23,'איילון'!A:G,4,0)+VLOOKUP('תפוקה מצטברת מול אשתקד'!A23,'הראל'!A:G,4,0)+VLOOKUP('תפוקה מצטברת מול אשתקד'!A23,'הפניקס'!A:G,4,0)+VLOOKUP('תפוקה מצטברת מול אשתקד'!A23,'כלל'!A:G,4,0)+VLOOKUP('תפוקה מצטברת מול אשתקד'!A23,'מור'!A:G,4,0)+VLOOKUP('תפוקה מצטברת מול אשתקד'!A23,'אלטשולר שחם'!A:G,4,0)+VLOOKUP('תפוקה מצטברת מול אשתקד'!A23,'מדיהו '!A:G,4,0)+VLOOKUP('תפוקה מצטברת מול אשתקד'!A23,'אנליסט '!A:G,4,0)+VLOOKUP('תפוקה מצטברת מול אשתקד'!A23,'מיטב דש'!A:G,4,0)+VLOOKUP('תפוקה מצטברת מול אשתקד'!A23,'אינפניטי'!A:G,4,0) -> 809886.01 | I23: =VLOOKUP(A23,'הכשרה'!A:G,5,0)+VLOOKUP('תפוקה מצטברת מול אשתקד'!A23,'מגדל'!A:G,5,0)+VLOOKUP('תפוקה מצטברת מול אשתקד'!A23,'מנורה'!A:G,5,0)+VLOOKUP('תפוקה מצטברת מול אשתקד'!A23,'איילון'!A:G,5,0)+VLOOKUP('תפוקה מצטברת מול אשתקד'!A23,'הראל'!A:G,5,0)+VLOOKUP('תפוקה מצטברת מול אשתקד'!A23,'הפניקס'!A:G,5,0)+VLOOKUP('תפוקה מצטברת מול אשתקד'!A23,'כלל'!A:G,5,0)+VLOOKUP('תפוקה מצטברת מול אשתקד'!A23,'מור'!A:G,5,0)+VLOOKUP('תפוקה מצטברת מול אשתקד'!A23,'אלטשולר שחם'!A:G,5,0)+VLOOKUP('תפוקה מצטברת מול אשתקד'!A23,'מדיהו '!A:G,5,0)+VLOOKUP('תפוקה מצטברת מול אשתקד'!A23,'אנליסט '!A:G,5,0)+VLOOKUP('תפוקה מצטברת מול אשתקד'!A23,'מיטב דש'!A:G,5,0)+VLOOKUP('תפוקה מצטברת מול אשתקד'!A23,'אינפניטי'!A:G,5,0) -> 125595.54 | J23: =VLOOKUP(A23,'הכשרה'!A:G,6,0)+VLOOKUP('תפוקה מצטברת מול אשתקד'!A23,'מגדל'!A:G,6,0)+VLOOKUP('תפוקה מצטברת מול אשתקד'!A23,'מנורה'!A:G,6,0)+VLOOKUP('תפוקה מצטברת מול אשתקד'!A23,'איילון'!A:G,6,0)+VLOOKUP(A23,'הראל'!A:G,6,0)+VLOOKUP('תפוקה מצטברת מול אשתקד'!A23,'הפניקס'!A:G,6,0)+VLOOKUP('תפוקה מצטברת מול אשתקד'!A23,'כלל'!A:G,6,0)+VLOOKUP('תפוקה מצטברת מול אשתקד'!A23,'מור'!A:G,6,0)+VLOOKUP('תפוקה מצטברת מול אשתקד'!A23,'אלטשולר שחם'!A:G,6,0)+VLOOKUP('תפוקה מצטברת מול אשתקד'!A23,'מדיהו '!A:G,6,0)+VLOOKUP('תפוקה מצטברת מול אשתקד'!A23,'אנליסט '!A:G,6,0)+VLOOKUP('תפוקה מצטברת מול אשתקד'!A23,'מיטב דש'!A:G,6,0)+VLOOKUP('תפוקה מצטברת מול אשתקד'!A23,'אינפניטי'!A:G,6,0) -> 330864.84 | K23: =VLOOKUP(A23,'הכשרה'!A:G,7,0)+VLOOKUP('תפוקה מצטברת מול אשתקד'!A23,'מגדל'!A:G,7,0)+VLOOKUP('תפוקה מצטברת מול אשתקד'!A23,'מנורה'!A:G,7,0)+VLOOKUP('תפוקה מצטברת מול אשתקד'!A23,'איילון'!A:G,7,0)+VLOOKUP('תפוקה מצטברת מול אשתקד'!A23,'הראל'!A:G,7,0)+VLOOKUP('תפוקה מצטברת מול אשתקד'!A23,'הפניקס'!A:G,7,0)+VLOOKUP('תפוקה מצטברת מול אשתקד'!A23,'כלל'!A:G,7,0)+VLOOKUP('תפוקה מצטברת מול אשתקד'!A23,'מור'!A:G,7,0)+VLOOKUP('תפוקה מצטברת מול אשתקד'!A23,'אלטשולר שחם'!A:G,7,0)+VLOOKUP('תפוקה מצטברת מול אשתקד'!A23,'מדיהו '!A:K,7,0)+VLOOKUP(A23,'אנליסט '!A:G,7,0)+VLOOKUP('תפוקה מצטברת מול אשתקד'!A23,'מיטב דש'!A:G,7,0)+VLOOKUP('תפוקה מצטברת מול אשתקד'!A23,'אינפניטי'!A:G,7,0) -> 2854242.5 | L23: =VLOOKUP(A23,'הכשרה'!A:K,8,0)+VLOOKUP('תפוקה מצטברת מול אשתקד'!A23,'מגדל'!A:K,8,0)+VLOOKUP('תפוקה מצטברת מול אשתקד'!A23,'מנורה'!A:K,8,0)+VLOOKUP('תפוקה מצטברת מול אשתקד'!A23,'איילון'!A:K,8,0)+VLOOKUP('תפוקה מצטברת מול אשתקד'!A23,'הראל'!A:K,8,0)+VLOOKUP('תפוקה מצטברת מול אשתקד'!A23,'הפניקס'!A:K,8,0)+VLOOKUP('תפוקה מצטברת מול אשתקד'!A23,'כלל'!A:K,8,0)+VLOOKUP('תפוקה מצטברת מול אשתקד'!A23,'מור'!A:K,8,0)+VLOOKUP('תפוקה מצטברת מול אשתקד'!A23,'אלטשולר שחם'!A:K,8,0)+VLOOKUP('תפוקה מצטברת מול אשתקד'!A23,'מדיהו '!A:K,8,0)+VLOOKUP('תפוקה מצטברת מול אשתקד'!A23,'אנליסט '!A:K,8,0)+VLOOKUP('תפוקה מצטברת מול אשתקד'!A23,'מיטב דש'!A:K,8,0)+VLOOKUP('תפוקה מצטברת מול אשתקד'!A23,'אינפניטי'!A:K,8,0) -> 980744.57 | M23: =VLOOKUP(A23,'הכשרה'!A:K,9,0)+VLOOKUP('תפוקה מצטברת מול אשתקד'!A23,'מגדל'!A:K,9,0)+VLOOKUP('תפוקה מצטברת מול אשתקד'!A23,'מנורה'!A:K,9,0)+VLOOKUP('תפוקה מצטברת מול אשתקד'!A23,'איילון'!A:K,9,0)+VLOOKUP('תפוקה מצטברת מול אשתקד'!A23,'הראל'!A:K,9,0)+VLOOKUP('תפוקה מצטברת מול אשתקד'!A23,'הפניקס'!A:K,9,0)+VLOOKUP('תפוקה מצטברת מול אשתקד'!A23,'כלל'!A:K,9,0)+VLOOKUP('תפוקה מצטברת מול אשתקד'!A23,'מור'!A:K,9,0)+VLOOKUP('תפוקה מצטברת מול אשתקד'!A23,'אלטשולר שחם'!A:K,9,0)+VLOOKUP('תפוקה מצטברת מול אשתקד'!A23,'מדיהו '!A:K,9,0)+VLOOKUP('תפוקה מצטברת מול אשתקד'!A23,'אנליסט '!A:K,9,0)+VLOOKUP('תפוקה מצטברת מול אשתקד'!A23,'מיטב דש'!A:K,9,0)+VLOOKUP('תפוקה מצטברת מול אשתקד'!A23,'אינפניטי'!A:K,9,0) -> 127574.11 | N23: =VLOOKUP(A23,'הכשרה'!A:K,10,0)+VLOOKUP('תפוקה מצטברת מול אשתקד'!A23,'מגדל'!A:K,10,0)+VLOOKUP('תפוקה מצטברת מול אשתקד'!A23,'מנורה'!A:K,10,0)+VLOOKUP('תפוקה מצטברת מול אשתקד'!A23,'איילון'!A:K,10,0)+VLOOKUP('תפוקה מצטברת מול אשתקד'!A23,'הראל'!A:K,10,0)+VLOOKUP('תפוקה מצטברת מול אשתקד'!A23,'הפניקס'!A:K,10,0)+VLOOKUP('תפוקה מצטברת מול אשתקד'!A23,'כלל'!A:K,10,0)+VLOOKUP('תפוקה מצטברת מול אשתקד'!A23,'מור'!A:K,10,0)+VLOOKUP('תפוקה מצטברת מול אשתקד'!A23,'אלטשולר שחם'!A:K,10,0)+VLOOKUP('תפוקה מצטברת מול אשתקד'!A23,'מדיהו '!A:K,10,0)+VLOOKUP('תפוקה מצטברת מול אשתקד'!A23,'אנליסט '!A:K,10,0)+VLOOKUP('תפוקה מצטברת מול אשתקד'!A23,'מיטב דש'!A:K,10,0)+VLOOKUP('תפוקה מצטברת מול אשתקד'!A23,'אינפניטי'!A:K,10,0) -> 1391944.7 | O23: =VLOOKUP(A23,'הכשרה'!A:K,11,0)+VLOOKUP('תפוקה מצטברת מול אשתקד'!A23,'מגדל'!A:K,11,0)+VLOOKUP('תפוקה מצטברת מול אשתקד'!A23,'מנורה'!A:K,11,0)+VLOOKUP('תפוקה מצטברת מול אשתקד'!A23,'איילון'!A:K,11,0)+VLOOKUP('תפוקה מצטברת מול אשתקד'!A23,'הראל'!A:K,11,0)+VLOOKUP('תפוקה מצטברת מול אשתקד'!A23,'הפניקס'!A:K,11,0)+VLOOKUP('תפוקה מצטברת מול אשתקד'!A23,'כלל'!A:K,11,0)+VLOOKUP('תפוקה מצטברת מול אשתקד'!A23,'מור'!A:K,11,0)+VLOOKUP('תפוקה מצטברת מול אשתקד'!A23,'אלטשולר שחם'!A:K,11,0)+VLOOKUP('תפוקה מצטברת מול אשתקד'!A23,'מדיהו '!A:K,11,0)+VLOOKUP('תפוקה מצטברת מול אשתקד'!A23,'אנליסט '!A:K,11,0)+VLOOKUP('תפוקה מצטברת מול אשתקד'!A23,'מיטב דש'!A:K,11,0)+VLOOKUP('תפוקה מצטברת מול אשתקד'!A23,'אינפניטי'!A:K,11,0) -> 3878956.2
A24: גרניק בנימין | B24: ערן גירוני | C24: סוכנים | D24: =IF(H24=0,0%,IF(L24=0,100%,H24/L24-1)) -> 0 | E24: =IF(I24=0,0%,IF(M24=0,100%,I24/M24-1)) -> -0.78272641 | F24: =IF(J24=0,0%,IF(N24=0,100%,J24/N24-1)) -> 0 | G24: =IF(K24=0,0%,IF(O24=H47,100%,K24/O24-1)) -> -0.97401377 | H24: =VLOOKUP(A24,'הכשרה'!A:G,4,0)+VLOOKUP('תפוקה מצטברת מול אשתקד'!A24,'מגדל'!A:G,4,0)+VLOOKUP('תפוקה מצטברת מול אשתקד'!A24,'מנורה'!A:G,4,0)+VLOOKUP('תפוקה מצטברת מול אשתקד'!A24,'איילון'!A:G,4,0)+VLOOKUP('תפוקה מצטברת מול אשתקד'!A24,'הראל'!A:G,4,0)+VLOOKUP('תפוקה מצטברת מול אשתקד'!A24,'הפניקס'!A:G,4,0)+VLOOKUP('תפוקה מצטברת מול אשתקד'!A24,'כלל'!A:G,4,0)+VLOOKUP('תפוקה מצטברת מול אשתקד'!A24,'מור'!A:G,4,0)+VLOOKUP('תפוקה מצטברת מול אשתקד'!A24,'אלטשולר שחם'!A:G,4,0)+VLOOKUP('תפוקה מצטברת מול אשתקד'!A24,'מדיהו '!A:G,4,0)+VLOOKUP('תפוקה מצטברת מול אשתקד'!A24,'אנליסט '!A:G,4,0)+VLOOKUP('תפוקה מצטברת מול אשתקד'!A24,'מיטב דש'!A:G,4,0)+VLOOKUP('תפוקה מצטברת מול אשתקד'!A24,'אינפניטי'!A:G,4,0) -> 0 | I24: =VLOOKUP(A24,'הכשרה'!A:G,5,0)+VLOOKUP('תפוקה מצטברת מול אשתקד'!A24,'מגדל'!A:G,5,0)+VLOOKUP('תפוקה מצטברת מול אשתקד'!A24,'מנורה'!A:G,5,0)+VLOOKUP('תפוקה מצטברת מול אשתקד'!A24,'איילון'!A:G,5,0)+VLOOKUP('תפוקה מצטברת מול אשתקד'!A24,'הראל'!A:G,5,0)+VLOOKUP('תפוקה מצטברת מול אשתקד'!A24,'הפניקס'!A:G,5,0)+VLOOKUP('תפוקה מצטברת מול אשתקד'!A24,'כלל'!A:G,5,0)+VLOOKUP('תפוקה מצטברת מול אשתקד'!A24,'מור'!A:G,5,0)+VLOOKUP('תפוקה מצטברת מול אשתקד'!A24,'אלטשולר שחם'!A:G,5,0)+VLOOKUP('תפוקה מצטברת מול אשתקד'!A24,'מדיהו '!A:G,5,0)+VLOOKUP('תפוקה מצטברת מול אשתקד'!A24,'אנליסט '!A:G,5,0)+VLOOKUP('תפוקה מצטברת מול אשתקד'!A24,'מיטב דש'!A:G,5,0)+VLOOKUP('תפוקה מצטברת מול אשתקד'!A24,'אינפניטי'!A:G,5,0) -> 3083.8083 | J24: =VLOOKUP(A24,'הכשרה'!A:G,6,0)+VLOOKUP('תפוקה מצטברת מול אשתקד'!A24,'מגדל'!A:G,6,0)+VLOOKUP('תפוקה מצטברת מול אשתקד'!A24,'מנורה'!A:G,6,0)+VLOOKUP('תפוקה מצטברת מול אשתקד'!A24,'איילון'!A:G,6,0)+VLOOKUP(A24,'הראל'!A:G,6,0)+VLOOKUP('תפוקה מצטברת מול אשתקד'!A24,'הפניקס'!A:G,6,0)+VLOOKUP('תפוקה מצטברת מול אשתקד'!A24,'כלל'!A:G,6,0)+VLOOKUP('תפוקה מצטברת מול אשתקד'!A24,'מור'!A:G,6,0)+VLOOKUP('תפוקה מצטברת מול אשתקד'!A24,'אלטשולר שחם'!A:G,6,0)+VLOOKUP('תפוקה מצטברת מול אשתקד'!A24,'מדיהו '!A:G,6,0)+VLOOKUP('תפוקה מצטברת מול אשתקד'!A24,'אנליסט '!A:G,6,0)+VLOOKUP('תפוקה מצטברת מול אשתקד'!A24,'מיטב דש'!A:G,6,0)+VLOOKUP('תפוקה מצטברת מול אשתקד'!A24,'אינפניטי'!A:G,6,0) -> 0 | K24: =VLOOKUP(A24,'הכשרה'!A:G,7,0)+VLOOKUP('תפוקה מצטברת מול אשתקד'!A24,'מגדל'!A:G,7,0)+VLOOKUP('תפוקה מצטברת מול אשתקד'!A24,'מנורה'!A:G,7,0)+VLOOKUP('תפוקה מצטברת מול אשתקד'!A24,'איילון'!A:G,7,0)+VLOOKUP('תפוקה מצטברת מול אשתקד'!A24,'הראל'!A:G,7,0)+VLOOKUP('תפוקה מצטברת מול אשתקד'!A24,'הפניקס'!A:G,7,0)+VLOOKUP('תפוקה מצטברת מול אשתקד'!A24,'כלל'!A:G,7,0)+VLOOKUP('תפוקה מצטברת מול אשתקד'!A24,'מור'!A:G,7,0)+VLOOKUP('תפוקה מצטברת מול אשתקד'!A24,'אלטשולר שחם'!A:G,7,0)+VLOOKUP('תפוקה מצטברת מול אשתקד'!A24,'מדיהו '!A:K,7,0)+VLOOKUP(A24,'אנליסט '!A:G,7,0)+VLOOKUP('תפוקה מצטברת מול אשתקד'!A24,'מיטב דש'!A:G,7,0)+VLOOKUP('תפוקה מצטברת מול אשתקד'!A24,'אינפניטי'!A:G,7,0) -> -11711.17 | L24: =VLOOKUP(A24,'הכשרה'!A:K,8,0)+VLOOKUP('תפוקה מצטברת מול אשתקד'!A24,'מגדל'!A:K,8,0)+VLOOKUP('תפוקה מצטברת מול אשתקד'!A24,'מנורה'!A:K,8,0)+VLOOKUP('תפוקה מצטברת מול אשתקד'!A24,'איילון'!A:K,8,0)+VLOOKUP('תפוקה מצטברת מול אשתקד'!A24,'הראל'!A:K,8,0)+VLOOKUP('תפוקה מצטברת מול אשתקד'!A24,'הפניקס'!A:K,8,0)+VLOOKUP('תפוקה מצטברת מול אשתקד'!A24,'כלל'!A:K,8,0)+VLOOKUP('תפוקה מצטברת מול אשתקד'!A24,'מור'!A:K,8,0)+VLOOKUP('תפוקה מצטברת מול אשתקד'!A24,'אלטשולר שחם'!A:K,8,0)+VLOOKUP('תפוקה מצטברת מול אשתקד'!A24,'מדיהו '!A:K,8,0)+VLOOKUP('תפוקה מצטברת מול אשתקד'!A24,'אנליסט '!A:K,8,0)+VLOOKUP('תפוקה מצטברת מול אשתקד'!A24,'מיטב דש'!A:K,8,0)+VLOOKUP('תפוקה מצטברת מול אשתקד'!A24,'אינפניטי'!A:K,8,0) -> 92069.842 | M24: =VLOOKUP(A24,'הכשרה'!A:K,9,0)+VLOOKUP('תפוקה מצטברת מול אשתקד'!A24,'מגדל'!A:K,9,0)+VLOOKUP('תפוקה מצטברת מול אשתקד'!A24,'מנורה'!A:K,9,0)+VLOOKUP('תפוקה מצטברת מול אשתקד'!A24,'איילון'!A:K,9,0)+VLOOKUP('תפוקה מצטברת מול אשתקד'!A24,'הראל'!A:K,9,0)+VLOOKUP('תפוקה מצטברת מול אשתקד'!A24,'הפניקס'!A:K,9,0)+VLOOKUP('תפוקה מצטברת מול אשתקד'!A24,'כלל'!A:K,9,0)+VLOOKUP('תפוקה מצטברת מול אשתקד'!A24,'מור'!A:K,9,0)+VLOOKUP('תפוקה מצטברת מול אשתקד'!A24,'אלטשולר שחם'!A:K,9,0)+VLOOKUP('תפוקה מצטברת מול אשתקד'!A24,'מדיהו '!A:K,9,0)+VLOOKUP('תפוקה מצטברת מול אשתקד'!A24,'אנליסט '!A:K,9,0)+VLOOKUP('תפוקה מצטברת מול אשתקד'!A24,'מיטב דש'!A:K,9,0)+VLOOKUP('תפוקה מצטברת מול אשתקד'!A24,'אינפניטי'!A:K,9,0) -> 14193.204 | N24: =VLOOKUP(A24,'הכשרה'!A:K,10,0)+VLOOKUP('תפוקה מצטברת מול אשתקד'!A24,'מגדל'!A:K,10,0)+VLOOKUP('תפוקה מצטברת מול אשתקד'!A24,'מנורה'!A:K,10,0)+VLOOKUP('תפוקה מצטברת מול אשתקד'!A24,'איילון'!A:K,10,0)+VLOOKUP('תפוקה מצטברת מול אשתקד'!A24,'הראל'!A:K,10,0)+VLOOKUP('תפוקה מצטברת מול אשתקד'!A24,'הפניקס'!A:K,10,0)+VLOOKUP('תפוקה מצטברת מול אשתקד'!A24,'כלל'!A:K,10,0)+VLOOKUP('תפוקה מצטברת מול אשתקד'!A24,'מור'!A:K,10,0)+VLOOKUP('תפוקה מצטברת מול אשתקד'!A24,'אלטשולר שחם'!A:K,10,0)+VLOOKUP('תפוקה מצטברת מול אשתקד'!A24,'מדיהו '!A:K,10,0)+VLOOKUP('תפוקה מצטברת מול אשתקד'!A24,'אנליסט '!A:K,10,0)+VLOOKUP('תפוקה מצטברת מול אשתקד'!A24,'מיטב דש'!A:K,10,0)+VLOOKUP('תפוקה מצטברת מול אשתקד'!A24,'אינפניטי'!A:K,10,0) -> 238023.91 | O24: =VLOOKUP(A24,'הכשרה'!A:K,11,0)+VLOOKUP('תפוקה מצטברת מול אשתקד'!A24,'מגדל'!A:K,11,0)+VLOOKUP('תפוקה מצטברת מול אשתקד'!A24,'מנורה'!A:K,11,0)+VLOOKUP('תפוקה מצטברת מול אשתקד'!A24,'איילון'!A:K,11,0)+VLOOKUP('תפוקה מצטברת מול אשתקד'!A24,'הראל'!A:K,11,0)+VLOOKUP('תפוקה מצטברת מול אשתקד'!A24,'הפניקס'!A:K,11,0)+VLOOKUP('תפוקה מצטברת מול אשתקד'!A24,'כלל'!A:K,11,0)+VLOOKUP('תפוקה מצטברת מול אשתקד'!A24,'מור'!A:K,11,0)+VLOOKUP('תפוקה מצטברת מול אשתקד'!A24,'אלטשולר שחם'!A:K,11,0)+VLOOKUP('תפוקה מצטברת מול אשתקד'!A24,'מדיהו '!A:K,11,0)+VLOOKUP('תפוקה מצטברת מול אשתקד'!A24,'אנליסט '!A:K,11,0)+VLOOKUP('תפוקה מצטברת מול אשתקד'!A24,'מיטב דש'!A:K,11,0)+VLOOKUP('תפוקה מצטברת מול אשתקד'!A24,'אינפניטי'!A:K,11,0) -> -450668.23
A25: סאוסן שלבי | B25: ערן גירוני | C25: סוכנים | D25: =IF(H25=0,0%,IF(L25=0,100%,H25/L25-1)) -> 0.99657241 | E25: =IF(I25=0,0%,IF(M25=0,100%,I25/M25-1)) -> -0.43261875 | F25: =IF(J25=0,0%,IF(N25=0,100%,J25/N25-1)) -> -0.90714788 | G25: =IF(K25=0,0%,IF(O25=H48,100%,K25/O25-1)) -> 1.3895143 | H25: =VLOOKUP(A25,'הכשרה'!A:G,4,0)+VLOOKUP('תפוקה מצטברת מול אשתקד'!A25,'מגדל'!A:G,4,0)+VLOOKUP('תפוקה מצטברת מול אשתקד'!A25,'מנורה'!A:G,4,0)+VLOOKUP('תפוקה מצטברת מול אשתקד'!A25,'איילון'!A:G,4,0)+VLOOKUP('תפוקה מצטברת מול אשתקד'!A25,'הראל'!A:G,4,0)+VLOOKUP('תפוקה מצטברת מול אשתקד'!A25,'הפניקס'!A:G,4,0)+VLOOKUP('תפוקה מצטברת מול אשתקד'!A25,'כלל'!A:G,4,0)+VLOOKUP('תפוקה מצטברת מול אשתקד'!A25,'מור'!A:G,4,0)+VLOOKUP('תפוקה מצטברת מול אשתקד'!A25,'אלטשולר שחם'!A:G,4,0)+VLOOKUP('תפוקה מצטברת מול אשתקד'!A25,'מדיהו '!A:G,4,0)+VLOOKUP('תפוקה מצטברת מול אשתקד'!A25,'אנליסט '!A:G,4,0)+VLOOKUP('תפוקה מצטברת מול אשתקד'!A25,'מיטב דש'!A:G,4,0)+VLOOKUP('תפוקה מצטברת מול אשתקד'!A25,'אינפניטי'!A:G,4,0) -> 28190.673 | I25: =VLOOKUP(A25,'הכשרה'!A:G,5,0)+VLOOKUP('תפוקה מצטברת מול אשתקד'!A25,'מגדל'!A:G,5,0)+VLOOKUP('תפוקה מצטברת מול אשתקד'!A25,'מנורה'!A:G,5,0)+VLOOKUP('תפוקה מצטברת מול אשתקד'!A25,'איילון'!A:G,5,0)+VLOOKUP('תפוקה מצטברת מול אשתקד'!A25,'הראל'!A:G,5,0)+VLOOKUP('תפוקה מצטברת מול אשתקד'!A25,'הפניקס'!A:G,5,0)+VLOOKUP('תפוקה מצטברת מול אשתקד'!A25,'כלל'!A:G,5,0)+VLOOKUP('תפוקה מצטברת מול אשתקד'!A25,'מור'!A:G,5,0)+VLOOKUP('תפוקה מצטברת מול אשתקד'!A25,'אלטשולר שחם'!A:G,5,0)+VLOOKUP('תפוקה מצטברת מול אשתקד'!A25,'מדיהו '!A:G,5,0)+VLOOKUP('תפוקה מצטברת מול אשתקד'!A25,'אנליסט '!A:G,5,0)+VLOOKUP('תפוקה מצטברת מול אשתקד'!A25,'מיטב דש'!A:G,5,0)+VLOOKUP('תפוקה מצטברת מול אשתקד'!A25,'אינפניטי'!A:G,5,0) -> 12804.424 | J25: =VLOOKUP(A25,'הכשרה'!A:G,6,0)+VLOOKUP('תפוקה מצטברת מול אשתקד'!A25,'מגדל'!A:G,6,0)+VLOOKUP('תפוקה מצטברת מול אשתקד'!A25,'מנורה'!A:G,6,0)+VLOOKUP('תפוקה מצטברת מול אשתקד'!A25,'איילון'!A:G,6,0)+VLOOKUP(A25,'הראל'!A:G,6,0)+VLOOKUP('תפוקה מצטברת מול אשתקד'!A25,'הפניקס'!A:G,6,0)+VLOOKUP('תפוקה מצטברת מול אשתקד'!A25,'כלל'!A:G,6,0)+VLOOKUP('תפוקה מצטברת מול אשתקד'!A25,'מור'!A:G,6,0)+VLOOKUP('תפוקה מצטברת מול אשתקד'!A25,'אלטשולר שחם'!A:G,6,0)+VLOOKUP('תפוקה מצטברת מול אשתקד'!A25,'מדיהו '!A:G,6,0)+VLOOKUP('תפוקה מצטברת מול אשתקד'!A25,'אנליסט '!A:G,6,0)+VLOOKUP('תפוקה מצטברת מול אשתקד'!A25,'מיטב דש'!A:G,6,0)+VLOOKUP('תפוקה מצטברת מול אשתקד'!A25,'אינפניטי'!A:G,6,0) -> 3976.6493 | K25: =VLOOKUP(A25,'הכשרה'!A:G,7,0)+VLOOKUP('תפוקה מצטברת מול אשתקד'!A25,'מגדל'!A:G,7,0)+VLOOKUP('תפוקה מצטברת מול אשתקד'!A25,'מנורה'!A:G,7,0)+VLOOKUP('תפוקה מצטברת מול אשתקד'!A25,'איילון'!A:G,7,0)+VLOOKUP('תפוקה מצטברת מול אשתקד'!A25,'הראל'!A:G,7,0)+VLOOKUP('תפוקה מצטברת מול אשתקד'!A25,'הפניקס'!A:G,7,0)+VLOOKUP('תפוקה מצטברת מול אשתקד'!A25,'כלל'!A:G,7,0)+VLOOKUP('תפוקה מצטברת מול אשתקד'!A25,'מור'!A:G,7,0)+VLOOKUP('תפוקה מצטברת מול אשתקד'!A25,'אלטשולר שחם'!A:G,7,0)+VLOOKUP('תפוקה מצטברת מול אשתקד'!A25,'מדיהו '!A:K,7,0)+VLOOKUP(A25,'אנליסט '!A:G,7,0)+VLOOKUP('תפוקה מצטברת מול אשתקד'!A25,'מיטב דש'!A:G,7,0)+VLOOKUP('תפוקה מצטברת מול אשתקד'!A25,'אינפניטי'!A:G,7,0) -> -14017.99 | L25: =VLOOKUP(A25,'הכשרה'!A:K,8,0)+VLOOKUP('תפוקה מצטברת מול אשתקד'!A25,'מגדל'!A:K,8,0)+VLOOKUP('תפוקה מצטברת מול אשתקד'!A25,'מנורה'!A:K,8,0)+VLOOKUP('תפוקה מצטברת מול אשתקד'!A25,'איילון'!A:K,8,0)+VLOOKUP('תפוקה מצטברת מול אשתקד'!A25,'הראל'!A:K,8,0)+VLOOKUP('תפוקה מצטברת מול אשתקד'!A25,'הפניקס'!A:K,8,0)+VLOOKUP('תפוקה מצטברת מול אשתקד'!A25,'כלל'!A:K,8,0)+VLOOKUP('תפוקה מצטברת מול אשתקד'!A25,'מור'!A:K,8,0)+VLOOKUP('תפוקה מצטברת מול אשתקד'!A25,'אלטשולר שחם'!A:K,8,0)+VLOOKUP('תפוקה מצטברת מול אשתקד'!A25,'מדיהו '!A:K,8,0)+VLOOKUP('תפוקה מצטברת מול אשתקד'!A25,'אנליסט '!A:K,8,0)+VLOOKUP('תפוקה מצטברת מול אשתקד'!A25,'מיטב דש'!A:K,8,0)+VLOOKUP('תפוקה מצטברת מול אשתקד'!A25,'אינפניטי'!A:K,8,0) -> 14119.535 | M25: =VLOOKUP(A25,'הכשרה'!A:K,9,0)+VLOOKUP('תפוקה מצטברת מול אשתקד'!A25,'מגדל'!A:K,9,0)+VLOOKUP('תפוקה מצטברת מול אשתקד'!A25,'מנורה'!A:K,9,0)+VLOOKUP('תפוקה מצטברת מול אשתקד'!A25,'איילון'!A:K,9,0)+VLOOKUP('תפוקה מצטברת מול אשתקד'!A25,'הראל'!A:K,9,0)+VLOOKUP('תפוקה מצטברת מול אשתקד'!A25,'הפניקס'!A:K,9,0)+VLOOKUP('תפוקה מצטברת מול אשתקד'!A25,'כלל'!A:K,9,0)+VLOOKUP('תפוקה מצטברת מול אשתקד'!A25,'מור'!A:K,9,0)+VLOOKUP('תפוקה מצטברת מול אשתקד'!A25,'אלטשולר שחם'!A:K,9,0)+VLOOKUP('תפוקה מצטברת מול אשתקד'!A25,'מדיהו '!A:K,9,0)+VLOOKUP('תפוקה מצטברת מול אשתקד'!A25,'אנליסט '!A:K,9,0)+VLOOKUP('תפוקה מצטברת מול אשתקד'!A25,'מיטב דש'!A:K,9,0)+VLOOKUP('תפוקה מצטברת מול אשתקד'!A25,'אינפניטי'!A:K,9,0) -> 22567.584 | N25: =VLOOKUP(A25,'הכשרה'!A:K,10,0)+VLOOKUP('תפוקה מצטברת מול אשתקד'!A25,'מגדל'!A:K,10,0)+VLOOKUP('תפוקה מצטברת מול אשתקד'!A25,'מנורה'!A:K,10,0)+VLOOKUP('תפוקה מצטברת מול אשתקד'!A25,'איילון'!A:K,10,0)+VLOOKUP('תפוקה מצטברת מול אשתקד'!A25,'הראל'!A:K,10,0)+VLOOKUP('תפוקה מצטברת מול אשתקד'!A25,'הפניקס'!A:K,10,0)+VLOOKUP('תפוקה מצטברת מול אשתקד'!A25,'כלל'!A:K,10,0)+VLOOKUP('תפוקה מצטברת מול אשתקד'!A25,'מור'!A:K,10,0)+VLOOKUP('תפוקה מצטברת מול אשתקד'!A25,'אלטשולר שחם'!A:K,10,0)+VLOOKUP('תפוקה מצטברת מול אשתקד'!A25,'מדיהו '!A:K,10,0)+VLOOKUP('תפוקה מצטברת מול אשתקד'!A25,'אנליסט '!A:K,10,0)+VLOOKUP('תפוקה מצטברת מול אשתקד'!A25,'מיטב דש'!A:K,10,0)+VLOOKUP('תפוקה מצטברת מול אשתקד'!A25,'אינפניטי'!A:K,10,0) -> 42827.772 | O25: =VLOOKUP(A25,'הכשרה'!A:K,11,0)+VLOOKUP('תפוקה מצטברת מול אשתקד'!A25,'מגדל'!A:K,11,0)+VLOOKUP('תפוקה מצטברת מול אשתקד'!A25,'מנורה'!A:K,11,0)+VLOOKUP('תפוקה מצטברת מול אשתקד'!A25,'איילון'!A:K,11,0)+VLOOKUP('תפוקה מצטברת מול אשתקד'!A25,'הראל'!A:K,11,0)+VLOOKUP('תפוקה מצטברת מול אשתקד'!A25,'הפניקס'!A:K,11,0)+VLOOKUP('תפוקה מצטברת מול אשתקד'!A25,'כלל'!A:K,11,0)+VLOOKUP('תפוקה מצטברת מול אשתקד'!A25,'מור'!A:K,11,0)+VLOOKUP('תפוקה מצטברת מול אשתקד'!A25,'אלטשולר שחם'!A:K,11,0)+VLOOKUP('תפוקה מצטברת מול אשתקד'!A25,'מדיהו '!A:K,11,0)+VLOOKUP('תפוקה מצטברת מול אשתקד'!A25,'אנליסט '!A:K,11,0)+VLOOKUP('תפוקה מצטברת מול אשתקד'!A25,'מיטב דש'!A:K,11,0)+VLOOKUP('תפוקה מצטברת מול אשתקד'!A25,'אינפניטי'!A:K,11,0) -> -5866.46
A26: סברא סמיר | B26: ערן גירוני | C26: סוכנים | D26: =IF(H26=0,0%,IF(L26=0,100%,H26/L26-1)) -> -0.094617115 | E26: =IF(I26=0,0%,IF(M26=0,100%,I26/M26-1)) -> 0.021979059 | F26: =IF(J26=0,0%,IF(N26=0,100%,J26/N26-1)) -> 0.22808777 | G26: =IF(K26=0,0%,IF(O26=H49,100%,K26/O26-1)) -> 2.169115 | H26: =VLOOKUP(A26,'הכשרה'!A:G,4,0)+VLOOKUP('תפוקה מצטברת מול אשתקד'!A26,'מגדל'!A:G,4,0)+VLOOKUP('תפוקה מצטברת מול אשתקד'!A26,'מנורה'!A:G,4,0)+VLOOKUP('תפוקה מצטברת מול אשתקד'!A26,'איילון'!A:G,4,0)+VLOOKUP('תפוקה מצטברת מול אשתקד'!A26,'הראל'!A:G,4,0)+VLOOKUP('תפוקה מצטברת מול אשתקד'!A26,'הפניקס'!A:G,4,0)+VLOOKUP('תפוקה מצטברת מול אשתקד'!A26,'כלל'!A:G,4,0)+VLOOKUP('תפוקה מצטברת מול אשתקד'!A26,'מור'!A:G,4,0)+VLOOKUP('תפוקה מצטברת מול אשתקד'!A26,'אלטשולר שחם'!A:G,4,0)+VLOOKUP('תפוקה מצטברת מול אשתקד'!A26,'מדיהו '!A:G,4,0)+VLOOKUP('תפוקה מצטברת מול אשתקד'!A26,'אנליסט '!A:G,4,0)+VLOOKUP('תפוקה מצטברת מול אשתקד'!A26,'מיטב דש'!A:G,4,0)+VLOOKUP('תפוקה מצטברת מול אשתקד'!A26,'אינפניטי'!A:G,4,0) -> 1004008.8 | I26: =VLOOKUP(A26,'הכשרה'!A:G,5,0)+VLOOKUP('תפוקה מצטברת מול אשתקד'!A26,'מגדל'!A:G,5,0)+VLOOKUP('תפוקה מצטברת מול אשתקד'!A26,'מנורה'!A:G,5,0)+VLOOKUP('תפוקה מצטברת מול אשתקד'!A26,'איילון'!A:G,5,0)+VLOOKUP('תפוקה מצטברת מול אשתקד'!A26,'הראל'!A:G,5,0)+VLOOKUP('תפוקה מצטברת מול אשתקד'!A26,'הפניקס'!A:G,5,0)+VLOOKUP('תפוקה מצטברת מול אשתקד'!A26,'כלל'!A:G,5,0)+VLOOKUP('תפוקה מצטברת מול אשתקד'!A26,'מור'!A:G,5,0)+VLOOKUP('תפוקה מצטברת מול אשתקד'!A26,'אלטשולר שחם'!A:G,5,0)+VLOOKUP('תפוקה מצטברת מול אשתקד'!A26,'מדיהו '!A:G,5,0)+VLOOKUP('תפוקה מצטברת מול אשתקד'!A26,'אנליסט '!A:G,5,0)+VLOOKUP('תפוקה מצטברת מול אשתקד'!A26,'מיטב דש'!A:G,5,0)+VLOOKUP('תפוקה מצטברת מול אשתקד'!A26,'אינפניטי'!A:G,5,0) -> 105776.96 | J26: =VLOOKUP(A26,'הכשרה'!A:G,6,0)+VLOOKUP('תפוקה מצטברת מול אשתקד'!A26,'מגדל'!A:G,6,0)+VLOOKUP('תפוקה מצטברת מול אשתקד'!A26,'מנורה'!A:G,6,0)+VLOOKUP('תפוקה מצטברת מול אשתקד'!A26,'איילון'!A:G,6,0)+VLOOKUP(A26,'הראל'!A:G,6,0)+VLOOKUP('תפוקה מצטברת מול אשתקד'!A26,'הפניקס'!A:G,6,0)+VLOOKUP('תפוקה מצטברת מול אשתקד'!A26,'כלל'!A:G,6,0)+VLOOKUP('תפוקה מצטברת מול אשתקד'!A26,'מור'!A:G,6,0)+VLOOKUP('תפוקה מצטברת מול אשתקד'!A26,'אלטשולר שחם'!A:G,6,0)+VLOOKUP('תפוקה מצטברת מול אשתקד'!A26,'מדיהו '!A:G,6,0)+VLOOKUP('תפוקה מצטברת מול אשתקד'!A26,'אנליסט '!A:G,6,0)+VLOOKUP('תפוקה מצטברת מול אשתקד'!A26,'מיטב דש'!A:G,6,0)+VLOOKUP('תפוקה מצטברת מול אשתקד'!A26,'אינפניטי'!A:G,6,0) -> 843545.73 | K26: =VLOOKUP(A26,'הכשרה'!A:G,7,0)+VLOOKUP('תפוקה מצטברת מול אשתקד'!A26,'מגדל'!A:G,7,0)+VLOOKUP('תפוקה מצטברת מול אשתקד'!A26,'מנורה'!A:G,7,0)+VLOOKUP('תפוקה מצטברת מול אשתקד'!A26,'איילון'!A:G,7,0)+VLOOKUP('תפוקה מצטברת מול אשתקד'!A26,'הראל'!A:G,7,0)+VLOOKUP('תפוקה מצטברת מול אשתקד'!A26,'הפניקס'!A:G,7,0)+VLOOKUP('תפוקה מצטברת מול אשתקד'!A26,'כלל'!A:G,7,0)+VLOOKUP('תפוקה מצטברת מול אשתקד'!A26,'מור'!A:G,7,0)+VLOOKUP('תפוקה מצטברת מול אשתקד'!A26,'אלטשולר שחם'!A:G,7,0)+VLOOKUP('תפוקה מצטברת מול אשתקד'!A26,'מדיהו '!A:K,7,0)+VLOOKUP(A26,'אנליסט '!A:G,7,0)+VLOOKUP('תפוקה מצטברת מול אשתקד'!A26,'מיטב דש'!A:G,7,0)+VLOOKUP('תפוקה מצטברת מול אשתקד'!A26,'אינפניטי'!A:G,7,0) -> 2127579.4 | L26: =VLOOKUP(A26,'הכשרה'!A:K,8,0)+VLOOKUP('תפוקה מצטברת מול אשתקד'!A26,'מגדל'!A:K,8,0)+VLOOKUP('תפוקה מצטברת מול אשתקד'!A26,'מנורה'!A:K,8,0)+VLOOKUP('תפוקה מצטברת מול אשתקד'!A26,'איילון'!A:K,8,0)+VLOOKUP('תפוקה מצטברת מול אשתקד'!A26,'הראל'!A:K,8,0)+VLOOKUP('תפוקה מצטברת מול אשתקד'!A26,'הפניקס'!A:K,8,0)+VLOOKUP('תפוקה מצטברת מול אשתקד'!A26,'כלל'!A:K,8,0)+VLOOKUP('תפוקה מצטברת מול אשתקד'!A26,'מור'!A:K,8,0)+VLOOKUP('תפוקה מצטברת מול אשתקד'!A26,'אלטשולר שחם'!A:K,8,0)+VLOOKUP('תפוקה מצטברת מול אשתקד'!A26,'מדיהו '!A:K,8,0)+VLOOKUP('תפוקה מצטברת מול אשתקד'!A26,'אנליסט '!A:K,8,0)+VLOOKUP('תפוקה מצטברת מול אשתקד'!A26,'מיטב דש'!A:K,8,0)+VLOOKUP('תפוקה מצטברת מול אשתקד'!A26,'אינפניטי'!A:K,8,0) -> 1108932.9 | M26: =VLOOKUP(A26,'הכשרה'!A:K,9,0)+VLOOKUP('תפוקה מצטברת מול אשתקד'!A26,'מגדל'!A:K,9,0)+VLOOKUP('תפוקה מצטברת מול אשתקד'!A26,'מנורה'!A:K,9,0)+VLOOKUP('תפוקה מצטברת מול אשתקד'!A26,'איילון'!A:K,9,0)+VLOOKUP('תפוקה מצטברת מול אשתקד'!A26,'הראל'!A:K,9,0)+VLOOKUP('תפוקה מצטברת מול אשתקד'!A26,'הפניקס'!A:K,9,0)+VLOOKUP('תפוקה מצטברת מול אשתקד'!A26,'כלל'!A:K,9,0)+VLOOKUP('תפוקה מצטברת מול אשתקד'!A26,'מור'!A:K,9,0)+VLOOKUP('תפוקה מצטברת מול אשתקד'!A26,'אלטשולר שחם'!A:K,9,0)+VLOOKUP('תפוקה מצטברת מול אשתקד'!A26,'מדיהו '!A:K,9,0)+VLOOKUP('תפוקה מצטברת מול אשתקד'!A26,'אנליסט '!A:K,9,0)+VLOOKUP('תפוקה מצטברת מול אשתקד'!A26,'מיטב דש'!A:K,9,0)+VLOOKUP('תפוקה מצטברת מול אשתקד'!A26,'אינפניטי'!A:K,9,0) -> 103502.08 | N26: =VLOOKUP(A26,'הכשרה'!A:K,10,0)+VLOOKUP('תפוקה מצטברת מול אשתקד'!A26,'מגדל'!A:K,10,0)+VLOOKUP('תפוקה מצטברת מול אשתקד'!A26,'מנורה'!A:K,10,0)+VLOOKUP('תפוקה מצטברת מול אשתקד'!A26,'איילון'!A:K,10,0)+VLOOKUP('תפוקה מצטברת מול אשתקד'!A26,'הראל'!A:K,10,0)+VLOOKUP('תפוקה מצטברת מול אשתקד'!A26,'הפניקס'!A:K,10,0)+VLOOKUP('תפוקה מצטברת מול אשתקד'!A26,'כלל'!A:K,10,0)+VLOOKUP('תפוקה מצטברת מול אשתקד'!A26,'מור'!A:K,10,0)+VLOOKUP('תפוקה מצטברת מול אשתקד'!A26,'אלטשולר שחם'!A:K,10,0)+VLOOKUP('תפוקה מצטברת מול אשתקד'!A26,'מדיהו '!A:K,10,0)+VLOOKUP('תפוקה מצטברת מול אשתקד'!A26,'אנליסט '!A:K,10,0)+VLOOKUP('תפוקה מצטברת מול אשתקד'!A26,'מיטב דש'!A:K,10,0)+VLOOKUP('תפוקה מצטברת מול אשתקד'!A26,'אינפניטי'!A:K,10,0) -> 686877.4 | O26: =VLOOKUP(A26,'הכשרה'!A:K,11,0)+VLOOKUP('תפוקה מצטברת מול אשתקד'!A26,'מגדל'!A:K,11,0)+VLOOKUP('תפוקה מצטברת מול אשתקד'!A26,'מנורה'!A:K,11,0)+VLOOKUP('תפוקה מצטברת מול אשתקד'!A26,'איילון'!A:K,11,0)+VLOOKUP('תפוקה מצטברת מול אשתקד'!A26,'הראל'!A:K,11,0)+VLOOKUP('תפוקה מצטברת מול אשתקד'!A26,'הפניקס'!A:K,11,0)+VLOOKUP('תפוקה מצטברת מול אשתקד'!A26,'כלל'!A:K,11,0)+VLOOKUP('תפוקה מצטברת מול אשתקד'!A26,'מור'!A:K,11,0)+VLOOKUP('תפוקה מצטברת מול אשתקד'!A26,'אלטשולר שחם'!A:K,11,0)+VLOOKUP('תפוקה מצטברת מול אשתקד'!A26,'מדיהו '!A:K,11,0)+VLOOKUP('תפוקה מצטברת מול אשתקד'!A26,'אנליסט '!A:K,11,0)+VLOOKUP('תפוקה מצטברת מול אשתקד'!A26,'מיטב דש'!A:K,11,0)+VLOOKUP('תפוקה מצטברת מול אשתקד'!A26,'אינפניטי'!A:K,11,0) -> 671348.12
A27: ריזק חלבי | B27: ערן גירוני | C27: סוכנים | D27: =IF(H27=0,0%,IF(L27=0,100%,H27/L27-1)) -> -0.60242404 | E27: =IF(I27=0,0%,IF(M27=0,100%,I27/M27-1)) -> 0.0258082 | F27: =IF(J27=0,0%,IF(N27=0,100%,J27/N27-1)) -> 6.7924341 | G27: =IF(K27=0,0%,IF(O27=H50,100%,K27/O27-1)) -> 0.29022656 | H27: =VLOOKUP(A27,'הכשרה'!A:G,4,0)+VLOOKUP('תפוקה מצטברת מול אשתקד'!A27,'מגדל'!A:G,4,0)+VLOOKUP('תפוקה מצטברת מול אשתקד'!A27,'מנורה'!A:G,4,0)+VLOOKUP('תפוקה מצטברת מול אשתקד'!A27,'איילון'!A:G,4,0)+VLOOKUP('תפוקה מצטברת מול אשתקד'!A27,'הראל'!A:G,4,0)+VLOOKUP('תפוקה מצטברת מול אשתקד'!A27,'הפניקס'!A:G,4,0)+VLOOKUP('תפוקה מצטברת מול אשתקד'!A27,'כלל'!A:G,4,0)+VLOOKUP('תפוקה מצטברת מול אשתקד'!A27,'מור'!A:G,4,0)+VLOOKUP('תפוקה מצטברת מול אשתקד'!A27,'אלטשולר שחם'!A:G,4,0)+VLOOKUP('תפוקה מצטברת מול אשתקד'!A27,'מדיהו '!A:G,4,0)+VLOOKUP('תפוקה מצטברת מול אשתקד'!A27,'אנליסט '!A:G,4,0)+VLOOKUP('תפוקה מצטברת מול אשתקד'!A27,'מיטב דש'!A:G,4,0)+VLOOKUP('תפוקה מצטברת מול אשתקד'!A27,'אינפניטי'!A:G,4,0) -> 102321.93 | I27: =VLOOKUP(A27,'הכשרה'!A:G,5,0)+VLOOKUP('תפוקה מצטברת מול אשתקד'!A27,'מגדל'!A:G,5,0)+VLOOKUP('תפוקה מצטברת מול אשתקד'!A27,'מנורה'!A:G,5,0)+VLOOKUP('תפוקה מצטברת מול אשתקד'!A27,'איילון'!A:G,5,0)+VLOOKUP('תפוקה מצטברת מול אשתקד'!A27,'הראל'!A:G,5,0)+VLOOKUP('תפוקה מצטברת מול אשתקד'!A27,'הפניקס'!A:G,5,0)+VLOOKUP('תפוקה מצטברת מול אשתקד'!A27,'כלל'!A:G,5,0)+VLOOKUP('תפוקה מצטברת מול אשתקד'!A27,'מור'!A:G,5,0)+VLOOKUP('תפוקה מצטברת מול אשתקד'!A27,'אלטשולר שחם'!A:G,5,0)+VLOOKUP('תפוקה מצטברת מול אשתקד'!A27,'מדיהו '!A:G,5,0)+VLOOKUP('תפוקה מצטברת מול אשתקד'!A27,'אנליסט '!A:G,5,0)+VLOOKUP('תפוקה מצטברת מול אשתקד'!A27,'מיטב דש'!A:G,5,0)+VLOOKUP('תפוקה מצטברת מול אשתקד'!A27,'אינפניטי'!A:G,5,0) -> 58156.035 | J27: =VLOOKUP(A27,'הכשרה'!A:G,6,0)+VLOOKUP('תפוקה מצטברת מול אשתקד'!A27,'מגדל'!A:G,6,0)+VLOOKUP('תפוקה מצטברת מול אשתקד'!A27,'מנורה'!A:G,6,0)+VLOOKUP('תפוקה מצטברת מול אשתקד'!A27,'איילון'!A:G,6,0)+VLOOKUP(A27,'הראל'!A:G,6,0)+VLOOKUP('תפוקה מצטברת מול אשתקד'!A27,'הפניקס'!A:G,6,0)+VLOOKUP('תפוקה מצטברת מול אשתקד'!A27,'כלל'!A:G,6,0)+VLOOKUP('תפוקה מצטברת מול אשתקד'!A27,'מור'!A:G,6,0)+VLOOKUP('תפוקה מצטברת מול אשתקד'!A27,'אלטשולר שחם'!A:G,6,0)+VLOOKUP('תפוקה מצטברת מול אשתקד'!A27,'מדיהו '!A:G,6,0)+VLOOKUP('תפוקה מצטברת מול אשתקד'!A27,'אנליסט '!A:G,6,0)+VLOOKUP('תפוקה מצטברת מול אשתקד'!A27,'מיטב דש'!A:G,6,0)+VLOOKUP('תפוקה מצטברת מול אשתקד'!A27,'אינפניטי'!A:G,6,0) -> 200592.29 | K27: =VLOOKUP(A27,'הכשרה'!A:G,7,0)+VLOOKUP('תפוקה מצטברת מול אשתקד'!A27,'מגדל'!A:G,7,0)+VLOOKUP('תפוקה מצטברת מול אשתקד'!A27,'מנורה'!A:G,7,0)+VLOOKUP('תפוקה מצטברת מול אשתקד'!A27,'איילון'!A:G,7,0)+VLOOKUP('תפוקה מצטברת מול אשתקד'!A27,'הראל'!A:G,7,0)+VLOOKUP('תפוקה מצטברת מול אשתקד'!A27,'הפניקס'!A:G,7,0)+VLOOKUP('תפוקה מצטברת מול אשתקד'!A27,'כלל'!A:G,7,0)+VLOOKUP('תפוקה מצטברת מול אשתקד'!A27,'מור'!A:G,7,0)+VLOOKUP('תפוקה מצטברת מול אשתקד'!A27,'אלטשולר שחם'!A:G,7,0)+VLOOKUP('תפוקה מצטברת מול אשתקד'!A27,'מדיהו '!A:K,7,0)+VLOOKUP(A27,'אנליסט '!A:G,7,0)+VLOOKUP('תפוקה מצטברת מול אשתקד'!A27,'מיטב דש'!A:G,7,0)+VLOOKUP('תפוקה מצטברת מול אשתקד'!A27,'אינפניטי'!A:G,7,0) -> 190904 | L27: =VLOOKUP(A27,'הכשרה'!A:K,8,0)+VLOOKUP('תפוקה מצטברת מול אשתקד'!A27,'מגדל'!A:K,8,0)+VLOOKUP('תפוקה מצטברת מול אשתקד'!A27,'מנורה'!A:K,8,0)+VLOOKUP('תפוקה מצטברת מול אשתקד'!A27,'איילון'!A:K,8,0)+VLOOKUP('תפוקה מצטברת מול אשתקד'!A27,'הראל'!A:K,8,0)+VLOOKUP('תפוקה מצטברת מול אשתקד'!A27,'הפניקס'!A:K,8,0)+VLOOKUP('תפוקה מצטברת מול אשתקד'!A27,'כלל'!A:K,8,0)+VLOOKUP('תפוקה מצטברת מול אשתקד'!A27,'מור'!A:K,8,0)+VLOOKUP('תפוקה מצטברת מול אשתקד'!A27,'אלטשולר שחם'!A:K,8,0)+VLOOKUP('תפוקה מצטברת מול אשתקד'!A27,'מדיהו '!A:K,8,0)+VLOOKUP('תפוקה מצטברת מול אשתקד'!A27,'אנליסט '!A:K,8,0)+VLOOKUP('תפוקה מצטברת מול אשתקד'!A27,'מיטב דש'!A:K,8,0)+VLOOKUP('תפוקה מצטברת מול אשתקד'!A27,'אינפניטי'!A:K,8,0) -> 257364.47 | M27: =VLOOKUP(A27,'הכשרה'!A:K,9,0)+VLOOKUP('תפוקה מצטברת מול אשתקד'!A27,'מגדל'!A:K,9,0)+VLOOKUP('תפוקה מצטברת מול אשתקד'!A27,'מנורה'!A:K,9,0)+VLOOKUP('תפוקה מצטברת מול אשתקד'!A27,'איילון'!A:K,9,0)+VLOOKUP('תפוקה מצטברת מול אשתקד'!A27,'הראל'!A:K,9,0)+VLOOKUP('תפוקה מצטברת מול אשתקד'!A27,'הפניקס'!A:K,9,0)+VLOOKUP('תפוקה מצטברת מול אשתקד'!A27,'כלל'!A:K,9,0)+VLOOKUP('תפוקה מצטברת מול אשתקד'!A27,'מור'!A:K,9,0)+VLOOKUP('תפוקה מצטברת מול אשתקד'!A27,'אלטשולר שחם'!A:K,9,0)+VLOOKUP('תפוקה מצטברת מול אשתקד'!A27,'מדיהו '!A:K,9,0)+VLOOKUP('תפוקה מצטברת מול אשתקד'!A27,'אנליסט '!A:K,9,0)+VLOOKUP('תפוקה מצטברת מול אשתקד'!A27,'מיטב דש'!A:K,9,0)+VLOOKUP('תפוקה מצטברת מול אשתקד'!A27,'אינפניטי'!A:K,9,0) -> 56692.893 | N27: =VLOOKUP(A27,'הכשרה'!A:K,10,0)+VLOOKUP('תפוקה מצטברת מול אשתקד'!A27,'מגדל'!A:K,10,0)+VLOOKUP('תפוקה מצטברת מול אשתקד'!A27,'מנורה'!A:K,10,0)+VLOOKUP('תפוקה מצטברת מול אשתקד'!A27,'איילון'!A:K,10,0)+VLOOKUP('תפוקה מצטברת מול אשתקד'!A27,'הראל'!A:K,10,0)+VLOOKUP('תפוקה מצטברת מול אשתקד'!A27,'הפניקס'!A:K,10,0)+VLOOKUP('תפוקה מצטברת מול אשתקד'!A27,'כלל'!A:K,10,0)+VLOOKUP('תפוקה מצטברת מול אשתקד'!A27,'מור'!A:K,10,0)+VLOOKUP('תפוקה מצטברת מול אשתקד'!A27,'אלטשולר שחם'!A:K,10,0)+VLOOKUP('תפוקה מצטברת מול אשתקד'!A27,'מדיהו '!A:K,10,0)+VLOOKUP('תפוקה מצטברת מול אשתקד'!A27,'אנליסט '!A:K,10,0)+VLOOKUP('תפוקה מצטברת מול אשתקד'!A27,'מיטב דש'!A:K,10,0)+VLOOKUP('תפוקה מצטברת מול אשתקד'!A27,'אינפניטי'!A:K,10,0) -> 25741.93 | O27: =VLOOKUP(A27,'הכשרה'!A:K,11,0)+VLOOKUP('תפוקה מצטברת מול אשתקד'!A27,'מגדל'!A:K,11,0)+VLOOKUP('תפוקה מצטברת מול אשתקד'!A27,'מנורה'!A:K,11,0)+VLOOKUP('תפוקה מצטברת מול אשתקד'!A27,'איילון'!A:K,11,0)+VLOOKUP('תפוקה מצטברת מול אשתקד'!A27,'הראל'!A:K,11,0)+VLOOKUP('תפוקה מצטברת מול אשתקד'!A27,'הפניקס'!A:K,11,0)+VLOOKUP('תפוקה מצטברת מול אשתקד'!A27,'כלל'!A:K,11,0)+VLOOKUP('תפוקה מצטברת מול אשתקד'!A27,'מור'!A:K,11,0)+VLOOKUP('תפוקה מצטברת מול אשתקד'!A27,'אלטשולר שחם'!A:K,11,0)+VLOOKUP('תפוקה מצטברת מול אשתקד'!A27,'מדיהו '!A:K,11,0)+VLOOKUP('תפוקה מצטברת מול אשתקד'!A27,'אנליסט '!A:K,11,0)+VLOOKUP('תפוקה מצטברת מול אשתקד'!A27,'מיטב דש'!A:K,11,0)+VLOOKUP('תפוקה מצטברת מול אשתקד'!A27,'אינפניטי'!A:K,11,0) -> 147961.61
A28: שלבי מיסון | B28: ערן גירוני | C28: סוכנים | D28: =IF(H28=0,0%,IF(L28=0,100%,H28/L28-1)) -> -0.74296053 | E28: =IF(I28=0,0%,IF(M28=0,100%,I28/M28-1)) -> 0.003850262 | F28: =IF(J28=0,0%,IF(N28=0,100%,J28/N28-1)) -> 0.7667816 | G28: =IF(K28=0,0%,IF(O28=H51,100%,K28/O28-1)) -> -0.77634375 | H28: =VLOOKUP(A28,'הכשרה'!A:G,4,0)+VLOOKUP('תפוקה מצטברת מול אשתקד'!A28,'מגדל'!A:G,4,0)+VLOOKUP('תפוקה מצטברת מול אשתקד'!A28,'מנורה'!A:G,4,0)+VLOOKUP('תפוקה מצטברת מול אשתקד'!A28,'איילון'!A:G,4,0)+VLOOKUP('תפוקה מצטברת מול אשתקד'!A28,'הראל'!A:G,4,0)+VLOOKUP('תפוקה מצטברת מול אשתקד'!A28,'הפניקס'!A:G,4,0)+VLOOKUP('תפוקה מצטברת מול אשתקד'!A28,'כלל'!A:G,4,0)+VLOOKUP('תפוקה מצטברת מול אשתקד'!A28,'מור'!A:G,4,0)+VLOOKUP('תפוקה מצטברת מול אשתקד'!A28,'אלטשולר שחם'!A:G,4,0)+VLOOKUP('תפוקה מצטברת מול אשתקד'!A28,'מדיהו '!A:G,4,0)+VLOOKUP('תפוקה מצטברת מול אשתקד'!A28,'אנליסט '!A:G,4,0)+VLOOKUP('תפוקה מצטברת מול אשתקד'!A28,'מיטב דש'!A:G,4,0)+VLOOKUP('תפוקה מצטברת מול אשתקד'!A28,'אינפניטי'!A:G,4,0) -> 27454.89 | I28: =VLOOKUP(A28,'הכשרה'!A:G,5,0)+VLOOKUP('תפוקה מצטברת מול אשתקד'!A28,'מגדל'!A:G,5,0)+VLOOKUP('תפוקה מצטברת מול אשתקד'!A28,'מנורה'!A:G,5,0)+VLOOKUP('תפוקה מצטברת מול אשתקד'!A28,'איילון'!A:G,5,0)+VLOOKUP('תפוקה מצטברת מול אשתקד'!A28,'הראל'!A:G,5,0)+VLOOKUP('תפוקה מצטברת מול אשתקד'!A28,'הפניקס'!A:G,5,0)+VLOOKUP('תפוקה מצטברת מול אשתקד'!A28,'כלל'!A:G,5,0)+VLOOKUP('תפוקה מצטברת מול אשתקד'!A28,'מור'!A:G,5,0)+VLOOKUP('תפוקה מצטברת מול אשתקד'!A28,'אלטשולר שחם'!A:G,5,0)+VLOOKUP('תפוקה מצטברת מול אשתקד'!A28,'מדיהו '!A:G,5,0)+VLOOKUP('תפוקה מצטברת מול אשתקד'!A28,'אנליסט '!A:G,5,0)+VLOOKUP('תפוקה מצטברת מול אשתקד'!A28,'מיטב דש'!A:G,5,0)+VLOOKUP('תפוקה מצטברת מול אשתקד'!A28,'אינפניטי'!A:G,5,0) -> 49894.047 | J28: =VLOOKUP(A28,'הכשרה'!A:G,6,0)+VLOOKUP('תפוקה מצטברת מול אשתקד'!A28,'מגדל'!A:G,6,0)+VLOOKUP('תפוקה מצטברת מול אשתקד'!A28,'מנורה'!A:G,6,0)+VLOOKUP('תפוקה מצטברת מול אשתקד'!A28,'איילון'!A:G,6,0)+VLOOKUP(A28,'הראל'!A:G,6,0)+VLOOKUP('תפוקה מצטברת מול אשתקד'!A28,'הפניקס'!A:G,6,0)+VLOOKUP('תפוקה מצטברת מול אשתקד'!A28,'כלל'!A:G,6,0)+VLOOKUP('תפוקה מצטברת מול אשתקד'!A28,'מור'!A:G,6,0)+VLOOKUP('תפוקה מצטברת מול אשתקד'!A28,'אלטשולר שחם'!A:G,6,0)+VLOOKUP('תפוקה מצטברת מול אשתקד'!A28,'מדיהו '!A:G,6,0)+VLOOKUP('תפוקה מצטברת מול אשתקד'!A28,'אנליסט '!A:G,6,0)+VLOOKUP('תפוקה מצטברת מול אשתקד'!A28,'מיטב דש'!A:G,6,0)+VLOOKUP('תפוקה מצטברת מול אשתקד'!A28,'אינפניטי'!A:G,6,0) -> 225184.05 | K28: =VLOOKUP(A28,'הכשרה'!A:G,7,0)+VLOOKUP('תפוקה מצטברת מול אשתקד'!A28,'מגדל'!A:G,7,0)+VLOOKUP('תפוקה מצטברת מול אשתקד'!A28,'מנורה'!A:G,7,0)+VLOOKUP('תפוקה מצטברת מול אשתקד'!A28,'איילון'!A:G,7,0)+VLOOKUP('תפוקה מצטברת מול אשתקד'!A28,'הראל'!A:G,7,0)+VLOOKUP('תפוקה מצטברת מול אשתקד'!A28,'הפניקס'!A:G,7,0)+VLOOKUP('תפוקה מצטברת מול אשתקד'!A28,'כלל'!A:G,7,0)+VLOOKUP('תפוקה מצטברת מול אשתקד'!A28,'מור'!A:G,7,0)+VLOOKUP('תפוקה מצטברת מול אשתקד'!A28,'אלטשולר שחם'!A:G,7,0)+VLOOKUP('תפוקה מצטברת מול אשתקד'!A28,'מדיהו '!A:K,7,0)+VLOOKUP(A28,'אנליסט '!A:G,7,0)+VLOOKUP('תפוקה מצטברת מול אשתקד'!A28,'מיטב דש'!A:G,7,0)+VLOOKUP('תפוקה מצטברת מול אשתקד'!A28,'אינפניטי'!A:G,7,0) -> 59103.61 | L28: =VLOOKUP(A28,'הכשרה'!A:K,8,0)+VLOOKUP('תפוקה מצטברת מול אשתקד'!A28,'מגדל'!A:K,8,0)+VLOOKUP('תפוקה מצטברת מול אשתקד'!A28,'מנורה'!A:K,8,0)+VLOOKUP('תפוקה מצטברת מול אשתקד'!A28,'איילון'!A:K,8,0)+VLOOKUP('תפוקה מצטברת מול אשתקד'!A28,'הראל'!A:K,8,0)+VLOOKUP('תפוקה מצטברת מול אשתקד'!A28,'הפניקס'!A:K,8,0)+VLOOKUP('תפוקה מצטברת מול אשתקד'!A28,'כלל'!A:K,8,0)+VLOOKUP('תפוקה מצטברת מול אשתקד'!A28,'מור'!A:K,8,0)+VLOOKUP('תפוקה מצטברת מול אשתקד'!A28,'אלטשולר שחם'!A:K,8,0)+VLOOKUP('תפוקה מצטברת מול אשתקד'!A28,'מדיהו '!A:K,8,0)+VLOOKUP('תפוקה מצטברת מול אשתקד'!A28,'אנליסט '!A:K,8,0)+VLOOKUP('תפוקה מצטברת מול אשתקד'!A28,'מיטב דש'!A:K,8,0)+VLOOKUP('תפוקה מצטברת מול אשתקד'!A28,'אינפניטי'!A:K,8,0) -> 106811.96 | M28: =VLOOKUP(A28,'הכשרה'!A:K,9,0)+VLOOKUP('תפוקה מצטברת מול אשתקד'!A28,'מגדל'!A:K,9,0)+VLOOKUP('תפוקה מצטברת מול אשתקד'!A28,'מנורה'!A:K,9,0)+VLOOKUP('תפוקה מצטברת מול אשתקד'!A28,'איילון'!A:K,9,0)+VLOOKUP('תפוקה מצטברת מול אשתקד'!A28,'הראל'!A:K,9,0)+VLOOKUP('תפוקה מצטברת מול אשתקד'!A28,'הפניקס'!A:K,9,0)+VLOOKUP('תפוקה מצטברת מול אשתקד'!A28,'כלל'!A:K,9,0)+VLOOKUP('תפוקה מצטברת מול אשתקד'!A28,'מור'!A:K,9,0)+VLOOKUP('תפוקה מצטברת מול אשתקד'!A28,'אלטשולר שחם'!A:K,9,0)+VLOOKUP('תפוקה מצטברת מול אשתקד'!A28,'מדיהו '!A:K,9,0)+VLOOKUP('תפוקה מצטברת מול אשתקד'!A28,'אנליסט '!A:K,9,0)+VLOOKUP('תפוקה מצטברת מול אשתקד'!A28,'מיטב דש'!A:K,9,0)+VLOOKUP('תפוקה מצטברת מול אשתקד'!A28,'אינפניטי'!A:K,9,0) -> 49702.679 | N28: =VLOOKUP(A28,'הכשרה'!A:K,10,0)+VLOOKUP('תפוקה מצטברת מול אשתקד'!A28,'מגדל'!A:K,10,0)+VLOOKUP('תפוקה מצטברת מול אשתקד'!A28,'מנורה'!A:K,10,0)+VLOOKUP('תפוקה מצטברת מול אשתקד'!A28,'איילון'!A:K,10,0)+VLOOKUP('תפוקה מצטברת מול אשתקד'!A28,'הראל'!A:K,10,0)+VLOOKUP('תפוקה מצטברת מול אשתקד'!A28,'הפניקס'!A:K,10,0)+VLOOKUP('תפוקה מצטברת מול אשתקד'!A28,'כלל'!A:K,10,0)+VLOOKUP('תפוקה מצטברת מול אשתקד'!A28,'מור'!A:K,10,0)+VLOOKUP('תפוקה מצטברת מול אשתקד'!A28,'אלטשולר שחם'!A:K,10,0)+VLOOKUP('תפוקה מצטברת מול אשתקד'!A28,'מדיהו '!A:K,10,0)+VLOOKUP('תפוקה מצטברת מול אשתקד'!A28,'אנליסט '!A:K,10,0)+VLOOKUP('תפוקה מצטברת מול אשתקד'!A28,'מיטב דש'!A:K,10,0)+VLOOKUP('תפוקה מצטברת מול אשתקד'!A28,'אינפניטי'!A:K,10,0) -> 127454.38 | O28: =VLOOKUP(A28,'הכשרה'!A:K,11,0)+VLOOKUP('תפוקה מצטברת מול אשתקד'!A28,'מגדל'!A:K,11,0)+VLOOKUP('תפוקה מצטברת מול אשתקד'!A28,'מנורה'!A:K,11,0)+VLOOKUP('תפוקה מצטברת מול אשתקד'!A28,'איילון'!A:K,11,0)+VLOOKUP('תפוקה מצטברת מול אשתקד'!A28,'הראל'!A:K,11,0)+VLOOKUP('תפוקה מצטברת מול אשתקד'!A28,'הפניקס'!A:K,11,0)+VLOOKUP('תפוקה מצטברת מול אשתקד'!A28,'כלל'!A:K,11,0)+VLOOKUP('תפוקה מצטברת מול אשתקד'!A28,'מור'!A:K,11,0)+VLOOKUP('תפוקה מצטברת מול אשתקד'!A28,'אלטשולר שחם'!A:K,11,0)+VLOOKUP('תפוקה מצטברת מול אשתקד'!A28,'מדיהו '!A:K,11,0)+VLOOKUP('תפוקה מצטברת מול אשתקד'!A28,'אנליסט '!A:K,11,0)+VLOOKUP('תפוקה מצטברת מול אשתקד'!A28,'מיטב דש'!A:K,11,0)+VLOOKUP('תפוקה מצטברת מול אשתקד'!A28,'אינפניטי'!A:K,11,0) -> 264260.94
A29: בחוס יוסף | B29: ערן גירוני | C29: סוכנים | D29: =IF(H29=0,0%,IF(L29=0,100%,H29/L29-1)) -> -0.64033552 | E29: =IF(I29=0,0%,IF(M29=0,100%,I29/M29-1)) -> -0.17876867 | F29: =IF(J29=0,0%,IF(N29=0,100%,J29/N29-1)) -> 0.32588052 | G29: =IF(K29=0,0%,IF(O29=H52,100%,K29/O29-1)) -> -0.77875018 | H29: =VLOOKUP(A29,'הכשרה'!A:G,4,0)+VLOOKUP('תפוקה מצטברת מול אשתקד'!A29,'מגדל'!A:G,4,0)+VLOOKUP('תפוקה מצטברת מול אשתקד'!A29,'מנורה'!A:G,4,0)+VLOOKUP('תפוקה מצטברת מול אשתקד'!A29,'איילון'!A:G,4,0)+VLOOKUP('תפוקה מצטברת מול אשתקד'!A29,'הראל'!A:G,4,0)+VLOOKUP('תפוקה מצטברת מול אשתקד'!A29,'הפניקס'!A:G,4,0)+VLOOKUP('תפוקה מצטברת מול אשתקד'!A29,'כלל'!A:G,4,0)+VLOOKUP('תפוקה מצטברת מול אשתקד'!A29,'מור'!A:G,4,0)+VLOOKUP('תפוקה מצטברת מול אשתקד'!A29,'אלטשולר שחם'!A:G,4,0)+VLOOKUP('תפוקה מצטברת מול אשתקד'!A29,'מדיהו '!A:G,4,0)+VLOOKUP('תפוקה מצטברת מול אשתקד'!A29,'אנליסט '!A:G,4,0)+VLOOKUP('תפוקה מצטברת מול אשתקד'!A29,'מיטב דש'!A:G,4,0)+VLOOKUP('תפוקה מצטברת מול אשתקד'!A29,'אינפניטי'!A:G,4,0) -> 481769.03 | I29: =VLOOKUP(A29,'הכשרה'!A:G,5,0)+VLOOKUP('תפוקה מצטברת מול אשתקד'!A29,'מגדל'!A:G,5,0)+VLOOKUP('תפוקה מצטברת מול אשתקד'!A29,'מנורה'!A:G,5,0)+VLOOKUP('תפוקה מצטברת מול אשתקד'!A29,'איילון'!A:G,5,0)+VLOOKUP('תפוקה מצטברת מול אשתקד'!A29,'הראל'!A:G,5,0)+VLOOKUP('תפוקה מצטברת מול אשתקד'!A29,'הפניקס'!A:G,5,0)+VLOOKUP('תפוקה מצטברת מול אשתקד'!A29,'כלל'!A:G,5,0)+VLOOKUP('תפוקה מצטברת מול אשתקד'!A29,'מור'!A:G,5,0)+VLOOKUP('תפוקה מצטברת מול אשתקד'!A29,'אלטשולר שחם'!A:G,5,0)+VLOOKUP('תפוקה מצטברת מול אשתקד'!A29,'מדיהו '!A:G,5,0)+VLOOKUP('תפוקה מצטברת מול אשתקד'!A29,'אנליסט '!A:G,5,0)+VLOOKUP('תפוקה מצטברת מול אשתקד'!A29,'מיטב דש'!A:G,5,0)+VLOOKUP('תפוקה מצטברת מול אשתקד'!A29,'אינפניטי'!A:G,5,0) -> 72345.61 | J29: =VLOOKUP(A29,'הכשרה'!A:G,6,0)+VLOOKUP('תפוקה מצטברת מול אשתקד'!A29,'מגדל'!A:G,6,0)+VLOOKUP('תפוקה מצטברת מול אשתקד'!A29,'מנורה'!A:G,6,0)+VLOOKUP('תפוקה מצטברת מול אשתקד'!A29,'איילון'!A:G,6,0)+VLOOKUP(A29,'הראל'!A:G,6,0)+VLOOKUP('תפוקה מצטברת מול אשתקד'!A29,'הפניקס'!A:G,6,0)+VLOOKUP('תפוקה מצטברת מול אשתקד'!A29,'כלל'!A:G,6,0)+VLOOKUP('תפוקה מצטברת מול אשתקד'!A29,'מור'!A:G,6,0)+VLOOKUP('תפוקה מצטברת מול אשתקד'!A29,'אלטשולר שחם'!A:G,6,0)+VLOOKUP('תפוקה מצטברת מול אשתקד'!A29,'מדיהו '!A:G,6,0)+VLOOKUP('תפוקה מצטברת מול אשתקד'!A29,'אנליסט '!A:G,6,0)+VLOOKUP('תפוקה מצטברת מול אשתקד'!A29,'מיטב דש'!A:G,6,0)+VLOOKUP('תפוקה מצטברת מול אשתקד'!A29,'אינפניטי'!A:G,6,0) -> 1115202.2 | K29: =VLOOKUP(A29,'הכשרה'!A:G,7,0)+VLOOKUP('תפוקה מצטברת מול אשתקד'!A29,'מגדל'!A:G,7,0)+VLOOKUP('תפוקה מצטברת מול אשתקד'!A29,'מנורה'!A:G,7,0)+VLOOKUP('תפוקה מצטברת מול אשתקד'!A29,'איילון'!A:G,7,0)+VLOOKUP('תפוקה מצטברת מול אשתקד'!A29,'הראל'!A:G,7,0)+VLOOKUP('תפוקה מצטברת מול אשתקד'!A29,'הפניקס'!A:G,7,0)+VLOOKUP('תפוקה מצטברת מול אשתקד'!A29,'כלל'!A:G,7,0)+VLOOKUP('תפוקה מצטברת מול אשתקד'!A29,'מור'!A:G,7,0)+VLOOKUP('תפוקה מצטברת מול אשתקד'!A29,'אלטשולר שחם'!A:G,7,0)+VLOOKUP('תפוקה מצטברת מול אשתקד'!A29,'מדיהו '!A:K,7,0)+VLOOKUP(A29,'אנליסט '!A:G,7,0)+VLOOKUP('תפוקה מצטברת מול אשתקד'!A29,'מיטב דש'!A:G,7,0)+VLOOKUP('תפוקה מצטברת מול אשתקד'!A29,'אינפניטי'!A:G,7,0) -> 911002.32 | L29: =VLOOKUP(A29,'הכשרה'!A:K,8,0)+VLOOKUP('תפוקה מצטברת מול אשתקד'!A29,'מגדל'!A:K,8,0)+VLOOKUP('תפוקה מצטברת מול אשתקד'!A29,'מנורה'!A:K,8,0)+VLOOKUP('תפוקה מצטברת מול אשתקד'!A29,'איילון'!A:K,8,0)+VLOOKUP('תפוקה מצטברת מול אשתקד'!A29,'הראל'!A:K,8,0)+VLOOKUP('תפוקה מצטברת מול אשתקד'!A29,'הפניקס'!A:K,8,0)+VLOOKUP('תפוקה מצטברת מול אשתקד'!A29,'כלל'!A:K,8,0)+VLOOKUP('תפוקה מצטברת מול אשתקד'!A29,'מור'!A:K,8,0)+VLOOKUP('תפוקה מצטברת מול אשתקד'!A29,'אלטשולר שחם'!A:K,8,0)+VLOOKUP('תפוקה מצטברת מול אשתקד'!A29,'מדיהו '!A:K,8,0)+VLOOKUP('תפוקה מצטברת מול אשתקד'!A29,'אנליסט '!A:K,8,0)+VLOOKUP('תפוקה מצטברת מול אשתקד'!A29,'מיטב דש'!A:K,8,0)+VLOOKUP('תפוקה מצטברת מול אשתקד'!A29,'אינפניטי'!A:K,8,0) -> 1339495.7 | M29: =VLOOKUP(A29,'הכשרה'!A:K,9,0)+VLOOKUP('תפוקה מצטברת מול אשתקד'!A29,'מגדל'!A:K,9,0)+VLOOKUP('תפוקה מצטברת מול אשתקד'!A29,'מנורה'!A:K,9,0)+VLOOKUP('תפוקה מצטברת מול אשתקד'!A29,'איילון'!A:K,9,0)+VLOOKUP('תפוקה מצטברת מול אשתקד'!A29,'הראל'!A:K,9,0)+VLOOKUP('תפוקה מצטברת מול אשתקד'!A29,'הפניקס'!A:K,9,0)+VLOOKUP('תפוקה מצטברת מול אשתקד'!A29,'כלל'!A:K,9,0)+VLOOKUP('תפוקה מצטברת מול אשתקד'!A29,'מור'!A:K,9,0)+VLOOKUP('תפוקה מצטברת מול אשתקד'!A29,'אלטשולר שחם'!A:K,9,0)+VLOOKUP('תפוקה מצטברת מול אשתקד'!A29,'מדיהו '!A:K,9,0)+VLOOKUP('תפוקה מצטברת מול אשתקד'!A29,'אנליסט '!A:K,9,0)+VLOOKUP('תפוקה מצטברת מול אשתקד'!A29,'מיטב דש'!A:K,9,0)+VLOOKUP('תפוקה מצטברת מול אשתקד'!A29,'אינפניטי'!A:K,9,0) -> 88094.07 | N29: =VLOOKUP(A29,'הכשרה'!A:K,10,0)+VLOOKUP('תפוקה מצטברת מול אשתקד'!A29,'מגדל'!A:K,10,0)+VLOOKUP('תפוקה מצטברת מול אשתקד'!A29,'מנורה'!A:K,10,0)+VLOOKUP('תפוקה מצטברת מול אשתקד'!A29,'איילון'!A:K,10,0)+VLOOKUP('תפוקה מצטברת מול אשתקד'!A29,'הראל'!A:K,10,0)+VLOOKUP('תפוקה מצטברת מול אשתקד'!A29,'הפניקס'!A:K,10,0)+VLOOKUP('תפוקה מצטברת מול אשתקד'!A29,'כלל'!A:K,10,0)+VLOOKUP('תפוקה מצטברת מול אשתקד'!A29,'מור'!A:K,10,0)+VLOOKUP('תפוקה מצטברת מול אשתקד'!A29,'אלטשולר שחם'!A:K,10,0)+VLOOKUP('תפוקה מצטברת מול אשתקד'!A29,'מדיהו '!A:K,10,0)+VLOOKUP('תפוקה מצטברת מול אשתקד'!A29,'אנליסט '!A:K,10,0)+VLOOKUP('תפוקה מצטברת מול אשתקד'!A29,'מיטב דש'!A:K,10,0)+VLOOKUP('תפוקה מצטברת מול אשתקד'!A29,'אינפניטי'!A:K,10,0) -> 841103.06 | O29: =VLOOKUP(A29,'הכשרה'!A:K,11,0)+VLOOKUP('תפוקה מצטברת מול אשתקד'!A29,'מגדל'!A:K,11,0)+VLOOKUP('תפוקה מצטברת מול אשתקד'!A29,'מנורה'!A:K,11,0)+VLOOKUP('תפוקה מצטברת מול אשתקד'!A29,'איילון'!A:K,11,0)+VLOOKUP('תפוקה מצטברת מול אשתקד'!A29,'הראל'!A:K,11,0)+VLOOKUP('תפוקה מצטברת מול אשתקד'!A29,'הפניקס'!A:K,11,0)+VLOOKUP('תפוקה מצטברת מול אשתקד'!A29,'כלל'!A:K,11,0)+VLOOKUP('תפוקה מצטברת מול אשתקד'!A29,'מור'!A:K,11,0)+VLOOKUP('תפוקה מצטברת מול אשתקד'!A29,'אלטשולר שחם'!A:K,11,0)+VLOOKUP('תפוקה מצטברת מול אשתקד'!A29,'מדיהו '!A:K,11,0)+VLOOKUP('תפוקה מצטברת מול אשתקד'!A29,'אנליסט '!A:K,11,0)+VLOOKUP('תפוקה מצטברת מול אשתקד'!A29,'מיטב דש'!A:K,11,0)+VLOOKUP('תפוקה מצטברת מול אשתקד'!A29,'אינפניטי'!A:K,11,0) -> 4117527.9
A30: קליין סיון | B30: ערן גירוני | C30: סוכנים | D30: =IF(H30=0,0%,IF(L30=0,100%,H30/L30-1)) -> 0.086122601 | E30: =IF(I30=0,0%,IF(M30=0,100%,I30/M30-1)) -> -0.050821244 | F30: =IF(J30=0,0%,IF(N30=0,100%,J30/N30-1)) -> 0.0063666889 | G30: =IF(K30=0,0%,IF(O30=H53,100%,K30/O30-1)) -> -1.0993661 | H30: =VLOOKUP(A30,'הכשרה'!A:G,4,0)+VLOOKUP('תפוקה מצטברת מול אשתקד'!A30,'מגדל'!A:G,4,0)+VLOOKUP('תפוקה מצטברת מול אשתקד'!A30,'מנורה'!A:G,4,0)+VLOOKUP('תפוקה מצטברת מול אשתקד'!A30,'איילון'!A:G,4,0)+VLOOKUP('תפוקה מצטברת מול אשתקד'!A30,'הראל'!A:G,4,0)+VLOOKUP('תפוקה מצטברת מול אשתקד'!A30,'הפניקס'!A:G,4,0)+VLOOKUP('תפוקה מצטברת מול אשתקד'!A30,'כלל'!A:G,4,0)+VLOOKUP('תפוקה מצטברת מול אשתקד'!A30,'מור'!A:G,4,0)+VLOOKUP('תפוקה מצטברת מול אשתקד'!A30,'אלטשולר שחם'!A:G,4,0)+VLOOKUP('תפוקה מצטברת מול אשתקד'!A30,'מדיהו '!A:G,4,0)+VLOOKUP('תפוקה מצטברת מול אשתקד'!A30,'אנליסט '!A:G,4,0)+VLOOKUP('תפוקה מצטברת מול אשתקד'!A30,'מיטב דש'!A:G,4,0)+VLOOKUP('תפוקה מצטברת מול אשתקד'!A30,'אינפניטי'!A:G,4,0) -> 882473.35 | I30: =VLOOKUP(A30,'הכשרה'!A:G,5,0)+VLOOKUP('תפוקה מצטברת מול אשתקד'!A30,'מגדל'!A:G,5,0)+VLOOKUP('תפוקה מצטברת מול אשתקד'!A30,'מנורה'!A:G,5,0)+VLOOKUP('תפוקה מצטברת מול אשתקד'!A30,'איילון'!A:G,5,0)+VLOOKUP('תפוקה מצטברת מול אשתקד'!A30,'הראל'!A:G,5,0)+VLOOKUP('תפוקה מצטברת מול אשתקד'!A30,'הפניקס'!A:G,5,0)+VLOOKUP('תפוקה מצטברת מול אשתקד'!A30,'כלל'!A:G,5,0)+VLOOKUP('תפוקה מצטברת מול אשתקד'!A30,'מור'!A:G,5,0)+VLOOKUP('תפוקה מצטברת מול אשתקד'!A30,'אלטשולר שחם'!A:G,5,0)+VLOOKUP('תפוקה מצטברת מול אשתקד'!A30,'מדיהו '!A:G,5,0)+VLOOKUP('תפוקה מצטברת מול אשתקד'!A30,'אנליסט '!A:G,5,0)+VLOOKUP('תפוקה מצטברת מול אשתקד'!A30,'מיטב דש'!A:G,5,0)+VLOOKUP('תפוקה מצטברת מול אשתקד'!A30,'אינפניטי'!A:G,5,0) -> 97901.516 | J30: =VLOOKUP(A30,'הכשרה'!A:G,6,0)+VLOOKUP('תפוקה מצטברת מול אשתקד'!A30,'מגדל'!A:G,6,0)+VLOOKUP('תפוקה מצטברת מול אשתקד'!A30,'מנורה'!A:G,6,0)+VLOOKUP('תפוקה מצטברת מול אשתקד'!A30,'איילון'!A:G,6,0)+VLOOKUP(A30,'הראל'!A:G,6,0)+VLOOKUP('תפוקה מצטברת מול אשתקד'!A30,'הפניקס'!A:G,6,0)+VLOOKUP('תפוקה מצטברת מול אשתקד'!A30,'כלל'!A:G,6,0)+VLOOKUP('תפוקה מצטברת מול אשתקד'!A30,'מור'!A:G,6,0)+VLOOKUP('תפוקה מצטברת מול אשתקד'!A30,'אלטשולר שחם'!A:G,6,0)+VLOOKUP('תפוקה מצטברת מול אשתקד'!A30,'מדיהו '!A:G,6,0)+VLOOKUP('תפוקה מצטברת מול אשתקד'!A30,'אנליסט '!A:G,6,0)+VLOOKUP('תפוקה מצטברת מול אשתקד'!A30,'מיטב דש'!A:G,6,0)+VLOOKUP('תפוקה מצטברת מול אשתקד'!A30,'אינפניטי'!A:G,6,0) -> 2402710 | K30: =VLOOKUP(A30,'הכשרה'!A:G,7,0)+VLOOKUP('תפוקה מצטברת מול אשתקד'!A30,'מגדל'!A:G,7,0)+VLOOKUP('תפוקה מצטברת מול אשתקד'!A30,'מנורה'!A:G,7,0)+VLOOKUP('תפוקה מצטברת מול אשתקד'!A30,'איילון'!A:G,7,0)+VLOOKUP('תפוקה מצטברת מול אשתקד'!A30,'הראל'!A:G,7,0)+VLOOKUP('תפוקה מצטברת מול אשתקד'!A30,'הפניקס'!A:G,7,0)+VLOOKUP('תפוקה מצטברת מול אשתקד'!A30,'כלל'!A:G,7,0)+VLOOKUP('תפוקה מצטברת מול אשתקד'!A30,'מור'!A:G,7,0)+VLOOKUP('תפוקה מצטברת מול אשתקד'!A30,'אלטשולר שחם'!A:G,7,0)+VLOOKUP('תפוקה מצטברת מול אשתקד'!A30,'מדיהו '!A:K,7,0)+VLOOKUP(A30,'אנליסט '!A:G,7,0)+VLOOKUP('תפוקה מצטברת מול אשתקד'!A30,'מיטב דש'!A:G,7,0)+VLOOKUP('תפוקה מצטברת מול אשתקד'!A30,'אינפניטי'!A:G,7,0) -> -380692.3 | L30: =VLOOKUP(A30,'הכשרה'!A:K,8,0)+VLOOKUP('תפוקה מצטברת מול אשתקד'!A30,'מגדל'!A:K,8,0)+VLOOKUP('תפוקה מצטברת מול אשתקד'!A30,'מנורה'!A:K,8,0)+VLOOKUP('תפוקה מצטברת מול אשתקד'!A30,'איילון'!A:K,8,0)+VLOOKUP('תפוקה מצטברת מול אשתקד'!A30,'הראל'!A:K,8,0)+VLOOKUP('תפוקה מצטברת מול אשתקד'!A30,'הפניקס'!A:K,8,0)+VLOOKUP('תפוקה מצטברת מול אשתקד'!A30,'כלל'!A:K,8,0)+VLOOKUP('תפוקה מצטברת מול אשתקד'!A30,'מור'!A:K,8,0)+VLOOKUP('תפוקה מצטברת מול אשתקד'!A30,'אלטשולר שחם'!A:K,8,0)+VLOOKUP('תפוקה מצטברת מול אשתקד'!A30,'מדיהו '!A:K,8,0)+VLOOKUP('תפוקה מצטברת מול אשתקד'!A30,'אנליסט '!A:K,8,0)+VLOOKUP('תפוקה מצטברת מול אשתקד'!A30,'מיטב דש'!A:K,8,0)+VLOOKUP('תפוקה מצטברת מול אשתקד'!A30,'אינפניטי'!A:K,8,0) -> 812498.83 | M30: =VLOOKUP(A30,'הכשרה'!A:K,9,0)+VLOOKUP('תפוקה מצטברת מול אשתקד'!A30,'מגדל'!A:K,9,0)+VLOOKUP('תפוקה מצטברת מול אשתקד'!A30,'מנורה'!A:K,9,0)+VLOOKUP('תפוקה מצטברת מול אשתקד'!A30,'איילון'!A:K,9,0)+VLOOKUP('תפוקה מצטברת מול אשתקד'!A30,'הראל'!A:K,9,0)+VLOOKUP('תפוקה מצטברת מול אשתקד'!A30,'הפניקס'!A:K,9,0)+VLOOKUP('תפוקה מצטברת מול אשתקד'!A30,'כלל'!A:K,9,0)+VLOOKUP('תפוקה מצטברת מול אשתקד'!A30,'מור'!A:K,9,0)+VLOOKUP('תפוקה מצטברת מול אשתקד'!A30,'אלטשולר שחם'!A:K,9,0)+VLOOKUP('תפוקה מצטברת מול אשתקד'!A30,'מדיהו '!A:K,9,0)+VLOOKUP('תפוקה מצטברת מול אשתקד'!A30,'אנליסט '!A:K,9,0)+VLOOKUP('תפוקה מצטברת מול אשתקד'!A30,'מיטב דש'!A:K,9,0)+VLOOKUP('תפוקה מצטברת מול אשתקד'!A30,'אינפניטי'!A:K,9,0) -> 103143.39 | N30: =VLOOKUP(A30,'הכשרה'!A:K,10,0)+VLOOKUP('תפוקה מצטברת מול אשתקד'!A30,'מגדל'!A:K,10,0)+VLOOKUP('תפוקה מצטברת מול אשתקד'!A30,'מנורה'!A:K,10,0)+VLOOKUP('תפוקה מצטברת מול אשתקד'!A30,'איילון'!A:K,10,0)+VLOOKUP('תפוקה מצטברת מול אשתקד'!A30,'הראל'!A:K,10,0)+VLOOKUP('תפוקה מצטברת מול אשתקד'!A30,'הפניקס'!A:K,10,0)+VLOOKUP('תפוקה מצטברת מול אשתקד'!A30,'כלל'!A:K,10,0)+VLOOKUP('תפוקה מצטברת מול אשתקד'!A30,'מור'!A:K,10,0)+VLOOKUP('תפוקה מצטברת מול אשתקד'!A30,'אלטשולר שחם'!A:K,10,0)+VLOOKUP('תפוקה מצטברת מול אשתקד'!A30,'מדיהו '!A:K,10,0)+VLOOKUP('תפוקה מצטברת מול אשתקד'!A30,'אנליסט '!A:K,10,0)+VLOOKUP('תפוקה מצטברת מול אשתקד'!A30,'מיטב דש'!A:K,10,0)+VLOOKUP('תפוקה מצטברת מול אשתקד'!A30,'אינפניטי'!A:K,10,0) -> 2387509.5 | O30: =VLOOKUP(A30,'הכשרה'!A:K,11,0)+VLOOKUP('תפוקה מצטברת מול אשתקד'!A30,'מגדל'!A:K,11,0)+VLOOKUP('תפוקה מצטברת מול אשתקד'!A30,'מנורה'!A:K,11,0)+VLOOKUP('תפוקה מצטברת מול אשתקד'!A30,'איילון'!A:K,11,0)+VLOOKUP('תפוקה מצטברת מול אשתקד'!A30,'הראל'!A:K,11,0)+VLOOKUP('תפוקה מצטברת מול אשתקד'!A30,'הפניקס'!A:K,11,0)+VLOOKUP('תפוקה מצטברת מול אשתקד'!A30,'כלל'!A:K,11,0)+VLOOKUP('תפוקה מצטברת מול אשתקד'!A30,'מור'!A:K,11,0)+VLOOKUP('תפוקה מצטברת מול אשתקד'!A30,'אלטשולר שחם'!A:K,11,0)+VLOOKUP('תפוקה מצטברת מול אשתקד'!A30,'מדיהו '!A:K,11,0)+VLOOKUP('תפוקה מצטברת מול אשתקד'!A30,'אנליסט '!A:K,11,0)+VLOOKUP('תפוקה מצטברת מול אשתקד'!A30,'מיטב דש'!A:K,11,0)+VLOOKUP('תפוקה מצטברת מול אשתקד'!A30,'אינפניטי'!A:K,11,0) -> 3831208.2
A31: צקותאי אורי | B31: ערן גירוני | C31: סוכנים | D31: =IF(H31=0,0%,IF(L31=0,100%,H31/L31-1)) -> 0 | E31: =IF(I31=0,0%,IF(M31=0,100%,I31/M31-1)) -> -0.9944126 | F31: =IF(J31=0,0%,IF(N31=0,100%,J31/N31-1)) -> 0 | G31: =IF(K31=0,0%,IF(O31=H55,100%,K31/O31-1)) -> 0 | H31: =VLOOKUP(A31,'הכשרה'!A:G,4,0)+VLOOKUP('תפוקה מצטברת מול אשתקד'!A31,'מגדל'!A:G,4,0)+VLOOKUP('תפוקה מצטברת מול אשתקד'!A31,'מנורה'!A:G,4,0)+VLOOKUP('תפוקה מצטברת מול אשתקד'!A31,'איילון'!A:G,4,0)+VLOOKUP('תפוקה מצטברת מול אשתקד'!A31,'הראל'!A:G,4,0)+VLOOKUP('תפוקה מצטברת מול אשתקד'!A31,'הפניקס'!A:G,4,0)+VLOOKUP('תפוקה מצטברת מול אשתקד'!A31,'כלל'!A:G,4,0)+VLOOKUP('תפוקה מצטברת מול אשתקד'!A31,'מור'!A:G,4,0)+VLOOKUP('תפוקה מצטברת מול אשתקד'!A31,'אלטשולר שחם'!A:G,4,0)+VLOOKUP('תפוקה מצטברת מול אשתקד'!A31,'מדיהו '!A:G,4,0)+VLOOKUP('תפוקה מצטברת מול אשתקד'!A31,'אנליסט '!A:G,4,0)+VLOOKUP('תפוקה מצטברת מול אשתקד'!A31,'מיטב דש'!A:G,4,0)+VLOOKUP('תפוקה מצטברת מול אשתקד'!A31,'אינפניטי'!A:G,4,0) -> 0 | I31: =VLOOKUP(A31,'הכשרה'!A:G,5,0)+VLOOKUP('תפוקה מצטברת מול אשתקד'!A31,'מגדל'!A:G,5,0)+VLOOKUP('תפוקה מצטברת מול אשתקד'!A31,'מנורה'!A:G,5,0)+VLOOKUP('תפוקה מצטברת מול אשתקד'!A31,'איילון'!A:G,5,0)+VLOOKUP('תפוקה מצטברת מול אשתקד'!A31,'הראל'!A:G,5,0)+VLOOKUP('תפוקה מצטברת מול אשתקד'!A31,'הפניקס'!A:G,5,0)+VLOOKUP('תפוקה מצטברת מול אשתקד'!A31,'כלל'!A:G,5,0)+VLOOKUP('תפוקה מצטברת מול אשתקד'!A31,'מור'!A:G,5,0)+VLOOKUP('תפוקה מצטברת מול אשתקד'!A31,'אלטשולר שחם'!A:G,5,0)+VLOOKUP('תפוקה מצטברת מול אשתקד'!A31,'מדיהו '!A:G,5,0)+VLOOKUP('תפוקה מצטברת מול אשתקד'!A31,'אנליסט '!A:G,5,0)+VLOOKUP('תפוקה מצטברת מול אשתקד'!A31,'מיטב דש'!A:G,5,0)+VLOOKUP('תפוקה מצטברת מול אשתקד'!A31,'אינפניטי'!A:G,5,0) -> 9.77 | J31: =VLOOKUP(A31,'הכשרה'!A:G,6,0)+VLOOKUP('תפוקה מצטברת מול אשתקד'!A31,'מגדל'!A:G,6,0)+VLOOKUP('תפוקה מצטברת מול אשתקד'!A31,'מנורה'!A:G,6,0)+VLOOKUP('תפוקה מצטברת מול אשתקד'!A31,'איילון'!A:G,6,0)+VLOOKUP(A31,'הראל'!A:G,6,0)+VLOOKUP('תפוקה מצטברת מול אשתקד'!A31,'הפניקס'!A:G,6,0)+VLOOKUP('תפוקה מצטברת מול אשתקד'!A31,'כלל'!A:G,6,0)+VLOOKUP('תפוקה מצטברת מול אשתקד'!A31,'מור'!A:G,6,0)+VLOOKUP('תפוקה מצטברת מול אשתקד'!A31,'אלטשולר שחם'!A:G,6,0)+VLOOKUP('תפוקה מצטברת מול אשתקד'!A31,'מדיהו '!A:G,6,0)+VLOOKUP('תפוקה מצטברת מול אשתקד'!A31,'אנליסט '!A:G,6,0)+VLOOKUP('תפוקה מצטברת מול אשתקד'!A31,'מיטב דש'!A:G,6,0)+VLOOKUP('תפוקה מצטברת מול אשתקד'!A31,'אינפניטי'!A:G,6,0) -> 0 | K31: =VLOOKUP(A31,'הכשרה'!A:G,7,0)+VLOOKUP('תפוקה מצטברת מול אשתקד'!A31,'מגדל'!A:G,7,0)+VLOOKUP('תפוקה מצטברת מול אשתקד'!A31,'מנורה'!A:G,7,0)+VLOOKUP('תפוקה מצטברת מול אשתקד'!A31,'איילון'!A:G,7,0)+VLOOKUP('תפוקה מצטברת מול אשתקד'!A31,'הראל'!A:G,7,0)+VLOOKUP('תפוקה מצטברת מול אשתקד'!A31,'הפניקס'!A:G,7,0)+VLOOKUP('תפוקה מצטברת מול אשתקד'!A31,'כלל'!A:G,7,0)+VLOOKUP('תפוקה מצטברת מול אשתקד'!A31,'מור'!A:G,7,0)+VLOOKUP('תפוקה מצטברת מול אשתקד'!A31,'אלטשולר שחם'!A:G,7,0)+VLOOKUP('תפוקה מצטברת מול אשתקד'!A31,'מדיהו '!A:K,7,0)+VLOOKUP(A31,'אנליסט '!A:G,7,0)+VLOOKUP('תפוקה מצטברת מול אשתקד'!A31,'מיטב דש'!A:G,7,0)+VLOOKUP('תפוקה מצטברת מול אשתקד'!A31,'אינפניטי'!A:G,7,0) -> 0 | L31: =VLOOKUP(A31,'הכשרה'!A:K,8,0)+VLOOKUP('תפוקה מצטברת מול אשתקד'!A31,'מגדל'!A:K,8,0)+VLOOKUP('תפוקה מצטברת מול אשתקד'!A31,'מנורה'!A:K,8,0)+VLOOKUP('תפוקה מצטברת מול אשתקד'!A31,'איילון'!A:K,8,0)+VLOOKUP('תפוקה מצטברת מול אשתקד'!A31,'הראל'!A:K,8,0)+VLOOKUP('תפוקה מצטברת מול אשתקד'!A31,'הפניקס'!A:K,8,0)+VLOOKUP('תפוקה מצטברת מול אשתקד'!A31,'כלל'!A:K,8,0)+VLOOKUP('תפוקה מצטברת מול אשתקד'!A31,'מור'!A:K,8,0)+VLOOKUP('תפוקה מצטברת מול אשתקד'!A31,'אלטשולר שחם'!A:K,8,0)+VLOOKUP('תפוקה מצטברת מול אשתקד'!A31,'מדיהו '!A:K,8,0)+VLOOKUP('תפוקה מצטברת מול אשתקד'!A31,'אנליסט '!A:K,8,0)+VLOOKUP('תפוקה מצטברת מול אשתקד'!A31,'מיטב דש'!A:K,8,0)+VLOOKUP('תפוקה מצטברת מול אשתקד'!A31,'אינפניטי'!A:K,8,0) -> 0 | M31: =VLOOKUP(A31,'הכשרה'!A:K,9,0)+VLOOKUP('תפוקה מצטברת מול אשתקד'!A31,'מגדל'!A:K,9,0)+VLOOKUP('תפוקה מצטברת מול אשתקד'!A31,'מנורה'!A:K,9,0)+VLOOKUP('תפוקה מצטברת מול אשתקד'!A31,'איילון'!A:K,9,0)+VLOOKUP('תפוקה מצטברת מול אשתקד'!A31,'הראל'!A:K,9,0)+VLOOKUP('תפוקה מצטברת מול אשתקד'!A31,'הפניקס'!A:K,9,0)+VLOOKUP('תפוקה מצטברת מול אשתקד'!A31,'כלל'!A:K,9,0)+VLOOKUP('תפוקה מצטברת מול אשתקד'!A31,'מור'!A:K,9,0)+VLOOKUP('תפוקה מצטברת מול אשתקד'!A31,'אלטשולר שחם'!A:K,9,0)+VLOOKUP('תפוקה מצטברת מול אשתקד'!A31,'מדיהו '!A:K,9,0)+VLOOKUP('תפוקה מצטברת מול אשתקד'!A31,'אנליסט '!A:K,9,0)+VLOOKUP('תפוקה מצטברת מול אשתקד'!A31,'מיטב דש'!A:K,9,0)+VLOOKUP('תפוקה מצטברת מול אשתקד'!A31,'אינפניטי'!A:K,9,0) -> 1748.578 | N31: =VLOOKUP(A31,'הכשרה'!A:K,10,0)+VLOOKUP('תפוקה מצטברת מול אשתקד'!A31,'מגדל'!A:K,10,0)+VLOOKUP('תפוקה מצטברת מול אשתקד'!A31,'מנורה'!A:K,10,0)+VLOOKUP('תפוקה מצטברת מול אשתקד'!A31,'איילון'!A:K,10,0)+VLOOKUP('תפוקה מצטברת מול אשתקד'!A31,'הראל'!A:K,10,0)+VLOOKUP('תפוקה מצטברת מול אשתקד'!A31,'הפניקס'!A:K,10,0)+VLOOKUP('תפוקה מצטברת מול אשתקד'!A31,'כלל'!A:K,10,0)+VLOOKUP('תפוקה מצטברת מול אשתקד'!A31,'מור'!A:K,10,0)+VLOOKUP('תפוקה מצטברת מול אשתקד'!A31,'אלטשולר שחם'!A:K,10,0)+VLOOKUP('תפוקה מצטברת מול אשתקד'!A31,'מדיהו '!A:K,10,0)+VLOOKUP('תפוקה מצטברת מול אשתקד'!A31,'אנליסט '!A:K,10,0)+VLOOKUP('תפוקה מצטברת מול אשתקד'!A31,'מיטב דש'!A:K,10,0)+VLOOKUP('תפוקה מצטברת מול אשתקד'!A31,'אינפניטי'!A:K,10,0) -> 0 | O31: =VLOOKUP(A31,'הכשרה'!A:K,11,0)+VLOOKUP('תפוקה מצטברת מול אשתקד'!A31,'מגדל'!A:K,11,0)+VLOOKUP('תפוקה מצטברת מול אשתקד'!A31,'מנורה'!A:K,11,0)+VLOOKUP('תפוקה מצטברת מול אשתקד'!A31,'איילון'!A:K,11,0)+VLOOKUP('תפוקה מצטברת מול אשתקד'!A31,'הראל'!A:K,11,0)+VLOOKUP('תפוקה מצטברת מול אשתקד'!A31,'הפניקס'!A:K,11,0)+VLOOKUP('תפוקה מצטברת מול אשתקד'!A31,'כלל'!A:K,11,0)+VLOOKUP('תפוקה מצטברת מול אשתקד'!A31,'מור'!A:K,11,0)+VLOOKUP('תפוקה מצטברת מול אשתקד'!A31,'אלטשולר שחם'!A:K,11,0)+VLOOKUP('תפוקה מצטברת מול אשתקד'!A31,'מדיהו '!A:K,11,0)+VLOOKUP('תפוקה מצטברת מול אשתקד'!A31,'אנליסט '!A:K,11,0)+VLOOKUP('תפוקה מצטברת מול אשתקד'!A31,'מיטב דש'!A:K,11,0)+VLOOKUP('תפוקה מצטברת מול אשתקד'!A31,'אינפניטי'!A:K,11,0) -> 0
A32: סמיר בלאן | B32: ערן גירוני | C32: סוכנים | D32: =IF(H32=0,0%,IF(L32=0,100%,H32/L32-1)) -> -2.2817243 | E32: =IF(I32=0,0%,IF(M32=0,100%,I32/M32-1)) -> 0.0022419332 | F32: =IF(J32=0,0%,IF(N32=0,100%,J32/N32-1)) -> -0.31094234 | G32: =IF(K32=0,0%,IF(O32=H56,100%,K32/O32-1)) -> #DIV/0! | H32: =VLOOKUP(A32,'הכשרה'!A:G,4,0)+VLOOKUP('תפוקה מצטברת מול אשתקד'!A32,'מגדל'!A:G,4,0)+VLOOKUP('תפוקה מצטברת מול אשתקד'!A32,'מנורה'!A:G,4,0)+VLOOKUP('תפוקה מצטברת מול אשתקד'!A32,'איילון'!A:G,4,0)+VLOOKUP('תפוקה מצטברת מול אשתקד'!A32,'הראל'!A:G,4,0)+VLOOKUP('תפוקה מצטברת מול אשתקד'!A32,'הפניקס'!A:G,4,0)+VLOOKUP('תפוקה מצטברת מול אשתקד'!A32,'כלל'!A:G,4,0)+VLOOKUP('תפוקה מצטברת מול אשתקד'!A32,'מור'!A:G,4,0)+VLOOKUP('תפוקה מצטברת מול אשתקד'!A32,'אלטשולר שחם'!A:G,4,0)+VLOOKUP('תפוקה מצטברת מול אשתקד'!A32,'מדיהו '!A:G,4,0)+VLOOKUP('תפוקה מצטברת מול אשתקד'!A32,'אנליסט '!A:G,4,0)+VLOOKUP('תפוקה מצטברת מול אשתקד'!A32,'מיטב דש'!A:G,4,0)+VLOOKUP('תפוקה מצטברת מול אשתקד'!A32,'אינפניטי'!A:G,4,0) -> 41053.827 | I32: =VLOOKUP(A32,'הכשרה'!A:G,5,0)+VLOOKUP('תפוקה מצטברת מול אשתקד'!A32,'מגדל'!A:G,5,0)+VLOOKUP('תפוקה מצטברת מול אשתקד'!A32,'מנורה'!A:G,5,0)+VLOOKUP('תפוקה מצטברת מול אשתקד'!A32,'איילון'!A:G,5,0)+VLOOKUP('תפוקה מצטברת מול אשתקד'!A32,'הראל'!A:G,5,0)+VLOOKUP('תפוקה מצטברת מול אשתקד'!A32,'הפניקס'!A:G,5,0)+VLOOKUP('תפוקה מצטברת מול אשתקד'!A32,'כלל'!A:G,5,0)+VLOOKUP('תפוקה מצטברת מול אשתקד'!A32,'מור'!A:G,5,0)+VLOOKUP('תפוקה מצטברת מול אשתקד'!A32,'אלטשולר שחם'!A:G,5,0)+VLOOKUP('תפוקה מצטברת מול אשתקד'!A32,'מדיהו '!A:G,5,0)+VLOOKUP('תפוקה מצטברת מול אשתקד'!A32,'אנליסט '!A:G,5,0)+VLOOKUP('תפוקה מצטברת מול אשתקד'!A32,'מיטב דש'!A:G,5,0)+VLOOKUP('תפוקה מצטברת מול אשתקד'!A32,'אינפניטי'!A:G,5,0) -> 4875.2299 | J32: =VLOOKUP(A32,'הכשרה'!A:G,6,0)+VLOOKUP('תפוקה מצטברת מול אשתקד'!A32,'מגדל'!A:G,6,0)+VLOOKUP('תפוקה מצטברת מול אשתקד'!A32,'מנורה'!A:G,6,0)+VLOOKUP('תפוקה מצטברת מול אשתקד'!A32,'איילון'!A:G,6,0)+VLOOKUP(A32,'הראל'!A:G,6,0)+VLOOKUP('תפוקה מצטברת מול אשתקד'!A32,'הפניקס'!A:G,6,0)+VLOOKUP('תפוקה מצטברת מול אשתקד'!A32,'כלל'!A:G,6,0)+VLOOKUP('תפוקה מצטברת מול אשתקד'!A32,'מור'!A:G,6,0)+VLOOKUP('תפוקה מצטברת מול אשתקד'!A32,'אלטשולר שחם'!A:G,6,0)+VLOOKUP('תפוקה מצטברת מול אשתקד'!A32,'מדיהו '!A:G,6,0)+VLOOKUP('תפוקה מצטברת מול אשתקד'!A32,'אנליסט '!A:G,6,0)+VLOOKUP('תפוקה מצטברת מול אשתקד'!A32,'מיטב דש'!A:G,6,0)+VLOOKUP('תפוקה מצטברת מול אשתקד'!A32,'אינפניטי'!A:G,6,0) -> 45585.684 | K32: =VLOOKUP(A32,'הכשרה'!A:G,7,0)+VLOOKUP('תפוקה מצטברת מול אשתקד'!A32,'מגדל'!A:G,7,0)+VLOOKUP('תפוקה מצטברת מול אשתקד'!A32,'מנורה'!A:G,7,0)+VLOOKUP('תפוקה מצטברת מול אשתקד'!A32,'איילון'!A:G,7,0)+VLOOKUP('תפוקה מצטברת מול אשתקד'!A32,'הראל'!A:G,7,0)+VLOOKUP('תפוקה מצטברת מול אשתקד'!A32,'הפניקס'!A:G,7,0)+VLOOKUP('תפוקה מצטברת מול אשתקד'!A32,'כלל'!A:G,7,0)+VLOOKUP('תפוקה מצטברת מול אשתקד'!A32,'מור'!A:G,7,0)+VLOOKUP('תפוקה מצטברת מול אשתקד'!A32,'אלטשולר שחם'!A:G,7,0)+VLOOKUP('תפוקה מצטברת מול אשתקד'!A32,'מדיהו '!A:K,7,0)+VLOOKUP(A32,'אנליסט '!A:G,7,0)+VLOOKUP('תפוקה מצטברת מול אשתקד'!A32,'מיטב דש'!A:G,7,0)+VLOOKUP('תפוקה מצטברת מול אשתקד'!A32,'אינפניטי'!A:G,7,0) -> 14254.46 | L32: =VLOOKUP(A32,'הכשרה'!A:K,8,0)+VLOOKUP('תפוקה מצטברת מול אשתקד'!A32,'מגדל'!A:K,8,0)+VLOOKUP('תפוקה מצטברת מול אשתקד'!A32,'מנורה'!A:K,8,0)+VLOOKUP('תפוקה מצטברת מול אשתקד'!A32,'איילון'!A:K,8,0)+VLOOKUP('תפוקה מצטברת מול אשתקד'!A32,'הראל'!A:K,8,0)+VLOOKUP('תפוקה מצטברת מול אשתקד'!A32,'הפניקס'!A:K,8,0)+VLOOKUP('תפוקה מצטברת מול אשתקד'!A32,'כלל'!A:K,8,0)+VLOOKUP('תפוקה מצטברת מול אשתקד'!A32,'מור'!A:K,8,0)+VLOOKUP('תפוקה מצטברת מול אשתקד'!A32,'אלטשולר שחם'!A:K,8,0)+VLOOKUP('תפוקה מצטברת מול אשתקד'!A32,'מדיהו '!A:K,8,0)+VLOOKUP('תפוקה מצטברת מול אשתקד'!A32,'אנליסט '!A:K,8,0)+VLOOKUP('תפוקה מצטברת מול אשתקד'!A32,'מיטב דש'!A:K,8,0)+VLOOKUP('תפוקה מצטברת מול אשתקד'!A32,'אינפניטי'!A:K,8,0) -> -32030.153 | M32: =VLOOKUP(A32,'הכשרה'!A:K,9,0)+VLOOKUP('תפוקה מצטברת מול אשתקד'!A32,'מגדל'!A:K,9,0)+VLOOKUP('תפוקה מצטברת מול אשתקד'!A32,'מנורה'!A:K,9,0)+VLOOKUP('תפוקה מצטברת מול אשתקד'!A32,'איילון'!A:K,9,0)+VLOOKUP('תפוקה מצטברת מול אשתקד'!A32,'הראל'!A:K,9,0)+VLOOKUP('תפוקה מצטברת מול אשתקד'!A32,'הפניקס'!A:K,9,0)+VLOOKUP('תפוקה מצטברת מול אשתקד'!A32,'כלל'!A:K,9,0)+VLOOKUP('תפוקה מצטברת מול אשתקד'!A32,'מור'!A:K,9,0)+VLOOKUP('תפוקה מצטברת מול אשתקד'!A32,'אלטשולר שחם'!A:K,9,0)+VLOOKUP('תפוקה מצטברת מול אשתקד'!A32,'מדיהו '!A:K,9,0)+VLOOKUP('תפוקה מצטברת מול אשתקד'!A32,'אנליסט '!A:K,9,0)+VLOOKUP('תפוקה מצטברת מול אשתקד'!A32,'מיטב דש'!A:K,9,0)+VLOOKUP('תפוקה מצטברת מול אשתקד'!A32,'אינפניטי'!A:K,9,0) -> 4864.3244 | N32: =VLOOKUP(A32,'הכשרה'!A:K,10,0)+VLOOKUP('תפוקה מצטברת מול אשתקד'!A32,'מגדל'!A:K,10,0)+VLOOKUP('תפוקה מצטברת מול אשתקד'!A32,'מנורה'!A:K,10,0)+VLOOKUP('תפוקה מצטברת מול אשתקד'!A32,'איילון'!A:K,10,0)+VLOOKUP('תפוקה מצטברת מול אשתקד'!A32,'הראל'!A:K,10,0)+VLOOKUP('תפוקה מצטברת מול אשתקד'!A32,'הפניקס'!A:K,10,0)+VLOOKUP('תפוקה מצטברת מול אשתקד'!A32,'כלל'!A:K,10,0)+VLOOKUP('תפוקה מצטברת מול אשתקד'!A32,'מור'!A:K,10,0)+VLOOKUP('תפוקה מצטברת מול אשתקד'!A32,'אלטשולר שחם'!A:K,10,0)+VLOOKUP('תפוקה מצטברת מול אשתקד'!A32,'מדיהו '!A:K,10,0)+VLOOKUP('תפוקה מצטברת מול אשתקד'!A32,'אנליסט '!A:K,10,0)+VLOOKUP('תפוקה מצטברת מול אשתקד'!A32,'מיטב דש'!A:K,10,0)+VLOOKUP('תפוקה מצטברת מול אשתקד'!A32,'אינפניטי'!A:K,10,0) -> 66156.559 | O32: =VLOOKUP(A32,'הכשרה'!A:K,11,0)+VLOOKUP('תפוקה מצטברת מול אשתקד'!A32,'מגדל'!A:K,11,0)+VLOOKUP('תפוקה מצטברת מול אשתקד'!A32,'מנורה'!A:K,11,0)+VLOOKUP('תפוקה מצטברת מול אשתקד'!A32,'איילון'!A:K,11,0)+VLOOKUP('תפוקה מצטברת מול אשתקד'!A32,'הראל'!A:K,11,0)+VLOOKUP('תפוקה מצטברת מול אשתקד'!A32,'הפניקס'!A:K,11,0)+VLOOKUP('תפוקה מצטברת מול אשתקד'!A32,'כלל'!A:K,11,0)+VLOOKUP('תפוקה מצטברת מול אשתקד'!A32,'מור'!A:K,11,0)+VLOOKUP('תפוקה מצטברת מול אשתקד'!A32,'אלטשולר שחם'!A:K,11,0)+VLOOKUP('תפוקה מצטברת מול אשתקד'!A32,'מדיהו '!A:K,11,0)+VLOOKUP('תפוקה מצטברת מול אשתקד'!A32,'אנליסט '!A:K,11,0)+VLOOKUP('תפוקה מצטברת מול אשתקד'!A32,'מיטב דש'!A:K,11,0)+VLOOKUP('תפוקה מצטברת מול אשתקד'!A32,'אינפניטי'!A:K,11,0) -> 0
A33: רן בסין | B33: ערן גירוני | C33: סוכנים | D33: =IF(H33=0,0%,IF(L33=0,100%,H33/L33-1)) -> 0 | E33: =IF(I33=0,0%,IF(M33=0,100%,I33/M33-1)) -> 0 | F33: =IF(J33=0,0%,IF(N33=0,100%,J33/N33-1)) -> 0 | G33: =IF(K33=0,0%,IF(O33=H57,100%,K33/O33-1)) -> 0 | H33: =VLOOKUP(A33,'הכשרה'!A:G,4,0)+VLOOKUP('תפוקה מצטברת מול אשתקד'!A33,'מגדל'!A:G,4,0)+VLOOKUP('תפוקה מצטברת מול אשתקד'!A33,'מנורה'!A:G,4,0)+VLOOKUP('תפוקה מצטברת מול אשתקד'!A33,'איילון'!A:G,4,0)+VLOOKUP('תפוקה מצטברת מול אשתקד'!A33,'הראל'!A:G,4,0)+VLOOKUP('תפוקה מצטברת מול אשתקד'!A33,'הפניקס'!A:G,4,0)+VLOOKUP('תפוקה מצטברת מול אשתקד'!A33,'כלל'!A:G,4,0)+VLOOKUP('תפוקה מצטברת מול אשתקד'!A33,'מור'!A:G,4,0)+VLOOKUP('תפוקה מצטברת מול אשתקד'!A33,'אלטשולר שחם'!A:G,4,0)+VLOOKUP('תפוקה מצטברת מול אשתקד'!A33,'מדיהו '!A:G,4,0)+VLOOKUP('תפוקה מצטברת מול אשתקד'!A33,'אנליסט '!A:G,4,0)+VLOOKUP('תפוקה מצטברת מול אשתקד'!A33,'מיטב דש'!A:G,4,0)+VLOOKUP('תפוקה מצטברת מול אשתקד'!A33,'אינפניטי'!A:G,4,0) -> 0 | I33: =VLOOKUP(A33,'הכשרה'!A:G,5,0)+VLOOKUP('תפוקה מצטברת מול אשתקד'!A33,'מגדל'!A:G,5,0)+VLOOKUP('תפוקה מצטברת מול אשתקד'!A33,'מנורה'!A:G,5,0)+VLOOKUP('תפוקה מצטברת מול אשתקד'!A33,'איילון'!A:G,5,0)+VLOOKUP('תפוקה מצטברת מול אשתקד'!A33,'הראל'!A:G,5,0)+VLOOKUP('תפוקה מצטברת מול אשתקד'!A33,'הפניקס'!A:G,5,0)+VLOOKUP('תפוקה מצטברת מול אשתקד'!A33,'כלל'!A:G,5,0)+VLOOKUP('תפוקה מצטברת מול אשתקד'!A33,'מור'!A:G,5,0)+VLOOKUP('תפוקה מצטברת מול אשתקד'!A33,'אלטשולר שחם'!A:G,5,0)+VLOOKUP('תפוקה מצטברת מול אשתקד'!A33,'מדיהו '!A:G,5,0)+VLOOKUP('תפוקה מצטברת מול אשתקד'!A33,'אנליסט '!A:G,5,0)+VLOOKUP('תפוקה מצטברת מול אשתקד'!A33,'מיטב דש'!A:G,5,0)+VLOOKUP('תפוקה מצטברת מול אשתקד'!A33,'אינפניטי'!A:G,5,0) -> 0 | J33: =VLOOKUP(A33,'הכשרה'!A:G,6,0)+VLOOKUP('תפוקה מצטברת מול אשתקד'!A33,'מגדל'!A:G,6,0)+VLOOKUP('תפוקה מצטברת מול אשתקד'!A33,'מנורה'!A:G,6,0)+VLOOKUP('תפוקה מצטברת מול אשתקד'!A33,'איילון'!A:G,6,0)+VLOOKUP(A33,'הראל'!A:G,6,0)+VLOOKUP('תפוקה מצטברת מול אשתקד'!A33,'הפניקס'!A:G,6,0)+VLOOKUP('תפוקה מצטברת מול אשתקד'!A33,'כלל'!A:G,6,0)+VLOOKUP('תפוקה מצטברת מול אשתקד'!A33,'מור'!A:G,6,0)+VLOOKUP('תפוקה מצטברת מול אשתקד'!A33,'אלטשולר שחם'!A:G,6,0)+VLOOKUP('תפוקה מצטברת מול אשתקד'!A33,'מדיהו '!A:G,6,0)+VLOOKUP('תפוקה מצטברת מול אשתקד'!A33,'אנליסט '!A:G,6,0)+VLOOKUP('תפוקה מצטברת מול אשתקד'!A33,'מיטב דש'!A:G,6,0)+VLOOKUP('תפוקה מצטברת מול אשתקד'!A33,'אינפניטי'!A:G,6,0) -> 0 | K33: =VLOOKUP(A33,'הכשרה'!A:G,7,0)+VLOOKUP('תפוקה מצטברת מול אשתקד'!A33,'מגדל'!A:G,7,0)+VLOOKUP('תפוקה מצטברת מול אשתקד'!A33,'מנורה'!A:G,7,0)+VLOOKUP('תפוקה מצטברת מול אשתקד'!A33,'איילון'!A:G,7,0)+VLOOKUP('תפוקה מצטברת מול אשתקד'!A33,'הראל'!A:G,7,0)+VLOOKUP('תפוקה מצטברת מול אשתקד'!A33,'הפניקס'!A:G,7,0)+VLOOKUP('תפוקה מצטברת מול אשתקד'!A33,'כלל'!A:G,7,0)+VLOOKUP('תפוקה מצטברת מול אשתקד'!A33,'מור'!A:G,7,0)+VLOOKUP('תפוקה מצטברת מול אשתקד'!A33,'אלטשולר שחם'!A:G,7,0)+VLOOKUP('תפוקה מצטברת מול אשתקד'!A33,'מדיהו '!A:K,7,0)+VLOOKUP(A33,'אנליסט '!A:G,7,0)+VLOOKUP('תפוקה מצטברת מול אשתקד'!A33,'מיטב דש'!A:G,7,0)+VLOOKUP('תפוקה מצטברת מול אשתקד'!A33,'אינפניטי'!A:G,7,0) -> 0 | L33: =VLOOKUP(A33,'הכשרה'!A:K,8,0)+VLOOKUP('תפוקה מצטברת מול אשתקד'!A33,'מגדל'!A:K,8,0)+VLOOKUP('תפוקה מצטברת מול אשתקד'!A33,'מנורה'!A:K,8,0)+VLOOKUP('תפוקה מצטברת מול אשתקד'!A33,'איילון'!A:K,8,0)+VLOOKUP('תפוקה מצטברת מול אשתקד'!A33,'הראל'!A:K,8,0)+VLOOKUP('תפוקה מצטברת מול אשתקד'!A33,'הפניקס'!A:K,8,0)+VLOOKUP('תפוקה מצטברת מול אשתקד'!A33,'כלל'!A:K,8,0)+VLOOKUP('תפוקה מצטברת מול אשתקד'!A33,'מור'!A:K,8,0)+VLOOKUP('תפוקה מצטברת מול אשתקד'!A33,'אלטשולר שחם'!A:K,8,0)+VLOOKUP('תפוקה מצטברת מול אשתקד'!A33,'מדיהו '!A:K,8,0)+VLOOKUP('תפוקה מצטברת מול אשתקד'!A33,'אנליסט '!A:K,8,0)+VLOOKUP('תפוקה מצטברת מול אשתקד'!A33,'מיטב דש'!A:K,8,0)+VLOOKUP('תפוקה מצטברת מול אשתקד'!A33,'אינפניטי'!A:K,8,0) -> 0 | M33: =VLOOKUP(A33,'הכשרה'!A:K,9,0)+VLOOKUP('תפוקה מצטברת מול אשתקד'!A33,'מגדל'!A:K,9,0)+VLOOKUP('תפוקה מצטברת מול אשתקד'!A33,'מנורה'!A:K,9,0)+VLOOKUP('תפוקה מצטברת מול אשתקד'!A33,'איילון'!A:K,9,0)+VLOOKUP('תפוקה מצטברת מול אשתקד'!A33,'הראל'!A:K,9,0)+VLOOKUP('תפוקה מצטברת מול אשתקד'!A33,'הפניקס'!A:K,9,0)+VLOOKUP('תפוקה מצטברת מול אשתקד'!A33,'כלל'!A:K,9,0)+VLOOKUP('תפוקה מצטברת מול אשתקד'!A33,'מור'!A:K,9,0)+VLOOKUP('תפוקה מצטברת מול אשתקד'!A33,'אלטשולר שחם'!A:K,9,0)+VLOOKUP('תפוקה מצטברת מול אשתקד'!A33,'מדיהו '!A:K,9,0)+VLOOKUP('תפוקה מצטברת מול אשתקד'!A33,'אנליסט '!A:K,9,0)+VLOOKUP('תפוקה מצטברת מול אשתקד'!A33,'מיטב דש'!A:K,9,0)+VLOOKUP('תפוקה מצטברת מול אשתקד'!A33,'אינפניטי'!A:K,9,0) -> 7.46 | N33: =VLOOKUP(A33,'הכשרה'!A:K,10,0)+VLOOKUP('תפוקה מצטברת מול אשתקד'!A33,'מגדל'!A:K,10,0)+VLOOKUP('תפוקה מצטברת מול אשתקד'!A33,'מנורה'!A:K,10,0)+VLOOKUP('תפוקה מצטברת מול אשתקד'!A33,'איילון'!A:K,10,0)+VLOOKUP('תפוקה מצטברת מול אשתקד'!A33,'הראל'!A:K,10,0)+VLOOKUP('תפוקה מצטברת מול אשתקד'!A33,'הפניקס'!A:K,10,0)+VLOOKUP('תפוקה מצטברת מול אשתקד'!A33,'כלל'!A:K,10,0)+VLOOKUP('תפוקה מצטברת מול אשתקד'!A33,'מור'!A:K,10,0)+VLOOKUP('תפוקה מצטברת מול אשתקד'!A33,'אלטשולר שחם'!A:K,10,0)+VLOOKUP('תפוקה מצטברת מול אשתקד'!A33,'מדיהו '!A:K,10,0)+VLOOKUP('תפוקה מצטברת מול אשתקד'!A33,'אנליסט '!A:K,10,0)+VLOOKUP('תפוקה מצטברת מול אשתקד'!A33,'מיטב דש'!A:K,10,0)+VLOOKUP('תפוקה מצטברת מול אשתקד'!A33,'אינפניטי'!A:K,10,0) -> 0 | O33: =VLOOKUP(A33,'הכשרה'!A:K,11,0)+VLOOKUP('תפוקה מצטברת מול אשתקד'!A33,'מגדל'!A:K,11,0)+VLOOKUP('תפוקה מצטברת מול אשתקד'!A33,'מנורה'!A:K,11,0)+VLOOKUP('תפוקה מצטברת מול אשתקד'!A33,'איילון'!A:K,11,0)+VLOOKUP('תפוקה מצטברת מול אשתקד'!A33,'הראל'!A:K,11,0)+VLOOKUP('תפוקה מצטברת מול אשתקד'!A33,'הפניקס'!A:K,11,0)+VLOOKUP('תפוקה מצטברת מול אשתקד'!A33,'כלל'!A:K,11,0)+VLOOKUP('תפוקה מצטברת מול אשתקד'!A33,'מור'!A:K,11,0)+VLOOKUP('תפוקה מצטברת מול אשתקד'!A33,'אלטשולר שחם'!A:K,11,0)+VLOOKUP('תפוקה מצטברת מול אשתקד'!A33,'מדיהו '!A:K,11,0)+VLOOKUP('תפוקה מצטברת מול אשתקד'!A33,'אנליסט '!A:K,11,0)+VLOOKUP('תפוקה מצטברת מול אשתקד'!A33,'מיטב דש'!A:K,11,0)+VLOOKUP('תפוקה מצטברת מול אשתקד'!A33,'אינפניטי'!A:K,11,0) -> 0
A34: אלקרינאוי ראוף | B34: ערן גירוני | C34: סוכנים | D34: =IF(H34=0,0%,IF(L34=0,100%,H34/L34-1)) -> 0 | E34: =IF(I34=0,0%,IF(M34=0,100%,I34/M34-1)) -> 9.2167421 | F34: =IF(J34=0,0%,IF(N34=0,100%,J34/N34-1)) -> 0 | G34: =IF(K34=0,0%,IF(O34=H58,100%,K34/O34-1)) -> 0 | H34: =VLOOKUP(A34,'הכשרה'!A:G,4,0)+VLOOKUP('תפוקה מצטברת מול אשתקד'!A34,'מגדל'!A:G,4,0)+VLOOKUP('תפוקה מצטברת מול אשתקד'!A34,'מנורה'!A:G,4,0)+VLOOKUP('תפוקה מצטברת מול אשתקד'!A34,'איילון'!A:G,4,0)+VLOOKUP('תפוקה מצטברת מול אשתקד'!A34,'הראל'!A:G,4,0)+VLOOKUP('תפוקה מצטברת מול אשתקד'!A34,'הפניקס'!A:G,4,0)+VLOOKUP('תפוקה מצטברת מול אשתקד'!A34,'כלל'!A:G,4,0)+VLOOKUP('תפוקה מצטברת מול אשתקד'!A34,'מור'!A:G,4,0)+VLOOKUP('תפוקה מצטברת מול אשתקד'!A34,'אלטשולר שחם'!A:G,4,0)+VLOOKUP('תפוקה מצטברת מול אשתקד'!A34,'מדיהו '!A:G,4,0)+VLOOKUP('תפוקה מצטברת מול אשתקד'!A34,'אנליסט '!A:G,4,0)+VLOOKUP('תפוקה מצטברת מול אשתקד'!A34,'מיטב דש'!A:G,4,0)+VLOOKUP('תפוקה מצטברת מול אשתקד'!A34,'אינפניטי'!A:G,4,0) -> 0 | I34: =VLOOKUP(A34,'הכשרה'!A:G,5,0)+VLOOKUP('תפוקה מצטברת מול אשתקד'!A34,'מגדל'!A:G,5,0)+VLOOKUP('תפוקה מצטברת מול אשתקד'!A34,'מנורה'!A:G,5,0)+VLOOKUP('תפוקה מצטברת מול אשתקד'!A34,'איילון'!A:G,5,0)+VLOOKUP('תפוקה מצטברת מול אשתקד'!A34,'הראל'!A:G,5,0)+VLOOKUP('תפוקה מצטברת מול אשתקד'!A34,'הפניקס'!A:G,5,0)+VLOOKUP('תפוקה מצטברת מול אשתקד'!A34,'כלל'!A:G,5,0)+VLOOKUP('תפוקה מצטברת מול אשתקד'!A34,'מור'!A:G,5,0)+VLOOKUP('תפוקה מצטברת מול אשתקד'!A34,'אלטשולר שחם'!A:G,5,0)+VLOOKUP('תפוקה מצטברת מול אשתקד'!A34,'מדיהו '!A:G,5,0)+VLOOKUP('תפוקה מצטברת מול אשתקד'!A34,'אנליסט '!A:G,5,0)+VLOOKUP('תפוקה מצטברת מול אשתקד'!A34,'מיטב דש'!A:G,5,0)+VLOOKUP('תפוקה מצטברת מול אשתקד'!A34,'אינפניטי'!A:G,5,0) -> 6634.078 | J34: =VLOOKUP(A34,'הכשרה'!A:G,6,0)+VLOOKUP('תפוקה מצטברת מול אשתקד'!A34,'מגדל'!A:G,6,0)+VLOOKUP('תפוקה מצטברת מול אשתקד'!A34,'מנורה'!A:G,6,0)+VLOOKUP('תפוקה מצטברת מול אשתקד'!A34,'איילון'!A:G,6,0)+VLOOKUP(A34,'הראל'!A:G,6,0)+VLOOKUP('תפוקה מצטברת מול אשתקד'!A34,'הפניקס'!A:G,6,0)+VLOOKUP('תפוקה מצטברת מול אשתקד'!A34,'כלל'!A:G,6,0)+VLOOKUP('תפוקה מצטברת מול אשתקד'!A34,'מור'!A:G,6,0)+VLOOKUP('תפוקה מצטברת מול אשתקד'!A34,'אלטשולר שחם'!A:G,6,0)+VLOOKUP('תפוקה מצטברת מול אשתקד'!A34,'מדיהו '!A:G,6,0)+VLOOKUP('תפוקה מצטברת מול אשתקד'!A34,'אנליסט '!A:G,6,0)+VLOOKUP('תפוקה מצטברת מול אשתקד'!A34,'מיטב דש'!A:G,6,0)+VLOOKUP('תפוקה מצטברת מול אשתקד'!A34,'אינפניטי'!A:G,6,0) -> 0 | K34: =VLOOKUP(A34,'הכשרה'!A:G,7,0)+VLOOKUP('תפוקה מצטברת מול אשתקד'!A34,'מגדל'!A:G,7,0)+VLOOKUP('תפוקה מצטברת מול אשתקד'!A34,'מנורה'!A:G,7,0)+VLOOKUP('תפוקה מצטברת מול אשתקד'!A34,'איילון'!A:G,7,0)+VLOOKUP('תפוקה מצטברת מול אשתקד'!A34,'הראל'!A:G,7,0)+VLOOKUP('תפוקה מצטברת מול אשתקד'!A34,'הפניקס'!A:G,7,0)+VLOOKUP('תפוקה מצטברת מול אשתקד'!A34,'כלל'!A:G,7,0)+VLOOKUP('תפוקה מצטברת מול אשתקד'!A34,'מור'!A:G,7,0)+VLOOKUP('תפוקה מצטברת מול אשתקד'!A34,'אלטשולר שחם'!A:G,7,0)+VLOOKUP('תפוקה מצטברת מול אשתקד'!A34,'מדיהו '!A:K,7,0)+VLOOKUP(A34,'אנליסט '!A:G,7,0)+VLOOKUP('תפוקה מצטברת מול אשתקד'!A34,'מיטב דש'!A:G,7,0)+VLOOKUP('תפוקה מצטברת מול אשתקד'!A34,'אינפניטי'!A:G,7,0) -> 0 | L34: =VLOOKUP(A34,'הכשרה'!A:K,8,0)+VLOOKUP('תפוקה מצטברת מול אשתקד'!A34,'מגדל'!A:K,8,0)+VLOOKUP('תפוקה מצטברת מול אשתקד'!A34,'מנורה'!A:K,8,0)+VLOOKUP('תפוקה מצטברת מול אשתקד'!A34,'איילון'!A:K,8,0)+VLOOKUP('תפוקה מצטברת מול אשתקד'!A34,'הראל'!A:K,8,0)+VLOOKUP('תפוקה מצטברת מול אשתקד'!A34,'הפניקס'!A:K,8,0)+VLOOKUP('תפוקה מצטברת מול אשתקד'!A34,'כלל'!A:K,8,0)+VLOOKUP('תפוקה מצטברת מול אשתקד'!A34,'מור'!A:K,8,0)+VLOOKUP('תפוקה מצטברת מול אשתקד'!A34,'אלטשולר שחם'!A:K,8,0)+VLOOKUP('תפוקה מצטברת מול אשתקד'!A34,'מדיהו '!A:K,8,0)+VLOOKUP('תפוקה מצטברת מול אשתקד'!A34,'אנליסט '!A:K,8,0)+VLOOKUP('תפוקה מצטברת מול אשתקד'!A34,'מיטב דש'!A:K,8,0)+VLOOKUP('תפוקה מצטברת מול אשתקד'!A34,'אינפניטי'!A:K,8,0) -> 0 | M34: =VLOOKUP(A34,'הכשרה'!A:K,9,0)+VLOOKUP('תפוקה מצטברת מול אשתקד'!A34,'מגדל'!A:K,9,0)+VLOOKUP('תפוקה מצטברת מול אשתקד'!A34,'מנורה'!A:K,9,0)+VLOOKUP('תפוקה מצטברת מול אשתקד'!A34,'איילון'!A:K,9,0)+VLOOKUP('תפוקה מצטברת מול אשתקד'!A34,'הראל'!A:K,9,0)+VLOOKUP('תפוקה מצטברת מול אשתקד'!A34,'הפניקס'!A:K,9,0)+VLOOKUP('תפוקה מצטברת מול אשתקד'!A34,'כלל'!A:K,9,0)+VLOOKUP('תפוקה מצטברת מול אשתקד'!A34,'מור'!A:K,9,0)+VLOOKUP('תפוקה מצטברת מול אשתקד'!A34,'אלטשולר שחם'!A:K,9,0)+VLOOKUP('תפוקה מצטברת מול אשתקד'!A34,'מדיהו '!A:K,9,0)+VLOOKUP('תפוקה מצטברת מול אשתקד'!A34,'אנליסט '!A:K,9,0)+VLOOKUP('תפוקה מצטברת מול אשתקד'!A34,'מיטב דש'!A:K,9,0)+VLOOKUP('תפוקה מצטברת מול אשתקד'!A34,'אינפניטי'!A:K,9,0) -> 649.334 | N34: =VLOOKUP(A34,'הכשרה'!A:K,10,0)+VLOOKUP('תפוקה מצטברת מול אשתקד'!A34,'מגדל'!A:K,10,0)+VLOOKUP('תפוקה מצטברת מול אשתקד'!A34,'מנורה'!A:K,10,0)+VLOOKUP('תפוקה מצטברת מול אשתקד'!A34,'איילון'!A:K,10,0)+VLOOKUP('תפוקה מצטברת מול אשתקד'!A34,'הראל'!A:K,10,0)+VLOOKUP('תפוקה מצטברת מול אשתקד'!A34,'הפניקס'!A:K,10,0)+VLOOKUP('תפוקה מצטברת מול אשתקד'!A34,'כלל'!A:K,10,0)+VLOOKUP('תפוקה מצטברת מול אשתקד'!A34,'מור'!A:K,10,0)+VLOOKUP('תפוקה מצטברת מול אשתקד'!A34,'אלטשולר שחם'!A:K,10,0)+VLOOKUP('תפוקה מצטברת מול אשתקד'!A34,'מדיהו '!A:K,10,0)+VLOOKUP('תפוקה מצטברת מול אשתקד'!A34,'אנליסט '!A:K,10,0)+VLOOKUP('תפוקה מצטברת מול אשתקד'!A34,'מיטב דש'!A:K,10,0)+VLOOKUP('תפוקה מצטברת מול אשתקד'!A34,'אינפניטי'!A:K,10,0) -> 0 | O34: =VLOOKUP(A34,'הכשרה'!A:K,11,0)+VLOOKUP('תפוקה מצטברת מול אשתקד'!A34,'מגדל'!A:K,11,0)+VLOOKUP('תפוקה מצטברת מול אשתקד'!A34,'מנורה'!A:K,11,0)+VLOOKUP('תפוקה מצטברת מול אשתקד'!A34,'איילון'!A:K,11,0)+VLOOKUP('תפוקה מצטברת מול אשתקד'!A34,'הראל'!A:K,11,0)+VLOOKUP('תפוקה מצטברת מול אשתקד'!A34,'הפניקס'!A:K,11,0)+VLOOKUP('תפוקה מצטברת מול אשתקד'!A34,'כלל'!A:K,11,0)+VLOOKUP('תפוקה מצטברת מול אשתקד'!A34,'מור'!A:K,11,0)+VLOOKUP('תפוקה מצטברת מול אשתקד'!A34,'אלטשולר שחם'!A:K,11,0)+VLOOKUP('תפוקה מצטברת מול אשתקד'!A34,'מדיהו '!A:K,11,0)+VLOOKUP('תפוקה מצטברת מול אשתקד'!A34,'אנליסט '!A:K,11,0)+VLOOKUP('תפוקה מצטברת מול אשתקד'!A34,'מיטב דש'!A:K,11,0)+VLOOKUP('תפוקה מצטברת מול אשתקד'!A34,'אינפניטי'!A:K,11,0) -> 0
A35: דאי גדי | B35: ערן גירוני | C35: סוכנים | D35: =IF(H35=0,0%,IF(L35=0,100%,H35/L35-1)) -> 0.014829765 | E35: =IF(I35=0,0%,IF(M35=0,100%,I35/M35-1)) -> -0.35564596 | F35: =IF(J35=0,0%,IF(N35=0,100%,J35/N35-1)) -> -0.5179178 | G35: =IF(K35=0,0%,IF(O35=H59,100%,K35/O35-1)) -> -0.81447798 | H35: =VLOOKUP(A35,'הכשרה'!A:G,4,0)+VLOOKUP('תפוקה מצטברת מול אשתקד'!A35,'מגדל'!A:G,4,0)+VLOOKUP('תפוקה מצטברת מול אשתקד'!A35,'מנורה'!A:G,4,0)+VLOOKUP('תפוקה מצטברת מול אשתקד'!A35,'איילון'!A:G,4,0)+VLOOKUP('תפוקה מצטברת מול אשתקד'!A35,'הראל'!A:G,4,0)+VLOOKUP('תפוקה מצטברת מול אשתקד'!A35,'הפניקס'!A:G,4,0)+VLOOKUP('תפוקה מצטברת מול אשתקד'!A35,'כלל'!A:G,4,0)+VLOOKUP('תפוקה מצטברת מול אשתקד'!A35,'מור'!A:G,4,0)+VLOOKUP('תפוקה מצטברת מול אשתקד'!A35,'אלטשולר שחם'!A:G,4,0)+VLOOKUP('תפוקה מצטברת מול אשתקד'!A35,'מדיהו '!A:G,4,0)+VLOOKUP('תפוקה מצטברת מול אשתקד'!A35,'אנליסט '!A:G,4,0)+VLOOKUP('תפוקה מצטברת מול אשתקד'!A35,'מיטב דש'!A:G,4,0)+VLOOKUP('תפוקה מצטברת מול אשתקד'!A35,'אינפניטי'!A:G,4,0) -> 1954208.5 | I35: =VLOOKUP(A35,'הכשרה'!A:G,5,0)+VLOOKUP('תפוקה מצטברת מול אשתקד'!A35,'מגדל'!A:G,5,0)+VLOOKUP('תפוקה מצטברת מול אשתקד'!A35,'מנורה'!A:G,5,0)+VLOOKUP('תפוקה מצטברת מול אשתקד'!A35,'איילון'!A:G,5,0)+VLOOKUP('תפוקה מצטברת מול אשתקד'!A35,'הראל'!A:G,5,0)+VLOOKUP('תפוקה מצטברת מול אשתקד'!A35,'הפניקס'!A:G,5,0)+VLOOKUP('תפוקה מצטברת מול אשתקד'!A35,'כלל'!A:G,5,0)+VLOOKUP('תפוקה מצטברת מול אשתקד'!A35,'מור'!A:G,5,0)+VLOOKUP('תפוקה מצטברת מול אשתקד'!A35,'אלטשולר שחם'!A:G,5,0)+VLOOKUP('תפוקה מצטברת מול אשתקד'!A35,'מדיהו '!A:G,5,0)+VLOOKUP('תפוקה מצטברת מול אשתקד'!A35,'אנליסט '!A:G,5,0)+VLOOKUP('תפוקה מצטברת מול אשתקד'!A35,'מיטב דש'!A:G,5,0)+VLOOKUP('תפוקה מצטברת מול אשתקד'!A35,'אינפניטי'!A:G,5,0) -> 270048.03 | J35: =VLOOKUP(A35,'הכשרה'!A:G,6,0)+VLOOKUP('תפוקה מצטברת מול אשתקד'!A35,'מגדל'!A:G,6,0)+VLOOKUP('תפוקה מצטברת מול אשתקד'!A35,'מנורה'!A:G,6,0)+VLOOKUP('תפוקה מצטברת מול אשתקד'!A35,'איילון'!A:G,6,0)+VLOOKUP(A35,'הראל'!A:G,6,0)+VLOOKUP('תפוקה מצטברת מול אשתקד'!A35,'הפניקס'!A:G,6,0)+VLOOKUP('תפוקה מצטברת מול אשתקד'!A35,'כלל'!A:G,6,0)+VLOOKUP('תפוקה מצטברת מול אשתקד'!A35,'מור'!A:G,6,0)+VLOOKUP('תפוקה מצטברת מול אשתקד'!A35,'אלטשולר שחם'!A:G,6,0)+VLOOKUP('תפוקה מצטברת מול אשתקד'!A35,'מדיהו '!A:G,6,0)+VLOOKUP('תפוקה מצטברת מול אשתקד'!A35,'אנליסט '!A:G,6,0)+VLOOKUP('תפוקה מצטברת מול אשתקד'!A35,'מיטב דש'!A:G,6,0)+VLOOKUP('תפוקה מצטברת מול אשתקד'!A35,'אינפניטי'!A:G,6,0) -> 2768253.4 | K35: =VLOOKUP(A35,'הכשרה'!A:G,7,0)+VLOOKUP('תפוקה מצטברת מול אשתקד'!A35,'מגדל'!A:G,7,0)+VLOOKUP('תפוקה מצטברת מול אשתקד'!A35,'מנורה'!A:G,7,0)+VLOOKUP('תפוקה מצטברת מול אשתקד'!A35,'איילון'!A:G,7,0)+VLOOKUP('תפוקה מצטברת מול אשתקד'!A35,'הראל'!A:G,7,0)+VLOOKUP('תפוקה מצטברת מול אשתקד'!A35,'הפניקס'!A:G,7,0)+VLOOKUP('תפוקה מצטברת מול אשתקד'!A35,'כלל'!A:G,7,0)+VLOOKUP('תפוקה מצטברת מול אשתקד'!A35,'מור'!A:G,7,0)+VLOOKUP('תפוקה מצטברת מול אשתקד'!A35,'אלטשולר שחם'!A:G,7,0)+VLOOKUP('תפוקה מצטברת מול אשתקד'!A35,'מדיהו '!A:K,7,0)+VLOOKUP(A35,'אנליסט '!A:G,7,0)+VLOOKUP('תפוקה מצטברת מול אשתקד'!A35,'מיטב דש'!A:G,7,0)+VLOOKUP('תפוקה מצטברת מול אשתקד'!A35,'אינפניטי'!A:G,7,0) -> 2849610.9 | L35: =VLOOKUP(A35,'הכשרה'!A:K,8,0)+VLOOKUP('תפוקה מצטברת מול אשתקד'!A35,'מגדל'!A:K,8,0)+VLOOKUP('תפוקה מצטברת מול אשתקד'!A35,'מנורה'!A:K,8,0)+VLOOKUP('תפוקה מצטברת מול אשתקד'!A35,'איילון'!A:K,8,0)+VLOOKUP('תפוקה מצטברת מול אשתקד'!A35,'הראל'!A:K,8,0)+VLOOKUP('תפוקה מצטברת מול אשתקד'!A35,'הפניקס'!A:K,8,0)+VLOOKUP('תפוקה מצטברת מול אשתקד'!A35,'כלל'!A:K,8,0)+VLOOKUP('תפוקה מצטברת מול אשתקד'!A35,'מור'!A:K,8,0)+VLOOKUP('תפוקה מצטברת מול אשתקד'!A35,'אלטשולר שחם'!A:K,8,0)+VLOOKUP('תפוקה מצטברת מול אשתקד'!A35,'מדיהו '!A:K,8,0)+VLOOKUP('תפוקה מצטברת מול אשתקד'!A35,'אנליסט '!A:K,8,0)+VLOOKUP('תפוקה מצטברת מול אשתקד'!A35,'מיטב דש'!A:K,8,0)+VLOOKUP('תפוקה מצטברת מול אשתקד'!A35,'אינפניטי'!A:K,8,0) -> 1925651.6 | M35: =VLOOKUP(A35,'הכשרה'!A:K,9,0)+VLOOKUP('תפוקה מצטברת מול אשתקד'!A35,'מגדל'!A:K,9,0)+VLOOKUP('תפוקה מצטברת מול אשתקד'!A35,'מנורה'!A:K,9,0)+VLOOKUP('תפוקה מצטברת מול אשתקד'!A35,'איילון'!A:K,9,0)+VLOOKUP('תפוקה מצטברת מול אשתקד'!A35,'הראל'!A:K,9,0)+VLOOKUP('תפוקה מצטברת מול אשתקד'!A35,'הפניקס'!A:K,9,0)+VLOOKUP('תפוקה מצטברת מול אשתקד'!A35,'כלל'!A:K,9,0)+VLOOKUP('תפוקה מצטברת מול אשתקד'!A35,'מור'!A:K,9,0)+VLOOKUP('תפוקה מצטברת מול אשתקד'!A35,'אלטשולר שחם'!A:K,9,0)+VLOOKUP('תפוקה מצטברת מול אשתקד'!A35,'מדיהו '!A:K,9,0)+VLOOKUP('תפוקה מצטברת מול אשתקד'!A35,'אנליסט '!A:K,9,0)+VLOOKUP('תפוקה מצטברת מול אשתקד'!A35,'מיטב דש'!A:K,9,0)+VLOOKUP('תפוקה מצטברת מול אשתקד'!A35,'אינפניטי'!A:K,9,0) -> 419098.85 | N35: =VLOOKUP(A35,'הכשרה'!A:K,10,0)+VLOOKUP('תפוקה מצטברת מול אשתקד'!A35,'מגדל'!A:K,10,0)+VLOOKUP('תפוקה מצטברת מול אשתקד'!A35,'מנורה'!A:K,10,0)+VLOOKUP('תפוקה מצטברת מול אשתקד'!A35,'איילון'!A:K,10,0)+VLOOKUP('תפוקה מצטברת מול אשתקד'!A35,'הראל'!A:K,10,0)+VLOOKUP('תפוקה מצטברת מול אשתקד'!A35,'הפניקס'!A:K,10,0)+VLOOKUP('תפוקה מצטברת מול אשתקד'!A35,'כלל'!A:K,10,0)+VLOOKUP('תפוקה מצטברת מול אשתקד'!A35,'מור'!A:K,10,0)+VLOOKUP('תפוקה מצטברת מול אשתקד'!A35,'אלטשולר שחם'!A:K,10,0)+VLOOKUP('תפוקה מצטברת מול אשתקד'!A35,'מדיהו '!A:K,10,0)+VLOOKUP('תפוקה מצטברת מול אשתקד'!A35,'אנליסט '!A:K,10,0)+VLOOKUP('תפוקה מצטברת מול אשתקד'!A35,'מיטב דש'!A:K,10,0)+VLOOKUP('תפוקה מצטברת מול אשתקד'!A35,'אינפניטי'!A:K,10,0) -> 5742285 | O35: =VLOOKUP(A35,'הכשרה'!A:K,11,0)+VLOOKUP('תפוקה מצטברת מול אשתקד'!A35,'מגדל'!A:K,11,0)+VLOOKUP('תפוקה מצטברת מול אשתקד'!A35,'מנורה'!A:K,11,0)+VLOOKUP('תפוקה מצטברת מול אשתקד'!A35,'איילון'!A:K,11,0)+VLOOKUP('תפוקה מצטברת מול אשתקד'!A35,'הראל'!A:K,11,0)+VLOOKUP('תפוקה מצטברת מול אשתקד'!A35,'הפניקס'!A:K,11,0)+VLOOKUP('תפוקה מצטברת מול אשתקד'!A35,'כלל'!A:K,11,0)+VLOOKUP('תפוקה מצטברת מול אשתקד'!A35,'מור'!A:K,11,0)+VLOOKUP('תפוקה מצטברת מול אשתקד'!A35,'אלטשולר שחם'!A:K,11,0)+VLOOKUP('תפוקה מצטברת מול אשתקד'!A35,'מדיהו '!A:K,11,0)+VLOOKUP('תפוקה מצטברת מול אשתקד'!A35,'אנליסט '!A:K,11,0)+VLOOKUP('תפוקה מצטברת מול אשתקד'!A35,'מיטב דש'!A:K,11,0)+VLOOKUP('תפוקה מצטברת מול אשתקד'!A35,'אינפניטי'!A:K,11,0) -> 15359960
A36: מילאד אבו שקארה | B36: ערן גירוני | C36: סוכנים | D36: =IF(H36=0,0%,IF(L36=0,100%,H36/L36-1)) -> -0.55419875 | E36: =IF(I36=0,0%,IF(M36=0,100%,I36/M36-1)) -> 0 | F36: =IF(J36=0,0%,IF(N36=0,100%,J36/N36-1)) -> 0 | G36: =IF(K36=0,0%,IF(O36=H60,100%,K36/O36-1)) -> 0 | H36: =VLOOKUP(A36,'הכשרה'!A:G,4,0)+VLOOKUP('תפוקה מצטברת מול אשתקד'!A36,'מגדל'!A:G,4,0)+VLOOKUP('תפוקה מצטברת מול אשתקד'!A36,'מנורה'!A:G,4,0)+VLOOKUP('תפוקה מצטברת מול אשתקד'!A36,'איילון'!A:G,4,0)+VLOOKUP('תפוקה מצטברת מול אשתקד'!A36,'הראל'!A:G,4,0)+VLOOKUP('תפוקה מצטברת מול אשתקד'!A36,'הפניקס'!A:G,4,0)+VLOOKUP('תפוקה מצטברת מול אשתקד'!A36,'כלל'!A:G,4,0)+VLOOKUP('תפוקה מצטברת מול אשתקד'!A36,'מור'!A:G,4,0)+VLOOKUP('תפוקה מצטברת מול אשתקד'!A36,'אלטשולר שחם'!A:G,4,0)+VLOOKUP('תפוקה מצטברת מול אשתקד'!A36,'מדיהו '!A:G,4,0)+VLOOKUP('תפוקה מצטברת מול אשתקד'!A36,'אנליסט '!A:G,4,0)+VLOOKUP('תפוקה מצטברת מול אשתקד'!A36,'מיטב דש'!A:G,4,0)+VLOOKUP('תפוקה מצטברת מול אשתקד'!A36,'אינפניטי'!A:G,4,0) -> 2262 | I36: =VLOOKUP(A36,'הכשרה'!A:G,5,0)+VLOOKUP('תפוקה מצטברת מול אשתקד'!A36,'מגדל'!A:G,5,0)+VLOOKUP('תפוקה מצטברת מול אשתקד'!A36,'מנורה'!A:G,5,0)+VLOOKUP('תפוקה מצטברת מול אשתקד'!A36,'איילון'!A:G,5,0)+VLOOKUP('תפוקה מצטברת מול אשתקד'!A36,'הראל'!A:G,5,0)+VLOOKUP('תפוקה מצטברת מול אשתקד'!A36,'הפניקס'!A:G,5,0)+VLOOKUP('תפוקה מצטברת מול אשתקד'!A36,'כלל'!A:G,5,0)+VLOOKUP('תפוקה מצטברת מול אשתקד'!A36,'מור'!A:G,5,0)+VLOOKUP('תפוקה מצטברת מול אשתקד'!A36,'אלטשולר שחם'!A:G,5,0)+VLOOKUP('תפוקה מצטברת מול אשתקד'!A36,'מדיהו '!A:G,5,0)+VLOOKUP('תפוקה מצטברת מול אשתקד'!A36,'אנליסט '!A:G,5,0)+VLOOKUP('תפוקה מצטברת מול אשתקד'!A36,'מיטב דש'!A:G,5,0)+VLOOKUP('תפוקה מצטברת מול אשתקד'!A36,'אינפניטי'!A:G,5,0) -> 0 | J36: =VLOOKUP(A36,'הכשרה'!A:G,6,0)+VLOOKUP('תפוקה מצטברת מול אשתקד'!A36,'מגדל'!A:G,6,0)+VLOOKUP('תפוקה מצטברת מול אשתקד'!A36,'מנורה'!A:G,6,0)+VLOOKUP('תפוקה מצטברת מול אשתקד'!A36,'איילון'!A:G,6,0)+VLOOKUP(A36,'הראל'!A:G,6,0)+VLOOKUP('תפוקה מצטברת מול אשתקד'!A36,'הפניקס'!A:G,6,0)+VLOOKUP('תפוקה מצטברת מול אשתקד'!A36,'כלל'!A:G,6,0)+VLOOKUP('תפוקה מצטברת מול אשתקד'!A36,'מור'!A:G,6,0)+VLOOKUP('תפוקה מצטברת מול אשתקד'!A36,'אלטשולר שחם'!A:G,6,0)+VLOOKUP('תפוקה מצטברת מול אשתקד'!A36,'מדיהו '!A:G,6,0)+VLOOKUP('תפוקה מצטברת מול אשתקד'!A36,'אנליסט '!A:G,6,0)+VLOOKUP('תפוקה מצטברת מול אשתקד'!A36,'מיטב דש'!A:G,6,0)+VLOOKUP('תפוקה מצטברת מול אשתקד'!A36,'אינפניטי'!A:G,6,0) -> 0 | K36: =VLOOKUP(A36,'הכשרה'!A:G,7,0)+VLOOKUP('תפוקה מצטברת מול אשתקד'!A36,'מגדל'!A:G,7,0)+VLOOKUP('תפוקה מצטברת מול אשתקד'!A36,'מנורה'!A:G,7,0)+VLOOKUP('תפוקה מצטברת מול אשתקד'!A36,'איילון'!A:G,7,0)+VLOOKUP('תפוקה מצטברת מול אשתקד'!A36,'הראל'!A:G,7,0)+VLOOKUP('תפוקה מצטברת מול אשתקד'!A36,'הפניקס'!A:G,7,0)+VLOOKUP('תפוקה מצטברת מול אשתקד'!A36,'כלל'!A:G,7,0)+VLOOKUP('תפוקה מצטברת מול אשתקד'!A36,'מור'!A:G,7,0)+VLOOKUP('תפוקה מצטברת מול אשתקד'!A36,'אלטשולר שחם'!A:G,7,0)+VLOOKUP('תפוקה מצטברת מול אשתקד'!A36,'מדיהו '!A:K,7,0)+VLOOKUP(A36,'אנליסט '!A:G,7,0)+VLOOKUP('תפוקה מצטברת מול אשתקד'!A36,'מיטב דש'!A:G,7,0)+VLOOKUP('תפוקה מצטברת מול אשתקד'!A36,'אינפניטי'!A:G,7,0) -> 0 | L36: =VLOOKUP(A36,'הכשרה'!A:K,8,0)+VLOOKUP('תפוקה מצטברת מול אשתקד'!A36,'מגדל'!A:K,8,0)+VLOOKUP('תפוקה מצטברת מול אשתקד'!A36,'מנורה'!A:K,8,0)+VLOOKUP('תפוקה מצטברת מול אשתקד'!A36,'איילון'!A:K,8,0)+VLOOKUP('תפוקה מצטברת מול אשתקד'!A36,'הראל'!A:K,8,0)+VLOOKUP('תפוקה מצטברת מול אשתקד'!A36,'הפניקס'!A:K,8,0)+VLOOKUP('תפוקה מצטברת מול אשתקד'!A36,'כלל'!A:K,8,0)+VLOOKUP('תפוקה מצטברת מול אשתקד'!A36,'מור'!A:K,8,0)+VLOOKUP('תפוקה מצטברת מול אשתקד'!A36,'אלטשולר שחם'!A:K,8,0)+VLOOKUP('תפוקה מצטברת מול אשתקד'!A36,'מדיהו '!A:K,8,0)+VLOOKUP('תפוקה מצטברת מול אשתקד'!A36,'אנליסט '!A:K,8,0)+VLOOKUP('תפוקה מצטברת מול אשתקד'!A36,'מיטב דש'!A:K,8,0)+VLOOKUP('תפוקה מצטברת מול אשתקד'!A36,'אינפניטי'!A:K,8,0) -> 5074.01 | M36: =VLOOKUP(A36,'הכשרה'!A:K,9,0)+VLOOKUP('תפוקה מצטברת מול אשתקד'!A36,'מגדל'!A:K,9,0)+VLOOKUP('תפוקה מצטברת מול אשתקד'!A36,'מנורה'!A:K,9,0)+VLOOKUP('תפוקה מצטברת מול אשתקד'!A36,'איילון'!A:K,9,0)+VLOOKUP('תפוקה מצטברת מול אשתקד'!A36,'הראל'!A:K,9,0)+VLOOKUP('תפוקה מצטברת מול אשתקד'!A36,'הפניקס'!A:K,9,0)+VLOOKUP('תפוקה מצטברת מול אשתקד'!A36,'כלל'!A:K,9,0)+VLOOKUP('תפוקה מצטברת מול אשתקד'!A36,'מור'!A:K,9,0)+VLOOKUP('תפוקה מצטברת מול אשתקד'!A36,'אלטשולר שחם'!A:K,9,0)+VLOOKUP('תפוקה מצטברת מול אשתקד'!A36,'מדיהו '!A:K,9,0)+VLOOKUP('תפוקה מצטברת מול אשתקד'!A36,'אנליסט '!A:K,9,0)+VLOOKUP('תפוקה מצטברת מול אשתקד'!A36,'מיטב דש'!A:K,9,0)+VLOOKUP('תפוקה מצטברת מול אשתקד'!A36,'אינפניטי'!A:K,9,0) -> 2399.63 | N36: =VLOOKUP(A36,'הכשרה'!A:K,10,0)+VLOOKUP('תפוקה מצטברת מול אשתקד'!A36,'מגדל'!A:K,10,0)+VLOOKUP('תפוקה מצטברת מול אשתקד'!A36,'מנורה'!A:K,10,0)+VLOOKUP('תפוקה מצטברת מול אשתקד'!A36,'איילון'!A:K,10,0)+VLOOKUP('תפוקה מצטברת מול אשתקד'!A36,'הראל'!A:K,10,0)+VLOOKUP('תפוקה מצטברת מול אשתקד'!A36,'הפניקס'!A:K,10,0)+VLOOKUP('תפוקה מצטברת מול אשתקד'!A36,'כלל'!A:K,10,0)+VLOOKUP('תפוקה מצטברת מול אשתקד'!A36,'מור'!A:K,10,0)+VLOOKUP('תפוקה מצטברת מול אשתקד'!A36,'אלטשולר שחם'!A:K,10,0)+VLOOKUP('תפוקה מצטברת מול אשתקד'!A36,'מדיהו '!A:K,10,0)+VLOOKUP('תפוקה מצטברת מול אשתקד'!A36,'אנליסט '!A:K,10,0)+VLOOKUP('תפוקה מצטברת מול אשתקד'!A36,'מיטב דש'!A:K,10,0)+VLOOKUP('תפוקה מצטברת מול אשתקד'!A36,'אינפניטי'!A:K,10,0) -> 0 | O36: =VLOOKUP(A36,'הכשרה'!A:K,11,0)+VLOOKUP('תפוקה מצטברת מול אשתקד'!A36,'מגדל'!A:K,11,0)+VLOOKUP('תפוקה מצטברת מול אשתקד'!A36,'מנורה'!A:K,11,0)+VLOOKUP('תפוקה מצטברת מול אשתקד'!A36,'איילון'!A:K,11,0)+VLOOKUP('תפוקה מצטברת מול אשתקד'!A36,'הראל'!A:K,11,0)+VLOOKUP('תפוקה מצטברת מול אשתקד'!A36,'הפניקס'!A:K,11,0)+VLOOKUP('תפוקה מצטברת מול אשתקד'!A36,'כלל'!A:K,11,0)+VLOOKUP('תפוקה מצטברת מול אשתקד'!A36,'מור'!A:K,11,0)+VLOOKUP('תפוקה מצטברת מול אשתקד'!A36,'אלטשולר שחם'!A:K,11,0)+VLOOKUP('תפוקה מצטברת מול אשתקד'!A36,'מדיהו '!A:K,11,0)+VLOOKUP('תפוקה מצטברת מול אשתקד'!A36,'אנליסט '!A:K,11,0)+VLOOKUP('תפוקה מצטברת מול אשתקד'!A36,'מיטב דש'!A:K,11,0)+VLOOKUP('תפוקה מצטברת מול אשתקד'!A36,'אינפניטי'!A:K,11,0) -> 0
A37: דראושה אדהם | B37: ערן גירוני | C37: סוכנים | D37: =IF(H37=0,0%,IF(L37=0,100%,H37/L37-1)) -> 0.23282559 | E37: =IF(I37=0,0%,IF(M37=0,100%,I37/M37-1)) -> 0.20753377 | F37: =IF(J37=0,0%,IF(N37=0,100%,J37/N37-1)) -> 0.35334281 | G37: =IF(K37=0,0%,IF(O37=H61,100%,K37/O37-1)) -> 2.0558754 | H37: =VLOOKUP(A37,'הכשרה'!A:G,4,0)+VLOOKUP('תפוקה מצטברת מול אשתקד'!A37,'מגדל'!A:G,4,0)+VLOOKUP('תפוקה מצטברת מול אשתקד'!A37,'מנורה'!A:G,4,0)+VLOOKUP('תפוקה מצטברת מול אשתקד'!A37,'איילון'!A:G,4,0)+VLOOKUP('תפוקה מצטברת מול אשתקד'!A37,'הראל'!A:G,4,0)+VLOOKUP('תפוקה מצטברת מול אשתקד'!A37,'הפניקס'!A:G,4,0)+VLOOKUP('תפוקה מצטברת מול אשתקד'!A37,'כלל'!A:G,4,0)+VLOOKUP('תפוקה מצטברת מול אשתקד'!A37,'מור'!A:G,4,0)+VLOOKUP('תפוקה מצטברת מול אשתקד'!A37,'אלטשולר שחם'!A:G,4,0)+VLOOKUP('תפוקה מצטברת מול אשתקד'!A37,'מדיהו '!A:G,4,0)+VLOOKUP('תפוקה מצטברת מול אשתקד'!A37,'אנליסט '!A:G,4,0)+VLOOKUP('תפוקה מצטברת מול אשתקד'!A37,'מיטב דש'!A:G,4,0)+VLOOKUP('תפוקה מצטברת מול אשתקד'!A37,'אינפניטי'!A:G,4,0) -> 44755.2 | I37: =VLOOKUP(A37,'הכשרה'!A:G,5,0)+VLOOKUP('תפוקה מצטברת מול אשתקד'!A37,'מגדל'!A:G,5,0)+VLOOKUP('תפוקה מצטברת מול אשתקד'!A37,'מנורה'!A:G,5,0)+VLOOKUP('תפוקה מצטברת מול אשתקד'!A37,'איילון'!A:G,5,0)+VLOOKUP('תפוקה מצטברת מול אשתקד'!A37,'הראל'!A:G,5,0)+VLOOKUP('תפוקה מצטברת מול אשתקד'!A37,'הפניקס'!A:G,5,0)+VLOOKUP('תפוקה מצטברת מול אשתקד'!A37,'כלל'!A:G,5,0)+VLOOKUP('תפוקה מצטברת מול אשתקד'!A37,'מור'!A:G,5,0)+VLOOKUP('תפוקה מצטברת מול אשתקד'!A37,'אלטשולר שחם'!A:G,5,0)+VLOOKUP('תפוקה מצטברת מול אשתקד'!A37,'מדיהו '!A:G,5,0)+VLOOKUP('תפוקה מצטברת מול אשתקד'!A37,'אנליסט '!A:G,5,0)+VLOOKUP('תפוקה מצטברת מול אשתקד'!A37,'מיטב דש'!A:G,5,0)+VLOOKUP('תפוקה מצטברת מול אשתקד'!A37,'אינפניטי'!A:G,5,0) -> -3451 | J37: =VLOOKUP(A37,'הכשרה'!A:G,6,0)+VLOOKUP('תפוקה מצטברת מול אשתקד'!A37,'מגדל'!A:G,6,0)+VLOOKUP('תפוקה מצטברת מול אשתקד'!A37,'מנורה'!A:G,6,0)+VLOOKUP('תפוקה מצטברת מול אשתקד'!A37,'איילון'!A:G,6,0)+VLOOKUP(A37,'הראל'!A:G,6,0)+VLOOKUP('תפוקה מצטברת מול אשתקד'!A37,'הפניקס'!A:G,6,0)+VLOOKUP('תפוקה מצטברת מול אשתקד'!A37,'כלל'!A:G,6,0)+VLOOKUP('תפוקה מצטברת מול אשתקד'!A37,'מור'!A:G,6,0)+VLOOKUP('תפוקה מצטברת מול אשתקד'!A37,'אלטשולר שחם'!A:G,6,0)+VLOOKUP('תפוקה מצטברת מול אשתקד'!A37,'מדיהו '!A:G,6,0)+VLOOKUP('תפוקה מצטברת מול אשתקד'!A37,'אנליסט '!A:G,6,0)+VLOOKUP('תפוקה מצטברת מול אשתקד'!A37,'מיטב דש'!A:G,6,0)+VLOOKUP('תפוקה מצטברת מול אשתקד'!A37,'אינפניטי'!A:G,6,0) -> 24102.44 | K37: =VLOOKUP(A37,'הכשרה'!A:G,7,0)+VLOOKUP('תפוקה מצטברת מול אשתקד'!A37,'מגדל'!A:G,7,0)+VLOOKUP('תפוקה מצטברת מול אשתקד'!A37,'מנורה'!A:G,7,0)+VLOOKUP('תפוקה מצטברת מול אשתקד'!A37,'איילון'!A:G,7,0)+VLOOKUP('תפוקה מצטברת מול אשתקד'!A37,'הראל'!A:G,7,0)+VLOOKUP('תפוקה מצטברת מול אשתקד'!A37,'הפניקס'!A:G,7,0)+VLOOKUP('תפוקה מצטברת מול אשתקד'!A37,'כלל'!A:G,7,0)+VLOOKUP('תפוקה מצטברת מול אשתקד'!A37,'מור'!A:G,7,0)+VLOOKUP('תפוקה מצטברת מול אשתקד'!A37,'אלטשולר שחם'!A:G,7,0)+VLOOKUP('תפוקה מצטברת מול אשתקד'!A37,'מדיהו '!A:K,7,0)+VLOOKUP(A37,'אנליסט '!A:G,7,0)+VLOOKUP('תפוקה מצטברת מול אשתקד'!A37,'מיטב דש'!A:G,7,0)+VLOOKUP('תפוקה מצטברת מול אשתקד'!A37,'אינפניטי'!A:G,7,0) -> -580576.23 | L37: =VLOOKUP(A37,'הכשרה'!A:K,8,0)+VLOOKUP('תפוקה מצטברת מול אשתקד'!A37,'מגדל'!A:K,8,0)+VLOOKUP('תפוקה מצטברת מול אשתקד'!A37,'מנורה'!A:K,8,0)+VLOOKUP('תפוקה מצטברת מול אשתקד'!A37,'איילון'!A:K,8,0)+VLOOKUP('תפוקה מצטברת מול אשתקד'!A37,'הראל'!A:K,8,0)+VLOOKUP('תפוקה מצטברת מול אשתקד'!A37,'הפניקס'!A:K,8,0)+VLOOKUP('תפוקה מצטברת מול אשתקד'!A37,'כלל'!A:K,8,0)+VLOOKUP('תפוקה מצטברת מול אשתקד'!A37,'מור'!A:K,8,0)+VLOOKUP('תפוקה מצטברת מול אשתקד'!A37,'אלטשולר שחם'!A:K,8,0)+VLOOKUP('תפוקה מצטברת מול אשתקד'!A37,'מדיהו '!A:K,8,0)+VLOOKUP('תפוקה מצטברת מול אשתקד'!A37,'אנליסט '!A:K,8,0)+VLOOKUP('תפוקה מצטברת מול אשתקד'!A37,'מיטב דש'!A:K,8,0)+VLOOKUP('תפוקה מצטברת מול אשתקד'!A37,'אינפניטי'!A:K,8,0) -> 36302.945 | M37: =VLOOKUP(A37,'הכשרה'!A:K,9,0)+VLOOKUP('תפוקה מצטברת מול אשתקד'!A37,'מגדל'!A:K,9,0)+VLOOKUP('תפוקה מצטברת מול אשתקד'!A37,'מנורה'!A:K,9,0)+VLOOKUP('תפוקה מצטברת מול אשתקד'!A37,'איילון'!A:K,9,0)+VLOOKUP('תפוקה מצטברת מול אשתקד'!A37,'הראל'!A:K,9,0)+VLOOKUP('תפוקה מצטברת מול אשתקד'!A37,'הפניקס'!A:K,9,0)+VLOOKUP('תפוקה מצטברת מול אשתקד'!A37,'כלל'!A:K,9,0)+VLOOKUP('תפוקה מצטברת מול אשתקד'!A37,'מור'!A:K,9,0)+VLOOKUP('תפוקה מצטברת מול אשתקד'!A37,'אלטשולר שחם'!A:K,9,0)+VLOOKUP('תפוקה מצטברת מול אשתקד'!A37,'מדיהו '!A:K,9,0)+VLOOKUP('תפוקה מצטברת מול אשתקד'!A37,'אנליסט '!A:K,9,0)+VLOOKUP('תפוקה מצטברת מול אשתקד'!A37,'מיטב דש'!A:K,9,0)+VLOOKUP('תפוקה מצטברת מול אשתקד'!A37,'אינפניטי'!A:K,9,0) -> -2857.8911 | N37: =VLOOKUP(A37,'הכשרה'!A:K,10,0)+VLOOKUP('תפוקה מצטברת מול אשתקד'!A37,'מגדל'!A:K,10,0)+VLOOKUP('תפוקה מצטברת מול אשתקד'!A37,'מנורה'!A:K,10,0)+VLOOKUP('תפוקה מצטברת מול אשתקד'!A37,'איילון'!A:K,10,0)+VLOOKUP('תפוקה מצטברת מול אשתקד'!A37,'הראל'!A:K,10,0)+VLOOKUP('תפוקה מצטברת מול אשתקד'!A37,'הפניקס'!A:K,10,0)+VLOOKUP('תפוקה מצטברת מול אשתקד'!A37,'כלל'!A:K,10,0)+VLOOKUP('תפוקה מצטברת מול אשתקד'!A37,'מור'!A:K,10,0)+VLOOKUP('תפוקה מצטברת מול אשתקד'!A37,'אלטשולר שחם'!A:K,10,0)+VLOOKUP('תפוקה מצטברת מול אשתקד'!A37,'מדיהו '!A:K,10,0)+VLOOKUP('תפוקה מצטברת מול אשתקד'!A37,'אנליסט '!A:K,10,0)+VLOOKUP('תפוקה מצטברת מול אשתקד'!A37,'מיטב דש'!A:K,10,0)+VLOOKUP('תפוקה מצטברת מול אשתקד'!A37,'אינפניטי'!A:K,10,0) -> 17809.56 | O37: =VLOOKUP(A37,'הכשרה'!A:K,11,0)+VLOOKUP('תפוקה מצטברת מול אשתקד'!A37,'מגדל'!A:K,11,0)+VLOOKUP('תפוקה מצטברת מול אשתקד'!A37,'מנורה'!A:K,11,0)+VLOOKUP('תפוקה מצטברת מול אשתקד'!A37,'איילון'!A:K,11,0)+VLOOKUP('תפוקה מצטברת מול אשתקד'!A37,'הראל'!A:K,11,0)+VLOOKUP('תפוקה מצטברת מול אשתקד'!A37,'הפניקס'!A:K,11,0)+VLOOKUP('תפוקה מצטברת מול אשתקד'!A37,'כלל'!A:K,11,0)+VLOOKUP('תפוקה מצטברת מול אשתקד'!A37,'מור'!A:K,11,0)+VLOOKUP('תפוקה מצטברת מול אשתקד'!A37,'אלטשולר שחם'!A:K,11,0)+VLOOKUP('תפוקה מצטברת מול אשתקד'!A37,'מדיהו '!A:K,11,0)+VLOOKUP('תפוקה מצטברת מול אשתקד'!A37,'אנליסט '!A:K,11,0)+VLOOKUP('תפוקה מצטברת מול אשתקד'!A37,'מיטב דש'!A:K,11,0)+VLOOKUP('תפוקה מצטברת מול אשתקד'!A37,'אינפניטי'!A:K,11,0) -> -189986.88
