Workbook

Sheet דוח הנהלה
A1: בס"ד
A3: תפוקה מצטברת לפי קבוצות
A4: קבוצה | B4: תפוקה מצטברת 05/2025 | F4: שינוי מול אשתקד % | J4: השגת יעדים מצטבר %
B5: פנסיוני | C5: סיכונים | D5: פיננסים | E5: ניודי פנסיה | F5: פנסיוני | G5: סיכונים | H5: פיננסים | I5: ניודי פנסיה | J5: פנסיוני | K5: סיכונים | L5: פיננסים | M5: ניודי פנסיה
A6: ישירים | B6: ='תפוקה מצטברת מול אשתקד'!H8 -> 6681566.9 | C6: ='תפוקה מצטברת מול אשתקד'!I8 -> 303337.58 | D6: ='תפוקה מצטברת מול אשתקד'!J8 -> 16401835 | E6: ='תפוקה מצטברת מול אשתקד'!K8 -> 41702394 | F6: ='תפוקה מצטברת מול אשתקד'!D8 -> 0.94235892 | G6: ='תפוקה מצטברת מול אשתקד'!E8 -> -0.5120803 | H6: ='תפוקה מצטברת מול אשתקד'!F8 -> 0.017395754 | I6: ='תפוקה מצטברת מול אשתקד'!G8 -> 0.62047635 | J6: ='תפוקה מצטברת מול יעד מצטבר'!D8 -> -0.18118053 | K6: ='תפוקה מצטברת מול יעד מצטבר'!E8 -> -0.62306607 | L6: ='תפוקה מצטברת מול יעד מצטבר'!F8 -> -0.46899005 | M6: ='תפוקה מצטברת מול יעד מצטבר'!G8 -> -0.13325863
A7: חברות בת | B7: ='תפוקה מצטברת מול אשתקד'!H22 -> 2161478.4 | C7: ='תפוקה מצטברת מול אשתקד'!I22 -> 1207309.2 | D7: ='תפוקה מצטברת מול אשתקד'!J22 -> 11468539 | E7: ='תפוקה מצטברת מול אשתקד'!K22 -> 5348701.1 | F7: ='תפוקה מצטברת מול אשתקד'!D22 -> 0.011118156 | G7: ='תפוקה מצטברת מול אשתקד'!E22 -> 0.59527937 | H7: ='תפוקה מצטברת מול אשתקד'!F22 -> -0.31803464 | I7: ='תפוקה מצטברת מול אשתקד'!G22 -> -0.49366108 | J7: ='תפוקה מצטברת מול יעד מצטבר'!D22 -> -0.32080242 | K7: ='תפוקה מצטברת מול יעד מצטבר'!E22 -> -0.042957396 | L7: ='תפוקה מצטברת מול יעד מצטבר'!F22 -> -0.44305854 | M7: ='תפוקה מצטברת מול יעד מצטבר'!G22 -> -0.55715341
A8: סוכני פרימיום | B8: ='תפוקה מצטברת מול אשתקד'!H75 -> 3975565.7 | C8: ='תפוקה מצטברת מול אשתקד'!I75 -> 652695.64 | D8: ='תפוקה מצטברת מול אשתקד'!J75 -> 27948634 | E8: ='תפוקה מצטברת מול אשתקד'!K75 -> 29592393 | F8: ='תפוקה מצטברת מול אשתקד'!D75 -> 0.40854726 | G8: ='תפוקה מצטברת מול אשתקד'!E75 -> 0.20597974 | H8: ='תפוקה מצטברת מול אשתקד'!F75 -> 0.47274726 | I8: ='תפוקה מצטברת מול אשתקד'!G66 -> 0.71282127 | J8: ='תפוקה מצטברת מול יעד מצטבר'!D66 -> -0.42541301 | K8: ='תפוקה מצטברת מול יעד מצטבר'!E66 -> -0.73504022 | L8: ='תפוקה מצטברת מול יעד מצטבר'!F66 -> -0.084616451 | M8: ='תפוקה מצטברת מול יעד מצטבר'!G66 -> -0.18423831
A9: סוכנים ערן | B9: ='תפוקה מצטברת מול אשתקד'!H56 -> 4675522.4 | C9: ='תפוקה מצטברת מול אשתקד'!I56 -> 652656.54 | D9: ='תפוקה מצטברת מול אשתקד'!J56 -> 8435988 | E9: ='תפוקה מצטברת מול אשתקד'!K56 -> 11766559 | F9: ='תפוקה מצטברת מול אשתקד'!D76 -> 0.28593697 | G9: ='תפוקה מצטברת מול אשתקד'!E76 -> 0.02358863 | H9: ='תפוקה מצטברת מול אשתקד'!F76 -> 0.041488034 | I9: ='תפוקה מצטברת מול אשתקד'!G75 -> 0.37647459 | J9: ='תפוקה מצטברת מול יעד מצטבר'!D75 -> 0.12000385 | K9: ='תפוקה מצטברת מול יעד מצטבר'!E75 -> 0.071749822 | L9: ='תפוקה מצטברת מול יעד מצטבר'!F75 -> 0.42580523 | M9: ='תפוקה מצטברת מול יעד מצטבר'!G75 -> 1.9190729
A10: סוכנים איתי | B10: ='תפוקה מצטברת מול אשתקד'!H66 -> 1781679.3 | C10: ='תפוקה מצטברת מול אשתקד'!I66 -> 129088.41 | D10: ='תפוקה מצטברת מול אשתקד'!J66 -> 8337313.4 | E10: ='תפוקה מצטברת מול אשתקד'!K66 -> 6460832.6 | F10: ='תפוקה מצטברת מול אשתקד'!D77 -> 0 | G10: ='תפוקה מצטברת מול אשתקד'!E77 -> 0 | H10: ='תפוקה מצטברת מול אשתקד'!F77 -> 0 | I10: ='תפוקה מצטברת מול אשתקד'!G76 -> 0.068566129 | J10: ='תפוקה מצטברת מול יעד מצטבר'!D76 -> -0.14178676 | K10: ='תפוקה מצטברת מול יעד מצטבר'!E76 -> -0.2704401 | L10: ='תפוקה מצטברת מול יעד מצטבר'!F76 -> -0.19244972 | M10: ='תפוקה מצטברת מול יעד מצטבר'!G76 -> 0.084531151
A11: סה"כ מכירות | B11: =SUM(B6:B10) -> 19275813 | C11: =SUM(C6:C10) -> 2945087.4 | D11: =SUM(D6:D10) -> 72592310 | E11: =SUM(E6:E10) -> 94870881 | F11: ='תפוקה מצטברת מול אשתקד'!D76 -> 0.28593697 | G11: ='תפוקה מצטברת מול אשתקד'!E76 -> 0.02358863 | H11: ='תפוקה מצטברת מול אשתקד'!F76 -> 0.041488034 | I11: ='תפוקה מצטברת מול יעד מצטבר'!D75 -> 0.12000385 | J11: ='תפוקה מצטברת מול יעד מצטבר'!D76 -> -0.14178676 | K11: ='תפוקה מצטברת מול יעד מצטבר'!E76 -> -0.2704401 | L11: ='תפוקה מצטברת מול יעד מצטבר'!F76 -> -0.19244972 | M11: ='תפוקה מצטברת מול יעד מצטבר'!G76 -> 0.084531151
A14: תפוקה מצטברת לפי מפקחים
A15: מפקח | B15: תפוקה מצטברת 05/2025 | F15: שינוי מול אשתקד % | J15: השגת יעדים מצטבר % | N15: תפוקה מצטברת 03/2024 | R15: יעדים מצטבר
B16: פנסיוני | C16: סיכונים | D16: פיננסים | E16: ניודי פנסיה | F16: פנסיוני | G16: סיכונים | H16: פיננסים | I16: ניודי פנסיה | J16: פנסיוני | K16: סיכונים | L16: פיננסים | M16: ניודי פנסיה | N16: פנסיוני | O16: סיכונים | P16: פיננסים | Q16: ניודי פנסיה | R16: פנסיוני | S16: סיכונים | T16: פיננסים | U16: ניודי פנסיה
A17: ערן גירוני | B17: =SUMIF('תפוקה מצטברת מול אשתקד'!B:B,'דוח הנהלה'!A17,'תפוקה מצטברת מול אשתקד'!H:H) -> 8368137.2 | C17: =SUMIF('תפוקה מצטברת מול אשתקד'!B:B,'דוח הנהלה'!A17,'תפוקה מצטברת מול אשתקד'!I:I) -> 1267553.4 | D17: =SUMIF('תפוקה מצטברת מול אשתקד'!B:B,'דוח הנהלה'!A17,'תפוקה מצטברת מול אשתקד'!J:J) -> 32673072 | E17: =SUMIF('תפוקה מצטברת מול אשתקד'!B:B,'דוח הנהלה'!A17,'תפוקה מצטברת מול אשתקד'!K:K) -> 37609063 | F17: =(B17-N17)/N17 -> 0.13997656 | G17: =(C17-O17)/O17 -> 0.0044952588 | H17: =(D17-P17)/P17 -> 0.31512245 | I17: =(E17-Q17)/Q17 -> -0.21362454 | J17: =(B17-R17)/R17 -> 0.1238433 | K17: =(C17-S17)/S17 -> -0.077874746 | L17: =(D17-T17)/T17 -> 0.30964693 | M17: =(E17-U17)/U17 -> 1.2138084 | N17: =SUMIF('תפוקה מצטברת מול אשתקד'!B:B,'דוח הנהלה'!A17,'תפוקה מצטברת מול אשתקד'!L:L) -> 7340622.1 | O17: =SUMIF('תפוקה מצטברת מול אשתקד'!B:B,'דוח הנהלה'!A17,'תפוקה מצטברת מול אשתקד'!M:M) -> 1261880.9 | P17: =SUMIF('תפוקה מצטברת מול אשתקד'!B:B,'דוח הנהלה'!A17,'תפוקה מצטברת מול אשתקד'!N:N) -> 24844129 | Q17: =SUMIF('תפוקה מצטברת מול אשתקד'!B:B,'דוח הנהלה'!A17,'תפוקה מצטברת מול אשתקד'!O:O) -> 47825835 | R17: =SUMIF('תפוקה מצטברת מול יעד מצטבר'!B:B,'דוח הנהלה'!A17,'תפוקה מצטברת מול יעד מצטבר'!H:K) -> 7446000 | S17: =SUMIF('תפוקה מצטברת מול יעד מצטבר'!B:B,'דוח הנהלה'!A17,'תפוקה מצטברת מול יעד מצטבר'!I:I) -> 1374600 | T17: =SUMIF('תפוקה מצטברת מול יעד מצטבר'!B:B,'דוח הנהלה'!A17,'תפוקה מצטברת מול יעד מצטבר'!J:J) -> 24948000 | U17: =SUMIF('תפוקה מצטברת מול יעד מצטבר'!B:B,'דוח הנהלה'!A17,'תפוקה מצטברת מול יעד מצטבר'!K:K) -> 16988400
A18: לא מפוקחים | B18: =SUMIF('תפוקה מצטברת מול אשתקד'!B:B,'דוח הנהלה'!A18,'תפוקה מצטברת מול אשתקד'!H:H) -> 30082.09 | C18: =SUMIF('תפוקה מצטברת מול אשתקד'!B:B,'דוח הנהלה'!A18,'תפוקה מצטברת מול אשתקד'!I:I) -> 17688.96 | D18: =SUMIF('תפוקה מצטברת מול אשתקד'!B:B,'דוח הנהלה'!A18,'תפוקה מצטברת מול אשתקד'!J:J) -> 0 | E18: =SUMIF('תפוקה מצטברת מול אשתקד'!B:B,'דוח הנהלה'!A18,'תפוקה מצטברת מול אשתקד'!K:K) -> 0 | F18: =(B18-N18)/N18 -> 237.8036 | G18: =(C18-O18)/O18 -> 19.376561 | H18: 0 | I18: =(E18-Q18)/Q18 -> -1 | J18: =(B18-R18)/R18 -> -0.81567347 | K18: =(C18-S18)/S18 -> -0.59335724 | L18: =(D18-T18)/T18 -> -1 | M18: =(E18-U18)/U18 -> -1 | N18: =SUMIF('תפוקה מצטברת מול אשתקד'!B:B,'דוח הנהלה'!A18,'תפוקה מצטברת מול אשתקד'!L:L) -> 125.97 | O18: =SUMIF('תפוקה מצטברת מול אשתקד'!B:B,'דוח הנהלה'!A18,'תפוקה מצטברת מול אשתקד'!M:M) -> 868.10332 | P18: =SUMIF('תפוקה מצטברת מול אשתקד'!B:B,'דוח הנהלה'!A18,'תפוקה מצטברת מול אשתקד'!N:N) -> 0 | Q18: =SUMIF('תפוקה מצטברת מול אשתקד'!B:B,'דוח הנהלה'!A18,'תפוקה מצטברת מול אשתקד'!O:O) -> -115261.94 | R18: =SUMIF('תפוקה מצטברת מול יעד מצטבר'!B:B,'דוח הנהלה'!A18,'תפוקה מצטברת מול יעד מצטבר'!H:H) -> 163200 | S18: =SUMIF('תפוקה מצטברת מול יעד מצטבר'!B:B,'דוח הנהלה'!A18,'תפוקה מצטברת מול יעד מצטבר'!I:I) -> 43500 | T18: =SUMIF('תפוקה מצטברת מול יעד מצטבר'!B:B,'דוח הנהלה'!A18,'תפוקה מצטברת מול יעד מצטבר'!J:J) -> 396000 | U18: =SUMIF('תפוקה מצטברת מול יעד מצטבר'!B:B,'דוח הנהלה'!A18,'תפוקה מצטברת מול יעד מצטבר'!K:K) -> 396000
A19: יוסי אביב | B19: =SUMIF('תפוקה מצטברת מול אשתקד'!B:B,'דוח הנהלה'!A19,'תפוקה מצטברת מול אשתקד'!H:H) -> 9095914.1 | C19: =SUMIF('תפוקה מצטברת מול אשתקד'!B:B,'דוח הנהלה'!A19,'תפוקה מצטברת מול אשתקד'!I:I) -> 1530756.7 | D19: =SUMIF('תפוקה מצטברת מול אשתקד'!B:B,'דוח הנהלה'!A19,'תפוקה מצטברת מול אשתקד'!J:J) -> 31581925 | E19: =SUMIF('תפוקה מצטברת מול אשתקד'!B:B,'דוח הנהלה'!A19,'תפוקה מצטברת מול אשתקד'!K:K) -> 50800985 | F19: =(B19-N19)/N19 -> 0.57004554 | G19: =(C19-O19)/O19 -> 0.088079953 | H19: =(D19-P19)/P19 -> -0.16062852 | I19: =(E19-Q19)/Q19 -> 0.36192985 | J19: =(B19-R19)/R19 -> -0.225906 | K19: =(C19-S19)/S19 -> -0.28184064 | L19: =(D19-T19)/T19 -> -0.43034046 | M19: =(E19-U19)/U19 -> -0.18289608 | N19: =SUMIF('תפוקה מצטברת מול אשתקד'!B:B,'דוח הנהלה'!A19,'תפוקה מצטברת מול אשתקד'!L:L) -> 5793407.8 | O19: =SUMIF('תפוקה מצטברת מול אשתקד'!B:B,'דוח הנהלה'!A19,'תפוקה מצטברת מול אשתקד'!M:M) -> 1406842.1 | P19: =SUMIF('תפוקה מצטברת מול אשתקד'!B:B,'דוח הנהלה'!A19,'תפוקה מצטברת מול אשתקד'!N:N) -> 37625682 | Q19: =SUMIF('תפוקה מצטברת מול אשתקד'!B:B,'דוח הנהלה'!A19,'תפוקה מצטברת מול אשתקד'!O:O) -> 37300735 | R19: =SUMIF('תפוקה מצטברת מול יעד מצטבר'!B:B,'דוח הנהלה'!A19,'תפוקה מצטברת מול יעד מצטבר'!H:H) -> 11750400 | S19: =SUMIF('תפוקה מצטברת מול יעד מצטבר'!B:B,'דוח הנהלה'!A19,'תפוקה מצטברת מול יעד מצטבר'!I:I) -> 2131500 | T19: =SUMIF('תפוקה מצטברת מול יעד מצטבר'!B:B,'דוח הנהלה'!A19,'תפוקה מצטברת מול יעד מצטבר'!J:J) -> 55440000 | U19: =SUMIF('תפוקה מצטברת מול יעד מצטבר'!B:B,'דוח הנהלה'!A19,'תפוקה מצטברת מול יעד מצטבר'!K:K) -> 62172000
A20: איתי אדן | B20: =SUMIF('תפוקה מצטברת מול אשתקד'!B:B,'דוח הנהלה'!A20,'תפוקה מצטברת מול אשתקד'!H:H) -> 1781679.3 | C20: =SUMIF('תפוקה מצטברת מול אשתקד'!B:B,'דוח הנהלה'!A20,'תפוקה מצטברת מול אשתקד'!I:I) -> 129088.41 | D20: =SUMIF('תפוקה מצטברת מול אשתקד'!B:B,'דוח הנהלה'!A20,'תפוקה מצטברת מול אשתקד'!J:J) -> 8337313.4 | E20: =SUMIF('תפוקה מצטברת מול אשתקד'!B:B,'דוח הנהלה'!A20,'תפוקה מצטברת מול אשתקד'!K:K) -> 6460832.6 | F20: =(B20-N20)/N20 -> -0.039808902 | G20: =(C20-O20)/O20 -> -0.37826684 | H20: =(D20-P20)/P20 -> 0.15303434 | I20: =(E20-Q20)/Q20 -> 0.71282127 | J20: =(B20-R20)/R20 -> -0.42541301 | K20: =(C20-S20)/S20 -> -0.73504022 | L20: =(D20-T20)/T20 -> -0.084616451 | M20: =(E20-U20)/U20 -> -0.18423831 | N20: =SUMIF('תפוקה מצטברת מול אשתקד'!B:B,'דוח הנהלה'!A20,'תפוקה מצטברת מול אשתקד'!L:L) -> 1855546.6 | O20: =SUMIF('תפוקה מצטברת מול אשתקד'!B:B,'דוח הנהלה'!A20,'תפוקה מצטברת מול אשתקד'!M:M) -> 207626.7 | P20: =SUMIF('תפוקה מצטברת מול אשתקד'!B:B,'דוח הנהלה'!A20,'תפוקה מצטברת מול אשתקד'!N:N) -> 7230758.9 | Q20: =SUMIF('תפוקה מצטברת מול אשתקד'!B:B,'דוח הנהלה'!A20,'תפוקה מצטברת מול אשתקד'!O:O) -> 3772041.3 | R20: =SUMIF('תפוקה מצטברת מול יעד מצטבר'!B:B,'דוח הנהלה'!A20,'תפוקה מצטברת מול יעד מצטבר'!H:H) -> 3100800 | S20: =SUMIF('תפוקה מצטברת מול יעד מצטבר'!B:B,'דוח הנהלה'!A20,'תפוקה מצטברת מול יעד מצטבר'!I:I) -> 487200 | T20: =SUMIF('תפוקה מצטברת מול יעד מצטבר'!B:B,'דוח הנהלה'!A20,'תפוקה מצטברת מול יעד מצטבר'!J:J) -> 9108000 | U20: =SUMIF('תפוקה מצטברת מול יעד מצטבר'!B:B,'דוח הנהלה'!A20,'תפוקה מצטברת מול יעד מצטבר'!K:K) -> 7920000
B21: =SUM(B17:B20) -> 19275813 | C21: =SUM(C17:C20) -> 2945087.4 | D21: =SUM(D17:D20) -> 72592310 | E21: =SUM(E17:E20) -> 94870881 | F21: =(B21-N21)/N21 -> 0.28593697 | G21: =(C21-O21)/O21 -> 0.02358863 | H21: =(D21-P21)/P21 -> 0.041488034 | I21: =(B21-R21)/R21 -> -0.14178676 | J21: =(B21-R21)/R21 -> -0.14178676 | K21: =(C21-S21)/S21 -> -0.2704401 | L21: =(D21-T21)/T21 -> -0.19244972 | M21: =(E21-U21)/U21 -> 0.084531151 | N21: =SUM(N17:N20) -> 14989703 | O21: =SUM(O17:O20) -> 2877217.8 | P21: =SUM(P17:P20) -> 69700570 | Q21: =SUM(Q17:Q20) -> 88783350 | R21: =SUM(R17:R20) -> 22460400 | S21: =SUM(S17:S20) -> 4036800 | T21: =SUM(T17:T20) -> 89892000 | U21: =SUM(U17:U20) -> 87476400
A25: תפוקה מצטברת לפי חברות | R25: עולים בולטים
A26: קבוצה | B26: תפוקה מצטברת 05/2025 | F26: שינוי מול אשתקד % | R26: סוכן | S26: שינוי % מול תקופה חופפת אשתקד | T26: עליה מול תקופה חופפת אשתקד | U26: תפוקה מצטברת - 2024
B27: פנסיוני | C27: סיכונים | D27: פיננסים | E27: ניודי פנסיה | F27: פנסיוני | G27: סיכונים | H27: פיננסים | I27: ניודי פנסיה | R27: סמיר בלאן | S27: 67.345806 | T27: 207336.19 | U27: 210414.87
A28: מנורה | B28: =מנורה!D76 -> 2630373.3 | C28: =מנורה!E76 -> 713517.97 | D28: =מנורה!F76 -> 2863876 | E28: =מנורה!G76 -> -696662 | F28: =מנורה!D76/מנורה!H76-1 -> 0.081077741 | G28: =מנורה!E76/מנורה!I76-1 -> 0.67210092 | H28: =מנורה!F76/מנורה!J76-1 -> -0.57750655 | I28: =מנורה!G76/מנורה!K76-1 -> -1.0573909 | R28: לילי שרון | S28: 429.18924 | T28: 707042.93 | U28: 708690.32
A29: מגדל | B29: =מגדל!D76 -> 11087931 | C29: =מגדל!E76 -> 539695.35 | D29: =מגדל!F76 -> 29303374 | E29: =מגדל!G76 -> 83012846 | F29: =מגדל!D76/מגדל!H76-1 -> 0.84778542 | G29: =מגדל!E76/מגדל!I76-1 -> 0.18510115 | H29: =מגדל!F76/מגדל!J76-1 -> 0.43202716 | I29: =מגדל!G76/מגדל!K76-1 -> 1.3962181 | R29: מכלול סוכנות לביטוח | S29: 1 | T29: 330170.12 | U29: 330170.12
A30: כלל | B30: =כלל!D76 -> 2735759.9 | C30: =כלל!E76 -> 950020.13 | D30: =כלל!F76 -> 11075255 | E30: =כלל!G76 -> 8594073.5 | F30: =כלל!D76/כלל!H76-1 -> -0.34839322 | G30: =כלל!E76/כלל!I76-1 -> 0.30718987 | H30: =כלל!F76/כלל!J76-1 -> 0.27309131 | I30: =כלל!G76/כלל!K76-1 -> -0.75172378 | R30: דניאלה אביב | S30: 34.352594 | T30: 168203.35 | U30: 173099.73
A31: אלטשולר שחם | B31: ='אלטשולר שחם'!D76 -> 0 | C31: ='אלטשולר שחם'!E76 -> 0 | D31: ='אלטשולר שחם'!F76 -> 206323 | E31: ='אלטשולר שחם'!G76 -> 0 | F31: ='אלטשולר שחם'!D76/'אלטשולר שחם'!H76-1 -> -1 | G31: 0 | H31: ='אלטשולר שחם'!F76/'אלטשולר שחם'!J76-1 -> 1.2899334 | I31: 0 | R31: ריזק חלבי | S31: 3.8491532 | T31: 145538.09 | U31: 183348.51
A32: מור | B32: =מור!D76 -> 0 | C32: =מור!E76 -> 0 | D32: =מור!F76 -> 1480954.4 | E32: =מור!G76 -> 0 | F32: 0 | G32: 0 | H32: =מור!F76/מור!J76-1 -> -0.47876547 | I32: 0
A33: הראל | B33: =הראל!D76 -> 1141283 | C33: =הראל!E76 -> 312138 | D33: =הראל!F76 -> 2038363 | E33: =הראל!G76 -> -1200206 | F33: =הראל!D76/הראל!H76-1 -> -0.37874434 | G33: =הראל!E76/הראל!I76-1 -> -0.48621824 | H33: =הראל!F76/הראל!J76-1 -> -0.61250977 | I33: =הראל!G76/הראל!K76-1 -> -1.4351201
A34: הפניקס | B34: =הפניקס!D76 -> 1679216 | C34: =הפניקס!E76 -> 119729 | D34: =הפניקס!F76 -> 11469936 | E34: =הפניקס!G76 -> 5160829 | F34: =הפניקס!D76/הפניקס!H76-1 -> 2.2478715 | G34: =הפניקס!E76/הפניקס!I76-1 -> -0.58170827 | H34: =הפניקס!F76/הפניקס!J76-1 -> 0.65623155 | I34: =הפניקס!G76/הפניקס!K76-1 -> 0.11516243
A35: איילון | B35: =איילון!D76 -> 1250 | C35: =איילון!E76 -> 293066.96 | D35: =איילון!F76 -> 0 | E35: =איילון!G76 -> 0 | F35: 1 | G35: =איילון!E76/איילון!I76-1 -> -0.20831722 | H35: 0 | I35: 0
A36: הכשרה | B36: =הכשרה!D76 -> 0 | C36: =הכשרה!E76 -> 2975 | D36: =הכשרה!F76 -> 0 | E36: =הכשרה!G76 -> 0 | F36: 0 | G36: =הכשרה!E76/הכשרה!I76-1 -> 0.015705019 | H36: 1 | I36: 0 | R36: יורדים בולטים
A37: מדיהו | B37: ='מדיהו '!D76 -> 0 | C37: ='מדיהו '!E76 -> 13945 | D37: ='מדיהו '!F76 -> 0 | E37: ='מדיהו '!G76 -> 0 | F37: 0 | G37: ='מדיהו '!E76/'מדיהו '!I76-1 -> 8.5644719 | H37: 0%0 | I37: 0 | R37: סוכן | S37: שינוי % מול תקופה חופפת אשתקד | T37: ירידה מול תקופה חופפת אשתקד | U37: תפוקה מצטברת - 2024
A38: אנליסט | B38: ='אנליסט '!D76 -> 0 | C38: ='אנליסט '!E76 -> 0 | D38: ='אנליסט '!F76 -> 14154228 | E38: ='אנליסט '!G76 -> 0 | F38: 0 | G38: 0 | H38: ='אנליסט '!F76/'אנליסט '!J76-1 -> -0.24075934 | I38: 0 | R38: משה שטרן גל אלמגור | S38: -0.87560268 | T38: -176003.3 | U38: 25004.88
A39: מיטב דש | B39: ='מיטב דש'!D76 -> 0 | C39: ='מיטב דש'!E76 -> 0 | D39: ='מיטב דש'!F76 -> 0 | E39: ='מיטב דש'!G76 -> 0 | F39: 0 | G39: 0 | H39: 0 | I39: 0 | R39: דאי גדי | S39: 0 | T39: -270588.35 | U39: 0
A40: אינפניטי | B40: =אינפניטי!D76 -> 0 | C40: =אינפניטי!E76 -> 0 | D40: =אינפניטי!F76 -> 0 | E40: =אינפניטי!G76 -> 0 | F40: 0 | G40: 0 | H40: 0 | I40: 0 | R40: שלי מזרחי | S40: -0.98846228 | T40: -280396.68 | U40: 3272.9
A41: סה"כ | B41: =SUM(B28:B40) -> 19275813 | C41: =SUM(C28:C40) -> 2945087.4 | D41: =SUM(D28:D40) -> 72592310 | E41: =SUM(E28:E40) -> 94870881 | F41: =('תפוקה מצטברת מול אשתקד'!H76-'תפוקה מצטברת מול אשתקד'!L76)/'תפוקה מצטברת מול אשתקד'!L76 -> 0.28593697 | G41: =('תפוקה מצטברת מול אשתקד'!I76-'תפוקה מצטברת מול אשתקד'!M76)/'תפוקה מצטברת מול אשתקד'!M76 -> 0.02358863 | H41: =('תפוקה מצטברת מול אשתקד'!J76-'תפוקה מצטברת מול אשתקד'!N76)/'תפוקה מצטברת מול אשתקד'!N76 -> 0.041488034 | I41: =('תפוקה מצטברת מול אשתקד'!K76-'תפוקה מצטברת מול אשתקד'!O76)/'תפוקה מצטברת מול אשתקד'!O76 -> 0.068566129 | R41: גל אלמגור דאוד סוכ' לב | S41: -1.0012886 | T41: -371533.24 | U41: -478.1235
R42: גל אלמגור סוכ | S42: -0.99658236 | T42: -614691.31 | U42: 2108

Sheet תפוקה מצטברת מול אשתקד
D1: שינוי מול אשתקד % | H1: תפוקה מצטברת 05/2025 | L1: תפוקה מצטברת 05/2024
A2: שם סוכן | B2: מפקח | C2: מחלקה | D2: פנסיוני | E2: סיכונים | F2: פיננסים | G2: ניודי פנסיה | H2: פנסיוני | I2: סיכונים | J2: פיננסים | K2: ניודי פנסיה | L2: פנסיוני | M2: סיכונים | N2: פיננסים | O2: ניודי פנסיה
A3: גל אלמגור סוכ | B3: יוסי אביב | C3: ישירים | D3: =IF(H3=0,0%,IF(L3=0,100%,H3/L3-1)) -> 1.2594934 | E3: =IF(I3=0,0%,IF(M3=0,100%,I3/M3-1)) -> -0.65886008 | F3: =IF(J3=0,0%,IF(N3=G29,100%,J3/N3-1)) -> 0.50910529 | G3: =IF(K3=0,0%,IF(O3=H29,100%,K3/O3-1)) -> 1.0904927 | H3: =VLOOKUP(A3,הכשרה!A:G,4,0)+VLOOKUP('תפוקה מצטברת מול אשתקד'!A3,מגדל!A:G,4,0)+VLOOKUP('תפוקה מצטברת מול אשתקד'!A3,מנורה!A:G,4,0)+VLOOKUP('תפוקה מצטברת מול אשתקד'!A3,איילון!A:G,4,0)+VLOOKUP('תפוקה מצטברת מול אשתקד'!A3,הראל!A:G,4,0)+VLOOKUP('תפוקה מצטברת מול אשתקד'!A3,הפניקס!A:G,4,0)+VLOOKUP('תפוקה מצטברת מול אשתקד'!A3,כלל!A:G,4,0)+VLOOKUP('תפוקה מצטברת מול אשתקד'!A3,מור!A:G,4,0)+VLOOKUP('תפוקה מצטברת מול אשתקד'!A3,'אלטשולר שחם'!A:G,4,0)+VLOOKUP('תפוקה מצטברת מול אשתקד'!A3,'מדיהו '!A:G,4,0)+VLOOKUP('תפוקה מצטברת מול אשתקד'!A3,'אנליסט '!A:G,4,0)+VLOOKUP('תפוקה מצטברת מול אשתקד'!A3,'מיטב דש'!A:G,4,0)+VLOOKUP('תפוקה מצטברת מול אשתקד'!A3,אינפניטי!A:G,4,0) -> 6090018.6 | I3: =VLOOKUP(A3,הכשרה!A:G,5,0)+VLOOKUP('תפוקה מצטברת מול אשתקד'!A3,מגדל!A:G,5,0)+VLOOKUP('תפוקה מצטברת מול אשתקד'!A3,מנורה!A:G,5,0)+VLOOKUP('תפוקה מצטברת מול אשתקד'!A3,איילון!A:G,5,0)+VLOOKUP('תפוקה מצטברת מול אשתקד'!A3,הראל!A:G,5,0)+VLOOKUP('תפוקה מצטברת מול אשתקד'!A3,הפניקס!A:G,5,0)+VLOOKUP('תפוקה מצטברת מול אשתקד'!A3,כלל!A:G,5,0)+VLOOKUP('תפוקה מצטברת מול אשתקד'!A3,מור!A:G,5,0)+VLOOKUP('תפוקה מצטברת מול אשתקד'!A3,'אלטשולר שחם'!A:G,5,0)+VLOOKUP('תפוקה מצטברת מול אשתקד'!A3,'מדיהו '!A:G,5,0)+VLOOKUP('תפוקה מצטברת מול אשתקד'!A3,'אנליסט '!A:G,5,0)+VLOOKUP('תפוקה מצטברת מול אשתקד'!A3,'מיטב דש'!A:G,5,0)+VLOOKUP('תפוקה מצטברת מול אשתקד'!A3,אינפניטי!A:G,5,0) -> 210414.87 | J3: =VLOOKUP(A3,הכשרה!A:G,6,0)+VLOOKUP('תפוקה מצטברת מול אשתקד'!A3,מגדל!A:G,6,0)+VLOOKUP('תפוקה מצטברת מול אשתקד'!A3,מנורה!A:G,6,0)+VLOOKUP('תפוקה מצטברת מול אשתקד'!A3,איילון!A:G,6,0)+VLOOKUP(A3,הראל!A:G,6,0)+VLOOKUP('תפוקה מצטברת מול אשתקד'!A3,הפניקס!A:G,6,0)+VLOOKUP('תפוקה מצטברת מול אשתקד'!A3,כלל!A:G,6,0)+VLOOKUP('תפוקה מצטברת מול אשתקד'!A3,מור!A:G,6,0)+VLOOKUP('תפוקה מצטברת מול אשתקד'!A3,'אלטשולר שחם'!A:G,6,0)+VLOOKUP('תפוקה מצטברת מול אשתקד'!A3,'מדיהו '!A:G,6,0)+VLOOKUP('תפוקה מצטברת מול אשתקד'!A3,'אנליסט '!A:G,6,0)+VLOOKUP('תפוקה מצטברת מול אשתקד'!A3,'מיטב דש'!A:G,6,0)+VLOOKUP('תפוקה מצטברת מול אשתקד'!A3,אינפניטי!A:G,6,0) -> 13779078 | K3: =VLOOKUP(A3,הכשרה!A:G,7,0)+VLOOKUP('תפוקה מצטברת מול אשתקד'!A3,מגדל!A:G,7,0)+VLOOKUP('תפוקה מצטברת מול אשתקד'!A3,מנורה!A:G,7,0)+VLOOKUP('תפוקה מצטברת מול אשתקד'!A3,איילון!A:G,7,0)+VLOOKUP('תפוקה מצטברת מול אשתקד'!A3,הראל!A:G,7,0)+VLOOKUP('תפוקה מצטברת מול אשתקד'!A3,הפניקס!A:G,7,0)+VLOOKUP('תפוקה מצטברת מול אשתקד'!A3,כלל!A:G,7,0)+VLOOKUP('תפוקה מצטברת מול אשתקד'!A3,מור!A:G,7,0)+VLOOKUP('תפוקה מצטברת מול אשתקד'!A3,'אלטשולר שחם'!A:G,7,0)+VLOOKUP('תפוקה מצטברת מול אשתקד'!A3,'מדיהו '!A:K,7,0)+VLOOKUP(A3,'אנליסט '!A:G,7,0)+VLOOKUP('תפוקה מצטברת מול אשתקד'!A3,'מיטב דש'!A:G,7,0)+VLOOKUP('תפוקה מצטברת מול אשתקד'!A3,אינפניטי!A:G,7,0) -> 40437312 | L3: =VLOOKUP(A3,הכשרה!A:K,8,0)+VLOOKUP('תפוקה מצטברת מול אשתקד'!A3,מגדל!A:K,8,0)+VLOOKUP('תפוקה מצטברת מול אשתקד'!A3,מנורה!A:K,8,0)+VLOOKUP('תפוקה מצטברת מול אשתקד'!A3,איילון!A:K,8,0)+VLOOKUP('תפוקה מצטברת מול אשתקד'!A3,הראל!A:K,8,0)+VLOOKUP('תפוקה מצטברת מול אשתקד'!A3,הפניקס!A:K,8,0)+VLOOKUP('תפוקה מצטברת מול אשתקד'!A3,כלל!A:K,8,0)+VLOOKUP('תפוקה מצטברת מול אשתקד'!A3,מור!A:K,8,0)+VLOOKUP('תפוקה מצטברת מול אשתקד'!A3,'אלטשולר שחם'!A:K,8,0)+VLOOKUP('תפוקה מצטברת מול אשתקד'!A3,'מדיהו '!A:K,8,0)+VLOOKUP('תפוקה מצטברת מול אשתקד'!A3,'אנליסט '!A:K,8,0)+VLOOKUP('תפוקה מצטברת מול אשתקד'!A3,'מיטב דש'!A:K,8,0)+VLOOKUP('תפוקה מצטברת מול אשתקד'!A3,אינפניטי!A:K,8,0) -> 2695302.6 | M3: =VLOOKUP(A3,הכשרה!A:K,9,0)+VLOOKUP('תפוקה מצטברת מול אשתקד'!A3,מגדל!A:K,9,0)+VLOOKUP('תפוקה מצטברת מול אשתקד'!A3,מנורה!A:K,9,0)+VLOOKUP('תפוקה מצטברת מול אשתקד'!A3,איילון!A:K,9,0)+VLOOKUP('תפוקה מצטברת מול אשתקד'!A3,הראל!A:K,9,0)+VLOOKUP('תפוקה מצטברת מול אשתקד'!A3,הפניקס!A:K,9,0)+VLOOKUP('תפוקה מצטברת מול אשתקד'!A3,כלל!A:K,9,0)+VLOOKUP('תפוקה מצטברת מול אשתקד'!A3,מור!A:K,9,0)+VLOOKUP('תפוקה מצטברת מול אשתקד'!A3,'אלטשולר שחם'!A:K,9,0)+VLOOKUP('תפוקה מצטברת מול אשתקד'!A3,'מדיהו '!A:K,9,0)+VLOOKUP('תפוקה מצטברת מול אשתקד'!A3,'אנליסט '!A:K,9,0)+VLOOKUP('תפוקה מצטברת מול אשתקד'!A3,'מיטב דש'!A:K,9,0)+VLOOKUP('תפוקה מצטברת מול אשתקד'!A3,אינפניטי!A:K,9,0) -> 616799.31 | N3: =VLOOKUP(A3,הכשרה!A:K,10,0)+VLOOKUP('תפוקה מצטברת מול אשתקד'!A3,מגדל!A:K,10,0)+VLOOKUP('תפוקה מצטברת מול אשתקד'!A3,מנורה!A:K,10,0)+VLOOKUP('תפוקה מצטברת מול אשתקד'!A3,איילון!A:K,10,0)+VLOOKUP('תפוקה מצטברת מול אשתקד'!A3,הראל!A:K,10,0)+VLOOKUP('תפוקה מצטברת מול אשתקד'!A3,הפניקס!A:K,10,0)+VLOOKUP('תפוקה מצטברת מול אשתקד'!A3,כלל!A:K,10,0)+VLOOKUP('תפוקה מצטברת מול אשתקד'!A3,מור!A:K,10,0)+VLOOKUP('תפוקה מצטברת מול אשתקד'!A3,'אלטשולר שחם'!A:K,10,0)+VLOOKUP('תפוקה מצטברת מול אשתקד'!A3,'מדיהו '!A:K,10,0)+VLOOKUP('תפוקה מצטברת מול אשתקד'!A3,'אנליסט '!A:K,10,0)+VLOOKUP('תפוקה מצטברת מול אשתקד'!A3,'מיטב דש'!A:K,10,0)+VLOOKUP('תפוקה מצטברת מול אשתקד'!A3,אינפניטי!A:K,10,0) -> 9130627.1 | O3: =VLOOKUP(A3,הכשרה!A:K,11,0)+VLOOKUP('תפוקה מצטברת מול אשתקד'!A3,מגדל!A:K,11,0)+VLOOKUP('תפוקה מצטברת מול אשתקד'!A3,מנורה!A:K,11,0)+VLOOKUP('תפוקה מצטברת מול אשתקד'!A3,איילון!A:K,11,0)+VLOOKUP('תפוקה מצטברת מול אשתקד'!A3,הראל!A:K,11,0)+VLOOKUP('תפוקה מצטברת מול אשתקד'!A3,הפניקס!A:K,11,0)+VLOOKUP('תפוקה מצטברת מול אשתקד'!A3,כלל!A:K,11,0)+VLOOKUP('תפוקה מצטברת מול אשתקד'!A3,מור!A:K,11,0)+VLOOKUP('תפוקה מצטברת מול אשתקד'!A3,'אלטשולר שחם'!A:K,11,0)+VLOOKUP('תפוקה מצטברת מול אשתקד'!A3,'מדיהו '!A:K,11,0)+VLOOKUP('תפוקה מצטברת מול אשתקד'!A3,'אנליסט '!A:K,11,0)+VLOOKUP('תפוקה מצטברת מול אשתקד'!A3,'מיטב דש'!A:K,11,0)+VLOOKUP('תפוקה מצטברת מול אשתקד'!A3,אינפניטי!A:K,11,0) -> 19343437
A4: דניאלה אביב | B4: יוסי אביב | C4: ישירים | D4: =IF(H4=0,0%,IF(L4=0,100%,H4/L4-1)) -> -0.44559604 | E4: =IF(I4=0,0%,IF(M4=0,100%,I4/M4-1)) -> -0.19611442 | F4: =IF(J4=0,0%,IF(N4=0,100%,J4/N4-1)) -> -0.69743613 | G4: =IF(K4=0,0%,IF(O4=H30,100%,K4/O4-1)) -> -0.80541438 | H4: =VLOOKUP(A4,הכשרה!A:G,4,0)+VLOOKUP('תפוקה מצטברת מול אשתקד'!A4,מגדל!A:G,4,0)+VLOOKUP('תפוקה מצטברת מול אשתקד'!A4,מנורה!A:G,4,0)+VLOOKUP('תפוקה מצטברת מול אשתקד'!A4,איילון!A:G,4,0)+VLOOKUP('תפוקה מצטברת מול אשתקד'!A4,הראל!A:G,4,0)+VLOOKUP('תפוקה מצטברת מול אשתקד'!A4,הפניקס!A:G,4,0)+VLOOKUP('תפוקה מצטברת מול אשתקד'!A4,כלל!A:G,4,0)+VLOOKUP('תפוקה מצטברת מול אשתקד'!A4,מור!A:G,4,0)+VLOOKUP('תפוקה מצטברת מול אשתקד'!A4,'אלטשולר שחם'!A:G,4,0)+VLOOKUP('תפוקה מצטברת מול אשתקד'!A4,'מדיהו '!A:G,4,0)+VLOOKUP('תפוקה מצטברת מול אשתקד'!A4,'אנליסט '!A:G,4,0)+VLOOKUP('תפוקה מצטברת מול אשתקד'!A4,'מיטב דש'!A:G,4,0)+VLOOKUP('תפוקה מצטברת מול אשתקד'!A4,אינפניטי!A:G,4,0) -> 390865.87 | I4: =VLOOKUP(A4,הכשרה!A:G,5,0)+VLOOKUP('תפוקה מצטברת מול אשתקד'!A4,מגדל!A:G,5,0)+VLOOKUP('תפוקה מצטברת מול אשתקד'!A4,מנורה!A:G,5,0)+VLOOKUP('תפוקה מצטברת מול אשתקד'!A4,איילון!A:G,5,0)+VLOOKUP('תפוקה מצטברת מול אשתקד'!A4,הראל!A:G,5,0)+VLOOKUP('תפוקה מצטברת מול אשתקד'!A4,הפניקס!A:G,5,0)+VLOOKUP('תפוקה מצטברת מול אשתקד'!A4,כלל!A:G,5,0)+VLOOKUP('תפוקה מצטברת מול אשתקד'!A4,מור!A:G,5,0)+VLOOKUP('תפוקה מצטברת מול אשתקד'!A4,'אלטשולר שחם'!A:G,5,0)+VLOOKUP('תפוקה מצטברת מול אשתקד'!A4,'מדיהו '!A:G,5,0)+VLOOKUP('תפוקה מצטברת מול אשתקד'!A4,'אנליסט '!A:G,5,0)+VLOOKUP('תפוקה מצטברת מול אשתקד'!A4,'מיטב דש'!A:G,5,0)+VLOOKUP('תפוקה מצטברת מול אשתקד'!A4,אינפניטי!A:G,5,0) -> 3936.1292 | J4: =VLOOKUP(A4,הכשרה!A:G,6,0)+VLOOKUP('תפוקה מצטברת מול אשתקד'!A4,מגדל!A:G,6,0)+VLOOKUP('תפוקה מצטברת מול אשתקד'!A4,מנורה!A:G,6,0)+VLOOKUP('תפוקה מצטברת מול אשתקד'!A4,איילון!A:G,6,0)+VLOOKUP(A4,הראל!A:G,6,0)+VLOOKUP('תפוקה מצטברת מול אשתקד'!A4,הפניקס!A:G,6,0)+VLOOKUP('תפוקה מצטברת מול אשתקד'!A4,כלל!A:G,6,0)+VLOOKUP('תפוקה מצטברת מול אשתקד'!A4,מור!A:G,6,0)+VLOOKUP('תפוקה מצטברת מול אשתקד'!A4,'אלטשולר שחם'!A:G,6,0)+VLOOKUP('תפוקה מצטברת מול אשתקד'!A4,'מדיהו '!A:G,6,0)+VLOOKUP('תפוקה מצטברת מול אשתקד'!A4,'אנליסט '!A:G,6,0)+VLOOKUP('תפוקה מצטברת מול אשתקד'!A4,'מיטב דש'!A:G,6,0)+VLOOKUP('תפוקה מצטברת מול אשתקד'!A4,אינפניטי!A:G,6,0) -> 2112017.2 | K4: =VLOOKUP(A4,הכשרה!A:G,7,0)+VLOOKUP('תפוקה מצטברת מול אשתקד'!A4,מגדל!A:G,7,0)+VLOOKUP('תפוקה מצטברת מול אשתקד'!A4,מנורה!A:G,7,0)+VLOOKUP('תפוקה מצטברת מול אשתקד'!A4,איילון!A:G,7,0)+VLOOKUP('תפוקה מצטברת מול אשתקד'!A4,הראל!A:G,7,0)+VLOOKUP('תפוקה מצטברת מול אשתקד'!A4,הפניקס!A:G,7,0)+VLOOKUP('תפוקה מצטברת מול אשתקד'!A4,כלל!A:G,7,0)+VLOOKUP('תפוקה מצטברת מול אשתקד'!A4,מור!A:G,7,0)+VLOOKUP('תפוקה מצטברת מול אשתקד'!A4,'אלטשולר שחם'!A:G,7,0)+VLOOKUP('תפוקה מצטברת מול אשתקד'!A4,'מדיהו '!A:K,7,0)+VLOOKUP(A4,'אנליסט '!A:G,7,0)+VLOOKUP('תפוקה מצטברת מול אשתקד'!A4,'מיטב דש'!A:G,7,0)+VLOOKUP('תפוקה מצטברת מול אשתקד'!A4,אינפניטי!A:G,7,0) -> 1223104.9 | L4: =VLOOKUP(A4,הכשרה!A:K,8,0)+VLOOKUP('תפוקה מצטברת מול אשתקד'!A4,מגדל!A:K,8,0)+VLOOKUP('תפוקה מצטברת מול אשתקד'!A4,מנורה!A:K,8,0)+VLOOKUP('תפוקה מצטברת מול אשתקד'!A4,איילון!A:K,8,0)+VLOOKUP('תפוקה מצטברת מול אשתקד'!A4,הראל!A:K,8,0)+VLOOKUP('תפוקה מצטברת מול אשתקד'!A4,הפניקס!A:K,8,0)+VLOOKUP('תפוקה מצטברת מול אשתקד'!A4,כלל!A:K,8,0)+VLOOKUP('תפוקה מצטברת מול אשתקד'!A4,מור!A:K,8,0)+VLOOKUP('תפוקה מצטברת מול אשתקד'!A4,'אלטשולר שחם'!A:K,8,0)+VLOOKUP('תפוקה מצטברת מול אשתקד'!A4,'מדיהו '!A:K,8,0)+VLOOKUP('תפוקה מצטברת מול אשתקד'!A4,'אנליסט '!A:K,8,0)+VLOOKUP('תפוקה מצטברת מול אשתקד'!A4,'מיטב דש'!A:K,8,0)+VLOOKUP('תפוקה מצטברת מול אשתקד'!A4,אינפניטי!A:K,8,0) -> 705019.98 | M4: =VLOOKUP(A4,הכשרה!A:K,9,0)+VLOOKUP('תפוקה מצטברת מול אשתקד'!A4,מגדל!A:K,9,0)+VLOOKUP('תפוקה מצטברת מול אשתקד'!A4,מנורה!A:K,9,0)+VLOOKUP('תפוקה מצטברת מול אשתקד'!A4,איילון!A:K,9,0)+VLOOKUP('תפוקה מצטברת מול אשתקד'!A4,הראל!A:K,9,0)+VLOOKUP('תפוקה מצטברת מול אשתקד'!A4,הפניקס!A:K,9,0)+VLOOKUP('תפוקה מצטברת מול אשתקד'!A4,כלל!A:K,9,0)+VLOOKUP('תפוקה מצטברת מול אשתקד'!A4,מור!A:K,9,0)+VLOOKUP('תפוקה מצטברת מול אשתקד'!A4,'אלטשולר שחם'!A:K,9,0)+VLOOKUP('תפוקה מצטברת מול אשתקד'!A4,'מדיהו '!A:K,9,0)+VLOOKUP('תפוקה מצטברת מול אשתקד'!A4,'אנליסט '!A:K,9,0)+VLOOKUP('תפוקה מצטברת מול אשתקד'!A4,'מיטב דש'!A:K,9,0)+VLOOKUP('תפוקה מצטברת מול אשתקד'!A4,אינפניטי!A:K,9,0) -> 4896.3799 | N4: =VLOOKUP(A4,הכשרה!A:K,10,0)+VLOOKUP('תפוקה מצטברת מול אשתקד'!A4,מגדל!A:K,10,0)+VLOOKUP('תפוקה מצטברת מול אשתקד'!A4,מנורה!A:K,10,0)+VLOOKUP('תפוקה מצטברת מול אשתקד'!A4,איילון!A:K,10,0)+VLOOKUP('תפוקה מצטברת מול אשתקד'!A4,הראל!A:K,10,0)+VLOOKUP('תפוקה מצטברת מול אשתקד'!A4,הפניקס!A:K,10,0)+VLOOKUP('תפוקה מצטברת מול אשתקד'!A4,כלל!A:K,10,0)+VLOOKUP('תפוקה מצטברת מול אשתקד'!A4,מור!A:K,10,0)+VLOOKUP('תפוקה מצטברת מול אשתקד'!A4,'אלטשולר שחם'!A:K,10,0)+VLOOKUP('תפוקה מצטברת מול אשתקד'!A4,'מדיהו '!A:K,10,0)+VLOOKUP('תפוקה מצטברת מול אשתקד'!A4,'אנליסט '!A:K,10,0)+VLOOKUP('תפוקה מצטברת מול אשתקד'!A4,'מיטב דש'!A:K,10,0)+VLOOKUP('תפוקה מצטברת מול אשתקד'!A4,אינפניטי!A:K,10,0) -> 6980401.1 | O4: =VLOOKUP(A4,הכשרה!A:K,11,0)+VLOOKUP('תפוקה מצטברת מול אשתקד'!A4,מגדל!A:K,11,0)+VLOOKUP('תפוקה מצטברת מול אשתקד'!A4,מנורה!A:K,11,0)+VLOOKUP('תפוקה מצטברת מול אשתקד'!A4,איילון!A:K,11,0)+VLOOKUP('תפוקה מצטברת מול אשתקד'!A4,הראל!A:K,11,0)+VLOOKUP('תפוקה מצטברת מול אשתקד'!A4,הפניקס!A:K,11,0)+VLOOKUP('תפוקה מצטברת מול אשתקד'!A4,כלל!A:K,11,0)+VLOOKUP('תפוקה מצטברת מול אשתקד'!A4,מור!A:K,11,0)+VLOOKUP('תפוקה מצטברת מול אשתקד'!A4,'אלטשולר שחם'!A:K,11,0)+VLOOKUP('תפוקה מצטברת מול אשתקד'!A4,'מדיהו '!A:K,11,0)+VLOOKUP('תפוקה מצטברת מול אשתקד'!A4,'אנליסט '!A:K,11,0)+VLOOKUP('תפוקה מצטברת מול אשתקד'!A4,'מיטב דש'!A:K,11,0)+VLOOKUP('תפוקה מצטברת מול אשתקד'!A4,אינפניטי!A:K,11,0) -> 6285689.9
A5: רותי | B5: יוסי אביב | C5: ישירים | D5: =IF(H5=0,0%,IF(L5=0,100%,H5/L5-1)) -> 0 | E5: =IF(I5=0,0%,IF(M5=0,100%,I5/M5-1)) -> 1 | F5: =IF(J5=0,0%,IF(N5=0,100%,J5/N5-1)) -> 0 | G5: =IF(K5=0,0%,IF(O5=H31,100%,K5/O5-1)) -> 0 | H5: =VLOOKUP(A5,הכשרה!A:G,4,0)+VLOOKUP('תפוקה מצטברת מול אשתקד'!A5,מגדל!A:G,4,0)+VLOOKUP('תפוקה מצטברת מול אשתקד'!A5,מנורה!A:G,4,0)+VLOOKUP('תפוקה מצטברת מול אשתקד'!A5,איילון!A:G,4,0)+VLOOKUP('תפוקה מצטברת מול אשתקד'!A5,הראל!A:G,4,0)+VLOOKUP('תפוקה מצטברת מול אשתקד'!A5,הפניקס!A:G,4,0)+VLOOKUP('תפוקה מצטברת מול אשתקד'!A5,כלל!A:G,4,0)+VLOOKUP('תפוקה מצטברת מול אשתקד'!A5,מור!A:G,4,0)+VLOOKUP('תפוקה מצטברת מול אשתקד'!A5,'אלטשולר שחם'!A:G,4,0)+VLOOKUP('תפוקה מצטברת מול אשתקד'!A5,'מדיהו '!A:G,4,0)+VLOOKUP('תפוקה מצטברת מול אשתקד'!A5,'אנליסט '!A:G,4,0)+VLOOKUP('תפוקה מצטברת מול אשתקד'!A5,'מיטב דש'!A:G,4,0)+VLOOKUP('תפוקה מצטברת מול אשתקד'!A5,אינפניטי!A:G,4,0) -> 0 | I5: =VLOOKUP(A5,הכשרה!A:G,5,0)+VLOOKUP('תפוקה מצטברת מול אשתקד'!A5,מגדל!A:G,5,0)+VLOOKUP('תפוקה מצטברת מול אשתקד'!A5,מנורה!A:G,5,0)+VLOOKUP('תפוקה מצטברת מול אשתקד'!A5,איילון!A:G,5,0)+VLOOKUP('תפוקה מצטברת מול אשתקד'!A5,הראל!A:G,5,0)+VLOOKUP('תפוקה מצטברת מול אשתקד'!A5,הפניקס!A:G,5,0)+VLOOKUP('תפוקה מצטברת מול אשתקד'!A5,כלל!A:G,5,0)+VLOOKUP('תפוקה מצטברת מול אשתקד'!A5,מור!A:G,5,0)+VLOOKUP('תפוקה מצטברת מול אשתקד'!A5,'אלטשולר שחם'!A:G,5,0)+VLOOKUP('תפוקה מצטברת מול אשתקד'!A5,'מדיהו '!A:G,5,0)+VLOOKUP('תפוקה מצטברת מול אשתקד'!A5,'אנליסט '!A:G,5,0)+VLOOKUP('תפוקה מצטברת מול אשתקד'!A5,'מיטב דש'!A:G,5,0)+VLOOKUP('תפוקה מצטברת מול אשתקד'!A5,אינפניטי!A:G,5,0) -> 48382.235 | J5: =VLOOKUP(A5,הכשרה!A:G,6,0)+VLOOKUP('תפוקה מצטברת מול אשתקד'!A5,מגדל!A:G,6,0)+VLOOKUP('תפוקה מצטברת מול אשתקד'!A5,מנורה!A:G,6,0)+VLOOKUP('תפוקה מצטברת מול אשתקד'!A5,איילון!A:G,6,0)+VLOOKUP(A5,הראל!A:G,6,0)+VLOOKUP('תפוקה מצטברת מול אשתקד'!A5,הפניקס!A:G,6,0)+VLOOKUP('תפוקה מצטברת מול אשתקד'!A5,כלל!A:G,6,0)+VLOOKUP('תפוקה מצטברת מול אשתקד'!A5,מור!A:G,6,0)+VLOOKUP('תפוקה מצטברת מול אשתקד'!A5,'אלטשולר שחם'!A:G,6,0)+VLOOKUP('תפוקה מצטברת מול אשתקד'!A5,'מדיהו '!A:G,6,0)+VLOOKUP('תפוקה מצטברת מול אשתקד'!A5,'אנליסט '!A:G,6,0)+VLOOKUP('תפוקה מצטברת מול אשתקד'!A5,'מיטב דש'!A:G,6,0)+VLOOKUP('תפוקה מצטברת מול אשתקד'!A5,אינפניטי!A:G,6,0) -> 0 | K5: =VLOOKUP(A5,הכשרה!A:G,7,0)+VLOOKUP('תפוקה מצטברת מול אשתקד'!A5,מגדל!A:G,7,0)+VLOOKUP('תפוקה מצטברת מול אשתקד'!A5,מנורה!A:G,7,0)+VLOOKUP('תפוקה מצטברת מול אשתקד'!A5,איילון!A:G,7,0)+VLOOKUP('תפוקה מצטברת מול אשתקד'!A5,הראל!A:G,7,0)+VLOOKUP('תפוקה מצטברת מול אשתקד'!A5,הפניקס!A:G,7,0)+VLOOKUP('תפוקה מצטברת מול אשתקד'!A5,כלל!A:G,7,0)+VLOOKUP('תפוקה מצטברת מול אשתקד'!A5,מור!A:G,7,0)+VLOOKUP('תפוקה מצטברת מול אשתקד'!A5,'אלטשולר שחם'!A:G,7,0)+VLOOKUP('תפוקה מצטברת מול אשתקד'!A5,'מדיהו '!A:K,7,0)+VLOOKUP(A5,'אנליסט '!A:G,7,0)+VLOOKUP('תפוקה מצטברת מול אשתקד'!A5,'מיטב דש'!A:G,7,0)+VLOOKUP('תפוקה מצטברת מול אשתקד'!A5,אינפניטי!A:G,7,0) -> 0 | L5: =VLOOKUP(A5,הכשרה!A:K,8,0)+VLOOKUP('תפוקה מצטברת מול אשתקד'!A5,מגדל!A:K,8,0)+VLOOKUP('תפוקה מצטברת מול אשתקד'!A5,מנורה!A:K,8,0)+VLOOKUP('תפוקה מצטברת מול אשתקד'!A5,איילון!A:K,8,0)+VLOOKUP('תפוקה מצטברת מול אשתקד'!A5,הראל!A:K,8,0)+VLOOKUP('תפוקה מצטברת מול אשתקד'!A5,הפניקס!A:K,8,0)+VLOOKUP('תפוקה מצטברת מול אשתקד'!A5,כלל!A:K,8,0)+VLOOKUP('תפוקה מצטברת מול אשתקד'!A5,מור!A:K,8,0)+VLOOKUP('תפוקה מצטברת מול אשתקד'!A5,'אלטשולר שחם'!A:K,8,0)+VLOOKUP('תפוקה מצטברת מול אשתקד'!A5,'מדיהו '!A:K,8,0)+VLOOKUP('תפוקה מצטברת מול אשתקד'!A5,'אנליסט '!A:K,8,0)+VLOOKUP('תפוקה מצטברת מול אשתקד'!A5,'מיטב דש'!A:K,8,0)+VLOOKUP('תפוקה מצטברת מול אשתקד'!A5,אינפניטי!A:K,8,0) -> 0 | M5: =VLOOKUP(A5,הכשרה!A:K,9,0)+VLOOKUP('תפוקה מצטברת מול אשתקד'!A5,מגדל!A:K,9,0)+VLOOKUP('תפוקה מצטברת מול אשתקד'!A5,מנורה!A:K,9,0)+VLOOKUP('תפוקה מצטברת מול אשתקד'!A5,איילון!A:K,9,0)+VLOOKUP('תפוקה מצטברת מול אשתקד'!A5,הראל!A:K,9,0)+VLOOKUP('תפוקה מצטברת מול אשתקד'!A5,הפניקס!A:K,9,0)+VLOOKUP('תפוקה מצטברת מול אשתקד'!A5,כלל!A:K,9,0)+VLOOKUP('תפוקה מצטברת מול אשתקד'!A5,מור!A:K,9,0)+VLOOKUP('תפוקה מצטברת מול אשתקד'!A5,'אלטשולר שחם'!A:K,9,0)+VLOOKUP('תפוקה מצטברת מול אשתקד'!A5,'מדיהו '!A:K,9,0)+VLOOKUP('תפוקה מצטברת מול אשתקד'!A5,'אנליסט '!A:K,9,0)+VLOOKUP('תפוקה מצטברת מול אשתקד'!A5,'מיטב דש'!A:K,9,0)+VLOOKUP('תפוקה מצטברת מול אשתקד'!A5,אינפניטי!A:K,9,0) -> 0 | N5: =VLOOKUP(A5,הכשרה!A:K,10,0)+VLOOKUP('תפוקה מצטברת מול אשתקד'!A5,מגדל!A:K,10,0)+VLOOKUP('תפוקה מצטברת מול אשתקד'!A5,מנורה!A:K,10,0)+VLOOKUP('תפוקה מצטברת מול אשתקד'!A5,איילון!A:K,10,0)+VLOOKUP('תפוקה מצטברת מול אשתקד'!A5,הראל!A:K,10,0)+VLOOKUP('תפוקה מצטברת מול אשתקד'!A5,הפניקס!A:K,10,0)+VLOOKUP('תפוקה מצטברת מול אשתקד'!A5,כלל!A:K,10,0)+VLOOKUP('תפוקה מצטברת מול אשתקד'!A5,מור!A:K,10,0)+VLOOKUP('תפוקה מצטברת מול אשתקד'!A5,'אלטשולר שחם'!A:K,10,0)+VLOOKUP('תפוקה מצטברת מול אשתקד'!A5,'מדיהו '!A:K,10,0)+VLOOKUP('תפוקה מצטברת מול אשתקד'!A5,'אנליסט '!A:K,10,0)+VLOOKUP('תפוקה מצטברת מול אשתקד'!A5,'מיטב דש'!A:K,10,0)+VLOOKUP('תפוקה מצטברת מול אשתקד'!A5,אינפניטי!A:K,10,0) -> 0 | O5: =VLOOKUP(A5,הכשרה!A:K,11,0)+VLOOKUP('תפוקה מצטברת מול אשתקד'!A5,מגדל!A:K,11,0)+VLOOKUP('תפוקה מצטברת מול אשתקד'!A5,מנורה!A:K,11,0)+VLOOKUP('תפוקה מצטברת מול אשתקד'!A5,איילון!A:K,11,0)+VLOOKUP('תפוקה מצטברת מול אשתקד'!A5,הראל!A:K,11,0)+VLOOKUP('תפוקה מצטברת מול אשתקד'!A5,הפניקס!A:K,11,0)+VLOOKUP('תפוקה מצטברת מול אשתקד'!A5,כלל!A:K,11,0)+VLOOKUP('תפוקה מצטברת מול אשתקד'!A5,מור!A:K,11,0)+VLOOKUP('תפוקה מצטברת מול אשתקד'!A5,'אלטשולר שחם'!A:K,11,0)+VLOOKUP('תפוקה מצטברת מול אשתקד'!A5,'מדיהו '!A:K,11,0)+VLOOKUP('תפוקה מצטברת מול אשתקד'!A5,'אנליסט '!A:K,11,0)+VLOOKUP('תפוקה מצטברת מול אשתקד'!A5,'מיטב דש'!A:K,11,0)+VLOOKUP('תפוקה מצטברת מול אשתקד'!A5,אינפניטי!A:K,11,0) -> 0
A6: אילנית | B6: יוסי אביב | C6: ישירים | D6: =IF(H6=0,0%,IF(L6=0,100%,H6/L6-1)) -> 1 | E6: =IF(I6=0,0%,IF(M6=0,100%,I6/M6-1)) -> 1 | F6: =IF(J6=0,0%,IF(N6=0,100%,J6/N6-1)) -> 1 | G6: =IF(K6=0,0%,IF(O6=H32,100%,K6/O6-1)) -> #DIV/0! | H6: =VLOOKUP(A6,הכשרה!A:G,4,0)+VLOOKUP('תפוקה מצטברת מול אשתקד'!A6,מגדל!A:G,4,0)+VLOOKUP('תפוקה מצטברת מול אשתקד'!A6,מנורה!A:G,4,0)+VLOOKUP('תפוקה מצטברת מול אשתקד'!A6,איילון!A:G,4,0)+VLOOKUP('תפוקה מצטברת מול אשתקד'!A6,הראל!A:G,4,0)+VLOOKUP('תפוקה מצטברת מול אשתקד'!A6,הפניקס!A:G,4,0)+VLOOKUP('תפוקה מצטברת מול אשתקד'!A6,כלל!A:G,4,0)+VLOOKUP('תפוקה מצטברת מול אשתקד'!A6,מור!A:G,4,0)+VLOOKUP('תפוקה מצטברת מול אשתקד'!A6,'אלטשולר שחם'!A:G,4,0)+VLOOKUP('תפוקה מצטברת מול אשתקד'!A6,'מדיהו '!A:G,4,0)+VLOOKUP('תפוקה מצטברת מול אשתקד'!A6,'אנליסט '!A:G,4,0)+VLOOKUP('תפוקה מצטברת מול אשתקד'!A6,'מיטב דש'!A:G,4,0)+VLOOKUP('תפוקה מצטברת מול אשתקד'!A6,אינפניטי!A:G,4,0) -> 181293.87 | I6: =VLOOKUP(A6,הכשרה!A:G,5,0)+VLOOKUP('תפוקה מצטברת מול אשתקד'!A6,מגדל!A:G,5,0)+VLOOKUP('תפוקה מצטברת מול אשתקד'!A6,מנורה!A:G,5,0)+VLOOKUP('תפוקה מצטברת מול אשתקד'!A6,איילון!A:G,5,0)+VLOOKUP('תפוקה מצטברת מול אשתקד'!A6,הראל!A:G,5,0)+VLOOKUP('תפוקה מצטברת מול אשתקד'!A6,הפניקס!A:G,5,0)+VLOOKUP('תפוקה מצטברת מול אשתקד'!A6,כלל!A:G,5,0)+VLOOKUP('תפוקה מצטברת מול אשתקד'!A6,מור!A:G,5,0)+VLOOKUP('תפוקה מצטברת מול אשתקד'!A6,'אלטשולר שחם'!A:G,5,0)+VLOOKUP('תפוקה מצטברת מול אשתקד'!A6,'מדיהו '!A:G,5,0)+VLOOKUP('תפוקה מצטברת מול אשתקד'!A6,'אנליסט '!A:G,5,0)+VLOOKUP('תפוקה מצטברת מול אשתקד'!A6,'מיטב דש'!A:G,5,0)+VLOOKUP('תפוקה מצטברת מול אשתקד'!A6,אינפניטי!A:G,5,0) -> 39350.106 | J6: =VLOOKUP(A6,הכשרה!A:G,6,0)+VLOOKUP('תפוקה מצטברת מול אשתקד'!A6,מגדל!A:G,6,0)+VLOOKUP('תפוקה מצטברת מול אשתקד'!A6,מנורה!A:G,6,0)+VLOOKUP('תפוקה מצטברת מול אשתקד'!A6,איילון!A:G,6,0)+VLOOKUP(A6,הראל!A:G,6,0)+VLOOKUP('תפוקה מצטברת מול אשתקד'!A6,הפניקס!A:G,6,0)+VLOOKUP('תפוקה מצטברת מול אשתקד'!A6,כלל!A:G,6,0)+VLOOKUP('תפוקה מצטברת מול אשתקד'!A6,מור!A:G,6,0)+VLOOKUP('תפוקה מצטברת מול אשתקד'!A6,'אלטשולר שחם'!A:G,6,0)+VLOOKUP('תפוקה מצטברת מול אשתקד'!A6,'מדיהו '!A:G,6,0)+VLOOKUP('תפוקה מצטברת מול אשתקד'!A6,'אנליסט '!A:G,6,0)+VLOOKUP('תפוקה מצטברת מול אשתקד'!A6,'מיטב דש'!A:G,6,0)+VLOOKUP('תפוקה מצטברת מול אשתקד'!A6,אינפניטי!A:G,6,0) -> 501559 | K6: =VLOOKUP(A6,הכשרה!A:G,7,0)+VLOOKUP('תפוקה מצטברת מול אשתקד'!A6,מגדל!A:G,7,0)+VLOOKUP('תפוקה מצטברת מול אשתקד'!A6,מנורה!A:G,7,0)+VLOOKUP('תפוקה מצטברת מול אשתקד'!A6,איילון!A:G,7,0)+VLOOKUP('תפוקה מצטברת מול אשתקד'!A6,הראל!A:G,7,0)+VLOOKUP('תפוקה מצטברת מול אשתקד'!A6,הפניקס!A:G,7,0)+VLOOKUP('תפוקה מצטברת מול אשתקד'!A6,כלל!A:G,7,0)+VLOOKUP('תפוקה מצטברת מול אשתקד'!A6,מור!A:G,7,0)+VLOOKUP('תפוקה מצטברת מול אשתקד'!A6,'אלטשולר שחם'!A:G,7,0)+VLOOKUP('תפוקה מצטברת מול אשתקד'!A6,'מדיהו '!A:K,7,0)+VLOOKUP(A6,'אנליסט '!A:G,7,0)+VLOOKUP('תפוקה מצטברת מול אשתקד'!A6,'מיטב דש'!A:G,7,0)+VLOOKUP('תפוקה מצטברת מול אשתקד'!A6,אינפניטי!A:G,7,0) -> -11177.04 | L6: =VLOOKUP(A6,הכשרה!A:K,8,0)+VLOOKUP('תפוקה מצטברת מול אשתקד'!A6,מגדל!A:K,8,0)+VLOOKUP('תפוקה מצטברת מול אשתקד'!A6,מנורה!A:K,8,0)+VLOOKUP('תפוקה מצטברת מול אשתקד'!A6,איילון!A:K,8,0)+VLOOKUP('תפוקה מצטברת מול אשתקד'!A6,הראל!A:K,8,0)+VLOOKUP('תפוקה מצטברת מול אשתקד'!A6,הפניקס!A:K,8,0)+VLOOKUP('תפוקה מצטברת מול אשתקד'!A6,כלל!A:K,8,0)+VLOOKUP('תפוקה מצטברת מול אשתקד'!A6,מור!A:K,8,0)+VLOOKUP('תפוקה מצטברת מול אשתקד'!A6,'אלטשולר שחם'!A:K,8,0)+VLOOKUP('תפוקה מצטברת מול אשתקד'!A6,'מדיהו '!A:K,8,0)+VLOOKUP('תפוקה מצטברת מול אשתקד'!A6,'אנליסט '!A:K,8,0)+VLOOKUP('תפוקה מצטברת מול אשתקד'!A6,'מיטב דש'!A:K,8,0)+VLOOKUP('תפוקה מצטברת מול אשתקד'!A6,אינפניטי!A:K,8,0) -> 0 | M6: =VLOOKUP(A6,הכשרה!A:K,9,0)+VLOOKUP('תפוקה מצטברת מול אשתקד'!A6,מגדל!A:K,9,0)+VLOOKUP('תפוקה מצטברת מול אשתקד'!A6,מנורה!A:K,9,0)+VLOOKUP('תפוקה מצטברת מול אשתקד'!A6,איילון!A:K,9,0)+VLOOKUP('תפוקה מצטברת מול אשתקד'!A6,הראל!A:K,9,0)+VLOOKUP('תפוקה מצטברת מול אשתקד'!A6,הפניקס!A:K,9,0)+VLOOKUP('תפוקה מצטברת מול אשתקד'!A6,כלל!A:K,9,0)+VLOOKUP('תפוקה מצטברת מול אשתקד'!A6,מור!A:K,9,0)+VLOOKUP('תפוקה מצטברת מול אשתקד'!A6,'אלטשולר שחם'!A:K,9,0)+VLOOKUP('תפוקה מצטברת מול אשתקד'!A6,'מדיהו '!A:K,9,0)+VLOOKUP('תפוקה מצטברת מול אשתקד'!A6,'אנליסט '!A:K,9,0)+VLOOKUP('תפוקה מצטברת מול אשתקד'!A6,'מיטב דש'!A:K,9,0)+VLOOKUP('תפוקה מצטברת מול אשתקד'!A6,אינפניטי!A:K,9,0) -> 0 | N6: =VLOOKUP(A6,הכשרה!A:K,10,0)+VLOOKUP('תפוקה מצטברת מול אשתקד'!A6,מגדל!A:K,10,0)+VLOOKUP('תפוקה מצטברת מול אשתקד'!A6,מנורה!A:K,10,0)+VLOOKUP('תפוקה מצטברת מול אשתקד'!A6,איילון!A:K,10,0)+VLOOKUP('תפוקה מצטברת מול אשתקד'!A6,הראל!A:K,10,0)+VLOOKUP('תפוקה מצטברת מול אשתקד'!A6,הפניקס!A:K,10,0)+VLOOKUP('תפוקה מצטברת מול אשתקד'!A6,כלל!A:K,10,0)+VLOOKUP('תפוקה מצטברת מול אשתקד'!A6,מור!A:K,10,0)+VLOOKUP('תפוקה מצטברת מול אשתקד'!A6,'אלטשולר שחם'!A:K,10,0)+VLOOKUP('תפוקה מצטברת מול אשתקד'!A6,'מדיהו '!A:K,10,0)+VLOOKUP('תפוקה מצטברת מול אשתקד'!A6,'אנליסט '!A:K,10,0)+VLOOKUP('תפוקה מצטברת מול אשתקד'!A6,'מיטב דש'!A:K,10,0)+VLOOKUP('תפוקה מצטברת מול אשתקד'!A6,אינפניטי!A:K,10,0) -> 0 | O6: =VLOOKUP(A6,הכשרה!A:K,11,0)+VLOOKUP('תפוקה מצטברת מול אשתקד'!A6,מגדל!A:K,11,0)+VLOOKUP('תפוקה מצטברת מול אשתקד'!A6,מנורה!A:K,11,0)+VLOOKUP('תפוקה מצטברת מול אשתקד'!A6,איילון!A:K,11,0)+VLOOKUP('תפוקה מצטברת מול אשתקד'!A6,הראל!A:K,11,0)+VLOOKUP('תפוקה מצטברת מול אשתקד'!A6,הפניקס!A:K,11,0)+VLOOKUP('תפוקה מצטברת מול אשתקד'!A6,כלל!A:K,11,0)+VLOOKUP('תפוקה מצטברת מול אשתקד'!A6,מור!A:K,11,0)+VLOOKUP('תפוקה מצטברת מול אשתקד'!A6,'אלטשולר שחם'!A:K,11,0)+VLOOKUP('תפוקה מצטברת מול אשתקד'!A6,'מדיהו '!A:K,11,0)+VLOOKUP('תפוקה מצטברת מול אשתקד'!A6,'אנליסט '!A:K,11,0)+VLOOKUP('תפוקה מצטברת מול אשתקד'!A6,'מיטב דש'!A:K,11,0)+VLOOKUP('תפוקה מצטברת מול אשתקד'!A6,אינפניטי!A:K,11,0) -> 0
A7: דני פחימה | B7: יוסי אביב | C7: ישירים | D7: =IF(H7=0,0%,IF(L7=0,100%,H7/L7-1)) -> -0.5104066 | E7: =IF(I7=0,0%,IF(M7=0,100%,I7/M7-1)) -> 1 | F7: =IF(J7=0,0%,IF(N7=0,100%,J7/N7-1)) -> -0.1140358 | G7: =IF(K7=0,0%,IF(O7=H74,100%,K7/O7-1)) -> -0.49628775 | H7: =VLOOKUP(A7,הכשרה!A:G,4,0)+VLOOKUP('תפוקה מצטברת מול אשתקד'!A7,מגדל!A:G,4,0)+VLOOKUP('תפוקה מצטברת מול אשתקד'!A7,מנורה!A:G,4,0)+VLOOKUP('תפוקה מצטברת מול אשתקד'!A7,איילון!A:G,4,0)+VLOOKUP('תפוקה מצטברת מול אשתקד'!A7,הראל!A:G,4,0)+VLOOKUP('תפוקה מצטברת מול אשתקד'!A7,הפניקס!A:G,4,0)+VLOOKUP('תפוקה מצטברת מול אשתקד'!A7,כלל!A:G,4,0)+VLOOKUP('תפוקה מצטברת מול אשתקד'!A7,מור!A:G,4,0)+VLOOKUP('תפוקה מצטברת מול אשתקד'!A7,'אלטשולר שחם'!A:G,4,0)+VLOOKUP('תפוקה מצטברת מול אשתקד'!A7,'מדיהו '!A:G,4,0)+VLOOKUP('תפוקה מצטברת מול אשתקד'!A7,'אנליסט '!A:G,4,0)+VLOOKUP('תפוקה מצטברת מול אשתקד'!A7,'מיטב דש'!A:G,4,0)+VLOOKUP('תפוקה מצטברת מול אשתקד'!A7,אינפניטי!A:G,4,0) -> 19388.54 | I7: =VLOOKUP(A7,הכשרה!A:G,5,0)+VLOOKUP('תפוקה מצטברת מול אשתקד'!A7,מגדל!A:G,5,0)+VLOOKUP('תפוקה מצטברת מול אשתקד'!A7,מנורה!A:G,5,0)+VLOOKUP('תפוקה מצטברת מול אשתקד'!A7,איילון!A:G,5,0)+VLOOKUP('תפוקה מצטברת מול אשתקד'!A7,הראל!A:G,5,0)+VLOOKUP('תפוקה מצטברת מול אשתקד'!A7,הפניקס!A:G,5,0)+VLOOKUP('תפוקה מצטברת מול אשתקד'!A7,כלל!A:G,5,0)+VLOOKUP('תפוקה מצטברת מול אשתקד'!A7,מור!A:G,5,0)+VLOOKUP('תפוקה מצטברת מול אשתקד'!A7,'אלטשולר שחם'!A:G,5,0)+VLOOKUP('תפוקה מצטברת מול אשתקד'!A7,'מדיהו '!A:G,5,0)+VLOOKUP('תפוקה מצטברת מול אשתקד'!A7,'אנליסט '!A:G,5,0)+VLOOKUP('תפוקה מצטברת מול אשתקד'!A7,'מיטב דש'!A:G,5,0)+VLOOKUP('תפוקה מצטברת מול אשתקד'!A7,אינפניטי!A:G,5,0) -> 1254.24 | J7: =VLOOKUP(A7,הכשרה!A:G,6,0)+VLOOKUP('תפוקה מצטברת מול אשתקד'!A7,מגדל!A:G,6,0)+VLOOKUP('תפוקה מצטברת מול אשתקד'!A7,מנורה!A:G,6,0)+VLOOKUP('תפוקה מצטברת מול אשתקד'!A7,איילון!A:G,6,0)+VLOOKUP(A7,הראל!A:G,6,0)+VLOOKUP('תפוקה מצטברת מול אשתקד'!A7,הפניקס!A:G,6,0)+VLOOKUP('תפוקה מצטברת מול אשתקד'!A7,כלל!A:G,6,0)+VLOOKUP('תפוקה מצטברת מול אשתקד'!A7,מור!A:G,6,0)+VLOOKUP('תפוקה מצטברת מול אשתקד'!A7,'אלטשולר שחם'!A:G,6,0)+VLOOKUP('תפוקה מצטברת מול אשתקד'!A7,'מדיהו '!A:G,6,0)+VLOOKUP('תפוקה מצטברת מול אשתקד'!A7,'אנליסט '!A:G,6,0)+VLOOKUP('תפוקה מצטברת מול אשתקד'!A7,'מיטב דש'!A:G,6,0)+VLOOKUP('תפוקה מצטברת מול אשתקד'!A7,אינפניטי!A:G,6,0) -> 9181.69 | K7: =VLOOKUP(A7,הכשרה!A:G,7,0)+VLOOKUP('תפוקה מצטברת מול אשתקד'!A7,מגדל!A:G,7,0)+VLOOKUP('תפוקה מצטברת מול אשתקד'!A7,מנורה!A:G,7,0)+VLOOKUP('תפוקה מצטברת מול אשתקד'!A7,איילון!A:G,7,0)+VLOOKUP('תפוקה מצטברת מול אשתקד'!A7,הראל!A:G,7,0)+VLOOKUP('תפוקה מצטברת מול אשתקד'!A7,הפניקס!A:G,7,0)+VLOOKUP('תפוקה מצטברת מול אשתקד'!A7,כלל!A:G,7,0)+VLOOKUP('תפוקה מצטברת מול אשתקד'!A7,מור!A:G,7,0)+VLOOKUP('תפוקה מצטברת מול אשתקד'!A7,'אלטשולר שחם'!A:G,7,0)+VLOOKUP('תפוקה מצטברת מול אשתקד'!A7,'מדיהו '!A:K,7,0)+VLOOKUP(A7,'אנליסט '!A:G,7,0)+VLOOKUP('תפוקה מצטברת מול אשתקד'!A7,'מיטב דש'!A:G,7,0)+VLOOKUP('תפוקה מצטברת מול אשתקד'!A7,אינפניטי!A:G,7,0) -> 53154.27 | L7: =VLOOKUP(A7,הכשרה!A:K,8,0)+VLOOKUP('תפוקה מצטברת מול אשתקד'!A7,מגדל!A:K,8,0)+VLOOKUP('תפוקה מצטברת מול אשתקד'!A7,מנורה!A:K,8,0)+VLOOKUP('תפוקה מצטברת מול אשתקד'!A7,איילון!A:K,8,0)+VLOOKUP('תפוקה מצטברת מול אשתקד'!A7,הראל!A:K,8,0)+VLOOKUP('תפוקה מצטברת מול אשתקד'!A7,הפניקס!A:K,8,0)+VLOOKUP('תפוקה מצטברת מול אשתקד'!A7,כלל!A:K,8,0)+VLOOKUP('תפוקה מצטברת מול אשתקד'!A7,מור!A:K,8,0)+VLOOKUP('תפוקה מצטברת מול אשתקד'!A7,'אלטשולר שחם'!A:K,8,0)+VLOOKUP('תפוקה מצטברת מול אשתקד'!A7,'מדיהו '!A:K,8,0)+VLOOKUP('תפוקה מצטברת מול אשתקד'!A7,'אנליסט '!A:K,8,0)+VLOOKUP('תפוקה מצטברת מול אשתקד'!A7,'מיטב דש'!A:K,8,0)+VLOOKUP('תפוקה מצטברת מול אשתקד'!A7,אינפניטי!A:K,8,0) -> 39601.31 | M7: =VLOOKUP(A7,הכשרה!A:K,9,0)+VLOOKUP('תפוקה מצטברת מול אשתקד'!A7,מגדל!A:K,9,0)+VLOOKUP('תפוקה מצטברת מול אשתקד'!A7,מנורה!A:K,9,0)+VLOOKUP('תפוקה מצטברת מול אשתקד'!A7,איילון!A:K,9,0)+VLOOKUP('תפוקה מצטברת מול אשתקד'!A7,הראל!A:K,9,0)+VLOOKUP('תפוקה מצטברת מול אשתקד'!A7,הפניקס!A:K,9,0)+VLOOKUP('תפוקה מצטברת מול אשתקד'!A7,כלל!A:K,9,0)+VLOOKUP('תפוקה מצטברת מול אשתקד'!A7,מור!A:K,9,0)+VLOOKUP('תפוקה מצטברת מול אשתקד'!A7,'אלטשולר שחם'!A:K,9,0)+VLOOKUP('תפוקה מצטברת מול אשתקד'!A7,'מדיהו '!A:K,9,0)+VLOOKUP('תפוקה מצטברת מול אשתקד'!A7,'אנליסט '!A:K,9,0)+VLOOKUP('תפוקה מצטברת מול אשתקד'!A7,'מיטב דש'!A:K,9,0)+VLOOKUP('תפוקה מצטברת מול אשתקד'!A7,אינפניטי!A:K,9,0) -> 0 | N7: =VLOOKUP(A7,הכשרה!A:K,10,0)+VLOOKUP('תפוקה מצטברת מול אשתקד'!A7,מגדל!A:K,10,0)+VLOOKUP('תפוקה מצטברת מול אשתקד'!A7,מנורה!A:K,10,0)+VLOOKUP('תפוקה מצטברת מול אשתקד'!A7,איילון!A:K,10,0)+VLOOKUP('תפוקה מצטברת מול אשתקד'!A7,הראל!A:K,10,0)+VLOOKUP('תפוקה מצטברת מול אשתקד'!A7,הפניקס!A:K,10,0)+VLOOKUP('תפוקה מצטברת מול אשתקד'!A7,כלל!A:K,10,0)+VLOOKUP('תפוקה מצטברת מול אשתקד'!A7,מור!A:K,10,0)+VLOOKUP('תפוקה מצטברת מול אשתקד'!A7,'אלטשולר שחם'!A:K,10,0)+VLOOKUP('תפוקה מצטברת מול אשתקד'!A7,'מדיהו '!A:K,10,0)+VLOOKUP('תפוקה מצטברת מול אשתקד'!A7,'אנליסט '!A:K,10,0)+VLOOKUP('תפוקה מצטברת מול אשתקד'!A7,'מיטב דש'!A:K,10,0)+VLOOKUP('תפוקה מצטברת מול אשתקד'!A7,אינפניטי!A:K,10,0) -> 10363.5 | O7: =VLOOKUP(A7,הכשרה!A:K,11,0)+VLOOKUP('תפוקה מצטברת מול אשתקד'!A7,מגדל!A:K,11,0)+VLOOKUP('תפוקה מצטברת מול אשתקד'!A7,מנורה!A:K,11,0)+VLOOKUP('תפוקה מצטברת מול אשתקד'!A7,איילון!A:K,11,0)+VLOOKUP('תפוקה מצטברת מול אשתקד'!A7,הראל!A:K,11,0)+VLOOKUP('תפוקה מצטברת מול אשתקד'!A7,הפניקס!A:K,11,0)+VLOOKUP('תפוקה מצטברת מול אשתקד'!A7,כלל!A:K,11,0)+VLOOKUP('תפוקה מצטברת מול אשתקד'!A7,מור!A:K,11,0)+VLOOKUP('תפוקה מצטברת מול אשתקד'!A7,'אלטשולר שחם'!A:K,11,0)+VLOOKUP('תפוקה מצטברת מול אשתקד'!A7,'מדיהו '!A:K,11,0)+VLOOKUP('תפוקה מצטברת מול אשתקד'!A7,'אנליסט '!A:K,11,0)+VLOOKUP('תפוקה מצטברת מול אשתקד'!A7,'מיטב דש'!A:K,11,0)+VLOOKUP('תפוקה מצטברת מול אשתקד'!A7,אינפניטי!A:K,11,0) -> 105525.07
A8: סה"כ ישיר | D8: =IF(H8=0,0%,IF(L8=0,100%,H8/L8-1)) -> 0.94235892 | E8: =IF(I8=0,0%,IF(M8=0,100%,I8/M8-1)) -> -0.5120803 | F8: =IF(J8=0,0%,IF(N8=0,100%,J8/N8-1)) -> 0.017395754 | G8: =IF(K8=0,0%,IF(O8=H75,100%,K8/O8-1)) -> 0.62047635 | H8: =SUM(H3:H7) -> 6681566.9 | I8: =SUM(I3:I7) -> 303337.58 | J8: =SUM(J3:J7) -> 16401835 | K8: =SUM(K3:K7) -> 41702394 | L8: =SUM(L3:L7) -> 3439923.9 | M8: =SUM(M3:M7) -> 621695.69 | N8: =SUM(N3:N7) -> 16121392 | O8: =SUM(O3:O7) -> 25734652
A9: בראשית סוכנות לביטוח | B9: יוסי אביב | C9: שותפים | D9: =IF(H9=0,0%,IF(L9=0,100%,H9/L9-1)) -> 15.662419 | E9: =IF(I9=0,0%,IF(M9=0,100%,I9/M9-1)) -> 6.7357732 | F9: =IF(J9=0,0%,IF(N9=0,100%,J9/N9-1)) -> 0 | G9: =IF(K9=0,0%,IF(O9=H33,100%,K9/O9-1)) -> -0.66214523 | H9: =VLOOKUP(A9,הכשרה!A:G,4,0)+VLOOKUP('תפוקה מצטברת מול אשתקד'!A9,מגדל!A:G,4,0)+VLOOKUP('תפוקה מצטברת מול אשתקד'!A9,מנורה!A:G,4,0)+VLOOKUP('תפוקה מצטברת מול אשתקד'!A9,איילון!A:G,4,0)+VLOOKUP('תפוקה מצטברת מול אשתקד'!A9,הראל!A:G,4,0)+VLOOKUP('תפוקה מצטברת מול אשתקד'!A9,הפניקס!A:G,4,0)+VLOOKUP('תפוקה מצטברת מול אשתקד'!A9,כלל!A:G,4,0)+VLOOKUP('תפוקה מצטברת מול אשתקד'!A9,מור!A:G,4,0)+VLOOKUP('תפוקה מצטברת מול אשתקד'!A9,'אלטשולר שחם'!A:G,4,0)+VLOOKUP('תפוקה מצטברת מול אשתקד'!A9,'מדיהו '!A:G,4,0)+VLOOKUP('תפוקה מצטברת מול אשתקד'!A9,'אנליסט '!A:G,4,0)+VLOOKUP('תפוקה מצטברת מול אשתקד'!A9,'מיטב דש'!A:G,4,0)+VLOOKUP('תפוקה מצטברת מול אשתקד'!A9,אינפניטי!A:G,4,0) -> 42413.79 | I9: =VLOOKUP(A9,הכשרה!A:G,5,0)+VLOOKUP('תפוקה מצטברת מול אשתקד'!A9,מגדל!A:G,5,0)+VLOOKUP('תפוקה מצטברת מול אשתקד'!A9,מנורה!A:G,5,0)+VLOOKUP('תפוקה מצטברת מול אשתקד'!A9,איילון!A:G,5,0)+VLOOKUP('תפוקה מצטברת מול אשתקד'!A9,הראל!A:G,5,0)+VLOOKUP('תפוקה מצטברת מול אשתקד'!A9,הפניקס!A:G,5,0)+VLOOKUP('תפוקה מצטברת מול אשתקד'!A9,כלל!A:G,5,0)+VLOOKUP('תפוקה מצטברת מול אשתקד'!A9,מור!A:G,5,0)+VLOOKUP('תפוקה מצטברת מול אשתקד'!A9,'אלטשולר שחם'!A:G,5,0)+VLOOKUP('תפוקה מצטברת מול אשתקד'!A9,'מדיהו '!A:G,5,0)+VLOOKUP('תפוקה מצטברת מול אשתקד'!A9,'אנליסט '!A:G,5,0)+VLOOKUP('תפוקה מצטברת מול אשתקד'!A9,'מיטב דש'!A:G,5,0)+VLOOKUP('תפוקה מצטברת מול אשתקד'!A9,אינפניטי!A:G,5,0) -> 1173.13 | J9: =VLOOKUP(A9,הכשרה!A:G,6,0)+VLOOKUP('תפוקה מצטברת מול אשתקד'!A9,מגדל!A:G,6,0)+VLOOKUP('תפוקה מצטברת מול אשתקד'!A9,מנורה!A:G,6,0)+VLOOKUP('תפוקה מצטברת מול אשתקד'!A9,איילון!A:G,6,0)+VLOOKUP(A9,הראל!A:G,6,0)+VLOOKUP('תפוקה מצטברת מול אשתקד'!A9,הפניקס!A:G,6,0)+VLOOKUP('תפוקה מצטברת מול אשתקד'!A9,כלל!A:G,6,0)+VLOOKUP('תפוקה מצטברת מול אשתקד'!A9,מור!A:G,6,0)+VLOOKUP('תפוקה מצטברת מול אשתקד'!A9,'אלטשולר שחם'!A:G,6,0)+VLOOKUP('תפוקה מצטברת מול אשתקד'!A9,'מדיהו '!A:G,6,0)+VLOOKUP('תפוקה מצטברת מול אשתקד'!A9,'אנליסט '!A:G,6,0)+VLOOKUP('תפוקה מצטברת מול אשתקד'!A9,'מיטב דש'!A:G,6,0)+VLOOKUP('תפוקה מצטברת מול אשתקד'!A9,אינפניטי!A:G,6,0) -> 0 | K9: =VLOOKUP(A9,הכשרה!A:G,7,0)+VLOOKUP('תפוקה מצטברת מול אשתקד'!A9,מגדל!A:G,7,0)+VLOOKUP('תפוקה מצטברת מול אשתקד'!A9,מנורה!A:G,7,0)+VLOOKUP('תפוקה מצטברת מול אשתקד'!A9,איילון!A:G,7,0)+VLOOKUP('תפוקה מצטברת מול אשתקד'!A9,הראל!A:G,7,0)+VLOOKUP('תפוקה מצטברת מול אשתקד'!A9,הפניקס!A:G,7,0)+VLOOKUP('תפוקה מצטברת מול אשתקד'!A9,כלל!A:G,7,0)+VLOOKUP('תפוקה מצטברת מול אשתקד'!A9,מור!A:G,7,0)+VLOOKUP('תפוקה מצטברת מול אשתקד'!A9,'אלטשולר שחם'!A:G,7,0)+VLOOKUP('תפוקה מצטברת מול אשתקד'!A9,'מדיהו '!A:K,7,0)+VLOOKUP(A9,'אנליסט '!A:G,7,0)+VLOOKUP('תפוקה מצטברת מול אשתקד'!A9,'מיטב דש'!A:G,7,0)+VLOOKUP('תפוקה מצטברת מול אשתקד'!A9,אינפניטי!A:G,7,0) -> -220528.51 | L9: =VLOOKUP(A9,הכשרה!A:K,8,0)+VLOOKUP('תפוקה מצטברת מול אשתקד'!A9,מגדל!A:K,8,0)+VLOOKUP('תפוקה מצטברת מול אשתקד'!A9,מנורה!A:K,8,0)+VLOOKUP('תפוקה מצטברת מול אשתקד'!A9,איילון!A:K,8,0)+VLOOKUP('תפוקה מצטברת מול אשתקד'!A9,הראל!A:K,8,0)+VLOOKUP('תפוקה מצטברת מול אשתקד'!A9,הפניקס!A:K,8,0)+VLOOKUP('תפוקה מצטברת מול אשתקד'!A9,כלל!A:K,8,0)+VLOOKUP('תפוקה מצטברת מול אשתקד'!A9,מור!A:K,8,0)+VLOOKUP('תפוקה מצטברת מול אשתקד'!A9,'אלטשולר שחם'!A:K,8,0)+VLOOKUP('תפוקה מצטברת מול אשתקד'!A9,'מדיהו '!A:K,8,0)+VLOOKUP('תפוקה מצטברת מול אשתקד'!A9,'אנליסט '!A:K,8,0)+VLOOKUP('תפוקה מצטברת מול אשתקד'!A9,'מיטב דש'!A:K,8,0)+VLOOKUP('תפוקה מצטברת מול אשתקד'!A9,אינפניטי!A:K,8,0) -> 2545.4762 | M9: =VLOOKUP(A9,הכשרה!A:K,9,0)+VLOOKUP('תפוקה מצטברת מול אשתקד'!A9,מגדל!A:K,9,0)+VLOOKUP('תפוקה מצטברת מול אשתקד'!A9,מנורה!A:K,9,0)+VLOOKUP('תפוקה מצטברת מול אשתקד'!A9,איילון!A:K,9,0)+VLOOKUP('תפוקה מצטברת מול אשתקד'!A9,הראל!A:K,9,0)+VLOOKUP('תפוקה מצטברת מול אשתקד'!A9,הפניקס!A:K,9,0)+VLOOKUP('תפוקה מצטברת מול אשתקד'!A9,כלל!A:K,9,0)+VLOOKUP('תפוקה מצטברת מול אשתקד'!A9,מור!A:K,9,0)+VLOOKUP('תפוקה מצטברת מול אשתקד'!A9,'אלטשולר שחם'!A:K,9,0)+VLOOKUP('תפוקה מצטברת מול אשתקד'!A9,'מדיהו '!A:K,9,0)+VLOOKUP('תפוקה מצטברת מול אשתקד'!A9,'אנליסט '!A:K,9,0)+VLOOKUP('תפוקה מצטברת מול אשתקד'!A9,'מיטב דש'!A:K,9,0)+VLOOKUP('תפוקה מצטברת מול אשתקד'!A9,אינפניטי!A:K,9,0) -> 151.65 | N9: =VLOOKUP(A9,הכשרה!A:K,10,0)+VLOOKUP('תפוקה מצטברת מול אשתקד'!A9,מגדל!A:K,10,0)+VLOOKUP('תפוקה מצטברת מול אשתקד'!A9,מנורה!A:K,10,0)+VLOOKUP('תפוקה מצטברת מול אשתקד'!A9,איילון!A:K,10,0)+VLOOKUP('תפוקה מצטברת מול אשתקד'!A9,הראל!A:K,10,0)+VLOOKUP('תפוקה מצטברת מול אשתקד'!A9,הפניקס!A:K,10,0)+VLOOKUP('תפוקה מצטברת מול אשתקד'!A9,כלל!A:K,10,0)+VLOOKUP('תפוקה מצטברת מול אשתקד'!A9,מור!A:K,10,0)+VLOOKUP('תפוקה מצטברת מול אשתקד'!A9,'אלטשולר שחם'!A:K,10,0)+VLOOKUP('תפוקה מצטברת מול אשתקד'!A9,'מדיהו '!A:K,10,0)+VLOOKUP('תפוקה מצטברת מול אשתקד'!A9,'אנליסט '!A:K,10,0)+VLOOKUP('תפוקה מצטברת מול אשתקד'!A9,'מיטב דש'!A:K,10,0)+VLOOKUP('תפוקה מצטברת מול אשתקד'!A9,אינפניטי!A:K,10,0) -> 0 | O9: =VLOOKUP(A9,הכשרה!A:K,11,0)+VLOOKUP('תפוקה מצטברת מול אשתקד'!A9,מגדל!A:K,11,0)+VLOOKUP('תפוקה מצטברת מול אשתקד'!A9,מנורה!A:K,11,0)+VLOOKUP('תפוקה מצטברת מול אשתקד'!A9,איילון!A:K,11,0)+VLOOKUP('תפוקה מצטברת מול אשתקד'!A9,הראל!A:K,11,0)+VLOOKUP('תפוקה מצטברת מול אשתקד'!A9,הפניקס!A:K,11,0)+VLOOKUP('תפוקה מצטברת מול אשתקד'!A9,כלל!A:K,11,0)+VLOOKUP('תפוקה מצטברת מול אשתקד'!A9,מור!A:K,11,0)+VLOOKUP('תפוקה מצטברת מול אשתקד'!A9,'אלטשולר שחם'!A:K,11,0)+VLOOKUP('תפוקה מצטברת מול אשתקד'!A9,'מדיהו '!A:K,11,0)+VLOOKUP('תפוקה מצטברת מול אשתקד'!A9,'אנליסט '!A:K,11,0)+VLOOKUP('תפוקה מצטברת מול אשתקד'!A9,'מיטב דש'!A:K,11,0)+VLOOKUP('תפוקה מצטברת מול אשתקד'!A9,אינפניטי!A:K,11,0) -> -652731.68
A10: גל אלמגור דאוד סוכ' לב | B10: יוסי אביב | C10: שותפים | D10: =IF(H10=0,0%,IF(L10=0,100%,H10/L10-1)) -> -0.1268804 | E10: =IF(I10=0,0%,IF(M10=0,100%,I10/M10-1)) -> 0.90993276 | F10: =IF(J10=0,0%,IF(N10=0,100%,J10/N10-1)) -> 0.88708546 | G10: =IF(K10=0,0%,IF(O10=H34,100%,K10/O10-1)) -> 1.0180526 | H10: =VLOOKUP(A10,הכשרה!A:G,4,0)+VLOOKUP('תפוקה מצטברת מול אשתקד'!A10,מגדל!A:G,4,0)+VLOOKUP('תפוקה מצטברת מול אשתקד'!A10,מנורה!A:G,4,0)+VLOOKUP('תפוקה מצטברת מול אשתקד'!A10,איילון!A:G,4,0)+VLOOKUP('תפוקה מצטברת מול אשתקד'!A10,הראל!A:G,4,0)+VLOOKUP('תפוקה מצטברת מול אשתקד'!A10,הפניקס!A:G,4,0)+VLOOKUP('תפוקה מצטברת מול אשתקד'!A10,כלל!A:G,4,0)+VLOOKUP('תפוקה מצטברת מול אשתקד'!A10,מור!A:G,4,0)+VLOOKUP('תפוקה מצטברת מול אשתקד'!A10,'אלטשולר שחם'!A:G,4,0)+VLOOKUP('תפוקה מצטברת מול אשתקד'!A10,'מדיהו '!A:G,4,0)+VLOOKUP('תפוקה מצטברת מול אשתקד'!A10,'אנליסט '!A:G,4,0)+VLOOKUP('תפוקה מצטברת מול אשתקד'!A10,'מיטב דש'!A:G,4,0)+VLOOKUP('תפוקה מצטברת מול אשתקד'!A10,אינפניטי!A:G,4,0) -> 548222.68 | I10: =VLOOKUP(A10,הכשרה!A:G,5,0)+VLOOKUP('תפוקה מצטברת מול אשתקד'!A10,מגדל!A:G,5,0)+VLOOKUP('תפוקה מצטברת מול אשתקד'!A10,מנורה!A:G,5,0)+VLOOKUP('תפוקה מצטברת מול אשתקד'!A10,איילון!A:G,5,0)+VLOOKUP('תפוקה מצטברת מול אשתקד'!A10,הראל!A:G,5,0)+VLOOKUP('תפוקה מצטברת מול אשתקד'!A10,הפניקס!A:G,5,0)+VLOOKUP('תפוקה מצטברת מול אשתקד'!A10,כלל!A:G,5,0)+VLOOKUP('תפוקה מצטברת מול אשתקד'!A10,מור!A:G,5,0)+VLOOKUP('תפוקה מצטברת מול אשתקד'!A10,'אלטשולר שחם'!A:G,5,0)+VLOOKUP('תפוקה מצטברת מול אשתקד'!A10,'מדיהו '!A:G,5,0)+VLOOKUP('תפוקה מצטברת מול אשתקד'!A10,'אנליסט '!A:G,5,0)+VLOOKUP('תפוקה מצטברת מול אשתקד'!A10,'מיטב דש'!A:G,5,0)+VLOOKUP('תפוקה מצטברת מול אשתקד'!A10,אינפניטי!A:G,5,0) -> 708690.32 | J10: =VLOOKUP(A10,הכשרה!A:G,6,0)+VLOOKUP('תפוקה מצטברת מול אשתקד'!A10,מגדל!A:G,6,0)+VLOOKUP('תפוקה מצטברת מול אשתקד'!A10,מנורה!A:G,6,0)+VLOOKUP('תפוקה מצטברת מול אשתקד'!A10,איילון!A:G,6,0)+VLOOKUP(A10,הראל!A:G,6,0)+VLOOKUP('תפוקה מצטברת מול אשתקד'!A10,הפניקס!A:G,6,0)+VLOOKUP('תפוקה מצטברת מול אשתקד'!A10,כלל!A:G,6,0)+VLOOKUP('תפוקה מצטברת מול אשתקד'!A10,מור!A:G,6,0)+VLOOKUP('תפוקה מצטברת מול אשתקד'!A10,'אלטשולר שחם'!A:G,6,0)+VLOOKUP('תפוקה מצטברת מול אשתקד'!A10,'מדיהו '!A:G,6,0)+VLOOKUP('תפוקה מצטברת מול אשתקד'!A10,'אנליסט '!A:G,6,0)+VLOOKUP('תפוקה מצטברת מול אשתקד'!A10,'מיטב דש'!A:G,6,0)+VLOOKUP('תפוקה מצטברת מול אשתקד'!A10,אינפניטי!A:G,6,0) -> 312411.71 | K10: =VLOOKUP(A10,הכשרה!A:G,7,0)+VLOOKUP('תפוקה מצטברת מול אשתקד'!A10,מגדל!A:G,7,0)+VLOOKUP('תפוקה מצטברת מול אשתקד'!A10,מנורה!A:G,7,0)+VLOOKUP('תפוקה מצטברת מול אשתקד'!A10,איילון!A:G,7,0)+VLOOKUP('תפוקה מצטברת מול אשתקד'!A10,הראל!A:G,7,0)+VLOOKUP('תפוקה מצטברת מול אשתקד'!A10,הפניקס!A:G,7,0)+VLOOKUP('תפוקה מצטברת מול אשתקד'!A10,כלל!A:G,7,0)+VLOOKUP('תפוקה מצטברת מול אשתקד'!A10,מור!A:G,7,0)+VLOOKUP('תפוקה מצטברת מול אשתקד'!A10,'אלטשולר שחם'!A:G,7,0)+VLOOKUP('תפוקה מצטברת מול אשתקד'!A10,'מדיהו '!A:K,7,0)+VLOOKUP(A10,'אנליסט '!A:G,7,0)+VLOOKUP('תפוקה מצטברת מול אשתקד'!A10,'מיטב דש'!A:G,7,0)+VLOOKUP('תפוקה מצטברת מול אשתקד'!A10,אינפניטי!A:G,7,0) -> 1135424 | L10: =VLOOKUP(A10,הכשרה!A:K,8,0)+VLOOKUP('תפוקה מצטברת מול אשתקד'!A10,מגדל!A:K,8,0)+VLOOKUP('תפוקה מצטברת מול אשתקד'!A10,מנורה!A:K,8,0)+VLOOKUP('תפוקה מצטברת מול אשתקד'!A10,איילון!A:K,8,0)+VLOOKUP('תפוקה מצטברת מול אשתקד'!A10,הראל!A:K,8,0)+VLOOKUP('תפוקה מצטברת מול אשתקד'!A10,הפניקס!A:K,8,0)+VLOOKUP('תפוקה מצטברת מול אשתקד'!A10,כלל!A:K,8,0)+VLOOKUP('תפוקה מצטברת מול אשתקד'!A10,מור!A:K,8,0)+VLOOKUP('תפוקה מצטברת מול אשתקד'!A10,'אלטשולר שחם'!A:K,8,0)+VLOOKUP('תפוקה מצטברת מול אשתקד'!A10,'מדיהו '!A:K,8,0)+VLOOKUP('תפוקה מצטברת מול אשתקד'!A10,'אנליסט '!A:K,8,0)+VLOOKUP('תפוקה מצטברת מול אשתקד'!A10,'מיטב דש'!A:K,8,0)+VLOOKUP('תפוקה מצטברת מול אשתקד'!A10,אינפניטי!A:K,8,0) -> 627889.56 | M10: =VLOOKUP(A10,הכשרה!A:K,9,0)+VLOOKUP('תפוקה מצטברת מול אשתקד'!A10,מגדל!A:K,9,0)+VLOOKUP('תפוקה מצטברת מול אשתקד'!A10,מנורה!A:K,9,0)+VLOOKUP('תפוקה מצטברת מול אשתקד'!A10,איילון!A:K,9,0)+VLOOKUP('תפוקה מצטברת מול אשתקד'!A10,הראל!A:K,9,0)+VLOOKUP('תפוקה מצטברת מול אשתקד'!A10,הפניקס!A:K,9,0)+VLOOKUP('תפוקה מצטברת מול אשתקד'!A10,כלל!A:K,9,0)+VLOOKUP('תפוקה מצטברת מול אשתקד'!A10,מור!A:K,9,0)+VLOOKUP('תפוקה מצטברת מול אשתקד'!A10,'אלטשולר שחם'!A:K,9,0)+VLOOKUP('תפוקה מצטברת מול אשתקד'!A10,'מדיהו '!A:K,9,0)+VLOOKUP('תפוקה מצטברת מול אשתקד'!A10,'אנליסט '!A:K,9,0)+VLOOKUP('תפוקה מצטברת מול אשתקד'!A10,'מיטב דש'!A:K,9,0)+VLOOKUP('תפוקה מצטברת מול אשתקד'!A10,אינפניטי!A:K,9,0) -> 371055.12 | N10: =VLOOKUP(A10,הכשרה!A:K,10,0)+VLOOKUP('תפוקה מצטברת מול אשתקד'!A10,מגדל!A:K,10,0)+VLOOKUP('תפוקה מצטברת מול אשתקד'!A10,מנורה!A:K,10,0)+VLOOKUP('תפוקה מצטברת מול אשתקד'!A10,איילון!A:K,10,0)+VLOOKUP('תפוקה מצטברת מול אשתקד'!A10,הראל!A:K,10,0)+VLOOKUP('תפוקה מצטברת מול אשתקד'!A10,הפניקס!A:K,10,0)+VLOOKUP('תפוקה מצטברת מול אשתקד'!A10,כלל!A:K,10,0)+VLOOKUP('תפוקה מצטברת מול אשתקד'!A10,מור!A:K,10,0)+VLOOKUP('תפוקה מצטברת מול אשתקד'!A10,'אלטשולר שחם'!A:K,10,0)+VLOOKUP('תפוקה מצטברת מול אשתקד'!A10,'מדיהו '!A:K,10,0)+VLOOKUP('תפוקה מצטברת מול אשתקד'!A10,'אנליסט '!A:K,10,0)+VLOOKUP('תפוקה מצטברת מול אשתקד'!A10,'מיטב דש'!A:K,10,0)+VLOOKUP('תפוקה מצטברת מול אשתקד'!A10,אינפניטי!A:K,10,0) -> 165552.5 | O10: =VLOOKUP(A10,הכשרה!A:K,11,0)+VLOOKUP('תפוקה מצטברת מול אשתקד'!A10,מגדל!A:K,11,0)+VLOOKUP('תפוקה מצטברת מול אשתקד'!A10,מנורה!A:K,11,0)+VLOOKUP('תפוקה מצטברת מול אשתקד'!A10,איילון!A:K,11,0)+VLOOKUP('תפוקה מצטברת מול אשתקד'!A10,הראל!A:K,11,0)+VLOOKUP('תפוקה מצטברת מול אשתקד'!A10,הפניקס!A:K,11,0)+VLOOKUP('תפוקה מצטברת מול אשתקד'!A10,כלל!A:K,11,0)+VLOOKUP('תפוקה מצטברת מול אשתקד'!A10,מור!A:K,11,0)+VLOOKUP('תפוקה מצטברת מול אשתקד'!A10,'אלטשולר שחם'!A:K,11,0)+VLOOKUP('תפוקה מצטברת מול אשתקד'!A10,'מדיהו '!A:K,11,0)+VLOOKUP('תפוקה מצטברת מול אשתקד'!A10,'אנליסט '!A:K,11,0)+VLOOKUP('תפוקה מצטברת מול אשתקד'!A10,'מיטב דש'!A:K,11,0)+VLOOKUP('תפוקה מצטברת מול אשתקד'!A10,אינפניטי!A:K,11,0) -> 562633.49
A11: גל אלמגור -וייס סוכנות | B11: יוסי אביב | C11: שותפים | D11: =IF(H11=0,0%,IF(L11=0,100%,H11/L11-1)) -> -0.10356276 | E11: =IF(I11=0,0%,IF(M11=0,100%,I11/M11-1)) -> -0.40736149 | F11: =IF(J11=0,0%,IF(N11=0,100%,J11/N11-1)) -> 0.95369504 | G11: =IF(K11=0,0%,IF(O11=H35,100%,K11/O11-1)) -> -0.97951796 | H11: =VLOOKUP(A11,הכשרה!A:G,4,0)+VLOOKUP('תפוקה מצטברת מול אשתקד'!A11,מגדל!A:G,4,0)+VLOOKUP('תפוקה מצטברת מול אשתקד'!A11,מנורה!A:G,4,0)+VLOOKUP('תפוקה מצטברת מול אשתקד'!A11,איילון!A:G,4,0)+VLOOKUP('תפוקה מצטברת מול אשתקד'!A11,הראל!A:G,4,0)+VLOOKUP('תפוקה מצטברת מול אשתקד'!A11,הפניקס!A:G,4,0)+VLOOKUP('תפוקה מצטברת מול אשתקד'!A11,כלל!A:G,4,0)+VLOOKUP('תפוקה מצטברת מול אשתקד'!A11,מור!A:G,4,0)+VLOOKUP('תפוקה מצטברת מול אשתקד'!A11,'אלטשולר שחם'!A:G,4,0)+VLOOKUP('תפוקה מצטברת מול אשתקד'!A11,'מדיהו '!A:G,4,0)+VLOOKUP('תפוקה מצטברת מול אשתקד'!A11,'אנליסט '!A:G,4,0)+VLOOKUP('תפוקה מצטברת מול אשתקד'!A11,'מיטב דש'!A:G,4,0)+VLOOKUP('תפוקה מצטברת מול אשתקד'!A11,אינפניטי!A:G,4,0) -> 116485.18 | I11: =VLOOKUP(A11,הכשרה!A:G,5,0)+VLOOKUP('תפוקה מצטברת מול אשתקד'!A11,מגדל!A:G,5,0)+VLOOKUP('תפוקה מצטברת מול אשתקד'!A11,מנורה!A:G,5,0)+VLOOKUP('תפוקה מצטברת מול אשתקד'!A11,איילון!A:G,5,0)+VLOOKUP('תפוקה מצטברת מול אשתקד'!A11,הראל!A:G,5,0)+VLOOKUP('תפוקה מצטברת מול אשתקד'!A11,הפניקס!A:G,5,0)+VLOOKUP('תפוקה מצטברת מול אשתקד'!A11,כלל!A:G,5,0)+VLOOKUP('תפוקה מצטברת מול אשתקד'!A11,מור!A:G,5,0)+VLOOKUP('תפוקה מצטברת מול אשתקד'!A11,'אלטשולר שחם'!A:G,5,0)+VLOOKUP('תפוקה מצטברת מול אשתקד'!A11,'מדיהו '!A:G,5,0)+VLOOKUP('תפוקה מצטברת מול אשתקד'!A11,'אנליסט '!A:G,5,0)+VLOOKUP('תפוקה מצטברת מול אשתקד'!A11,'מיטב דש'!A:G,5,0)+VLOOKUP('תפוקה מצטברת מול אשתקד'!A11,אינפניטי!A:G,5,0) -> 22959.762 | J11: =VLOOKUP(A11,הכשרה!A:G,6,0)+VLOOKUP('תפוקה מצטברת מול אשתקד'!A11,מגדל!A:G,6,0)+VLOOKUP('תפוקה מצטברת מול אשתקד'!A11,מנורה!A:G,6,0)+VLOOKUP('תפוקה מצטברת מול אשתקד'!A11,איילון!A:G,6,0)+VLOOKUP(A11,הראל!A:G,6,0)+VLOOKUP('תפוקה מצטברת מול אשתקד'!A11,הפניקס!A:G,6,0)+VLOOKUP('תפוקה מצטברת מול אשתקד'!A11,כלל!A:G,6,0)+VLOOKUP('תפוקה מצטברת מול אשתקד'!A11,מור!A:G,6,0)+VLOOKUP('תפוקה מצטברת מול אשתקד'!A11,'אלטשולר שחם'!A:G,6,0)+VLOOKUP('תפוקה מצטברת מול אשתקד'!A11,'מדיהו '!A:G,6,0)+VLOOKUP('תפוקה מצטברת מול אשתקד'!A11,'אנליסט '!A:G,6,0)+VLOOKUP('תפוקה מצטברת מול אשתקד'!A11,'מיטב דש'!A:G,6,0)+VLOOKUP('תפוקה מצטברת מול אשתקד'!A11,אינפניטי!A:G,6,0) -> 507594.09 | K11: =VLOOKUP(A11,הכשרה!A:G,7,0)+VLOOKUP('תפוקה מצטברת מול אשתקד'!A11,מגדל!A:G,7,0)+VLOOKUP('תפוקה מצטברת מול אשתקד'!A11,מנורה!A:G,7,0)+VLOOKUP('תפוקה מצטברת מול אשתקד'!A11,איילון!A:G,7,0)+VLOOKUP('תפוקה מצטברת מול אשתקד'!A11,הראל!A:G,7,0)+VLOOKUP('תפוקה מצטברת מול אשתקד'!A11,הפניקס!A:G,7,0)+VLOOKUP('תפוקה מצטברת מול אשתקד'!A11,כלל!A:G,7,0)+VLOOKUP('תפוקה מצטברת מול אשתקד'!A11,מור!A:G,7,0)+VLOOKUP('תפוקה מצטברת מול אשתקד'!A11,'אלטשולר שחם'!A:G,7,0)+VLOOKUP('תפוקה מצטברת מול אשתקד'!A11,'מדיהו '!A:K,7,0)+VLOOKUP(A11,'אנליסט '!A:G,7,0)+VLOOKUP('תפוקה מצטברת מול אשתקד'!A11,'מיטב דש'!A:G,7,0)+VLOOKUP('תפוקה מצטברת מול אשתקד'!A11,אינפניטי!A:G,7,0) -> -7766.6 | L11: =VLOOKUP(A11,הכשרה!A:K,8,0)+VLOOKUP('תפוקה מצטברת מול אשתקד'!A11,מגדל!A:K,8,0)+VLOOKUP('תפוקה מצטברת מול אשתקד'!A11,מנורה!A:K,8,0)+VLOOKUP('תפוקה מצטברת מול אשתקד'!A11,איילון!A:K,8,0)+VLOOKUP('תפוקה מצטברת מול אשתקד'!A11,הראל!A:K,8,0)+VLOOKUP('תפוקה מצטברת מול אשתקד'!A11,הפניקס!A:K,8,0)+VLOOKUP('תפוקה מצטברת מול אשתקד'!A11,כלל!A:K,8,0)+VLOOKUP('תפוקה מצטברת מול אשתקד'!A11,מור!A:K,8,0)+VLOOKUP('תפוקה מצטברת מול אשתקד'!A11,'אלטשולר שחם'!A:K,8,0)+VLOOKUP('תפוקה מצטברת מול אשתקד'!A11,'מדיהו '!A:K,8,0)+VLOOKUP('תפוקה מצטברת מול אשתקד'!A11,'אנליסט '!A:K,8,0)+VLOOKUP('תפוקה מצטברת מול אשתקד'!A11,'מיטב דש'!A:K,8,0)+VLOOKUP('תפוקה מצטברת מול אשתקד'!A11,אינפניטי!A:K,8,0) -> 129942.37 | M11: =VLOOKUP(A11,הכשרה!A:K,9,0)+VLOOKUP('תפוקה מצטברת מול אשתקד'!A11,מגדל!A:K,9,0)+VLOOKUP('תפוקה מצטברת מול אשתקד'!A11,מנורה!A:K,9,0)+VLOOKUP('תפוקה מצטברת מול אשתקד'!A11,איילון!A:K,9,0)+VLOOKUP('תפוקה מצטברת מול אשתקד'!A11,הראל!A:K,9,0)+VLOOKUP('תפוקה מצטברת מול אשתקד'!A11,הפניקס!A:K,9,0)+VLOOKUP('תפוקה מצטברת מול אשתקד'!A11,כלל!A:K,9,0)+VLOOKUP('תפוקה מצטברת מול אשתקד'!A11,מור!A:K,9,0)+VLOOKUP('תפוקה מצטברת מול אשתקד'!A11,'אלטשולר שחם'!A:K,9,0)+VLOOKUP('תפוקה מצטברת מול אשתקד'!A11,'מדיהו '!A:K,9,0)+VLOOKUP('תפוקה מצטברת מול אשתקד'!A11,'אנליסט '!A:K,9,0)+VLOOKUP('תפוקה מצטברת מול אשתקד'!A11,'מיטב דש'!A:K,9,0)+VLOOKUP('תפוקה מצטברת מול אשתקד'!A11,אינפניטי!A:K,9,0) -> 38741.596 | N11: =VLOOKUP(A11,הכשרה!A:K,10,0)+VLOOKUP('תפוקה מצטברת מול אשתקד'!A11,מגדל!A:K,10,0)+VLOOKUP('תפוקה מצטברת מול אשתקד'!A11,מנורה!A:K,10,0)+VLOOKUP('תפוקה מצטברת מול אשתקד'!A11,איילון!A:K,10,0)+VLOOKUP('תפוקה מצטברת מול אשתקד'!A11,הראל!A:K,10,0)+VLOOKUP('תפוקה מצטברת מול אשתקד'!A11,הפניקס!A:K,10,0)+VLOOKUP('תפוקה מצטברת מול אשתקד'!A11,כלל!A:K,10,0)+VLOOKUP('תפוקה מצטברת מול אשתקד'!A11,מור!A:K,10,0)+VLOOKUP('תפוקה מצטברת מול אשתקד'!A11,'אלטשולר שחם'!A:K,10,0)+VLOOKUP('תפוקה מצטברת מול אשתקד'!A11,'מדיהו '!A:K,10,0)+VLOOKUP('תפוקה מצטברת מול אשתקד'!A11,'אנליסט '!A:K,10,0)+VLOOKUP('תפוקה מצטברת מול אשתקד'!A11,'מיטב דש'!A:K,10,0)+VLOOKUP('תפוקה מצטברת מול אשתקד'!A11,אינפניטי!A:K,10,0) -> 259812.35 | O11: =VLOOKUP(A11,הכשרה!A:K,11,0)+VLOOKUP('תפוקה מצטברת מול אשתקד'!A11,מגדל!A:K,11,0)+VLOOKUP('תפוקה מצטברת מול אשתקד'!A11,מנורה!A:K,11,0)+VLOOKUP('תפוקה מצטברת מול אשתקד'!A11,איילון!A:K,11,0)+VLOOKUP('תפוקה מצטברת מול אשתקד'!A11,הראל!A:K,11,0)+VLOOKUP('תפוקה מצטברת מול אשתקד'!A11,הפניקס!A:K,11,0)+VLOOKUP('תפוקה מצטברת מול אשתקד'!A11,כלל!A:K,11,0)+VLOOKUP('תפוקה מצטברת מול אשתקד'!A11,מור!A:K,11,0)+VLOOKUP('תפוקה מצטברת מול אשתקד'!A11,'אלטשולר שחם'!A:K,11,0)+VLOOKUP('תפוקה מצטברת מול אשתקד'!A11,'מדיהו '!A:K,11,0)+VLOOKUP('תפוקה מצטברת מול אשתקד'!A11,'אנליסט '!A:K,11,0)+VLOOKUP('תפוקה מצטברת מול אשתקד'!A11,'מיטב דש'!A:K,11,0)+VLOOKUP('תפוקה מצטברת מול אשתקד'!A11,אינפניטי!A:K,11,0) -> -379190.81
A12: גל אלמגור דרום סוכ ל | B12: יוסי אביב | C12: שותפים | D12: =IF(H12=0,0%,IF(L12=0,100%,H12/L12-1)) -> 1145.0592 | E12: =IF(I12=0,0%,IF(M12=0,100%,I12/M12-1)) -> 18.021904 | F12: =IF(J12=0,0%,IF(N12=0,100%,J12/N12-1)) -> 1 | G12: =IF(K12=0,0%,IF(O12=H36,100%,K12/O12-1)) -> -1.2964376 | H12: =VLOOKUP(A12,הכשרה!A:G,4,0)+VLOOKUP('תפוקה מצטברת מול אשתקד'!A12,מגדל!A:G,4,0)+VLOOKUP('תפוקה מצטברת מול אשתקד'!A12,מנורה!A:G,4,0)+VLOOKUP('תפוקה מצטברת מול אשתקד'!A12,איילון!A:G,4,0)+VLOOKUP('תפוקה מצטברת מול אשתקד'!A12,הראל!A:G,4,0)+VLOOKUP('תפוקה מצטברת מול אשתקד'!A12,הפניקס!A:G,4,0)+VLOOKUP('תפוקה מצטברת מול אשתקד'!A12,כלל!A:G,4,0)+VLOOKUP('תפוקה מצטברת מול אשתקד'!A12,מור!A:G,4,0)+VLOOKUP('תפוקה מצטברת מול אשתקד'!A12,'אלטשולר שחם'!A:G,4,0)+VLOOKUP('תפוקה מצטברת מול אשתקד'!A12,'מדיהו '!A:G,4,0)+VLOOKUP('תפוקה מצטברת מול אשתקד'!A12,'אנליסט '!A:G,4,0)+VLOOKUP('תפוקה מצטברת מול אשתקד'!A12,'מיטב דש'!A:G,4,0)+VLOOKUP('תפוקה מצטברת מול אשתקד'!A12,אינפניטי!A:G,4,0) -> 158224.94 | I12: =VLOOKUP(A12,הכשרה!A:G,5,0)+VLOOKUP('תפוקה מצטברת מול אשתקד'!A12,מגדל!A:G,5,0)+VLOOKUP('תפוקה מצטברת מול אשתקד'!A12,מנורה!A:G,5,0)+VLOOKUP('תפוקה מצטברת מול אשתקד'!A12,איילון!A:G,5,0)+VLOOKUP('תפוקה מצטברת מול אשתקד'!A12,הראל!A:G,5,0)+VLOOKUP('תפוקה מצטברת מול אשתקד'!A12,הפניקס!A:G,5,0)+VLOOKUP('תפוקה מצטברת מול אשתקד'!A12,כלל!A:G,5,0)+VLOOKUP('תפוקה מצטברת מול אשתקד'!A12,מור!A:G,5,0)+VLOOKUP('תפוקה מצטברת מול אשתקד'!A12,'אלטשולר שחם'!A:G,5,0)+VLOOKUP('תפוקה מצטברת מול אשתקד'!A12,'מדיהו '!A:G,5,0)+VLOOKUP('תפוקה מצטברת מול אשתקד'!A12,'אנליסט '!A:G,5,0)+VLOOKUP('תפוקה מצטברת מול אשתקד'!A12,'מיטב דש'!A:G,5,0)+VLOOKUP('תפוקה מצטברת מול אשתקד'!A12,אינפניטי!A:G,5,0) -> 3291.36 | J12: =VLOOKUP(A12,הכשרה!A:G,6,0)+VLOOKUP('תפוקה מצטברת מול אשתקד'!A12,מגדל!A:G,6,0)+VLOOKUP('תפוקה מצטברת מול אשתקד'!A12,מנורה!A:G,6,0)+VLOOKUP('תפוקה מצטברת מול אשתקד'!A12,איילון!A:G,6,0)+VLOOKUP(A12,הראל!A:G,6,0)+VLOOKUP('תפוקה מצטברת מול אשתקד'!A12,הפניקס!A:G,6,0)+VLOOKUP('תפוקה מצטברת מול אשתקד'!A12,כלל!A:G,6,0)+VLOOKUP('תפוקה מצטברת מול אשתקד'!A12,מור!A:G,6,0)+VLOOKUP('תפוקה מצטברת מול אשתקד'!A12,'אלטשולר שחם'!A:G,6,0)+VLOOKUP('תפוקה מצטברת מול אשתקד'!A12,'מדיהו '!A:G,6,0)+VLOOKUP('תפוקה מצטברת מול אשתקד'!A12,'אנליסט '!A:G,6,0)+VLOOKUP('תפוקה מצטברת מול אשתקד'!A12,'מיטב דש'!A:G,6,0)+VLOOKUP('תפוקה מצטברת מול אשתקד'!A12,אינפניטי!A:G,6,0) -> 361415 | K12: =VLOOKUP(A12,הכשרה!A:G,7,0)+VLOOKUP('תפוקה מצטברת מול אשתקד'!A12,מגדל!A:G,7,0)+VLOOKUP('תפוקה מצטברת מול אשתקד'!A12,מנורה!A:G,7,0)+VLOOKUP('תפוקה מצטברת מול אשתקד'!A12,איילון!A:G,7,0)+VLOOKUP('תפוקה מצטברת מול אשתקד'!A12,הראל!A:G,7,0)+VLOOKUP('תפוקה מצטברת מול אשתקד'!A12,הפניקס!A:G,7,0)+VLOOKUP('תפוקה מצטברת מול אשתקד'!A12,כלל!A:G,7,0)+VLOOKUP('תפוקה מצטברת מול אשתקד'!A12,מור!A:G,7,0)+VLOOKUP('תפוקה מצטברת מול אשתקד'!A12,'אלטשולר שחם'!A:G,7,0)+VLOOKUP('תפוקה מצטברת מול אשתקד'!A12,'מדיהו '!A:K,7,0)+VLOOKUP(A12,'אנליסט '!A:G,7,0)+VLOOKUP('תפוקה מצטברת מול אשתקד'!A12,'מיטב דש'!A:G,7,0)+VLOOKUP('תפוקה מצטברת מול אשתקד'!A12,אינפניטי!A:G,7,0) -> 69263.6 | L12: =VLOOKUP(A12,הכשרה!A:K,8,0)+VLOOKUP('תפוקה מצטברת מול אשתקד'!A12,מגדל!A:K,8,0)+VLOOKUP('תפוקה מצטברת מול אשתקד'!A12,מנורה!A:K,8,0)+VLOOKUP('תפוקה מצטברת מול אשתקד'!A12,איילון!A:K,8,0)+VLOOKUP('תפוקה מצטברת מול אשתקד'!A12,הראל!A:K,8,0)+VLOOKUP('תפוקה מצטברת מול אשתקד'!A12,הפניקס!A:K,8,0)+VLOOKUP('תפוקה מצטברת מול אשתקד'!A12,כלל!A:K,8,0)+VLOOKUP('תפוקה מצטברת מול אשתקד'!A12,מור!A:K,8,0)+VLOOKUP('תפוקה מצטברת מול אשתקד'!A12,'אלטשולר שחם'!A:K,8,0)+VLOOKUP('תפוקה מצטברת מול אשתקד'!A12,'מדיהו '!A:K,8,0)+VLOOKUP('תפוקה מצטברת מול אשתקד'!A12,'אנליסט '!A:K,8,0)+VLOOKUP('תפוקה מצטברת מול אשתקד'!A12,'מיטב דש'!A:K,8,0)+VLOOKUP('תפוקה מצטברת מול אשתקד'!A12,אינפניטי!A:K,8,0) -> 138.06 | M12: =VLOOKUP(A12,הכשרה!A:K,9,0)+VLOOKUP('תפוקה מצטברת מול אשתקד'!A12,מגדל!A:K,9,0)+VLOOKUP('תפוקה מצטברת מול אשתקד'!A12,מנורה!A:K,9,0)+VLOOKUP('תפוקה מצטברת מול אשתקד'!A12,איילון!A:K,9,0)+VLOOKUP('תפוקה מצטברת מול אשתקד'!A12,הראל!A:K,9,0)+VLOOKUP('תפוקה מצטברת מול אשתקד'!A12,הפניקס!A:K,9,0)+VLOOKUP('תפוקה מצטברת מול אשתקד'!A12,כלל!A:K,9,0)+VLOOKUP('תפוקה מצטברת מול אשתקד'!A12,מור!A:K,9,0)+VLOOKUP('תפוקה מצטברת מול אשתקד'!A12,'אלטשולר שחם'!A:K,9,0)+VLOOKUP('תפוקה מצטברת מול אשתקד'!A12,'מדיהו '!A:K,9,0)+VLOOKUP('תפוקה מצטברת מול אשתקד'!A12,'אנליסט '!A:K,9,0)+VLOOKUP('תפוקה מצטברת מול אשתקד'!A12,'מיטב דש'!A:K,9,0)+VLOOKUP('תפוקה מצטברת מול אשתקד'!A12,אינפניטי!A:K,9,0) -> 173.03 | N12: =VLOOKUP(A12,הכשרה!A:K,10,0)+VLOOKUP('תפוקה מצטברת מול אשתקד'!A12,מגדל!A:K,10,0)+VLOOKUP('תפוקה מצטברת מול אשתקד'!A12,מנורה!A:K,10,0)+VLOOKUP('תפוקה מצטברת מול אשתקד'!A12,איילון!A:K,10,0)+VLOOKUP('תפוקה מצטברת מול אשתקד'!A12,הראל!A:K,10,0)+VLOOKUP('תפוקה מצטברת מול אשתקד'!A12,הפניקס!A:K,10,0)+VLOOKUP('תפוקה מצטברת מול אשתקד'!A12,כלל!A:K,10,0)+VLOOKUP('תפוקה מצטברת מול אשתקד'!A12,מור!A:K,10,0)+VLOOKUP('תפוקה מצטברת מול אשתקד'!A12,'אלטשולר שחם'!A:K,10,0)+VLOOKUP('תפוקה מצטברת מול אשתקד'!A12,'מדיהו '!A:K,10,0)+VLOOKUP('תפוקה מצטברת מול אשתקד'!A12,'אנליסט '!A:K,10,0)+VLOOKUP('תפוקה מצטברת מול אשתקד'!A12,'מיטב דש'!A:K,10,0)+VLOOKUP('תפוקה מצטברת מול אשתקד'!A12,אינפניטי!A:K,10,0) -> 0 | O12: =VLOOKUP(A12,הכשרה!A:K,11,0)+VLOOKUP('תפוקה מצטברת מול אשתקד'!A12,מגדל!A:K,11,0)+VLOOKUP('תפוקה מצטברת מול אשתקד'!A12,מנורה!A:K,11,0)+VLOOKUP('תפוקה מצטברת מול אשתקד'!A12,איילון!A:K,11,0)+VLOOKUP('תפוקה מצטברת מול אשתקד'!A12,הראל!A:K,11,0)+VLOOKUP('תפוקה מצטברת מול אשתקד'!A12,הפניקס!A:K,11,0)+VLOOKUP('תפוקה מצטברת מול אשתקד'!A12,כלל!A:K,11,0)+VLOOKUP('תפוקה מצטברת מול אשתקד'!A12,מור!A:K,11,0)+VLOOKUP('תפוקה מצטברת מול אשתקד'!A12,'אלטשולר שחם'!A:K,11,0)+VLOOKUP('תפוקה מצטברת מול אשתקד'!A12,'מדיהו '!A:K,11,0)+VLOOKUP('תפוקה מצטברת מול אשתקד'!A12,'אנליסט '!A:K,11,0)+VLOOKUP('תפוקה מצטברת מול אשתקד'!A12,'מיטב דש'!A:K,11,0)+VLOOKUP('תפוקה מצטברת מול אשתקד'!A12,אינפניטי!A:K,11,0) -> -233653.23
A13: משה שטרן גל אלמגור | B13: יוסי אביב | C13: שותפים | D13: =IF(H13=0,0%,IF(L13=0,100%,H13/L13-1)) -> 1 | E13: =IF(I13=0,0%,IF(M13=0,100%,I13/M13-1)) -> -0.42949859 | F13: =IF(J13=0,0%,IF(N13=0,100%,J13/N13-1)) -> 0 | G13: =IF(K13=0,0%,IF(O13=H37,100%,K13/O13-1)) -> 0 | H13: =VLOOKUP(A13,הכשרה!A:G,4,0)+VLOOKUP('תפוקה מצטברת מול אשתקד'!A13,מגדל!A:G,4,0)+VLOOKUP('תפוקה מצטברת מול אשתקד'!A13,מנורה!A:G,4,0)+VLOOKUP('תפוקה מצטברת מול אשתקד'!A13,איילון!A:G,4,0)+VLOOKUP('תפוקה מצטברת מול אשתקד'!A13,הראל!A:G,4,0)+VLOOKUP('תפוקה מצטברת מול אשתקד'!A13,הפניקס!A:G,4,0)+VLOOKUP('תפוקה מצטברת מול אשתקד'!A13,כלל!A:G,4,0)+VLOOKUP('תפוקה מצטברת מול אשתקד'!A13,מור!A:G,4,0)+VLOOKUP('תפוקה מצטברת מול אשתקד'!A13,'אלטשולר שחם'!A:G,4,0)+VLOOKUP('תפוקה מצטברת מול אשתקד'!A13,'מדיהו '!A:G,4,0)+VLOOKUP('תפוקה מצטברת מול אשתקד'!A13,'אנליסט '!A:G,4,0)+VLOOKUP('תפוקה מצטברת מול אשתקד'!A13,'מיטב דש'!A:G,4,0)+VLOOKUP('תפוקה מצטברת מול אשתקד'!A13,אינפניטי!A:G,4,0) -> 15476 | I13: =VLOOKUP(A13,הכשרה!A:G,5,0)+VLOOKUP('תפוקה מצטברת מול אשתקד'!A13,מגדל!A:G,5,0)+VLOOKUP('תפוקה מצטברת מול אשתקד'!A13,מנורה!A:G,5,0)+VLOOKUP('תפוקה מצטברת מול אשתקד'!A13,איילון!A:G,5,0)+VLOOKUP('תפוקה מצטברת מול אשתקד'!A13,הראל!A:G,5,0)+VLOOKUP('תפוקה מצטברת מול אשתקד'!A13,הפניקס!A:G,5,0)+VLOOKUP('תפוקה מצטברת מול אשתקד'!A13,כלל!A:G,5,0)+VLOOKUP('תפוקה מצטברת מול אשתקד'!A13,מור!A:G,5,0)+VLOOKUP('תפוקה מצטברת מול אשתקד'!A13,'אלטשולר שחם'!A:G,5,0)+VLOOKUP('תפוקה מצטברת מול אשתקד'!A13,'מדיהו '!A:G,5,0)+VLOOKUP('תפוקה מצטברת מול אשתקד'!A13,'אנליסט '!A:G,5,0)+VLOOKUP('תפוקה מצטברת מול אשתקד'!A13,'מיטב דש'!A:G,5,0)+VLOOKUP('תפוקה מצטברת מול אשתקד'!A13,אינפניטי!A:G,5,0) -> 114675.45 | J13: =VLOOKUP(A13,הכשרה!A:G,6,0)+VLOOKUP('תפוקה מצטברת מול אשתקד'!A13,מגדל!A:G,6,0)+VLOOKUP('תפוקה מצטברת מול אשתקד'!A13,מנורה!A:G,6,0)+VLOOKUP('תפוקה מצטברת מול אשתקד'!A13,איילון!A:G,6,0)+VLOOKUP(A13,הראל!A:G,6,0)+VLOOKUP('תפוקה מצטברת מול אשתקד'!A13,הפניקס!A:G,6,0)+VLOOKUP('תפוקה מצטברת מול אשתקד'!A13,כלל!A:G,6,0)+VLOOKUP('תפוקה מצטברת מול אשתקד'!A13,מור!A:G,6,0)+VLOOKUP('תפוקה מצטברת מול אשתקד'!A13,'אלטשולר שחם'!A:G,6,0)+VLOOKUP('תפוקה מצטברת מול אשתקד'!A13,'מדיהו '!A:G,6,0)+VLOOKUP('תפוקה מצטברת מול אשתקד'!A13,'אנליסט '!A:G,6,0)+VLOOKUP('תפוקה מצטברת מול אשתקד'!A13,'מיטב דש'!A:G,6,0)+VLOOKUP('תפוקה מצטברת מול אשתקד'!A13,אינפניטי!A:G,6,0) -> 0 | K13: =VLOOKUP(A13,הכשרה!A:G,7,0)+VLOOKUP('תפוקה מצטברת מול אשתקד'!A13,מגדל!A:G,7,0)+VLOOKUP('תפוקה מצטברת מול אשתקד'!A13,מנורה!A:G,7,0)+VLOOKUP('תפוקה מצטברת מול אשתקד'!A13,איילון!A:G,7,0)+VLOOKUP('תפוקה מצטברת מול אשתקד'!A13,הראל!A:G,7,0)+VLOOKUP('תפוקה מצטברת מול אשתקד'!A13,הפניקס!A:G,7,0)+VLOOKUP('תפוקה מצטברת מול אשתקד'!A13,כלל!A:G,7,0)+VLOOKUP('תפוקה מצטברת מול אשתקד'!A13,מור!A:G,7,0)+VLOOKUP('תפוקה מצטברת מול אשתקד'!A13,'אלטשולר שחם'!A:G,7,0)+VLOOKUP('תפוקה מצטברת מול אשתקד'!A13,'מדיהו '!A:K,7,0)+VLOOKUP(A13,'אנליסט '!A:G,7,0)+VLOOKUP('תפוקה מצטברת מול אשתקד'!A13,'מיטב דש'!A:G,7,0)+VLOOKUP('תפוקה מצטברת מול אשתקד'!A13,אינפניטי!A:G,7,0) -> 0 | L13: =VLOOKUP(A13,הכשרה!A:K,8,0)+VLOOKUP('תפוקה מצטברת מול אשתקד'!A13,מגדל!A:K,8,0)+VLOOKUP('תפוקה מצטברת מול אשתקד'!A13,מנורה!A:K,8,0)+VLOOKUP('תפוקה מצטברת מול אשתקד'!A13,איילון!A:K,8,0)+VLOOKUP('תפוקה מצטברת מול אשתקד'!A13,הראל!A:K,8,0)+VLOOKUP('תפוקה מצטברת מול אשתקד'!A13,הפניקס!A:K,8,0)+VLOOKUP('תפוקה מצטברת מול אשתקד'!A13,כלל!A:K,8,0)+VLOOKUP('תפוקה מצטברת מול אשתקד'!A13,מור!A:K,8,0)+VLOOKUP('תפוקה מצטברת מול אשתקד'!A13,'אלטשולר שחם'!A:K,8,0)+VLOOKUP('תפוקה מצטברת מול אשתקד'!A13,'מדיהו '!A:K,8,0)+VLOOKUP('תפוקה מצטברת מול אשתקד'!A13,'אנליסט '!A:K,8,0)+VLOOKUP('תפוקה מצטברת מול אשתקד'!A13,'מיטב דש'!A:K,8,0)+VLOOKUP('תפוקה מצטברת מול אשתקד'!A13,אינפניטי!A:K,8,0) -> 0 | M13: =VLOOKUP(A13,הכשרה!A:K,9,0)+VLOOKUP('תפוקה מצטברת מול אשתקד'!A13,מגדל!A:K,9,0)+VLOOKUP('תפוקה מצטברת מול אשתקד'!A13,מנורה!A:K,9,0)+VLOOKUP('תפוקה מצטברת מול אשתקד'!A13,איילון!A:K,9,0)+VLOOKUP('תפוקה מצטברת מול אשתקד'!A13,הראל!A:K,9,0)+VLOOKUP('תפוקה מצטברת מול אשתקד'!A13,הפניקס!A:K,9,0)+VLOOKUP('תפוקה מצטברת מול אשתקד'!A13,כלל!A:K,9,0)+VLOOKUP('תפוקה מצטברת מול אשתקד'!A13,מור!A:K,9,0)+VLOOKUP('תפוקה מצטברת מול אשתקד'!A13,'אלטשולר שחם'!A:K,9,0)+VLOOKUP('תפוקה מצטברת מול אשתקד'!A13,'מדיהו '!A:K,9,0)+VLOOKUP('תפוקה מצטברת מול אשתקד'!A13,'אנליסט '!A:K,9,0)+VLOOKUP('תפוקה מצטברת מול אשתקד'!A13,'מיטב דש'!A:K,9,0)+VLOOKUP('תפוקה מצטברת מול אשתקד'!A13,אינפניטי!A:K,9,0) -> 201008.18 | N13: =VLOOKUP(A13,הכשרה!A:K,10,0)+VLOOKUP('תפוקה מצטברת מול אשתקד'!A13,מגדל!A:K,10,0)+VLOOKUP('תפוקה מצטברת מול אשתקד'!A13,מנורה!A:K,10,0)+VLOOKUP('תפוקה מצטברת מול אשתקד'!A13,איילון!A:K,10,0)+VLOOKUP('תפוקה מצטברת מול אשתקד'!A13,הראל!A:K,10,0)+VLOOKUP('תפוקה מצטברת מול אשתקד'!A13,הפניקס!A:K,10,0)+VLOOKUP('תפוקה מצטברת מול אשתקד'!A13,כלל!A:K,10,0)+VLOOKUP('תפוקה מצטברת מול אשתקד'!A13,מור!A:K,10,0)+VLOOKUP('תפוקה מצטברת מול אשתקד'!A13,'אלטשולר שחם'!A:K,10,0)+VLOOKUP('תפוקה מצטברת מול אשתקד'!A13,'מדיהו '!A:K,10,0)+VLOOKUP('תפוקה מצטברת מול אשתקד'!A13,'אנליסט '!A:K,10,0)+VLOOKUP('תפוקה מצטברת מול אשתקד'!A13,'מיטב דש'!A:K,10,0)+VLOOKUP('תפוקה מצטברת מול אשתקד'!A13,אינפניטי!A:K,10,0) -> 1345515.5 | O13: =VLOOKUP(A13,הכשרה!A:K,11,0)+VLOOKUP('תפוקה מצטברת מול אשתקד'!A13,מגדל!A:K,11,0)+VLOOKUP('תפוקה מצטברת מול אשתקד'!A13,מנורה!A:K,11,0)+VLOOKUP('תפוקה מצטברת מול אשתקד'!A13,איילון!A:K,11,0)+VLOOKUP('תפוקה מצטברת מול אשתקד'!A13,הראל!A:K,11,0)+VLOOKUP('תפוקה מצטברת מול אשתקד'!A13,הפניקס!A:K,11,0)+VLOOKUP('תפוקה מצטברת מול אשתקד'!A13,כלל!A:K,11,0)+VLOOKUP('תפוקה מצטברת מול אשתקד'!A13,מור!A:K,11,0)+VLOOKUP('תפוקה מצטברת מול אשתקד'!A13,'אלטשולר שחם'!A:K,11,0)+VLOOKUP('תפוקה מצטברת מול אשתקד'!A13,'מדיהו '!A:K,11,0)+VLOOKUP('תפוקה מצטברת מול אשתקד'!A13,'אנליסט '!A:K,11,0)+VLOOKUP('תפוקה מצטברת מול אשתקד'!A13,'מיטב דש'!A:K,11,0)+VLOOKUP('תפוקה מצטברת מול אשתקד'!A13,אינפניטי!A:K,11,0) -> 163124.87
A14: מקסימום סוכנות לבטוח פ | B14: יוסי אביב | C14: שותפים | D14: =IF(H14=0,0%,IF(L14=0,100%,H14/L14-1)) -> -0.57557392 | E14: =IF(I14=0,0%,IF(M14=0,100%,I14/M14-1)) -> 0.75076431 | F14: =IF(J14=0,0%,IF(N14=0,100%,J14/N14-1)) -> 0.070538148 | G14: =IF(K14=0,0%,IF(O14=H38,100%,K14/O14-1)) -> -0.76881738 | H14: =VLOOKUP(A14,הכשרה!A:G,4,0)+VLOOKUP('תפוקה מצטברת מול אשתקד'!A14,מגדל!A:G,4,0)+VLOOKUP('תפוקה מצטברת מול אשתקד'!A14,מנורה!A:G,4,0)+VLOOKUP('תפוקה מצטברת מול אשתקד'!A14,איילון!A:G,4,0)+VLOOKUP('תפוקה מצטברת מול אשתקד'!A14,הראל!A:G,4,0)+VLOOKUP('תפוקה מצטברת מול אשתקד'!A14,הפניקס!A:G,4,0)+VLOOKUP('תפוקה מצטברת מול אשתקד'!A14,כלל!A:G,4,0)+VLOOKUP('תפוקה מצטברת מול אשתקד'!A14,מור!A:G,4,0)+VLOOKUP('תפוקה מצטברת מול אשתקד'!A14,'אלטשולר שחם'!A:G,4,0)+VLOOKUP('תפוקה מצטברת מול אשתקד'!A14,'מדיהו '!A:G,4,0)+VLOOKUP('תפוקה מצטברת מול אשתקד'!A14,'אנליסט '!A:G,4,0)+VLOOKUP('תפוקה מצטברת מול אשתקד'!A14,'מיטב דש'!A:G,4,0)+VLOOKUP('תפוקה מצטברת מול אשתקד'!A14,אינפניטי!A:G,4,0) -> 168790.12 | I14: =VLOOKUP(A14,הכשרה!A:G,5,0)+VLOOKUP('תפוקה מצטברת מול אשתקד'!A14,מגדל!A:G,5,0)+VLOOKUP('תפוקה מצטברת מול אשתקד'!A14,מנורה!A:G,5,0)+VLOOKUP('תפוקה מצטברת מול אשתקד'!A14,איילון!A:G,5,0)+VLOOKUP('תפוקה מצטברת מול אשתקד'!A14,הראל!A:G,5,0)+VLOOKUP('תפוקה מצטברת מול אשתקד'!A14,הפניקס!A:G,5,0)+VLOOKUP('תפוקה מצטברת מול אשתקד'!A14,כלל!A:G,5,0)+VLOOKUP('תפוקה מצטברת מול אשתקד'!A14,מור!A:G,5,0)+VLOOKUP('תפוקה מצטברת מול אשתקד'!A14,'אלטשולר שחם'!A:G,5,0)+VLOOKUP('תפוקה מצטברת מול אשתקד'!A14,'מדיהו '!A:G,5,0)+VLOOKUP('תפוקה מצטברת מול אשתקד'!A14,'אנליסט '!A:G,5,0)+VLOOKUP('תפוקה מצטברת מול אשתקד'!A14,'מיטב דש'!A:G,5,0)+VLOOKUP('תפוקה מצטברת מול אשתקד'!A14,אינפניטי!A:G,5,0) -> 28714.45 | J14: =VLOOKUP(A14,הכשרה!A:G,6,0)+VLOOKUP('תפוקה מצטברת מול אשתקד'!A14,מגדל!A:G,6,0)+VLOOKUP('תפוקה מצטברת מול אשתקד'!A14,מנורה!A:G,6,0)+VLOOKUP('תפוקה מצטברת מול אשתקד'!A14,איילון!A:G,6,0)+VLOOKUP(A14,הראל!A:G,6,0)+VLOOKUP('תפוקה מצטברת מול אשתקד'!A14,הפניקס!A:G,6,0)+VLOOKUP('תפוקה מצטברת מול אשתקד'!A14,כלל!A:G,6,0)+VLOOKUP('תפוקה מצטברת מול אשתקד'!A14,מור!A:G,6,0)+VLOOKUP('תפוקה מצטברת מול אשתקד'!A14,'אלטשולר שחם'!A:G,6,0)+VLOOKUP('תפוקה מצטברת מול אשתקד'!A14,'מדיהו '!A:G,6,0)+VLOOKUP('תפוקה מצטברת מול אשתקד'!A14,'אנליסט '!A:G,6,0)+VLOOKUP('תפוקה מצטברת מול אשתקד'!A14,'מיטב דש'!A:G,6,0)+VLOOKUP('תפוקה מצטברת מול אשתקד'!A14,אינפניטי!A:G,6,0) -> 1173215.8 | K14: =VLOOKUP(A14,הכשרה!A:G,7,0)+VLOOKUP('תפוקה מצטברת מול אשתקד'!A14,מגדל!A:G,7,0)+VLOOKUP('תפוקה מצטברת מול אשתקד'!A14,מנורה!A:G,7,0)+VLOOKUP('תפוקה מצטברת מול אשתקד'!A14,איילון!A:G,7,0)+VLOOKUP('תפוקה מצטברת מול אשתקד'!A14,הראל!A:G,7,0)+VLOOKUP('תפוקה מצטברת מול אשתקד'!A14,הפניקס!A:G,7,0)+VLOOKUP('תפוקה מצטברת מול אשתקד'!A14,כלל!A:G,7,0)+VLOOKUP('תפוקה מצטברת מול אשתקד'!A14,מור!A:G,7,0)+VLOOKUP('תפוקה מצטברת מול אשתקד'!A14,'אלטשולר שחם'!A:G,7,0)+VLOOKUP('תפוקה מצטברת מול אשתקד'!A14,'מדיהו '!A:K,7,0)+VLOOKUP(A14,'אנליסט '!A:G,7,0)+VLOOKUP('תפוקה מצטברת מול אשתקד'!A14,'מיטב דש'!A:G,7,0)+VLOOKUP('תפוקה מצטברת מול אשתקד'!A14,אינפניטי!A:G,7,0) -> 868965.5 | L14: =VLOOKUP(A14,הכשרה!A:K,8,0)+VLOOKUP('תפוקה מצטברת מול אשתקד'!A14,מגדל!A:K,8,0)+VLOOKUP('תפוקה מצטברת מול אשתקד'!A14,מנורה!A:K,8,0)+VLOOKUP('תפוקה מצטברת מול אשתקד'!A14,איילון!A:K,8,0)+VLOOKUP('תפוקה מצטברת מול אשתקד'!A14,הראל!A:K,8,0)+VLOOKUP('תפוקה מצטברת מול אשתקד'!A14,הפניקס!A:K,8,0)+VLOOKUP('תפוקה מצטברת מול אשתקד'!A14,כלל!A:K,8,0)+VLOOKUP('תפוקה מצטברת מול אשתקד'!A14,מור!A:K,8,0)+VLOOKUP('תפוקה מצטברת מול אשתקד'!A14,'אלטשולר שחם'!A:K,8,0)+VLOOKUP('תפוקה מצטברת מול אשתקד'!A14,'מדיהו '!A:K,8,0)+VLOOKUP('תפוקה מצטברת מול אשתקד'!A14,'אנליסט '!A:K,8,0)+VLOOKUP('תפוקה מצטברת מול אשתקד'!A14,'מיטב דש'!A:K,8,0)+VLOOKUP('תפוקה מצטברת מול אשתקד'!A14,אינפניטי!A:K,8,0) -> 397690.26 | M14: =VLOOKUP(A14,הכשרה!A:K,9,0)+VLOOKUP('תפוקה מצטברת מול אשתקד'!A14,מגדל!A:K,9,0)+VLOOKUP('תפוקה מצטברת מול אשתקד'!A14,מנורה!A:K,9,0)+VLOOKUP('תפוקה מצטברת מול אשתקד'!A14,איילון!A:K,9,0)+VLOOKUP('תפוקה מצטברת מול אשתקד'!A14,הראל!A:K,9,0)+VLOOKUP('תפוקה מצטברת מול אשתקד'!A14,הפניקס!A:K,9,0)+VLOOKUP('תפוקה מצטברת מול אשתקד'!A14,כלל!A:K,9,0)+VLOOKUP('תפוקה מצטברת מול אשתקד'!A14,מור!A:K,9,0)+VLOOKUP('תפוקה מצטברת מול אשתקד'!A14,'אלטשולר שחם'!A:K,9,0)+VLOOKUP('תפוקה מצטברת מול אשתקד'!A14,'מדיהו '!A:K,9,0)+VLOOKUP('תפוקה מצטברת מול אשתקד'!A14,'אנליסט '!A:K,9,0)+VLOOKUP('תפוקה מצטברת מול אשתקד'!A14,'מיטב דש'!A:K,9,0)+VLOOKUP('תפוקה מצטברת מול אשתקד'!A14,אינפניטי!A:K,9,0) -> 16401.094 | N14: =VLOOKUP(A14,הכשרה!A:K,10,0)+VLOOKUP('תפוקה מצטברת מול אשתקד'!A14,מגדל!A:K,10,0)+VLOOKUP('תפוקה מצטברת מול אשתקד'!A14,מנורה!A:K,10,0)+VLOOKUP('תפוקה מצטברת מול אשתקד'!A14,איילון!A:K,10,0)+VLOOKUP('תפוקה מצטברת מול אשתקד'!A14,הראל!A:K,10,0)+VLOOKUP('תפוקה מצטברת מול אשתקד'!A14,הפניקס!A:K,10,0)+VLOOKUP('תפוקה מצטברת מול אשתקד'!A14,כלל!A:K,10,0)+VLOOKUP('תפוקה מצטברת מול אשתקד'!A14,מור!A:K,10,0)+VLOOKUP('תפוקה מצטברת מול אשתקד'!A14,'אלטשולר שחם'!A:K,10,0)+VLOOKUP('תפוקה מצטברת מול אשתקד'!A14,'מדיהו '!A:K,10,0)+VLOOKUP('תפוקה מצטברת מול אשתקד'!A14,'אנליסט '!A:K,10,0)+VLOOKUP('תפוקה מצטברת מול אשתקד'!A14,'מיטב דש'!A:K,10,0)+VLOOKUP('תפוקה מצטברת מול אשתקד'!A14,אינפניטי!A:K,10,0) -> 1095912.1 | O14: =VLOOKUP(A14,הכשרה!A:K,11,0)+VLOOKUP('תפוקה מצטברת מול אשתקד'!A14,מגדל!A:K,11,0)+VLOOKUP('תפוקה מצטברת מול אשתקד'!A14,מנורה!A:K,11,0)+VLOOKUP('תפוקה מצטברת מול אשתקד'!A14,איילון!A:K,11,0)+VLOOKUP('תפוקה מצטברת מול אשתקד'!A14,הראל!A:K,11,0)+VLOOKUP('תפוקה מצטברת מול אשתקד'!A14,הפניקס!A:K,11,0)+VLOOKUP('תפוקה מצטברת מול אשתקד'!A14,כלל!A:K,11,0)+VLOOKUP('תפוקה מצטברת מול אשתקד'!A14,מור!A:K,11,0)+VLOOKUP('תפוקה מצטברת מול אשתקד'!A14,'אלטשולר שחם'!A:K,11,0)+VLOOKUP('תפוקה מצטברת מול אשתקד'!A14,'מדיהו '!A:K,11,0)+VLOOKUP('תפוקה מצטברת מול אשתקד'!A14,'אנליסט '!A:K,11,0)+VLOOKUP('תפוקה מצטברת מול אשתקד'!A14,'מיטב דש'!A:K,11,0)+VLOOKUP('תפוקה מצטברת מול אשתקד'!A14,אינפניטי!A:K,11,0) -> 3758783.8
A15: א.ד. אבידן ביטוחים בע"מ | B15: יוסי אביב | C15: שותפים | D15: =IF(H15=0,0%,IF(L15=0,100%,H15/L15-1)) -> 0 | E15: =IF(I15=0,0%,IF(M15=0,100%,I15/M15-1)) -> 0 | F15: =IF(J15=0,0%,IF(N15=0,100%,J15/N15-1)) -> 1 | G15: =IF(K15=0,0%,IF(O15=H39,100%,K15/O15-1)) -> 0 | H15: =VLOOKUP(A15,הכשרה!A:G,4,0)+VLOOKUP('תפוקה מצטברת מול אשתקד'!A15,מגדל!A:G,4,0)+VLOOKUP('תפוקה מצטברת מול אשתקד'!A15,מנורה!A:G,4,0)+VLOOKUP('תפוקה מצטברת מול אשתקד'!A15,איילון!A:G,4,0)+VLOOKUP('תפוקה מצטברת מול אשתקד'!A15,הראל!A:G,4,0)+VLOOKUP('תפוקה מצטברת מול אשתקד'!A15,הפניקס!A:G,4,0)+VLOOKUP('תפוקה מצטברת מול אשתקד'!A15,כלל!A:G,4,0)+VLOOKUP('תפוקה מצטברת מול אשתקד'!A15,מור!A:G,4,0)+VLOOKUP('תפוקה מצטברת מול אשתקד'!A15,'אלטשולר שחם'!A:G,4,0)+VLOOKUP('תפוקה מצטברת מול אשתקד'!A15,'מדיהו '!A:G,4,0)+VLOOKUP('תפוקה מצטברת מול אשתקד'!A15,'אנליסט '!A:G,4,0)+VLOOKUP('תפוקה מצטברת מול אשתקד'!A15,'מיטב דש'!A:G,4,0)+VLOOKUP('תפוקה מצטברת מול אשתקד'!A15,אינפניטי!A:G,4,0) -> 0 | I15: =VLOOKUP(A15,הכשרה!A:G,5,0)+VLOOKUP('תפוקה מצטברת מול אשתקד'!A15,מגדל!A:G,5,0)+VLOOKUP('תפוקה מצטברת מול אשתקד'!A15,מנורה!A:G,5,0)+VLOOKUP('תפוקה מצטברת מול אשתקד'!A15,איילון!A:G,5,0)+VLOOKUP('תפוקה מצטברת מול אשתקד'!A15,הראל!A:G,5,0)+VLOOKUP('תפוקה מצטברת מול אשתקד'!A15,הפניקס!A:G,5,0)+VLOOKUP('תפוקה מצטברת מול אשתקד'!A15,כלל!A:G,5,0)+VLOOKUP('תפוקה מצטברת מול אשתקד'!A15,מור!A:G,5,0)+VLOOKUP('תפוקה מצטברת מול אשתקד'!A15,'אלטשולר שחם'!A:G,5,0)+VLOOKUP('תפוקה מצטברת מול אשתקד'!A15,'מדיהו '!A:G,5,0)+VLOOKUP('תפוקה מצטברת מול אשתקד'!A15,'אנליסט '!A:G,5,0)+VLOOKUP('תפוקה מצטברת מול אשתקד'!A15,'מיטב דש'!A:G,5,0)+VLOOKUP('תפוקה מצטברת מול אשתקד'!A15,אינפניטי!A:G,5,0) -> 0 | J15: =VLOOKUP(A15,הכשרה!A:G,6,0)+VLOOKUP('תפוקה מצטברת מול אשתקד'!A15,מגדל!A:G,6,0)+VLOOKUP('תפוקה מצטברת מול אשתקד'!A15,מנורה!A:G,6,0)+VLOOKUP('תפוקה מצטברת מול אשתקד'!A15,איילון!A:G,6,0)+VLOOKUP(A15,הראל!A:G,6,0)+VLOOKUP('תפוקה מצטברת מול אשתקד'!A15,הפניקס!A:G,6,0)+VLOOKUP('תפוקה מצטברת מול אשתקד'!A15,כלל!A:G,6,0)+VLOOKUP('תפוקה מצטברת מול אשתקד'!A15,מור!A:G,6,0)+VLOOKUP('תפוקה מצטברת מול אשתקד'!A15,'אלטשולר שחם'!A:G,6,0)+VLOOKUP('תפוקה מצטברת מול אשתקד'!A15,'מדיהו '!A:G,6,0)+VLOOKUP('תפוקה מצטברת מול אשתקד'!A15,'אנליסט '!A:G,6,0)+VLOOKUP('תפוקה מצטברת מול אשתקד'!A15,'מיטב דש'!A:G,6,0)+VLOOKUP('תפוקה מצטברת מול אשתקד'!A15,אינפניטי!A:G,6,0) -> 218691.22 | K15: =VLOOKUP(A15,הכשרה!A:G,7,0)+VLOOKUP('תפוקה מצטברת מול אשתקד'!A15,מגדל!A:G,7,0)+VLOOKUP('תפוקה מצטברת מול אשתקד'!A15,מנורה!A:G,7,0)+VLOOKUP('תפוקה מצטברת מול אשתקד'!A15,איילון!A:G,7,0)+VLOOKUP('תפוקה מצטברת מול אשתקד'!A15,הראל!A:G,7,0)+VLOOKUP('תפוקה מצטברת מול אשתקד'!A15,הפניקס!A:G,7,0)+VLOOKUP('תפוקה מצטברת מול אשתקד'!A15,כלל!A:G,7,0)+VLOOKUP('תפוקה מצטברת מול אשתקד'!A15,מור!A:G,7,0)+VLOOKUP('תפוקה מצטברת מול אשתקד'!A15,'אלטשולר שחם'!A:G,7,0)+VLOOKUP('תפוקה מצטברת מול אשתקד'!A15,'מדיהו '!A:K,7,0)+VLOOKUP(A15,'אנליסט '!A:G,7,0)+VLOOKUP('תפוקה מצטברת מול אשתקד'!A15,'מיטב דש'!A:G,7,0)+VLOOKUP('תפוקה מצטברת מול אשתקד'!A15,אינפניטי!A:G,7,0) -> 0 | L15: =VLOOKUP(A15,הכשרה!A:K,8,0)+VLOOKUP('תפוקה מצטברת מול אשתקד'!A15,מגדל!A:K,8,0)+VLOOKUP('תפוקה מצטברת מול אשתקד'!A15,מנורה!A:K,8,0)+VLOOKUP('תפוקה מצטברת מול אשתקד'!A15,איילון!A:K,8,0)+VLOOKUP('תפוקה מצטברת מול אשתקד'!A15,הראל!A:K,8,0)+VLOOKUP('תפוקה מצטברת מול אשתקד'!A15,הפניקס!A:K,8,0)+VLOOKUP('תפוקה מצטברת מול אשתקד'!A15,כלל!A:K,8,0)+VLOOKUP('תפוקה מצטברת מול אשתקד'!A15,מור!A:K,8,0)+VLOOKUP('תפוקה מצטברת מול אשתקד'!A15,'אלטשולר שחם'!A:K,8,0)+VLOOKUP('תפוקה מצטברת מול אשתקד'!A15,'מדיהו '!A:K,8,0)+VLOOKUP('תפוקה מצטברת מול אשתקד'!A15,'אנליסט '!A:K,8,0)+VLOOKUP('תפוקה מצטברת מול אשתקד'!A15,'מיטב דש'!A:K,8,0)+VLOOKUP('תפוקה מצטברת מול אשתקד'!A15,אינפניטי!A:K,8,0) -> 38086.79 | M15: =VLOOKUP(A15,הכשרה!A:K,9,0)+VLOOKUP('תפוקה מצטברת מול אשתקד'!A15,מגדל!A:K,9,0)+VLOOKUP('תפוקה מצטברת מול אשתקד'!A15,מנורה!A:K,9,0)+VLOOKUP('תפוקה מצטברת מול אשתקד'!A15,איילון!A:K,9,0)+VLOOKUP('תפוקה מצטברת מול אשתקד'!A15,הראל!A:K,9,0)+VLOOKUP('תפוקה מצטברת מול אשתקד'!A15,הפניקס!A:K,9,0)+VLOOKUP('תפוקה מצטברת מול אשתקד'!A15,כלל!A:K,9,0)+VLOOKUP('תפוקה מצטברת מול אשתקד'!A15,מור!A:K,9,0)+VLOOKUP('תפוקה מצטברת מול אשתקד'!A15,'אלטשולר שחם'!A:K,9,0)+VLOOKUP('תפוקה מצטברת מול אשתקד'!A15,'מדיהו '!A:K,9,0)+VLOOKUP('תפוקה מצטברת מול אשתקד'!A15,'אנליסט '!A:K,9,0)+VLOOKUP('תפוקה מצטברת מול אשתקד'!A15,'מיטב דש'!A:K,9,0)+VLOOKUP('תפוקה מצטברת מול אשתקד'!A15,אינפניטי!A:K,9,0) -> 0 | N15: =VLOOKUP(A15,הכשרה!A:K,10,0)+VLOOKUP('תפוקה מצטברת מול אשתקד'!A15,מגדל!A:K,10,0)+VLOOKUP('תפוקה מצטברת מול אשתקד'!A15,מנורה!A:K,10,0)+VLOOKUP('תפוקה מצטברת מול אשתקד'!A15,איילון!A:K,10,0)+VLOOKUP('תפוקה מצטברת מול אשתקד'!A15,הראל!A:K,10,0)+VLOOKUP('תפוקה מצטברת מול אשתקד'!A15,הפניקס!A:K,10,0)+VLOOKUP('תפוקה מצטברת מול אשתקד'!A15,כלל!A:K,10,0)+VLOOKUP('תפוקה מצטברת מול אשתקד'!A15,מור!A:K,10,0)+VLOOKUP('תפוקה מצטברת מול אשתקד'!A15,'אלטשולר שחם'!A:K,10,0)+VLOOKUP('תפוקה מצטברת מול אשתקד'!A15,'מדיהו '!A:K,10,0)+VLOOKUP('תפוקה מצטברת מול אשתקד'!A15,'אנליסט '!A:K,10,0)+VLOOKUP('תפוקה מצטברת מול אשתקד'!A15,'מיטב דש'!A:K,10,0)+VLOOKUP('תפוקה מצטברת מול אשתקד'!A15,אינפניטי!A:K,10,0) -> 0 | O15: =VLOOKUP(A15,הכשרה!A:K,11,0)+VLOOKUP('תפוקה מצטברת מול אשתקד'!A15,מגדל!A:K,11,0)+VLOOKUP('תפוקה מצטברת מול אשתקד'!A15,מנורה!A:K,11,0)+VLOOKUP('תפוקה מצטברת מול אשתקד'!A15,איילון!A:K,11,0)+VLOOKUP('תפוקה מצטברת מול אשתקד'!A15,הראל!A:K,11,0)+VLOOKUP('תפוקה מצטברת מול אשתקד'!A15,הפניקס!A:K,11,0)+VLOOKUP('תפוקה מצטברת מול אשתקד'!A15,כלל!A:K,11,0)+VLOOKUP('תפוקה מצטברת מול אשתקד'!A15,מור!A:K,11,0)+VLOOKUP('תפוקה מצטברת מול אשתקד'!A15,'אלטשולר שחם'!A:K,11,0)+VLOOKUP('תפוקה מצטברת מול אשתקד'!A15,'מדיהו '!A:K,11,0)+VLOOKUP('תפוקה מצטברת מול אשתקד'!A15,'אנליסט '!A:K,11,0)+VLOOKUP('תפוקה מצטברת מול אשתקד'!A15,'מיטב דש'!A:K,11,0)+VLOOKUP('תפוקה מצטברת מול אשתקד'!A15,אינפניטי!A:K,11,0) -> 1145.165
A16: גל אלמגור -ראם | B16: יוסי אביב | C16: שותפים | D16: =IF(H16=0,0%,IF(L16=0,100%,H16/L16-1)) -> 0.71441669 | E16: =IF(I16=0,0%,IF(M16=0,100%,I16/M16-1)) -> 1.0090198 | F16: =IF(J16=0,0%,IF(N16=0,100%,J16/N16-1)) -> 0 | G16: =IF(K16=0,0%,IF(O16=H40,100%,K16/O16-1)) -> 67.819262 | H16: =VLOOKUP(A16,הכשרה!A:G,4,0)+VLOOKUP('תפוקה מצטברת מול אשתקד'!A16,מגדל!A:G,4,0)+VLOOKUP('תפוקה מצטברת מול אשתקד'!A16,מנורה!A:G,4,0)+VLOOKUP('תפוקה מצטברת מול אשתקד'!A16,איילון!A:G,4,0)+VLOOKUP('תפוקה מצטברת מול אשתקד'!A16,הראל!A:G,4,0)+VLOOKUP('תפוקה מצטברת מול אשתקד'!A16,הפניקס!A:G,4,0)+VLOOKUP('תפוקה מצטברת מול אשתקד'!A16,כלל!A:G,4,0)+VLOOKUP('תפוקה מצטברת מול אשתקד'!A16,מור!A:G,4,0)+VLOOKUP('תפוקה מצטברת מול אשתקד'!A16,'אלטשולר שחם'!A:G,4,0)+VLOOKUP('תפוקה מצטברת מול אשתקד'!A16,'מדיהו '!A:G,4,0)+VLOOKUP('תפוקה מצטברת מול אשתקד'!A16,'אנליסט '!A:G,4,0)+VLOOKUP('תפוקה מצטברת מול אשתקד'!A16,'מיטב דש'!A:G,4,0)+VLOOKUP('תפוקה מצטברת מול אשתקד'!A16,אינפניטי!A:G,4,0) -> 90775.79 | I16: =VLOOKUP(A16,הכשרה!A:G,5,0)+VLOOKUP('תפוקה מצטברת מול אשתקד'!A16,מגדל!A:G,5,0)+VLOOKUP('תפוקה מצטברת מול אשתקד'!A16,מנורה!A:G,5,0)+VLOOKUP('תפוקה מצטברת מול אשתקד'!A16,איילון!A:G,5,0)+VLOOKUP('תפוקה מצטברת מול אשתקד'!A16,הראל!A:G,5,0)+VLOOKUP('תפוקה מצטברת מול אשתקד'!A16,הפניקס!A:G,5,0)+VLOOKUP('תפוקה מצטברת מול אשתקד'!A16,כלל!A:G,5,0)+VLOOKUP('תפוקה מצטברת מול אשתקד'!A16,מור!A:G,5,0)+VLOOKUP('תפוקה מצטברת מול אשתקד'!A16,'אלטשולר שחם'!A:G,5,0)+VLOOKUP('תפוקה מצטברת מול אשתקד'!A16,'מדיהו '!A:G,5,0)+VLOOKUP('תפוקה מצטברת מול אשתקד'!A16,'אנליסט '!A:G,5,0)+VLOOKUP('תפוקה מצטברת מול אשתקד'!A16,'מיטב דש'!A:G,5,0)+VLOOKUP('תפוקה מצטברת מול אשתקד'!A16,אינפניטי!A:G,5,0) -> 35219.478 | J16: =VLOOKUP(A16,הכשרה!A:G,6,0)+VLOOKUP('תפוקה מצטברת מול אשתקד'!A16,מגדל!A:G,6,0)+VLOOKUP('תפוקה מצטברת מול אשתקד'!A16,מנורה!A:G,6,0)+VLOOKUP('תפוקה מצטברת מול אשתקד'!A16,איילון!A:G,6,0)+VLOOKUP(A16,הראל!A:G,6,0)+VLOOKUP('תפוקה מצטברת מול אשתקד'!A16,הפניקס!A:G,6,0)+VLOOKUP('תפוקה מצטברת מול אשתקד'!A16,כלל!A:G,6,0)+VLOOKUP('תפוקה מצטברת מול אשתקד'!A16,מור!A:G,6,0)+VLOOKUP('תפוקה מצטברת מול אשתקד'!A16,'אלטשולר שחם'!A:G,6,0)+VLOOKUP('תפוקה מצטברת מול אשתקד'!A16,'מדיהו '!A:G,6,0)+VLOOKUP('תפוקה מצטברת מול אשתקד'!A16,'אנליסט '!A:G,6,0)+VLOOKUP('תפוקה מצטברת מול אשתקד'!A16,'מיטב דש'!A:G,6,0)+VLOOKUP('תפוקה מצטברת מול אשתקד'!A16,אינפניטי!A:G,6,0) -> 0 | K16: =VLOOKUP(A16,הכשרה!A:G,7,0)+VLOOKUP('תפוקה מצטברת מול אשתקד'!A16,מגדל!A:G,7,0)+VLOOKUP('תפוקה מצטברת מול אשתקד'!A16,מנורה!A:G,7,0)+VLOOKUP('תפוקה מצטברת מול אשתקד'!A16,איילון!A:G,7,0)+VLOOKUP('תפוקה מצטברת מול אשתקד'!A16,הראל!A:G,7,0)+VLOOKUP('תפוקה מצטברת מול אשתקד'!A16,הפניקס!A:G,7,0)+VLOOKUP('תפוקה מצטברת מול אשתקד'!A16,כלל!A:G,7,0)+VLOOKUP('תפוקה מצטברת מול אשתקד'!A16,מור!A:G,7,0)+VLOOKUP('תפוקה מצטברת מול אשתקד'!A16,'אלטשולר שחם'!A:G,7,0)+VLOOKUP('תפוקה מצטברת מול אשתקד'!A16,'מדיהו '!A:K,7,0)+VLOOKUP(A16,'אנליסט '!A:G,7,0)+VLOOKUP('תפוקה מצטברת מול אשתקד'!A16,'מיטב דש'!A:G,7,0)+VLOOKUP('תפוקה מצטברת מול אשתקד'!A16,אינפניטי!A:G,7,0) -> 103548.56 | L16: =VLOOKUP(A16,הכשרה!A:K,8,0)+VLOOKUP('תפוקה מצטברת מול אשתקד'!A16,מגדל!A:K,8,0)+VLOOKUP('תפוקה מצטברת מול אשתקד'!A16,מנורה!A:K,8,0)+VLOOKUP('תפוקה מצטברת מול אשתקד'!A16,איילון!A:K,8,0)+VLOOKUP('תפוקה מצטברת מול אשתקד'!A16,הראל!A:K,8,0)+VLOOKUP('תפוקה מצטברת מול אשתקד'!A16,הפניקס!A:K,8,0)+VLOOKUP('תפוקה מצטברת מול אשתקד'!A16,כלל!A:K,8,0)+VLOOKUP('תפוקה מצטברת מול אשתקד'!A16,מור!A:K,8,0)+VLOOKUP('תפוקה מצטברת מול אשתקד'!A16,'אלטשולר שחם'!A:K,8,0)+VLOOKUP('תפוקה מצטברת מול אשתקד'!A16,'מדיהו '!A:K,8,0)+VLOOKUP('תפוקה מצטברת מול אשתקד'!A16,'אנליסט '!A:K,8,0)+VLOOKUP('תפוקה מצטברת מול אשתקד'!A16,'מיטב דש'!A:K,8,0)+VLOOKUP('תפוקה מצטברת מול אשתקד'!A16,אינפניטי!A:K,8,0) -> 52948.499 | M16: =VLOOKUP(A16,הכשרה!A:K,9,0)+VLOOKUP('תפוקה מצטברת מול אשתקד'!A16,מגדל!A:K,9,0)+VLOOKUP('תפוקה מצטברת מול אשתקד'!A16,מנורה!A:K,9,0)+VLOOKUP('תפוקה מצטברת מול אשתקד'!A16,איילון!A:K,9,0)+VLOOKUP('תפוקה מצטברת מול אשתקד'!A16,הראל!A:K,9,0)+VLOOKUP('תפוקה מצטברת מול אשתקד'!A16,הפניקס!A:K,9,0)+VLOOKUP('תפוקה מצטברת מול אשתקד'!A16,כלל!A:K,9,0)+VLOOKUP('תפוקה מצטברת מול אשתקד'!A16,מור!A:K,9,0)+VLOOKUP('תפוקה מצטברת מול אשתקד'!A16,'אלטשולר שחם'!A:K,9,0)+VLOOKUP('תפוקה מצטברת מול אשתקד'!A16,'מדיהו '!A:K,9,0)+VLOOKUP('תפוקה מצטברת מול אשתקד'!A16,'אנליסט '!A:K,9,0)+VLOOKUP('תפוקה מצטברת מול אשתקד'!A16,'מיטב דש'!A:K,9,0)+VLOOKUP('תפוקה מצטברת מול אשתקד'!A16,אינפניטי!A:K,9,0) -> 17530.677 | N16: =VLOOKUP(A16,הכשרה!A:K,10,0)+VLOOKUP('תפוקה מצטברת מול אשתקד'!A16,מגדל!A:K,10,0)+VLOOKUP('תפוקה מצטברת מול אשתקד'!A16,מנורה!A:K,10,0)+VLOOKUP('תפוקה מצטברת מול אשתקד'!A16,איילון!A:K,10,0)+VLOOKUP('תפוקה מצטברת מול אשתקד'!A16,הראל!A:K,10,0)+VLOOKUP('תפוקה מצטברת מול אשתקד'!A16,הפניקס!A:K,10,0)+VLOOKUP('תפוקה מצטברת מול אשתקד'!A16,כלל!A:K,10,0)+VLOOKUP('תפוקה מצטברת מול אשתקד'!A16,מור!A:K,10,0)+VLOOKUP('תפוקה מצטברת מול אשתקד'!A16,'אלטשולר שחם'!A:K,10,0)+VLOOKUP('תפוקה מצטברת מול אשתקד'!A16,'מדיהו '!A:K,10,0)+VLOOKUP('תפוקה מצטברת מול אשתקד'!A16,'אנליסט '!A:K,10,0)+VLOOKUP('תפוקה מצטברת מול אשתקד'!A16,'מיטב דש'!A:K,10,0)+VLOOKUP('תפוקה מצטברת מול אשתקד'!A16,אינפניטי!A:K,10,0) -> 0 | O16: =VLOOKUP(A16,הכשרה!A:K,11,0)+VLOOKUP('תפוקה מצטברת מול אשתקד'!A16,מגדל!A:K,11,0)+VLOOKUP('תפוקה מצטברת מול אשתקד'!A16,מנורה!A:K,11,0)+VLOOKUP('תפוקה מצטברת מול אשתקד'!A16,איילון!A:K,11,0)+VLOOKUP('תפוקה מצטברת מול אשתקד'!A16,הראל!A:K,11,0)+VLOOKUP('תפוקה מצטברת מול אשתקד'!A16,הפניקס!A:K,11,0)+VLOOKUP('תפוקה מצטברת מול אשתקד'!A16,כלל!A:K,11,0)+VLOOKUP('תפוקה מצטברת מול אשתקד'!A16,מור!A:K,11,0)+VLOOKUP('תפוקה מצטברת מול אשתקד'!A16,'אלטשולר שחם'!A:K,11,0)+VLOOKUP('תפוקה מצטברת מול אשתקד'!A16,'מדיהו '!A:K,11,0)+VLOOKUP('תפוקה מצטברת מול אשתקד'!A16,'אנליסט '!A:K,11,0)+VLOOKUP('תפוקה מצטברת מול אשתקד'!A16,'מיטב דש'!A:K,11,0)+VLOOKUP('תפוקה מצטברת מול אשתקד'!A16,אינפניטי!A:K,11,0) -> 1504.645
A17: אלרם סוכנות לביטוח | B17: יוסי אביב | C17: שותפים | D17: =IF(H17=0,0%,IF(L17=0,100%,H17/L17-1)) -> 0.26819264 | E17: =IF(I17=0,0%,IF(M17=0,100%,I17/M17-1)) -> 1.3306376 | F17: =IF(J17=0,0%,IF(N17=0,100%,J17/N17-1)) -> -0.45829995 | G17: =IF(K17=0,0%,IF(O17=H41,100%,K17/O17-1)) -> -0.53554329 | H17: =VLOOKUP(A17,הכשרה!A:G,4,0)+VLOOKUP('תפוקה מצטברת מול אשתקד'!A17,מגדל!A:G,4,0)+VLOOKUP('תפוקה מצטברת מול אשתקד'!A17,מנורה!A:G,4,0)+VLOOKUP('תפוקה מצטברת מול אשתקד'!A17,איילון!A:G,4,0)+VLOOKUP('תפוקה מצטברת מול אשתקד'!A17,הראל!A:G,4,0)+VLOOKUP('תפוקה מצטברת מול אשתקד'!A17,הפניקס!A:G,4,0)+VLOOKUP('תפוקה מצטברת מול אשתקד'!A17,כלל!A:G,4,0)+VLOOKUP('תפוקה מצטברת מול אשתקד'!A17,מור!A:G,4,0)+VLOOKUP('תפוקה מצטברת מול אשתקד'!A17,'אלטשולר שחם'!A:G,4,0)+VLOOKUP('תפוקה מצטברת מול אשתקד'!A17,'מדיהו '!A:G,4,0)+VLOOKUP('תפוקה מצטברת מול אשתקד'!A17,'אנליסט '!A:G,4,0)+VLOOKUP('תפוקה מצטברת מול אשתקד'!A17,'מיטב דש'!A:G,4,0)+VLOOKUP('תפוקה מצטברת מול אשתקד'!A17,אינפניטי!A:G,4,0) -> 423558.53 | I17: =VLOOKUP(A17,הכשרה!A:G,5,0)+VLOOKUP('תפוקה מצטברת מול אשתקד'!A17,מגדל!A:G,5,0)+VLOOKUP('תפוקה מצטברת מול אשתקד'!A17,מנורה!A:G,5,0)+VLOOKUP('תפוקה מצטברת מול אשתקד'!A17,איילון!A:G,5,0)+VLOOKUP('תפוקה מצטברת מול אשתקד'!A17,הראל!A:G,5,0)+VLOOKUP('תפוקה מצטברת מול אשתקד'!A17,הפניקס!A:G,5,0)+VLOOKUP('תפוקה מצטברת מול אשתקד'!A17,כלל!A:G,5,0)+VLOOKUP('תפוקה מצטברת מול אשתקד'!A17,מור!A:G,5,0)+VLOOKUP('תפוקה מצטברת מול אשתקד'!A17,'אלטשולר שחם'!A:G,5,0)+VLOOKUP('תפוקה מצטברת מול אשתקד'!A17,'מדיהו '!A:G,5,0)+VLOOKUP('תפוקה מצטברת מול אשתקד'!A17,'אנליסט '!A:G,5,0)+VLOOKUP('תפוקה מצטברת מול אשתקד'!A17,'מיטב דש'!A:G,5,0)+VLOOKUP('תפוקה מצטברת מול אשתקד'!A17,אינפניטי!A:G,5,0) -> 205096.36 | J17: =VLOOKUP(A17,הכשרה!A:G,6,0)+VLOOKUP('תפוקה מצטברת מול אשתקד'!A17,מגדל!A:G,6,0)+VLOOKUP('תפוקה מצטברת מול אשתקד'!A17,מנורה!A:G,6,0)+VLOOKUP('תפוקה מצטברת מול אשתקד'!A17,איילון!A:G,6,0)+VLOOKUP(A17,הראל!A:G,6,0)+VLOOKUP('תפוקה מצטברת מול אשתקד'!A17,הפניקס!A:G,6,0)+VLOOKUP('תפוקה מצטברת מול אשתקד'!A17,כלל!A:G,6,0)+VLOOKUP('תפוקה מצטברת מול אשתקד'!A17,מור!A:G,6,0)+VLOOKUP('תפוקה מצטברת מול אשתקד'!A17,'אלטשולר שחם'!A:G,6,0)+VLOOKUP('תפוקה מצטברת מול אשתקד'!A17,'מדיהו '!A:G,6,0)+VLOOKUP('תפוקה מצטברת מול אשתקד'!A17,'אנליסט '!A:G,6,0)+VLOOKUP('תפוקה מצטברת מול אשתקד'!A17,'מיטב דש'!A:G,6,0)+VLOOKUP('תפוקה מצטברת מול אשתקד'!A17,אינפניטי!A:G,6,0) -> 2785641.3 | K17: =VLOOKUP(A17,הכשרה!A:G,7,0)+VLOOKUP('תפוקה מצטברת מול אשתקד'!A17,מגדל!A:G,7,0)+VLOOKUP('תפוקה מצטברת מול אשתקד'!A17,מנורה!A:G,7,0)+VLOOKUP('תפוקה מצטברת מול אשתקד'!A17,איילון!A:G,7,0)+VLOOKUP('תפוקה מצטברת מול אשתקד'!A17,הראל!A:G,7,0)+VLOOKUP('תפוקה מצטברת מול אשתקד'!A17,הפניקס!A:G,7,0)+VLOOKUP('תפוקה מצטברת מול אשתקד'!A17,כלל!A:G,7,0)+VLOOKUP('תפוקה מצטברת מול אשתקד'!A17,מור!A:G,7,0)+VLOOKUP('תפוקה מצטברת מול אשתקד'!A17,'אלטשולר שחם'!A:G,7,0)+VLOOKUP('תפוקה מצטברת מול אשתקד'!A17,'מדיהו '!A:K,7,0)+VLOOKUP(A17,'אנליסט '!A:G,7,0)+VLOOKUP('תפוקה מצטברת מול אשתקד'!A17,'מיטב דש'!A:G,7,0)+VLOOKUP('תפוקה מצטברת מול אשתקד'!A17,אינפניטי!A:G,7,0) -> 1113337.7 | L17: =VLOOKUP(A17,הכשרה!A:K,8,0)+VLOOKUP('תפוקה מצטברת מול אשתקד'!A17,מגדל!A:K,8,0)+VLOOKUP('תפוקה מצטברת מול אשתקד'!A17,מנורה!A:K,8,0)+VLOOKUP('תפוקה מצטברת מול אשתקד'!A17,איילון!A:K,8,0)+VLOOKUP('תפוקה מצטברת מול אשתקד'!A17,הראל!A:K,8,0)+VLOOKUP('תפוקה מצטברת מול אשתקד'!A17,הפניקס!A:K,8,0)+VLOOKUP('תפוקה מצטברת מול אשתקד'!A17,כלל!A:K,8,0)+VLOOKUP('תפוקה מצטברת מול אשתקד'!A17,מור!A:K,8,0)+VLOOKUP('תפוקה מצטברת מול אשתקד'!A17,'אלטשולר שחם'!A:K,8,0)+VLOOKUP('תפוקה מצטברת מול אשתקד'!A17,'מדיהו '!A:K,8,0)+VLOOKUP('תפוקה מצטברת מול אשתקד'!A17,'אנליסט '!A:K,8,0)+VLOOKUP('תפוקה מצטברת מול אשתקד'!A17,'מיטב דש'!A:K,8,0)+VLOOKUP('תפוקה מצטברת מול אשתקד'!A17,אינפניטי!A:K,8,0) -> 333985.96 | M17: =VLOOKUP(A17,הכשרה!A:K,9,0)+VLOOKUP('תפוקה מצטברת מול אשתקד'!A17,מגדל!A:K,9,0)+VLOOKUP('תפוקה מצטברת מול אשתקד'!A17,מנורה!A:K,9,0)+VLOOKUP('תפוקה מצטברת מול אשתקד'!A17,איילון!A:K,9,0)+VLOOKUP('תפוקה מצטברת מול אשתקד'!A17,הראל!A:K,9,0)+VLOOKUP('תפוקה מצטברת מול אשתקד'!A17,הפניקס!A:K,9,0)+VLOOKUP('תפוקה מצטברת מול אשתקד'!A17,כלל!A:K,9,0)+VLOOKUP('תפוקה מצטברת מול אשתקד'!A17,מור!A:K,9,0)+VLOOKUP('תפוקה מצטברת מול אשתקד'!A17,'אלטשולר שחם'!A:K,9,0)+VLOOKUP('תפוקה מצטברת מול אשתקד'!A17,'מדיהו '!A:K,9,0)+VLOOKUP('תפוקה מצטברת מול אשתקד'!A17,'אנליסט '!A:K,9,0)+VLOOKUP('תפוקה מצטברת מול אשתקד'!A17,'מיטב דש'!A:K,9,0)+VLOOKUP('תפוקה מצטברת מול אשתקד'!A17,אינפניטי!A:K,9,0) -> 88000.109 | N17: =VLOOKUP(A17,הכשרה!A:K,10,0)+VLOOKUP('תפוקה מצטברת מול אשתקד'!A17,מגדל!A:K,10,0)+VLOOKUP('תפוקה מצטברת מול אשתקד'!A17,מנורה!A:K,10,0)+VLOOKUP('תפוקה מצטברת מול אשתקד'!A17,איילון!A:K,10,0)+VLOOKUP('תפוקה מצטברת מול אשתקד'!A17,הראל!A:K,10,0)+VLOOKUP('תפוקה מצטברת מול אשתקד'!A17,הפניקס!A:K,10,0)+VLOOKUP('תפוקה מצטברת מול אשתקד'!A17,כלל!A:K,10,0)+VLOOKUP('תפוקה מצטברת מול אשתקד'!A17,מור!A:K,10,0)+VLOOKUP('תפוקה מצטברת מול אשתקד'!A17,'אלטשולר שחם'!A:K,10,0)+VLOOKUP('תפוקה מצטברת מול אשתקד'!A17,'מדיהו '!A:K,10,0)+VLOOKUP('תפוקה מצטברת מול אשתקד'!A17,'אנליסט '!A:K,10,0)+VLOOKUP('תפוקה מצטברת מול אשתקד'!A17,'מיטב דש'!A:K,10,0)+VLOOKUP('תפוקה מצטברת מול אשתקד'!A17,אינפניטי!A:K,10,0) -> 5142405.5 | O17: =VLOOKUP(A17,הכשרה!A:K,11,0)+VLOOKUP('תפוקה מצטברת מול אשתקד'!A17,מגדל!A:K,11,0)+VLOOKUP('תפוקה מצטברת מול אשתקד'!A17,מנורה!A:K,11,0)+VLOOKUP('תפוקה מצטברת מול אשתקד'!A17,איילון!A:K,11,0)+VLOOKUP('תפוקה מצטברת מול אשתקד'!A17,הראל!A:K,11,0)+VLOOKUP('תפוקה מצטברת מול אשתקד'!A17,הפניקס!A:K,11,0)+VLOOKUP('תפוקה מצטברת מול אשתקד'!A17,כלל!A:K,11,0)+VLOOKUP('תפוקה מצטברת מול אשתקד'!A17,מור!A:K,11,0)+VLOOKUP('תפוקה מצטברת מול אשתקד'!A17,'אלטשולר שחם'!A:K,11,0)+VLOOKUP('תפוקה מצטברת מול אשתקד'!A17,'מדיהו '!A:K,11,0)+VLOOKUP('תפוקה מצטברת מול אשתקד'!A17,'אנליסט '!A:K,11,0)+VLOOKUP('תפוקה מצטברת מול אשתקד'!A17,'מיטב דש'!A:K,11,0)+VLOOKUP('תפוקה מצטברת מול אשתקד'!A17,אינפניטי!A:K,11,0) -> 2397075.3
A18: רכס אורן | B18: יוסי אביב | C18: שותפים | D18: =IF(H18=0,0%,IF(L18=0,100%,H18/L18-1)) -> 0.010912057 | E18: =IF(I18=0,0%,IF(M18=0,100%,I18/M18-1)) -> 2.9656112 | F18: =IF(J18=0,0%,IF(N18=0,100%,J18/N18-1)) -> -0.30523722 | G18: =IF(K18=0,0%,IF(O18=H42,100%,K18/O18-1)) -> -0.49615845 | H18: =VLOOKUP(A18,הכשרה!A:G,4,0)+VLOOKUP('תפוקה מצטברת מול אשתקד'!A18,מגדל!A:G,4,0)+VLOOKUP('תפוקה מצטברת מול אשתקד'!A18,מנורה!A:G,4,0)+VLOOKUP('תפוקה מצטברת מול אשתקד'!A18,איילון!A:G,4,0)+VLOOKUP('תפוקה מצטברת מול אשתקד'!A18,הראל!A:G,4,0)+VLOOKUP('תפוקה מצטברת מול אשתקד'!A18,הפניקס!A:G,4,0)+VLOOKUP('תפוקה מצטברת מול אשתקד'!A18,כלל!A:G,4,0)+VLOOKUP('תפוקה מצטברת מול אשתקד'!A18,מור!A:G,4,0)+VLOOKUP('תפוקה מצטברת מול אשתקד'!A18,'אלטשולר שחם'!A:G,4,0)+VLOOKUP('תפוקה מצטברת מול אשתקד'!A18,'מדיהו '!A:G,4,0)+VLOOKUP('תפוקה מצטברת מול אשתקד'!A18,'אנליסט '!A:G,4,0)+VLOOKUP('תפוקה מצטברת מול אשתקד'!A18,'מיטב דש'!A:G,4,0)+VLOOKUP('תפוקה מצטברת מול אשתקד'!A18,אינפניטי!A:G,4,0) -> 559381.87 | I18: =VLOOKUP(A18,הכשרה!A:G,5,0)+VLOOKUP('תפוקה מצטברת מול אשתקד'!A18,מגדל!A:G,5,0)+VLOOKUP('תפוקה מצטברת מול אשתקד'!A18,מנורה!A:G,5,0)+VLOOKUP('תפוקה מצטברת מול אשתקד'!A18,איילון!A:G,5,0)+VLOOKUP('תפוקה מצטברת מול אשתקד'!A18,הראל!A:G,5,0)+VLOOKUP('תפוקה מצטברת מול אשתקד'!A18,הפניקס!A:G,5,0)+VLOOKUP('תפוקה מצטברת מול אשתקד'!A18,כלל!A:G,5,0)+VLOOKUP('תפוקה מצטברת מול אשתקד'!A18,מור!A:G,5,0)+VLOOKUP('תפוקה מצטברת מול אשתקד'!A18,'אלטשולר שחם'!A:G,5,0)+VLOOKUP('תפוקה מצטברת מול אשתקד'!A18,'מדיהו '!A:G,5,0)+VLOOKUP('תפוקה מצטברת מול אשתקד'!A18,'אנליסט '!A:G,5,0)+VLOOKUP('תפוקה מצטברת מול אשתקד'!A18,'מיטב דש'!A:G,5,0)+VLOOKUP('תפוקה מצטברת מול אשתקד'!A18,אינפניטי!A:G,5,0) -> 87488.93 | J18: =VLOOKUP(A18,הכשרה!A:G,6,0)+VLOOKUP('תפוקה מצטברת מול אשתקד'!A18,מגדל!A:G,6,0)+VLOOKUP('תפוקה מצטברת מול אשתקד'!A18,מנורה!A:G,6,0)+VLOOKUP('תפוקה מצטברת מול אשתקד'!A18,איילון!A:G,6,0)+VLOOKUP(A18,הראל!A:G,6,0)+VLOOKUP('תפוקה מצטברת מול אשתקד'!A18,הפניקס!A:G,6,0)+VLOOKUP('תפוקה מצטברת מול אשתקד'!A18,כלל!A:G,6,0)+VLOOKUP('תפוקה מצטברת מול אשתקד'!A18,מור!A:G,6,0)+VLOOKUP('תפוקה מצטברת מול אשתקד'!A18,'אלטשולר שחם'!A:G,6,0)+VLOOKUP('תפוקה מצטברת מול אשתקד'!A18,'מדיהו '!A:G,6,0)+VLOOKUP('תפוקה מצטברת מול אשתקד'!A18,'אנליסט '!A:G,6,0)+VLOOKUP('תפוקה מצטברת מול אשתקד'!A18,'מיטב דש'!A:G,6,0)+VLOOKUP('תפוקה מצטברת מול אשתקד'!A18,אינפניטי!A:G,6,0) -> 6109569.5 | K18: =VLOOKUP(A18,הכשרה!A:G,7,0)+VLOOKUP('תפוקה מצטברת מול אשתקד'!A18,מגדל!A:G,7,0)+VLOOKUP('תפוקה מצטברת מול אשתקד'!A18,מנורה!A:G,7,0)+VLOOKUP('תפוקה מצטברת מול אשתקד'!A18,איילון!A:G,7,0)+VLOOKUP('תפוקה מצטברת מול אשתקד'!A18,הראל!A:G,7,0)+VLOOKUP('תפוקה מצטברת מול אשתקד'!A18,הפניקס!A:G,7,0)+VLOOKUP('תפוקה מצטברת מול אשתקד'!A18,כלל!A:G,7,0)+VLOOKUP('תפוקה מצטברת מול אשתקד'!A18,מור!A:G,7,0)+VLOOKUP('תפוקה מצטברת מול אשתקד'!A18,'אלטשולר שחם'!A:G,7,0)+VLOOKUP('תפוקה מצטברת מול אשתקד'!A18,'מדיהו '!A:K,7,0)+VLOOKUP(A18,'אנליסט '!A:G,7,0)+VLOOKUP('תפוקה מצטברת מול אשתקד'!A18,'מיטב דש'!A:G,7,0)+VLOOKUP('תפוקה מצטברת מול אשתקד'!A18,אינפניטי!A:G,7,0) -> 2491390 | L18: =VLOOKUP(A18,הכשרה!A:K,8,0)+VLOOKUP('תפוקה מצטברת מול אשתקד'!A18,מגדל!A:K,8,0)+VLOOKUP('תפוקה מצטברת מול אשתקד'!A18,מנורה!A:K,8,0)+VLOOKUP('תפוקה מצטברת מול אשתקד'!A18,איילון!A:K,8,0)+VLOOKUP('תפוקה מצטברת מול אשתקד'!A18,הראל!A:K,8,0)+VLOOKUP('תפוקה מצטברת מול אשתקד'!A18,הפניקס!A:K,8,0)+VLOOKUP('תפוקה מצטברת מול אשתקד'!A18,כלל!A:K,8,0)+VLOOKUP('תפוקה מצטברת מול אשתקד'!A18,מור!A:K,8,0)+VLOOKUP('תפוקה מצטברת מול אשתקד'!A18,'אלטשולר שחם'!A:K,8,0)+VLOOKUP('תפוקה מצטברת מול אשתקד'!A18,'מדיהו '!A:K,8,0)+VLOOKUP('תפוקה מצטברת מול אשתקד'!A18,'אנליסט '!A:K,8,0)+VLOOKUP('תפוקה מצטברת מול אשתקד'!A18,'מיטב דש'!A:K,8,0)+VLOOKUP('תפוקה מצטברת מול אשתקד'!A18,אינפניטי!A:K,8,0) -> 553343.76 | M18: =VLOOKUP(A18,הכשרה!A:K,9,0)+VLOOKUP('תפוקה מצטברת מול אשתקד'!A18,מגדל!A:K,9,0)+VLOOKUP('תפוקה מצטברת מול אשתקד'!A18,מנורה!A:K,9,0)+VLOOKUP('תפוקה מצטברת מול אשתקד'!A18,איילון!A:K,9,0)+VLOOKUP('תפוקה מצטברת מול אשתקד'!A18,הראל!A:K,9,0)+VLOOKUP('תפוקה מצטברת מול אשתקד'!A18,הפניקס!A:K,9,0)+VLOOKUP('תפוקה מצטברת מול אשתקד'!A18,כלל!A:K,9,0)+VLOOKUP('תפוקה מצטברת מול אשתקד'!A18,מור!A:K,9,0)+VLOOKUP('תפוקה מצטברת מול אשתקד'!A18,'אלטשולר שחם'!A:K,9,0)+VLOOKUP('תפוקה מצטברת מול אשתקד'!A18,'מדיהו '!A:K,9,0)+VLOOKUP('תפוקה מצטברת מול אשתקד'!A18,'אנליסט '!A:K,9,0)+VLOOKUP('תפוקה מצטברת מול אשתקד'!A18,'מיטב דש'!A:K,9,0)+VLOOKUP('תפוקה מצטברת מול אשתקד'!A18,אינפניטי!A:K,9,0) -> 22061.903 | N18: =VLOOKUP(A18,הכשרה!A:K,10,0)+VLOOKUP('תפוקה מצטברת מול אשתקד'!A18,מגדל!A:K,10,0)+VLOOKUP('תפוקה מצטברת מול אשתקד'!A18,מנורה!A:K,10,0)+VLOOKUP('תפוקה מצטברת מול אשתקד'!A18,איילון!A:K,10,0)+VLOOKUP('תפוקה מצטברת מול אשתקד'!A18,הראל!A:K,10,0)+VLOOKUP('תפוקה מצטברת מול אשתקד'!A18,הפניקס!A:K,10,0)+VLOOKUP('תפוקה מצטברת מול אשתקד'!A18,כלל!A:K,10,0)+VLOOKUP('תפוקה מצטברת מול אשתקד'!A18,מור!A:K,10,0)+VLOOKUP('תפוקה מצטברת מול אשתקד'!A18,'אלטשולר שחם'!A:K,10,0)+VLOOKUP('תפוקה מצטברת מול אשתקד'!A18,'מדיהו '!A:K,10,0)+VLOOKUP('תפוקה מצטברת מול אשתקד'!A18,'אנליסט '!A:K,10,0)+VLOOKUP('תפוקה מצטברת מול אשתקד'!A18,'מיטב דש'!A:K,10,0)+VLOOKUP('תפוקה מצטברת מול אשתקד'!A18,אינפניטי!A:K,10,0) -> 8793749 | O18: =VLOOKUP(A18,הכשרה!A:K,11,0)+VLOOKUP('תפוקה מצטברת מול אשתקד'!A18,מגדל!A:K,11,0)+VLOOKUP('תפוקה מצטברת מול אשתקד'!A18,מנורה!A:K,11,0)+VLOOKUP('תפוקה מצטברת מול אשתקד'!A18,איילון!A:K,11,0)+VLOOKUP('תפוקה מצטברת מול אשתקד'!A18,הראל!A:K,11,0)+VLOOKUP('תפוקה מצטברת מול אשתקד'!A18,הפניקס!A:K,11,0)+VLOOKUP('תפוקה מצטברת מול אשתקד'!A18,כלל!A:K,11,0)+VLOOKUP('תפוקה מצטברת מול אשתקד'!A18,מור!A:K,11,0)+VLOOKUP('תפוקה מצטברת מול אשתקד'!A18,'אלטשולר שחם'!A:K,11,0)+VLOOKUP('תפוקה מצטברת מול אשתקד'!A18,'מדיהו '!A:K,11,0)+VLOOKUP('תפוקה מצטברת מול אשתקד'!A18,'אנליסט '!A:K,11,0)+VLOOKUP('תפוקה מצטברת מול אשתקד'!A18,'מיטב דש'!A:K,11,0)+VLOOKUP('תפוקה מצטברת מול אשתקד'!A18,אינפניטי!A:K,11,0) -> 4944788.5
A19: גולדר אבי | B19: יוסי אביב | C19: שותפים | D19: =IF(H19=0,0%,IF(L19=0,100%,H19/L19-1)) -> 6.5941839 | E19: =IF(I19=0,0%,IF(M19=0,100%,I19/M19-1)) -> 0 | F19: =IF(J19=0,0%,IF(N19=0,100%,J19/N19-1)) -> 0 | G19: =IF(K19=0,0%,IF(O19=H43,100%,K19/O19-1)) -> 1 | H19: =VLOOKUP(A19,הכשרה!A:G,4,0)+VLOOKUP('תפוקה מצטברת מול אשתקד'!A19,מגדל!A:G,4,0)+VLOOKUP('תפוקה מצטברת מול אשתקד'!A19,מנורה!A:G,4,0)+VLOOKUP('תפוקה מצטברת מול אשתקד'!A19,איילון!A:G,4,0)+VLOOKUP('תפוקה מצטברת מול אשתקד'!A19,הראל!A:G,4,0)+VLOOKUP('תפוקה מצטברת מול אשתקד'!A19,הפניקס!A:G,4,0)+VLOOKUP('תפוקה מצטברת מול אשתקד'!A19,כלל!A:G,4,0)+VLOOKUP('תפוקה מצטברת מול אשתקד'!A19,מור!A:G,4,0)+VLOOKUP('תפוקה מצטברת מול אשתקד'!A19,'אלטשולר שחם'!A:G,4,0)+VLOOKUP('תפוקה מצטברת מול אשתקד'!A19,'מדיהו '!A:G,4,0)+VLOOKUP('תפוקה מצטברת מול אשתקד'!A19,'אנליסט '!A:G,4,0)+VLOOKUP('תפוקה מצטברת מול אשתקד'!A19,'מיטב דש'!A:G,4,0)+VLOOKUP('תפוקה מצטברת מול אשתקד'!A19,אינפניטי!A:G,4,0) -> 8659.1398 | I19: =VLOOKUP(A19,הכשרה!A:G,5,0)+VLOOKUP('תפוקה מצטברת מול אשתקד'!A19,מגדל!A:G,5,0)+VLOOKUP('תפוקה מצטברת מול אשתקד'!A19,מנורה!A:G,5,0)+VLOOKUP('תפוקה מצטברת מול אשתקד'!A19,איילון!A:G,5,0)+VLOOKUP('תפוקה מצטברת מול אשתקד'!A19,הראל!A:G,5,0)+VLOOKUP('תפוקה מצטברת מול אשתקד'!A19,הפניקס!A:G,5,0)+VLOOKUP('תפוקה מצטברת מול אשתקד'!A19,כלל!A:G,5,0)+VLOOKUP('תפוקה מצטברת מול אשתקד'!A19,מור!A:G,5,0)+VLOOKUP('תפוקה מצטברת מול אשתקד'!A19,'אלטשולר שחם'!A:G,5,0)+VLOOKUP('תפוקה מצטברת מול אשתקד'!A19,'מדיהו '!A:G,5,0)+VLOOKUP('תפוקה מצטברת מול אשתקד'!A19,'אנליסט '!A:G,5,0)+VLOOKUP('תפוקה מצטברת מול אשתקד'!A19,'מיטב דש'!A:G,5,0)+VLOOKUP('תפוקה מצטברת מול אשתקד'!A19,אינפניטי!A:G,5,0) -> 0 | J19: =VLOOKUP(A19,הכשרה!A:G,6,0)+VLOOKUP('תפוקה מצטברת מול אשתקד'!A19,מגדל!A:G,6,0)+VLOOKUP('תפוקה מצטברת מול אשתקד'!A19,מנורה!A:G,6,0)+VLOOKUP('תפוקה מצטברת מול אשתקד'!A19,איילון!A:G,6,0)+VLOOKUP(A19,הראל!A:G,6,0)+VLOOKUP('תפוקה מצטברת מול אשתקד'!A19,הפניקס!A:G,6,0)+VLOOKUP('תפוקה מצטברת מול אשתקד'!A19,כלל!A:G,6,0)+VLOOKUP('תפוקה מצטברת מול אשתקד'!A19,מור!A:G,6,0)+VLOOKUP('תפוקה מצטברת מול אשתקד'!A19,'אלטשולר שחם'!A:G,6,0)+VLOOKUP('תפוקה מצטברת מול אשתקד'!A19,'מדיהו '!A:G,6,0)+VLOOKUP('תפוקה מצטברת מול אשתקד'!A19,'אנליסט '!A:G,6,0)+VLOOKUP('תפוקה מצטברת מול אשתקד'!A19,'מיטב דש'!A:G,6,0)+VLOOKUP('תפוקה מצטברת מול אשתקד'!A19,אינפניטי!A:G,6,0) -> 0 | K19: =VLOOKUP(A19,הכשרה!A:G,7,0)+VLOOKUP('תפוקה מצטברת מול אשתקד'!A19,מגדל!A:G,7,0)+VLOOKUP('תפוקה מצטברת מול אשתקד'!A19,מנורה!A:G,7,0)+VLOOKUP('תפוקה מצטברת מול אשתקד'!A19,איילון!A:G,7,0)+VLOOKUP('תפוקה מצטברת מול אשתקד'!A19,הראל!A:G,7,0)+VLOOKUP('תפוקה מצטברת מול אשתקד'!A19,הפניקס!A:G,7,0)+VLOOKUP('תפוקה מצטברת מול אשתקד'!A19,כלל!A:G,7,0)+VLOOKUP('תפוקה מצטברת מול אשתקד'!A19,מור!A:G,7,0)+VLOOKUP('תפוקה מצטברת מול אשתקד'!A19,'אלטשולר שחם'!A:G,7,0)+VLOOKUP('תפוקה מצטברת מול אשתקד'!A19,'מדיהו '!A:K,7,0)+VLOOKUP(A19,'אנליסט '!A:G,7,0)+VLOOKUP('תפוקה מצטברת מול אשתקד'!A19,'מיטב דש'!A:G,7,0)+VLOOKUP('תפוקה מצטברת מול אשתקד'!A19,אינפניטי!A:G,7,0) -> -204933.07 | L19: =VLOOKUP(A19,הכשרה!A:K,8,0)+VLOOKUP('תפוקה מצטברת מול אשתקד'!A19,מגדל!A:K,8,0)+VLOOKUP('תפוקה מצטברת מול אשתקד'!A19,מנורה!A:K,8,0)+VLOOKUP('תפוקה מצטברת מול אשתקד'!A19,איילון!A:K,8,0)+VLOOKUP('תפוקה מצטברת מול אשתקד'!A19,הראל!A:K,8,0)+VLOOKUP('תפוקה מצטברת מול אשתקד'!A19,הפניקס!A:K,8,0)+VLOOKUP('תפוקה מצטברת מול אשתקד'!A19,כלל!A:K,8,0)+VLOOKUP('תפוקה מצטברת מול אשתקד'!A19,מור!A:K,8,0)+VLOOKUP('תפוקה מצטברת מול אשתקד'!A19,'אלטשולר שחם'!A:K,8,0)+VLOOKUP('תפוקה מצטברת מול אשתקד'!A19,'מדיהו '!A:K,8,0)+VLOOKUP('תפוקה מצטברת מול אשתקד'!A19,'אנליסט '!A:K,8,0)+VLOOKUP('תפוקה מצטברת מול אשתקד'!A19,'מיטב דש'!A:K,8,0)+VLOOKUP('תפוקה מצטברת מול אשתקד'!A19,אינפניטי!A:K,8,0) -> 1140.2331 | M19: =VLOOKUP(A19,הכשרה!A:K,9,0)+VLOOKUP('תפוקה מצטברת מול אשתקד'!A19,מגדל!A:K,9,0)+VLOOKUP('תפוקה מצטברת מול אשתקד'!A19,מנורה!A:K,9,0)+VLOOKUP('תפוקה מצטברת מול אשתקד'!A19,איילון!A:K,9,0)+VLOOKUP('תפוקה מצטברת מול אשתקד'!A19,הראל!A:K,9,0)+VLOOKUP('תפוקה מצטברת מול אשתקד'!A19,הפניקס!A:K,9,0)+VLOOKUP('תפוקה מצטברת מול אשתקד'!A19,כלל!A:K,9,0)+VLOOKUP('תפוקה מצטברת מול אשתקד'!A19,מור!A:K,9,0)+VLOOKUP('תפוקה מצטברת מול אשתקד'!A19,'אלטשולר שחם'!A:K,9,0)+VLOOKUP('תפוקה מצטברת מול אשתקד'!A19,'מדיהו '!A:K,9,0)+VLOOKUP('תפוקה מצטברת מול אשתקד'!A19,'אנליסט '!A:K,9,0)+VLOOKUP('תפוקה מצטברת מול אשתקד'!A19,'מיטב דש'!A:K,9,0)+VLOOKUP('תפוקה מצטברת מול אשתקד'!A19,אינפניטי!A:K,9,0) -> 577.01856 | N19: =VLOOKUP(A19,הכשרה!A:K,10,0)+VLOOKUP('תפוקה מצטברת מול אשתקד'!A19,מגדל!A:K,10,0)+VLOOKUP('תפוקה מצטברת מול אשתקד'!A19,מנורה!A:K,10,0)+VLOOKUP('תפוקה מצטברת מול אשתקד'!A19,איילון!A:K,10,0)+VLOOKUP('תפוקה מצטברת מול אשתקד'!A19,הראל!A:K,10,0)+VLOOKUP('תפוקה מצטברת מול אשתקד'!A19,הפניקס!A:K,10,0)+VLOOKUP('תפוקה מצטברת מול אשתקד'!A19,כלל!A:K,10,0)+VLOOKUP('תפוקה מצטברת מול אשתקד'!A19,מור!A:K,10,0)+VLOOKUP('תפוקה מצטברת מול אשתקד'!A19,'אלטשולר שחם'!A:K,10,0)+VLOOKUP('תפוקה מצטברת מול אשתקד'!A19,'מדיהו '!A:K,10,0)+VLOOKUP('תפוקה מצטברת מול אשתקד'!A19,'אנליסט '!A:K,10,0)+VLOOKUP('תפוקה מצטברת מול אשתקד'!A19,'מיטב דש'!A:K,10,0)+VLOOKUP('תפוקה מצטברת מול אשתקד'!A19,אינפניטי!A:K,10,0) -> 10746.178 | O19: =VLOOKUP(A19,הכשרה!A:K,11,0)+VLOOKUP('תפוקה מצטברת מול אשתקד'!A19,מגדל!A:K,11,0)+VLOOKUP('תפוקה מצטברת מול אשתקד'!A19,מנורה!A:K,11,0)+VLOOKUP('תפוקה מצטברת מול אשתקד'!A19,איילון!A:K,11,0)+VLOOKUP('תפוקה מצטברת מול אשתקד'!A19,הראל!A:K,11,0)+VLOOKUP('תפוקה מצטברת מול אשתקד'!A19,הפניקס!A:K,11,0)+VLOOKUP('תפוקה מצטברת מול אשתקד'!A19,כלל!A:K,11,0)+VLOOKUP('תפוקה מצטברת מול אשתקד'!A19,מור!A:K,11,0)+VLOOKUP('תפוקה מצטברת מול אשתקד'!A19,'אלטשולר שחם'!A:K,11,0)+VLOOKUP('תפוקה מצטברת מול אשתקד'!A19,'מדיהו '!A:K,11,0)+VLOOKUP('תפוקה מצטברת מול אשתקד'!A19,'אנליסט '!A:K,11,0)+VLOOKUP('תפוקה מצטברת מול אשתקד'!A19,'מיטב דש'!A:K,11,0)+VLOOKUP('תפוקה מצטברת מול אשתקד'!A19,אינפניטי!A:K,11,0) -> 0
A20: מרדכי חג'ג' | B20: יוסי אביב | C20: שותפים | D20: =IF(H20=0,0%,IF(L20=0,100%,H20/L20-1)) -> 1 | E20: =IF(I20=0,0%,IF(M20=0,100%,I20/M20-1)) -> 0 | F20: =IF(J20=0,0%,IF(N20=0,100%,J20/N20-1)) -> 0 | G20: =IF(K20=0,0%,IF(O20=H44,100%,K20/O20-1)) -> 0 | H20: =VLOOKUP(A20,הכשרה!A:G,4,0)+VLOOKUP('תפוקה מצטברת מול אשתקד'!A20,מגדל!A:G,4,0)+VLOOKUP('תפוקה מצטברת מול אשתקד'!A20,מנורה!A:G,4,0)+VLOOKUP('תפוקה מצטברת מול אשתקד'!A20,איילון!A:G,4,0)+VLOOKUP('תפוקה מצטברת מול אשתקד'!A20,הראל!A:G,4,0)+VLOOKUP('תפוקה מצטברת מול אשתקד'!A20,הפניקס!A:G,4,0)+VLOOKUP('תפוקה מצטברת מול אשתקד'!A20,כלל!A:G,4,0)+VLOOKUP('תפוקה מצטברת מול אשתקד'!A20,מור!A:G,4,0)+VLOOKUP('תפוקה מצטברת מול אשתקד'!A20,'אלטשולר שחם'!A:G,4,0)+VLOOKUP('תפוקה מצטברת מול אשתקד'!A20,'מדיהו '!A:G,4,0)+VLOOKUP('תפוקה מצטברת מול אשתקד'!A20,'אנליסט '!A:G,4,0)+VLOOKUP('תפוקה מצטברת מול אשתקד'!A20,'מיטב דש'!A:G,4,0)+VLOOKUP('תפוקה מצטברת מול אשתקד'!A20,אינפניטי!A:G,4,0) -> 29490.324 | I20: =VLOOKUP(A20,הכשרה!A:G,5,0)+VLOOKUP('תפוקה מצטברת מול אשתקד'!A20,מגדל!A:G,5,0)+VLOOKUP('תפוקה מצטברת מול אשתקד'!A20,מנורה!A:G,5,0)+VLOOKUP('תפוקה מצטברת מול אשתקד'!A20,איילון!A:G,5,0)+VLOOKUP('תפוקה מצטברת מול אשתקד'!A20,הראל!A:G,5,0)+VLOOKUP('תפוקה מצטברת מול אשתקד'!A20,הפניקס!A:G,5,0)+VLOOKUP('תפוקה מצטברת מול אשתקד'!A20,כלל!A:G,5,0)+VLOOKUP('תפוקה מצטברת מול אשתקד'!A20,מור!A:G,5,0)+VLOOKUP('תפוקה מצטברת מול אשתקד'!A20,'אלטשולר שחם'!A:G,5,0)+VLOOKUP('תפוקה מצטברת מול אשתקד'!A20,'מדיהו '!A:G,5,0)+VLOOKUP('תפוקה מצטברת מול אשתקד'!A20,'אנליסט '!A:G,5,0)+VLOOKUP('תפוקה מצטברת מול אשתקד'!A20,'מיטב דש'!A:G,5,0)+VLOOKUP('תפוקה מצטברת מול אשתקד'!A20,אינפניטי!A:G,5,0) -> 0 | J20: =VLOOKUP(A20,הכשרה!A:G,6,0)+VLOOKUP('תפוקה מצטברת מול אשתקד'!A20,מגדל!A:G,6,0)+VLOOKUP('תפוקה מצטברת מול אשתקד'!A20,מנורה!A:G,6,0)+VLOOKUP('תפוקה מצטברת מול אשתקד'!A20,איילון!A:G,6,0)+VLOOKUP(A20,הראל!A:G,6,0)+VLOOKUP('תפוקה מצטברת מול אשתקד'!A20,הפניקס!A:G,6,0)+VLOOKUP('תפוקה מצטברת מול אשתקד'!A20,כלל!A:G,6,0)+VLOOKUP('תפוקה מצטברת מול אשתקד'!A20,מור!A:G,6,0)+VLOOKUP('תפוקה מצטברת מול אשתקד'!A20,'אלטשולר שחם'!A:G,6,0)+VLOOKUP('תפוקה מצטברת מול אשתקד'!A20,'מדיהו '!A:G,6,0)+VLOOKUP('תפוקה מצטברת מול אשתקד'!A20,'אנליסט '!A:G,6,0)+VLOOKUP('תפוקה מצטברת מול אשתקד'!A20,'מיטב דש'!A:G,6,0)+VLOOKUP('תפוקה מצטברת מול אשתקד'!A20,אינפניטי!A:G,6,0) -> 0 | K20: =VLOOKUP(A20,הכשרה!A:G,7,0)+VLOOKUP('תפוקה מצטברת מול אשתקד'!A20,מגדל!A:G,7,0)+VLOOKUP('תפוקה מצטברת מול אשתקד'!A20,מנורה!A:G,7,0)+VLOOKUP('תפוקה מצטברת מול אשתקד'!A20,איילון!A:G,7,0)+VLOOKUP('תפוקה מצטברת מול אשתקד'!A20,הראל!A:G,7,0)+VLOOKUP('תפוקה מצטברת מול אשתקד'!A20,הפניקס!A:G,7,0)+VLOOKUP('תפוקה מצטברת מול אשתקד'!A20,כלל!A:G,7,0)+VLOOKUP('תפוקה מצטברת מול אשתקד'!A20,מור!A:G,7,0)+VLOOKUP('תפוקה מצטברת מול אשתקד'!A20,'אלטשולר שחם'!A:G,7,0)+VLOOKUP('תפוקה מצטברת מול אשתקד'!A20,'מדיהו '!A:K,7,0)+VLOOKUP(A20,'אנליסט '!A:G,7,0)+VLOOKUP('תפוקה מצטברת מול אשתקד'!A20,'מיטב דש'!A:G,7,0)+VLOOKUP('תפוקה מצטברת מול אשתקד'!A20,אינפניטי!A:G,7,0) -> 0 | L20: =VLOOKUP(A20,הכשרה!A:K,8,0)+VLOOKUP('תפוקה מצטברת מול אשתקד'!A20,מגדל!A:K,8,0)+VLOOKUP('תפוקה מצטברת מול אשתקד'!A20,מנורה!A:K,8,0)+VLOOKUP('תפוקה מצטברת מול אשתקד'!A20,איילון!A:K,8,0)+VLOOKUP('תפוקה מצטברת מול אשתקד'!A20,הראל!A:K,8,0)+VLOOKUP('תפוקה מצטברת מול אשתקד'!A20,הפניקס!A:K,8,0)+VLOOKUP('תפוקה מצטברת מול אשתקד'!A20,כלל!A:K,8,0)+VLOOKUP('תפוקה מצטברת מול אשתקד'!A20,מור!A:K,8,0)+VLOOKUP('תפוקה מצטברת מול אשתקד'!A20,'אלטשולר שחם'!A:K,8,0)+VLOOKUP('תפוקה מצטברת מול אשתקד'!A20,'מדיהו '!A:K,8,0)+VLOOKUP('תפוקה מצטברת מול אשתקד'!A20,'אנליסט '!A:K,8,0)+VLOOKUP('תפוקה מצטברת מול אשתקד'!A20,'מיטב דש'!A:K,8,0)+VLOOKUP('תפוקה מצטברת מול אשתקד'!A20,אינפניטי!A:K,8,0) -> 0 | M20: =VLOOKUP(A20,הכשרה!A:K,9,0)+VLOOKUP('תפוקה מצטברת מול אשתקד'!A20,מגדל!A:K,9,0)+VLOOKUP('תפוקה מצטברת מול אשתקד'!A20,מנורה!A:K,9,0)+VLOOKUP('תפוקה מצטברת מול אשתקד'!A20,איילון!A:K,9,0)+VLOOKUP('תפוקה מצטברת מול אשתקד'!A20,הראל!A:K,9,0)+VLOOKUP('תפוקה מצטברת מול אשתקד'!A20,הפניקס!A:K,9,0)+VLOOKUP('תפוקה מצטברת מול אשתקד'!A20,כלל!A:K,9,0)+VLOOKUP('תפוקה מצטברת מול אשתקד'!A20,מור!A:K,9,0)+VLOOKUP('תפוקה מצטברת מול אשתקד'!A20,'אלטשולר שחם'!A:K,9,0)+VLOOKUP('תפוקה מצטברת מול אשתקד'!A20,'מדיהו '!A:K,9,0)+VLOOKUP('תפוקה מצטברת מול אשתקד'!A20,'אנליסט '!A:K,9,0)+VLOOKUP('תפוקה מצטברת מול אשתקד'!A20,'מיטב דש'!A:K,9,0)+VLOOKUP('תפוקה מצטברת מול אשתקד'!A20,אינפניטי!A:K,9,0) -> 0 | N20: =VLOOKUP(A20,הכשרה!A:K,10,0)+VLOOKUP('תפוקה מצטברת מול אשתקד'!A20,מגדל!A:K,10,0)+VLOOKUP('תפוקה מצטברת מול אשתקד'!A20,מנורה!A:K,10,0)+VLOOKUP('תפוקה מצטברת מול אשתקד'!A20,איילון!A:K,10,0)+VLOOKUP('תפוקה מצטברת מול אשתקד'!A20,הראל!A:K,10,0)+VLOOKUP('תפוקה מצטברת מול אשתקד'!A20,הפניקס!A:K,10,0)+VLOOKUP('תפוקה מצטברת מול אשתקד'!A20,כלל!A:K,10,0)+VLOOKUP('תפוקה מצטברת מול אשתקד'!A20,מור!A:K,10,0)+VLOOKUP('תפוקה מצטברת מול אשתקד'!A20,'אלטשולר שחם'!A:K,10,0)+VLOOKUP('תפוקה מצטברת מול אשתקד'!A20,'מדיהו '!A:K,10,0)+VLOOKUP('תפוקה מצטברת מול אשתקד'!A20,'אנליסט '!A:K,10,0)+VLOOKUP('תפוקה מצטברת מול אשתקד'!A20,'מיטב דש'!A:K,10,0)+VLOOKUP('תפוקה מצטברת מול אשתקד'!A20,אינפניטי!A:K,10,0) -> 0 | O20: =VLOOKUP(A20,הכשרה!A:K,11,0)+VLOOKUP('תפוקה מצטברת מול אשתקד'!A20,מגדל!A:K,11,0)+VLOOKUP('תפוקה מצטברת מול אשתקד'!A20,מנורה!A:K,11,0)+VLOOKUP('תפוקה מצטברת מול אשתקד'!A20,איילון!A:K,11,0)+VLOOKUP('תפוקה מצטברת מול אשתקד'!A20,הראל!A:K,11,0)+VLOOKUP('תפוקה מצטברת מול אשתקד'!A20,הפניקס!A:K,11,0)+VLOOKUP('תפוקה מצטברת מול אשתקד'!A20,כלל!A:K,11,0)+VLOOKUP('תפוקה מצטברת מול אשתקד'!A20,מור!A:K,11,0)+VLOOKUP('תפוקה מצטברת מול אשתקד'!A20,'אלטשולר שחם'!A:K,11,0)+VLOOKUP('תפוקה מצטברת מול אשתקד'!A20,'מדיהו '!A:K,11,0)+VLOOKUP('תפוקה מצטברת מול אשתקד'!A20,'אנליסט '!A:K,11,0)+VLOOKUP('תפוקה מצטברת מול אשתקד'!A20,'מיטב דש'!A:K,11,0)+VLOOKUP('תפוקה מצטברת מול אשתקד'!A20,אינפניטי!A:K,11,0) -> 0
A21: בדר צבי | B21: יוסי אביב | C21: שותפים | D21: =IF(H21=0,0%,IF(L21=0,100%,H21/L21-1)) -> 0 | E21: =IF(I21=0,0%,IF(M21=0,100%,I21/M21-1)) -> 0 | F21: =IF(J21=0,0%,IF(N21=0,100%,J21/N21-1)) -> 0 | G21: =IF(K21=0,0%,IF(O21=H44,100%,K21/O21-1)) -> 0 | H21: =VLOOKUP(A21,הכשרה!A:G,4,0)+VLOOKUP('תפוקה מצטברת מול אשתקד'!A21,מגדל!A:G,4,0)+VLOOKUP('תפוקה מצטברת מול אשתקד'!A21,מנורה!A:G,4,0)+VLOOKUP('תפוקה מצטברת מול אשתקד'!A21,איילון!A:G,4,0)+VLOOKUP('תפוקה מצטברת מול אשתקד'!A21,הראל!A:G,4,0)+VLOOKUP('תפוקה מצטברת מול אשתקד'!A21,הפניקס!A:G,4,0)+VLOOKUP('תפוקה מצטברת מול אשתקד'!A21,כלל!A:G,4,0)+VLOOKUP('תפוקה מצטברת מול אשתקד'!A21,מור!A:G,4,0)+VLOOKUP('תפוקה מצטברת מול אשתקד'!A21,'אלטשולר שחם'!A:G,4,0)+VLOOKUP('תפוקה מצטברת מול אשתקד'!A21,'מדיהו '!A:G,4,0)+VLOOKUP('תפוקה מצטברת מול אשתקד'!A21,'אנליסט '!A:G,4,0)+VLOOKUP('תפוקה מצטברת מול אשתקד'!A21,'מיטב דש'!A:G,4,0)+VLOOKUP('תפוקה מצטברת מול אשתקד'!A21,אינפניטי!A:G,4,0) -> 0 | I21: =VLOOKUP(A21,הכשרה!A:G,5,0)+VLOOKUP('תפוקה מצטברת מול אשתקד'!A21,מגדל!A:G,5,0)+VLOOKUP('תפוקה מצטברת מול אשתקד'!A21,מנורה!A:G,5,0)+VLOOKUP('תפוקה מצטברת מול אשתקד'!A21,איילון!A:G,5,0)+VLOOKUP('תפוקה מצטברת מול אשתקד'!A21,הראל!A:G,5,0)+VLOOKUP('תפוקה מצטברת מול אשתקד'!A21,הפניקס!A:G,5,0)+VLOOKUP('תפוקה מצטברת מול אשתקד'!A21,כלל!A:G,5,0)+VLOOKUP('תפוקה מצטברת מול אשתקד'!A21,מור!A:G,5,0)+VLOOKUP('תפוקה מצטברת מול אשתקד'!A21,'אלטשולר שחם'!A:G,5,0)+VLOOKUP('תפוקה מצטברת מול אשתקד'!A21,'מדיהו '!A:G,5,0)+VLOOKUP('תפוקה מצטברת מול אשתקד'!A21,'אנליסט '!A:G,5,0)+VLOOKUP('תפוקה מצטברת מול אשתקד'!A21,'מיטב דש'!A:G,5,0)+VLOOKUP('תפוקה מצטברת מול אשתקד'!A21,אינפניטי!A:G,5,0) -> 0 | J21: =VLOOKUP(A21,הכשרה!A:G,6,0)+VLOOKUP('תפוקה מצטברת מול אשתקד'!A21,מגדל!A:G,6,0)+VLOOKUP('תפוקה מצטברת מול אשתקד'!A21,מנורה!A:G,6,0)+VLOOKUP('תפוקה מצטברת מול אשתקד'!A21,איילון!A:G,6,0)+VLOOKUP(A21,הראל!A:G,6,0)+VLOOKUP('תפוקה מצטברת מול אשתקד'!A21,הפניקס!A:G,6,0)+VLOOKUP('תפוקה מצטברת מול אשתקד'!A21,כלל!A:G,6,0)+VLOOKUP('תפוקה מצטברת מול אשתקד'!A21,מור!A:G,6,0)+VLOOKUP('תפוקה מצטברת מול אשתקד'!A21,'אלטשולר שחם'!A:G,6,0)+VLOOKUP('תפוקה מצטברת מול אשתקד'!A21,'מדיהו '!A:G,6,0)+VLOOKUP('תפוקה מצטברת מול אשתקד'!A21,'אנליסט '!A:G,6,0)+VLOOKUP('תפוקה מצטברת מול אשתקד'!A21,'מיטב דש'!A:G,6,0)+VLOOKUP('תפוקה מצטברת מול אשתקד'!A21,אינפניטי!A:G,6,0) -> 0 | K21: =VLOOKUP(A21,הכשרה!A:G,7,0)+VLOOKUP('תפוקה מצטברת מול אשתקד'!A21,מגדל!A:G,7,0)+VLOOKUP('תפוקה מצטברת מול אשתקד'!A21,מנורה!A:G,7,0)+VLOOKUP('תפוקה מצטברת מול אשתקד'!A21,איילון!A:G,7,0)+VLOOKUP('תפוקה מצטברת מול אשתקד'!A21,הראל!A:G,7,0)+VLOOKUP('תפוקה מצטברת מול אשתקד'!A21,הפניקס!A:G,7,0)+VLOOKUP('תפוקה מצטברת מול אשתקד'!A21,כלל!A:G,7,0)+VLOOKUP('תפוקה מצטברת מול אשתקד'!A21,מור!A:G,7,0)+VLOOKUP('תפוקה מצטברת מול אשתקד'!A21,'אלטשולר שחם'!A:G,7,0)+VLOOKUP('תפוקה מצטברת מול אשתקד'!A21,'מדיהו '!A:K,7,0)+VLOOKUP(A21,'אנליסט '!A:G,7,0)+VLOOKUP('תפוקה מצטברת מול אשתקד'!A21,'מיטב דש'!A:G,7,0)+VLOOKUP('תפוקה מצטברת מול אשתקד'!A21,אינפניטי!A:G,7,0) -> 0 | L21: =VLOOKUP(A21,הכשרה!A:K,8,0)+VLOOKUP('תפוקה מצטברת מול אשתקד'!A21,מגדל!A:K,8,0)+VLOOKUP('תפוקה מצטברת מול אשתקד'!A21,מנורה!A:K,8,0)+VLOOKUP('תפוקה מצטברת מול אשתקד'!A21,איילון!A:K,8,0)+VLOOKUP('תפוקה מצטברת מול אשתקד'!A21,הראל!A:K,8,0)+VLOOKUP('תפוקה מצטברת מול אשתקד'!A21,הפניקס!A:K,8,0)+VLOOKUP('תפוקה מצטברת מול אשתקד'!A21,כלל!A:K,8,0)+VLOOKUP('תפוקה מצטברת מול אשתקד'!A21,מור!A:K,8,0)+VLOOKUP('תפוקה מצטברת מול אשתקד'!A21,'אלטשולר שחם'!A:K,8,0)+VLOOKUP('תפוקה מצטברת מול אשתקד'!A21,'מדיהו '!A:K,8,0)+VLOOKUP('תפוקה מצטברת מול אשתקד'!A21,'אנליסט '!A:K,8,0)+VLOOKUP('תפוקה מצטברת מול אשתקד'!A21,'מיטב דש'!A:K,8,0)+VLOOKUP('תפוקה מצטברת מול אשתקד'!A21,אינפניטי!A:K,8,0) -> 0 | M21: =VLOOKUP(A21,הכשרה!A:K,9,0)+VLOOKUP('תפוקה מצטברת מול אשתקד'!A21,מגדל!A:K,9,0)+VLOOKUP('תפוקה מצטברת מול אשתקד'!A21,מנורה!A:K,9,0)+VLOOKUP('תפוקה מצטברת מול אשתקד'!A21,איילון!A:K,9,0)+VLOOKUP('תפוקה מצטברת מול אשתקד'!A21,הראל!A:K,9,0)+VLOOKUP('תפוקה מצטברת מול אשתקד'!A21,הפניקס!A:K,9,0)+VLOOKUP('תפוקה מצטברת מול אשתקד'!A21,כלל!A:K,9,0)+VLOOKUP('תפוקה מצטברת מול אשתקד'!A21,מור!A:K,9,0)+VLOOKUP('תפוקה מצטברת מול אשתקד'!A21,'אלטשולר שחם'!A:K,9,0)+VLOOKUP('תפוקה מצטברת מול אשתקד'!A21,'מדיהו '!A:K,9,0)+VLOOKUP('תפוקה מצטברת מול אשתקד'!A21,'אנליסט '!A:K,9,0)+VLOOKUP('תפוקה מצטברת מול אשתקד'!A21,'מיטב דש'!A:K,9,0)+VLOOKUP('תפוקה מצטברת מול אשתקד'!A21,אינפניטי!A:K,9,0) -> 1100.76 | N21: =VLOOKUP(A21,הכשרה!A:K,10,0)+VLOOKUP('תפוקה מצטברת מול אשתקד'!A21,מגדל!A:K,10,0)+VLOOKUP('תפוקה מצטברת מול אשתקד'!A21,מנורה!A:K,10,0)+VLOOKUP('תפוקה מצטברת מול אשתקד'!A21,איילון!A:K,10,0)+VLOOKUP('תפוקה מצטברת מול אשתקד'!A21,הראל!A:K,10,0)+VLOOKUP('תפוקה מצטברת מול אשתקד'!A21,הפניקס!A:K,10,0)+VLOOKUP('תפוקה מצטברת מול אשתקד'!A21,כלל!A:K,10,0)+VLOOKUP('תפוקה מצטברת מול אשתקד'!A21,מור!A:K,10,0)+VLOOKUP('תפוקה מצטברת מול אשתקד'!A21,'אלטשולר שחם'!A:K,10,0)+VLOOKUP('תפוקה מצטברת מול אשתקד'!A21,'מדיהו '!A:K,10,0)+VLOOKUP('תפוקה מצטברת מול אשתקד'!A21,'אנליסט '!A:K,10,0)+VLOOKUP('תפוקה מצטברת מול אשתקד'!A21,'מיטב דש'!A:K,10,0)+VLOOKUP('תפוקה מצטברת מול אשתקד'!A21,אינפניטי!A:K,10,0) -> 3200 | O21: =VLOOKUP(A21,הכשרה!A:K,11,0)+VLOOKUP('תפוקה מצטברת מול אשתקד'!A21,מגדל!A:K,11,0)+VLOOKUP('תפוקה מצטברת מול אשתקד'!A21,מנורה!A:K,11,0)+VLOOKUP('תפוקה מצטברת מול אשתקד'!A21,איילון!A:K,11,0)+VLOOKUP('תפוקה מצטברת מול אשתקד'!A21,הראל!A:K,11,0)+VLOOKUP('תפוקה מצטברת מול אשתקד'!A21,הפניקס!A:K,11,0)+VLOOKUP('תפוקה מצטברת מול אשתקד'!A21,כלל!A:K,11,0)+VLOOKUP('תפוקה מצטברת מול אשתקד'!A21,מור!A:K,11,0)+VLOOKUP('תפוקה מצטברת מול אשתקד'!A21,'אלטשולר שחם'!A:K,11,0)+VLOOKUP('תפוקה מצטברת מול אשתקד'!A21,'מדיהו '!A:K,11,0)+VLOOKUP('תפוקה מצטברת מול אשתקד'!A21,'אנליסט '!A:K,11,0)+VLOOKUP('תפוקה מצטברת מול אשתקד'!A21,'מיטב דש'!A:K,11,0)+VLOOKUP('תפוקה מצטברת מול אשתקד'!A21,אינפניטי!A:K,11,0) -> 0
A22: סה"כ חברות בנות | D22: =IF(H22=0,0%,IF(L22=0,100%,H22/L22-1)) -> 0.011118156 | E22: =IF(I22=0,0%,IF(M22=0,100%,I22/M22-1)) -> 0.59527937 | F22: =IF(J22=0,0%,IF(N22=0,100%,J22/N22-1)) -> -0.31803464 | G22: =IF(K22=0,0%,IF(O22=H45,100%,K22/O22-1)) -> -0.49366108 | H22: =SUM(H9:H21) -> 2161478.4 | I22: =SUM(I9:I21) -> 1207309.2 | J22: =SUM(J9:J21) -> 11468539 | K22: =SUM(K9:K21) -> 5348701.1 | L22: =SUM(L9:L21) -> 2137711 | M22: =SUM(M9:M21) -> 756801.14 | N22: =SUM(N9:N21) -> 16816893 | O22: =SUM(O9:O21) -> 10563480
A23: מועלם אלפרד | B23: ערן גירוני | C23: סוכנים | D23: =IF(H23=0,0%,IF(L23=0,100%,H23/L23-1)) -> -0.30776654 | E23: =IF(I23=0,0%,IF(M23=0,100%,I23/M23-1)) -> -0.87283647 | F23: =IF(J23=0,0%,IF(N23=0,100%,J23/N23-1)) -> -0.80757055 | G23: =IF(K23=0,0%,IF(O23=H46,100%,K23/O23-1)) -> 0.003891753 | H23: =VLOOKUP(A23,הכשרה!A:G,4,0)+VLOOKUP('תפוקה מצטברת מול אשתקד'!A23,מגדל!A:G,4,0)+VLOOKUP('תפוקה מצטברת מול אשתקד'!A23,מנורה!A:G,4,0)+VLOOKUP('תפוקה מצטברת מול אשתקד'!A23,איילון!A:G,4,0)+VLOOKUP('תפוקה מצטברת מול אשתקד'!A23,הראל!A:G,4,0)+VLOOKUP('תפוקה מצטברת מול אשתקד'!A23,הפניקס!A:G,4,0)+VLOOKUP('תפוקה מצטברת מול אשתקד'!A23,כלל!A:G,4,0)+VLOOKUP('תפוקה מצטברת מול אשתקד'!A23,מור!A:G,4,0)+VLOOKUP('תפוקה מצטברת מול אשתקד'!A23,'אלטשולר שחם'!A:G,4,0)+VLOOKUP('תפוקה מצטברת מול אשתקד'!A23,'מדיהו '!A:G,4,0)+VLOOKUP('תפוקה מצטברת מול אשתקד'!A23,'אנליסט '!A:G,4,0)+VLOOKUP('תפוקה מצטברת מול אשתקד'!A23,'מיטב דש'!A:G,4,0)+VLOOKUP('תפוקה מצטברת מול אשתקד'!A23,אינפניטי!A:G,4,0) -> 484652.06 | I23: =VLOOKUP(A23,הכשרה!A:G,5,0)+VLOOKUP('תפוקה מצטברת מול אשתקד'!A23,מגדל!A:G,5,0)+VLOOKUP('תפוקה מצטברת מול אשתקד'!A23,מנורה!A:G,5,0)+VLOOKUP('תפוקה מצטברת מול אשתקד'!A23,איילון!A:G,5,0)+VLOOKUP('תפוקה מצטברת מול אשתקד'!A23,הראל!A:G,5,0)+VLOOKUP('תפוקה מצטברת מול אשתקד'!A23,הפניקס!A:G,5,0)+VLOOKUP('תפוקה מצטברת מול אשתקד'!A23,כלל!A:G,5,0)+VLOOKUP('תפוקה מצטברת מול אשתקד'!A23,מור!A:G,5,0)+VLOOKUP('תפוקה מצטברת מול אשתקד'!A23,'אלטשולר שחם'!A:G,5,0)+VLOOKUP('תפוקה מצטברת מול אשתקד'!A23,'מדיהו '!A:G,5,0)+VLOOKUP('תפוקה מצטברת מול אשתקד'!A23,'אנליסט '!A:G,5,0)+VLOOKUP('תפוקה מצטברת מול אשתקד'!A23,'מיטב דש'!A:G,5,0)+VLOOKUP('תפוקה מצטברת מול אשתקד'!A23,אינפניטי!A:G,5,0) -> 11920.61 | J23: =VLOOKUP(A23,הכשרה!A:G,6,0)+VLOOKUP('תפוקה מצטברת מול אשתקד'!A23,מגדל!A:G,6,0)+VLOOKUP('תפוקה מצטברת מול אשתקד'!A23,מנורה!A:G,6,0)+VLOOKUP('תפוקה מצטברת מול אשתקד'!A23,איילון!A:G,6,0)+VLOOKUP(A23,הראל!A:G,6,0)+VLOOKUP('תפוקה מצטברת מול אשתקד'!A23,הפניקס!A:G,6,0)+VLOOKUP('תפוקה מצטברת מול אשתקד'!A23,כלל!A:G,6,0)+VLOOKUP('תפוקה מצטברת מול אשתקד'!A23,מור!A:G,6,0)+VLOOKUP('תפוקה מצטברת מול אשתקד'!A23,'אלטשולר שחם'!A:G,6,0)+VLOOKUP('תפוקה מצטברת מול אשתקד'!A23,'מדיהו '!A:G,6,0)+VLOOKUP('תפוקה מצטברת מול אשתקד'!A23,'אנליסט '!A:G,6,0)+VLOOKUP('תפוקה מצטברת מול אשתקד'!A23,'מיטב דש'!A:G,6,0)+VLOOKUP('תפוקה מצטברת מול אשתקד'!A23,אינפניטי!A:G,6,0) -> 219087 | K23: =VLOOKUP(A23,הכשרה!A:G,7,0)+VLOOKUP('תפוקה מצטברת מול אשתקד'!A23,מגדל!A:G,7,0)+VLOOKUP('תפוקה מצטברת מול אשתקד'!A23,מנורה!A:G,7,0)+VLOOKUP('תפוקה מצטברת מול אשתקד'!A23,איילון!A:G,7,0)+VLOOKUP('תפוקה מצטברת מול אשתקד'!A23,הראל!A:G,7,0)+VLOOKUP('תפוקה מצטברת מול אשתקד'!A23,הפניקס!A:G,7,0)+VLOOKUP('תפוקה מצטברת מול אשתקד'!A23,כלל!A:G,7,0)+VLOOKUP('תפוקה מצטברת מול אשתקד'!A23,מור!A:G,7,0)+VLOOKUP('תפוקה מצטברת מול אשתקד'!A23,'אלטשולר שחם'!A:G,7,0)+VLOOKUP('תפוקה מצטברת מול אשתקד'!A23,'מדיהו '!A:K,7,0)+VLOOKUP(A23,'אנליסט '!A:G,7,0)+VLOOKUP('תפוקה מצטברת מול אשתקד'!A23,'מיטב דש'!A:G,7,0)+VLOOKUP('תפוקה מצטברת מול אשתקד'!A23,אינפניטי!A:G,7,0) -> 2607548.9 | L23: =VLOOKUP(A23,הכשרה!A:K,8,0)+VLOOKUP('תפוקה מצטברת מול אשתקד'!A23,מגדל!A:K,8,0)+VLOOKUP('תפוקה מצטברת מול אשתקד'!A23,מנורה!A:K,8,0)+VLOOKUP('תפוקה מצטברת מול אשתקד'!A23,איילון!A:K,8,0)+VLOOKUP('תפוקה מצטברת מול אשתקד'!A23,הראל!A:K,8,0)+VLOOKUP('תפוקה מצטברת מול אשתקד'!A23,הפניקס!A:K,8,0)+VLOOKUP('תפוקה מצטברת מול אשתקד'!A23,כלל!A:K,8,0)+VLOOKUP('תפוקה מצטברת מול אשתקד'!A23,מור!A:K,8,0)+VLOOKUP('תפוקה מצטברת מול אשתקד'!A23,'אלטשולר שחם'!A:K,8,0)+VLOOKUP('תפוקה מצטברת מול אשתקד'!A23,'מדיהו '!A:K,8,0)+VLOOKUP('תפוקה מצטברת מול אשתקד'!A23,'אנליסט '!A:K,8,0)+VLOOKUP('תפוקה מצטברת מול אשתקד'!A23,'מיטב דש'!A:K,8,0)+VLOOKUP('תפוקה מצטברת מול אשתקד'!A23,אינפניטי!A:K,8,0) -> 700128.05 | M23: =VLOOKUP(A23,הכשרה!A:K,9,0)+VLOOKUP('תפוקה מצטברת מול אשתקד'!A23,מגדל!A:K,9,0)+VLOOKUP('תפוקה מצטברת מול אשתקד'!A23,מנורה!A:K,9,0)+VLOOKUP('תפוקה מצטברת מול אשתקד'!A23,איילון!A:K,9,0)+VLOOKUP('תפוקה מצטברת מול אשתקד'!A23,הראל!A:K,9,0)+VLOOKUP('תפוקה מצטברת מול אשתקד'!A23,הפניקס!A:K,9,0)+VLOOKUP('תפוקה מצטברת מול אשתקד'!A23,כלל!A:K,9,0)+VLOOKUP('תפוקה מצטברת מול אשתקד'!A23,מור!A:K,9,0)+VLOOKUP('תפוקה מצטברת מול אשתקד'!A23,'אלטשולר שחם'!A:K,9,0)+VLOOKUP('תפוקה מצטברת מול אשתקד'!A23,'מדיהו '!A:K,9,0)+VLOOKUP('תפוקה מצטברת מול אשתקד'!A23,'אנליסט '!A:K,9,0)+VLOOKUP('תפוקה מצטברת מול אשתקד'!A23,'מיטב דש'!A:K,9,0)+VLOOKUP('תפוקה מצטברת מול אשתקד'!A23,אינפניטי!A:K,9,0) -> 93742.368 | N23: =VLOOKUP(A23,הכשרה!A:K,10,0)+VLOOKUP('תפוקה מצטברת מול אשתקד'!A23,מגדל!A:K,10,0)+VLOOKUP('תפוקה מצטברת מול אשתקד'!A23,מנורה!A:K,10,0)+VLOOKUP('תפוקה מצטברת מול אשתקד'!A23,איילון!A:K,10,0)+VLOOKUP('תפוקה מצטברת מול אשתקד'!A23,הראל!A:K,10,0)+VLOOKUP('תפוקה מצטברת מול אשתקד'!A23,הפניקס!A:K,10,0)+VLOOKUP('תפוקה מצטברת מול אשתקד'!A23,כלל!A:K,10,0)+VLOOKUP('תפוקה מצטברת מול אשתקד'!A23,מור!A:K,10,0)+VLOOKUP('תפוקה מצטברת מול אשתקד'!A23,'אלטשולר שחם'!A:K,10,0)+VLOOKUP('תפוקה מצטברת מול אשתקד'!A23,'מדיהו '!A:K,10,0)+VLOOKUP('תפוקה מצטברת מול אשתקד'!A23,'אנליסט '!A:K,10,0)+VLOOKUP('תפוקה מצטברת מול אשתקד'!A23,'מיטב דש'!A:K,10,0)+VLOOKUP('תפוקה מצטברת מול אשתקד'!A23,אינפניטי!A:K,10,0) -> 1138531.5 | O23: =VLOOKUP(A23,הכשרה!A:K,11,0)+VLOOKUP('תפוקה מצטברת מול אשתקד'!A23,מגדל!A:K,11,0)+VLOOKUP('תפוקה מצטברת מול אשתקד'!A23,מנורה!A:K,11,0)+VLOOKUP('תפוקה מצטברת מול אשתקד'!A23,איילון!A:K,11,0)+VLOOKUP('תפוקה מצטברת מול אשתקד'!A23,הראל!A:K,11,0)+VLOOKUP('תפוקה מצטברת מול אשתקד'!A23,הפניקס!A:K,11,0)+VLOOKUP('תפוקה מצטברת מול אשתקד'!A23,כלל!A:K,11,0)+VLOOKUP('תפוקה מצטברת מול אשתקד'!A23,מור!A:K,11,0)+VLOOKUP('תפוקה מצטברת מול אשתקד'!A23,'אלטשולר שחם'!A:K,11,0)+VLOOKUP('תפוקה מצטברת מול אשתקד'!A23,'מדיהו '!A:K,11,0)+VLOOKUP('תפוקה מצטברת מול אשתקד'!A23,'אנליסט '!A:K,11,0)+VLOOKUP('תפוקה מצטברת מול אשתקד'!A23,'מיטב דש'!A:K,11,0)+VLOOKUP('תפוקה מצטברת מול אשתקד'!A23,אינפניטי!A:K,11,0) -> 2597440.3
A24: גרניק בנימין | B24: ערן גירוני | C24: סוכנים | D24: =IF(H24=0,0%,IF(L24=0,100%,H24/L24-1)) -> 0 | E24: =IF(I24=0,0%,IF(M24=0,100%,I24/M24-1)) -> 1 | F24: =IF(J24=0,0%,IF(N24=0,100%,J24/N24-1)) -> 0 | G24: =IF(K24=0,0%,IF(O24=H47,100%,K24/O24-1)) -> -0.98433287 | H24: =VLOOKUP(A24,הכשרה!A:G,4,0)+VLOOKUP('תפוקה מצטברת מול אשתקד'!A24,מגדל!A:G,4,0)+VLOOKUP('תפוקה מצטברת מול אשתקד'!A24,מנורה!A:G,4,0)+VLOOKUP('תפוקה מצטברת מול אשתקד'!A24,איילון!A:G,4,0)+VLOOKUP('תפוקה מצטברת מול אשתקד'!A24,הראל!A:G,4,0)+VLOOKUP('תפוקה מצטברת מול אשתקד'!A24,הפניקס!A:G,4,0)+VLOOKUP('תפוקה מצטברת מול אשתקד'!A24,כלל!A:G,4,0)+VLOOKUP('תפוקה מצטברת מול אשתקד'!A24,מור!A:G,4,0)+VLOOKUP('תפוקה מצטברת מול אשתקד'!A24,'אלטשולר שחם'!A:G,4,0)+VLOOKUP('תפוקה מצטברת מול אשתקד'!A24,'מדיהו '!A:G,4,0)+VLOOKUP('תפוקה מצטברת מול אשתקד'!A24,'אנליסט '!A:G,4,0)+VLOOKUP('תפוקה מצטברת מול אשתקד'!A24,'מיטב דש'!A:G,4,0)+VLOOKUP('תפוקה מצטברת מול אשתקד'!A24,אינפניטי!A:G,4,0) -> 0 | I24: =VLOOKUP(A24,הכשרה!A:G,5,0)+VLOOKUP('תפוקה מצטברת מול אשתקד'!A24,מגדל!A:G,5,0)+VLOOKUP('תפוקה מצטברת מול אשתקד'!A24,מנורה!A:G,5,0)+VLOOKUP('תפוקה מצטברת מול אשתקד'!A24,איילון!A:G,5,0)+VLOOKUP('תפוקה מצטברת מול אשתקד'!A24,הראל!A:G,5,0)+VLOOKUP('תפוקה מצטברת מול אשתקד'!A24,הפניקס!A:G,5,0)+VLOOKUP('תפוקה מצטברת מול אשתקד'!A24,כלל!A:G,5,0)+VLOOKUP('תפוקה מצטברת מול אשתקד'!A24,מור!A:G,5,0)+VLOOKUP('תפוקה מצטברת מול אשתקד'!A24,'אלטשולר שחם'!A:G,5,0)+VLOOKUP('תפוקה מצטברת מול אשתקד'!A24,'מדיהו '!A:G,5,0)+VLOOKUP('תפוקה מצטברת מול אשתקד'!A24,'אנליסט '!A:G,5,0)+VLOOKUP('תפוקה מצטברת מול אשתקד'!A24,'מיטב דש'!A:G,5,0)+VLOOKUP('תפוקה מצטברת מול אשתקד'!A24,אינפניטי!A:G,5,0) -> 3071.9443 | J24: =VLOOKUP(A24,הכשרה!A:G,6,0)+VLOOKUP('תפוקה מצטברת מול אשתקד'!A24,מגדל!A:G,6,0)+VLOOKUP('תפוקה מצטברת מול אשתקד'!A24,מנורה!A:G,6,0)+VLOOKUP('תפוקה מצטברת מול אשתקד'!A24,איילון!A:G,6,0)+VLOOKUP(A24,הראל!A:G,6,0)+VLOOKUP('תפוקה מצטברת מול אשתקד'!A24,הפניקס!A:G,6,0)+VLOOKUP('תפוקה מצטברת מול אשתקד'!A24,כלל!A:G,6,0)+VLOOKUP('תפוקה מצטברת מול אשתקד'!A24,מור!A:G,6,0)+VLOOKUP('תפוקה מצטברת מול אשתקד'!A24,'אלטשולר שחם'!A:G,6,0)+VLOOKUP('תפוקה מצטברת מול אשתקד'!A24,'מדיהו '!A:G,6,0)+VLOOKUP('תפוקה מצטברת מול אשתקד'!A24,'אנליסט '!A:G,6,0)+VLOOKUP('תפוקה מצטברת מול אשתקד'!A24,'מיטב דש'!A:G,6,0)+VLOOKUP('תפוקה מצטברת מול אשתקד'!A24,אינפניטי!A:G,6,0) -> 0 | K24: =VLOOKUP(A24,הכשרה!A:G,7,0)+VLOOKUP('תפוקה מצטברת מול אשתקד'!A24,מגדל!A:G,7,0)+VLOOKUP('תפוקה מצטברת מול אשתקד'!A24,מנורה!A:G,7,0)+VLOOKUP('תפוקה מצטברת מול אשתקד'!A24,איילון!A:G,7,0)+VLOOKUP('תפוקה מצטברת מול אשתקד'!A24,הראל!A:G,7,0)+VLOOKUP('תפוקה מצטברת מול אשתקד'!A24,הפניקס!A:G,7,0)+VLOOKUP('תפוקה מצטברת מול אשתקד'!A24,כלל!A:G,7,0)+VLOOKUP('תפוקה מצטברת מול אשתקד'!A24,מור!A:G,7,0)+VLOOKUP('תפוקה מצטברת מול אשתקד'!A24,'אלטשולר שחם'!A:G,7,0)+VLOOKUP('תפוקה מצטברת מול אשתקד'!A24,'מדיהו '!A:K,7,0)+VLOOKUP(A24,'אנליסט '!A:G,7,0)+VLOOKUP('תפוקה מצטברת מול אשתקד'!A24,'מיטב דש'!A:G,7,0)+VLOOKUP('תפוקה מצטברת מול אשתקד'!A24,אינפניטי!A:G,7,0) -> -11711.17 | L24: =VLOOKUP(A24,הכשרה!A:K,8,0)+VLOOKUP('תפוקה מצטברת מול אשתקד'!A24,מגדל!A:K,8,0)+VLOOKUP('תפוקה מצטברת מול אשתקד'!A24,מנורה!A:K,8,0)+VLOOKUP('תפוקה מצטברת מול אשתקד'!A24,איילון!A:K,8,0)+VLOOKUP('תפוקה מצטברת מול אשתקד'!A24,הראל!A:K,8,0)+VLOOKUP('תפוקה מצטברת מול אשתקד'!A24,הפניקס!A:K,8,0)+VLOOKUP('תפוקה מצטברת מול אשתקד'!A24,כלל!A:K,8,0)+VLOOKUP('תפוקה מצטברת מול אשתקד'!A24,מור!A:K,8,0)+VLOOKUP('תפוקה מצטברת מול אשתקד'!A24,'אלטשולר שחם'!A:K,8,0)+VLOOKUP('תפוקה מצטברת מול אשתקד'!A24,'מדיהו '!A:K,8,0)+VLOOKUP('תפוקה מצטברת מול אשתקד'!A24,'אנליסט '!A:K,8,0)+VLOOKUP('תפוקה מצטברת מול אשתקד'!A24,'מיטב דש'!A:K,8,0)+VLOOKUP('תפוקה מצטברת מול אשתקד'!A24,אינפניטי!A:K,8,0) -> 13822.039 | M24: =VLOOKUP(A24,הכשרה!A:K,9,0)+VLOOKUP('תפוקה מצטברת מול אשתקד'!A24,מגדל!A:K,9,0)+VLOOKUP('תפוקה מצטברת מול אשתקד'!A24,מנורה!A:K,9,0)+VLOOKUP('תפוקה מצטברת מול אשתקד'!A24,איילון!A:K,9,0)+VLOOKUP('תפוקה מצטברת מול אשתקד'!A24,הראל!A:K,9,0)+VLOOKUP('תפוקה מצטברת מול אשתקד'!A24,הפניקס!A:K,9,0)+VLOOKUP('תפוקה מצטברת מול אשתקד'!A24,כלל!A:K,9,0)+VLOOKUP('תפוקה מצטברת מול אשתקד'!A24,מור!A:K,9,0)+VLOOKUP('תפוקה מצטברת מול אשתקד'!A24,'אלטשולר שחם'!A:K,9,0)+VLOOKUP('תפוקה מצטברת מול אשתקד'!A24,'מדיהו '!A:K,9,0)+VLOOKUP('תפוקה מצטברת מול אשתקד'!A24,'אנליסט '!A:K,9,0)+VLOOKUP('תפוקה מצטברת מול אשתקד'!A24,'מיטב דש'!A:K,9,0)+VLOOKUP('תפוקה מצטברת מול אשתקד'!A24,אינפניטי!A:K,9,0) -> 0 | N24: =VLOOKUP(A24,הכשרה!A:K,10,0)+VLOOKUP('תפוקה מצטברת מול אשתקד'!A24,מגדל!A:K,10,0)+VLOOKUP('תפוקה מצטברת מול אשתקד'!A24,מנורה!A:K,10,0)+VLOOKUP('תפוקה מצטברת מול אשתקד'!A24,איילון!A:K,10,0)+VLOOKUP('תפוקה מצטברת מול אשתקד'!A24,הראל!A:K,10,0)+VLOOKUP('תפוקה מצטברת מול אשתקד'!A24,הפניקס!A:K,10,0)+VLOOKUP('תפוקה מצטברת מול אשתקד'!A24,כלל!A:K,10,0)+VLOOKUP('תפוקה מצטברת מול אשתקד'!A24,מור!A:K,10,0)+VLOOKUP('תפוקה מצטברת מול אשתקד'!A24,'אלטשולר שחם'!A:K,10,0)+VLOOKUP('תפוקה מצטברת מול אשתקד'!A24,'מדיהו '!A:K,10,0)+VLOOKUP('תפוקה מצטברת מול אשתקד'!A24,'אנליסט '!A:K,10,0)+VLOOKUP('תפוקה מצטברת מול אשתקד'!A24,'מיטב דש'!A:K,10,0)+VLOOKUP('תפוקה מצטברת מול אשתקד'!A24,אינפניטי!A:K,10,0) -> 0 | O24: =VLOOKUP(A24,הכשרה!A:K,11,0)+VLOOKUP('תפוקה מצטברת מול אשתקד'!A24,מגדל!A:K,11,0)+VLOOKUP('תפוקה מצטברת מול אשתקד'!A24,מנורה!A:K,11,0)+VLOOKUP('תפוקה מצטברת מול אשתקד'!A24,איילון!A:K,11,0)+VLOOKUP('תפוקה מצטברת מול אשתקד'!A24,הראל!A:K,11,0)+VLOOKUP('תפוקה מצטברת מול אשתקד'!A24,הפניקס!A:K,11,0)+VLOOKUP('תפוקה מצטברת מול אשתקד'!A24,כלל!A:K,11,0)+VLOOKUP('תפוקה מצטברת מול אשתקד'!A24,מור!A:K,11,0)+VLOOKUP('תפוקה מצטברת מול אשתקד'!A24,'אלטשולר שחם'!A:K,11,0)+VLOOKUP('תפוקה מצטברת מול אשתקד'!A24,'מדיהו '!A:K,11,0)+VLOOKUP('תפוקה מצטברת מול אשתקד'!A24,'אנליסט '!A:K,11,0)+VLOOKUP('תפוקה מצטברת מול אשתקד'!A24,'מיטב דש'!A:K,11,0)+VLOOKUP('תפוקה מצטברת מול אשתקד'!A24,אינפניטי!A:K,11,0) -> -747499.15
A25: סאוסן שלבי | B25: ערן גירוני | C25: סוכנים | D25: =IF(H25=0,0%,IF(L25=0,100%,H25/L25-1)) -> -0.63572574 | E25: =IF(I25=0,0%,IF(M25=0,100%,I25/M25-1)) -> -0.6696013 | F25: =IF(J25=0,0%,IF(N25=0,100%,J25/N25-1)) -> 0 | G25: =IF(K25=0,0%,IF(O25=H48,100%,K25/O25-1)) -> 0 | H25: =VLOOKUP(A25,הכשרה!A:G,4,0)+VLOOKUP('תפוקה מצטברת מול אשתקד'!A25,מגדל!A:G,4,0)+VLOOKUP('תפוקה מצטברת מול אשתקד'!A25,מנורה!A:G,4,0)+VLOOKUP('תפוקה מצטברת מול אשתקד'!A25,איילון!A:G,4,0)+VLOOKUP('תפוקה מצטברת מול אשתקד'!A25,הראל!A:G,4,0)+VLOOKUP('תפוקה מצטברת מול אשתקד'!A25,הפניקס!A:G,4,0)+VLOOKUP('תפוקה מצטברת מול אשתקד'!A25,כלל!A:G,4,0)+VLOOKUP('תפוקה מצטברת מול אשתקד'!A25,מור!A:G,4,0)+VLOOKUP('תפוקה מצטברת מול אשתקד'!A25,'אלטשולר שחם'!A:G,4,0)+VLOOKUP('תפוקה מצטברת מול אשתקד'!A25,'מדיהו '!A:G,4,0)+VLOOKUP('תפוקה מצטברת מול אשתקד'!A25,'אנליסט '!A:G,4,0)+VLOOKUP('תפוקה מצטברת מול אשתקד'!A25,'מיטב דש'!A:G,4,0)+VLOOKUP('תפוקה מצטברת מול אשתקד'!A25,אינפניטי!A:G,4,0) -> 13040.01 | I25: =VLOOKUP(A25,הכשרה!A:G,5,0)+VLOOKUP('תפוקה מצטברת מול אשתקד'!A25,מגדל!A:G,5,0)+VLOOKUP('תפוקה מצטברת מול אשתקד'!A25,מנורה!A:G,5,0)+VLOOKUP('תפוקה מצטברת מול אשתקד'!A25,איילון!A:G,5,0)+VLOOKUP('תפוקה מצטברת מול אשתקד'!A25,הראל!A:G,5,0)+VLOOKUP('תפוקה מצטברת מול אשתקד'!A25,הפניקס!A:G,5,0)+VLOOKUP('תפוקה מצטברת מול אשתקד'!A25,כלל!A:G,5,0)+VLOOKUP('תפוקה מצטברת מול אשתקד'!A25,מור!A:G,5,0)+VLOOKUP('תפוקה מצטברת מול אשתקד'!A25,'אלטשולר שחם'!A:G,5,0)+VLOOKUP('תפוקה מצטברת מול אשתקד'!A25,'מדיהו '!A:G,5,0)+VLOOKUP('תפוקה מצטברת מול אשתקד'!A25,'אנליסט '!A:G,5,0)+VLOOKUP('תפוקה מצטברת מול אשתקד'!A25,'מיטב דש'!A:G,5,0)+VLOOKUP('תפוקה מצטברת מול אשתקד'!A25,אינפניטי!A:G,5,0) -> 7422 | J25: =VLOOKUP(A25,הכשרה!A:G,6,0)+VLOOKUP('תפוקה מצטברת מול אשתקד'!A25,מגדל!A:G,6,0)+VLOOKUP('תפוקה מצטברת מול אשתקד'!A25,מנורה!A:G,6,0)+VLOOKUP('תפוקה מצטברת מול אשתקד'!A25,איילון!A:G,6,0)+VLOOKUP(A25,הראל!A:G,6,0)+VLOOKUP('תפוקה מצטברת מול אשתקד'!A25,הפניקס!A:G,6,0)+VLOOKUP('תפוקה מצטברת מול אשתקד'!A25,כלל!A:G,6,0)+VLOOKUP('תפוקה מצטברת מול אשתקד'!A25,מור!A:G,6,0)+VLOOKUP('תפוקה מצטברת מול אשתקד'!A25,'אלטשולר שחם'!A:G,6,0)+VLOOKUP('תפוקה מצטברת מול אשתקד'!A25,'מדיהו '!A:G,6,0)+VLOOKUP('תפוקה מצטברת מול אשתקד'!A25,'אנליסט '!A:G,6,0)+VLOOKUP('תפוקה מצטברת מול אשתקד'!A25,'מיטב דש'!A:G,6,0)+VLOOKUP('תפוקה מצטברת מול אשתקד'!A25,אינפניטי!A:G,6,0) -> 0 | K25: =VLOOKUP(A25,הכשרה!A:G,7,0)+VLOOKUP('תפוקה מצטברת מול אשתקד'!A25,מגדל!A:G,7,0)+VLOOKUP('תפוקה מצטברת מול אשתקד'!A25,מנורה!A:G,7,0)+VLOOKUP('תפוקה מצטברת מול אשתקד'!A25,איילון!A:G,7,0)+VLOOKUP('תפוקה מצטברת מול אשתקד'!A25,הראל!A:G,7,0)+VLOOKUP('תפוקה מצטברת מול אשתקד'!A25,הפניקס!A:G,7,0)+VLOOKUP('תפוקה מצטברת מול אשתקד'!A25,כלל!A:G,7,0)+VLOOKUP('תפוקה מצטברת מול אשתקד'!A25,מור!A:G,7,0)+VLOOKUP('תפוקה מצטברת מול אשתקד'!A25,'אלטשולר שחם'!A:G,7,0)+VLOOKUP('תפוקה מצטברת מול אשתקד'!A25,'מדיהו '!A:K,7,0)+VLOOKUP(A25,'אנליסט '!A:G,7,0)+VLOOKUP('תפוקה מצטברת מול אשתקד'!A25,'מיטב דש'!A:G,7,0)+VLOOKUP('תפוקה מצטברת מול אשתקד'!A25,אינפניטי!A:G,7,0) -> 0 | L25: =VLOOKUP(A25,הכשרה!A:K,8,0)+VLOOKUP('תפוקה מצטברת מול אשתקד'!A25,מגדל!A:K,8,0)+VLOOKUP('תפוקה מצטברת מול אשתקד'!A25,מנורה!A:K,8,0)+VLOOKUP('תפוקה מצטברת מול אשתקד'!A25,איילון!A:K,8,0)+VLOOKUP('תפוקה מצטברת מול אשתקד'!A25,הראל!A:K,8,0)+VLOOKUP('תפוקה מצטברת מול אשתקד'!A25,הפניקס!A:K,8,0)+VLOOKUP('תפוקה מצטברת מול אשתקד'!A25,כלל!A:K,8,0)+VLOOKUP('תפוקה מצטברת מול אשתקד'!A25,מור!A:K,8,0)+VLOOKUP('תפוקה מצטברת מול אשתקד'!A25,'אלטשולר שחם'!A:K,8,0)+VLOOKUP('תפוקה מצטברת מול אשתקד'!A25,'מדיהו '!A:K,8,0)+VLOOKUP('תפוקה מצטברת מול אשתקד'!A25,'אנליסט '!A:K,8,0)+VLOOKUP('תפוקה מצטברת מול אשתקד'!A25,'מיטב דש'!A:K,8,0)+VLOOKUP('תפוקה מצטברת מול אשתקד'!A25,אינפניטי!A:K,8,0) -> 35797.231 | M25: =VLOOKUP(A25,הכשרה!A:K,9,0)+VLOOKUP('תפוקה מצטברת מול אשתקד'!A25,מגדל!A:K,9,0)+VLOOKUP('תפוקה מצטברת מול אשתקד'!A25,מנורה!A:K,9,0)+VLOOKUP('תפוקה מצטברת מול אשתקד'!A25,איילון!A:K,9,0)+VLOOKUP('תפוקה מצטברת מול אשתקד'!A25,הראל!A:K,9,0)+VLOOKUP('תפוקה מצטברת מול אשתקד'!A25,הפניקס!A:K,9,0)+VLOOKUP('תפוקה מצטברת מול אשתקד'!A25,כלל!A:K,9,0)+VLOOKUP('תפוקה מצטברת מול אשתקד'!A25,מור!A:K,9,0)+VLOOKUP('תפוקה מצטברת מול אשתקד'!A25,'אלטשולר שחם'!A:K,9,0)+VLOOKUP('תפוקה מצטברת מול אשתקד'!A25,'מדיהו '!A:K,9,0)+VLOOKUP('תפוקה מצטברת מול אשתקד'!A25,'אנליסט '!A:K,9,0)+VLOOKUP('תפוקה מצטברת מול אשתקד'!A25,'מיטב דש'!A:K,9,0)+VLOOKUP('תפוקה מצטברת מול אשתקד'!A25,אינפניטי!A:K,9,0) -> 22463.769 | N25: =VLOOKUP(A25,הכשרה!A:K,10,0)+VLOOKUP('תפוקה מצטברת מול אשתקד'!A25,מגדל!A:K,10,0)+VLOOKUP('תפוקה מצטברת מול אשתקד'!A25,מנורה!A:K,10,0)+VLOOKUP('תפוקה מצטברת מול אשתקד'!A25,איילון!A:K,10,0)+VLOOKUP('תפוקה מצטברת מול אשתקד'!A25,הראל!A:K,10,0)+VLOOKUP('תפוקה מצטברת מול אשתקד'!A25,הפניקס!A:K,10,0)+VLOOKUP('תפוקה מצטברת מול אשתקד'!A25,כלל!A:K,10,0)+VLOOKUP('תפוקה מצטברת מול אשתקד'!A25,מור!A:K,10,0)+VLOOKUP('תפוקה מצטברת מול אשתקד'!A25,'אלטשולר שחם'!A:K,10,0)+VLOOKUP('תפוקה מצטברת מול אשתקד'!A25,'מדיהו '!A:K,10,0)+VLOOKUP('תפוקה מצטברת מול אשתקד'!A25,'אנליסט '!A:K,10,0)+VLOOKUP('תפוקה מצטברת מול אשתקד'!A25,'מיטב דש'!A:K,10,0)+VLOOKUP('תפוקה מצטברת מול אשתקד'!A25,אינפניטי!A:K,10,0) -> 29947.162 | O25: =VLOOKUP(A25,הכשרה!A:K,11,0)+VLOOKUP('תפוקה מצטברת מול אשתקד'!A25,מגדל!A:K,11,0)+VLOOKUP('תפוקה מצטברת מול אשתקד'!A25,מנורה!A:K,11,0)+VLOOKUP('תפוקה מצטברת מול אשתקד'!A25,איילון!A:K,11,0)+VLOOKUP('תפוקה מצטברת מול אשתקד'!A25,הראל!A:K,11,0)+VLOOKUP('תפוקה מצטברת מול אשתקד'!A25,הפניקס!A:K,11,0)+VLOOKUP('תפוקה מצטברת מול אשתקד'!A25,כלל!A:K,11,0)+VLOOKUP('תפוקה מצטברת מול אשתקד'!A25,מור!A:K,11,0)+VLOOKUP('תפוקה מצטברת מול אשתקד'!A25,'אלטשולר שחם'!A:K,11,0)+VLOOKUP('תפוקה מצטברת מול אשתקד'!A25,'מדיהו '!A:K,11,0)+VLOOKUP('תפוקה מצטברת מול אשתקד'!A25,'אנליסט '!A:K,11,0)+VLOOKUP('תפוקה מצטברת מול אשתקד'!A25,'מיטב דש'!A:K,11,0)+VLOOKUP('תפוקה מצטברת מול אשתקד'!A25,אינפניטי!A:K,11,0) -> -2249.41
A26: סברא סמיר | B26: ערן גירוני | C26: סוכנים | D26: =IF(H26=0,0%,IF(L26=0,100%,H26/L26-1)) -> 1.9476137 | E26: =IF(I26=0,0%,IF(M26=0,100%,I26/M26-1)) -> 0.08358614 | F26: =IF(J26=0,0%,IF(N26=0,100%,J26/N26-1)) -> -0.23219002 | G26: =IF(K26=0,0%,IF(O26=H49,100%,K26/O26-1)) -> 1.1963113 | H26: =VLOOKUP(A26,הכשרה!A:G,4,0)+VLOOKUP('תפוקה מצטברת מול אשתקד'!A26,מגדל!A:G,4,0)+VLOOKUP('תפוקה מצטברת מול אשתקד'!A26,מנורה!A:G,4,0)+VLOOKUP('תפוקה מצטברת מול אשתקד'!A26,איילון!A:G,4,0)+VLOOKUP('תפוקה מצטברת מול אשתקד'!A26,הראל!A:G,4,0)+VLOOKUP('תפוקה מצטברת מול אשתקד'!A26,הפניקס!A:G,4,0)+VLOOKUP('תפוקה מצטברת מול אשתקד'!A26,כלל!A:G,4,0)+VLOOKUP('תפוקה מצטברת מול אשתקד'!A26,מור!A:G,4,0)+VLOOKUP('תפוקה מצטברת מול אשתקד'!A26,'אלטשולר שחם'!A:G,4,0)+VLOOKUP('תפוקה מצטברת מול אשתקד'!A26,'מדיהו '!A:G,4,0)+VLOOKUP('תפוקה מצטברת מול אשתקד'!A26,'אנליסט '!A:G,4,0)+VLOOKUP('תפוקה מצטברת מול אשתקד'!A26,'מיטב דש'!A:G,4,0)+VLOOKUP('תפוקה מצטברת מול אשתקד'!A26,אינפניטי!A:G,4,0) -> 860245.39 | I26: =VLOOKUP(A26,הכשרה!A:G,5,0)+VLOOKUP('תפוקה מצטברת מול אשתקד'!A26,מגדל!A:G,5,0)+VLOOKUP('תפוקה מצטברת מול אשתקד'!A26,מנורה!A:G,5,0)+VLOOKUP('תפוקה מצטברת מול אשתקד'!A26,איילון!A:G,5,0)+VLOOKUP('תפוקה מצטברת מול אשתקד'!A26,הראל!A:G,5,0)+VLOOKUP('תפוקה מצטברת מול אשתקד'!A26,הפניקס!A:G,5,0)+VLOOKUP('תפוקה מצטברת מול אשתקד'!A26,כלל!A:G,5,0)+VLOOKUP('תפוקה מצטברת מול אשתקד'!A26,מור!A:G,5,0)+VLOOKUP('תפוקה מצטברת מול אשתקד'!A26,'אלטשולר שחם'!A:G,5,0)+VLOOKUP('תפוקה מצטברת מול אשתקד'!A26,'מדיהו '!A:G,5,0)+VLOOKUP('תפוקה מצטברת מול אשתקד'!A26,'אנליסט '!A:G,5,0)+VLOOKUP('תפוקה מצטברת מול אשתקד'!A26,'מיטב דש'!A:G,5,0)+VLOOKUP('תפוקה מצטברת מול אשתקד'!A26,אינפניטי!A:G,5,0) -> 81849.69 | J26: =VLOOKUP(A26,הכשרה!A:G,6,0)+VLOOKUP('תפוקה מצטברת מול אשתקד'!A26,מגדל!A:G,6,0)+VLOOKUP('תפוקה מצטברת מול אשתקד'!A26,מנורה!A:G,6,0)+VLOOKUP('תפוקה מצטברת מול אשתקד'!A26,איילון!A:G,6,0)+VLOOKUP(A26,הראל!A:G,6,0)+VLOOKUP('תפוקה מצטברת מול אשתקד'!A26,הפניקס!A:G,6,0)+VLOOKUP('תפוקה מצטברת מול אשתקד'!A26,כלל!A:G,6,0)+VLOOKUP('תפוקה מצטברת מול אשתקד'!A26,מור!A:G,6,0)+VLOOKUP('תפוקה מצטברת מול אשתקד'!A26,'אלטשולר שחם'!A:G,6,0)+VLOOKUP('תפוקה מצטברת מול אשתקד'!A26,'מדיהו '!A:G,6,0)+VLOOKUP('תפוקה מצטברת מול אשתקד'!A26,'אנליסט '!A:G,6,0)+VLOOKUP('תפוקה מצטברת מול אשתקד'!A26,'מיטב דש'!A:G,6,0)+VLOOKUP('תפוקה מצטברת מול אשתקד'!A26,אינפניטי!A:G,6,0) -> 429319.03 | K26: =VLOOKUP(A26,הכשרה!A:G,7,0)+VLOOKUP('תפוקה מצטברת מול אשתקד'!A26,מגדל!A:G,7,0)+VLOOKUP('תפוקה מצטברת מול אשתקד'!A26,מנורה!A:G,7,0)+VLOOKUP('תפוקה מצטברת מול אשתקד'!A26,איילון!A:G,7,0)+VLOOKUP('תפוקה מצטברת מול אשתקד'!A26,הראל!A:G,7,0)+VLOOKUP('תפוקה מצטברת מול אשתקד'!A26,הפניקס!A:G,7,0)+VLOOKUP('תפוקה מצטברת מול אשתקד'!A26,כלל!A:G,7,0)+VLOOKUP('תפוקה מצטברת מול אשתקד'!A26,מור!A:G,7,0)+VLOOKUP('תפוקה מצטברת מול אשתקד'!A26,'אלטשולר שחם'!A:G,7,0)+VLOOKUP('תפוקה מצטברת מול אשתקד'!A26,'מדיהו '!A:K,7,0)+VLOOKUP(A26,'אנליסט '!A:G,7,0)+VLOOKUP('תפוקה מצטברת מול אשתקד'!A26,'מיטב דש'!A:G,7,0)+VLOOKUP('תפוקה מצטברת מול אשתקד'!A26,אינפניטי!A:G,7,0) -> 1337539.4 | L26: =VLOOKUP(A26,הכשרה!A:K,8,0)+VLOOKUP('תפוקה מצטברת מול אשתקד'!A26,מגדל!A:K,8,0)+VLOOKUP('תפוקה מצטברת מול אשתקד'!A26,מנורה!A:K,8,0)+VLOOKUP('תפוקה מצטברת מול אשתקד'!A26,איילון!A:K,8,0)+VLOOKUP('תפוקה מצטברת מול אשתקד'!A26,הראל!A:K,8,0)+VLOOKUP('תפוקה מצטברת מול אשתקד'!A26,הפניקס!A:K,8,0)+VLOOKUP('תפוקה מצטברת מול אשתקד'!A26,כלל!A:K,8,0)+VLOOKUP('תפוקה מצטברת מול אשתקד'!A26,מור!A:K,8,0)+VLOOKUP('תפוקה מצטברת מול אשתקד'!A26,'אלטשולר שחם'!A:K,8,0)+VLOOKUP('תפוקה מצטברת מול אשתקד'!A26,'מדיהו '!A:K,8,0)+VLOOKUP('תפוקה מצטברת מול אשתקד'!A26,'אנליסט '!A:K,8,0)+VLOOKUP('תפוקה מצטברת מול אשתקד'!A26,'מיטב דש'!A:K,8,0)+VLOOKUP('תפוקה מצטברת מול אשתקד'!A26,אינפניטי!A:K,8,0) -> 291844.68 | M26: =VLOOKUP(A26,הכשרה!A:K,9,0)+VLOOKUP('תפוקה מצטברת מול אשתקד'!A26,מגדל!A:K,9,0)+VLOOKUP('תפוקה מצטברת מול אשתקד'!A26,מנורה!A:K,9,0)+VLOOKUP('תפוקה מצטברת מול אשתקד'!A26,איילון!A:K,9,0)+VLOOKUP('תפוקה מצטברת מול אשתקד'!A26,הראל!A:K,9,0)+VLOOKUP('תפוקה מצטברת מול אשתקד'!A26,הפניקס!A:K,9,0)+VLOOKUP('תפוקה מצטברת מול אשתקד'!A26,כלל!A:K,9,0)+VLOOKUP('תפוקה מצטברת מול אשתקד'!A26,מור!A:K,9,0)+VLOOKUP('תפוקה מצטברת מול אשתקד'!A26,'אלטשולר שחם'!A:K,9,0)+VLOOKUP('תפוקה מצטברת מול אשתקד'!A26,'מדיהו '!A:K,9,0)+VLOOKUP('תפוקה מצטברת מול אשתקד'!A26,'אנליסט '!A:K,9,0)+VLOOKUP('תפוקה מצטברת מול אשתקד'!A26,'מיטב דש'!A:K,9,0)+VLOOKUP('תפוקה מצטברת מול אשתקד'!A26,אינפניטי!A:K,9,0) -> 75535.933 | N26: =VLOOKUP(A26,הכשרה!A:K,10,0)+VLOOKUP('תפוקה מצטברת מול אשתקד'!A26,מגדל!A:K,10,0)+VLOOKUP('תפוקה מצטברת מול אשתקד'!A26,מנורה!A:K,10,0)+VLOOKUP('תפוקה מצטברת מול אשתקד'!A26,איילון!A:K,10,0)+VLOOKUP('תפוקה מצטברת מול אשתקד'!A26,הראל!A:K,10,0)+VLOOKUP('תפוקה מצטברת מול אשתקד'!A26,הפניקס!A:K,10,0)+VLOOKUP('תפוקה מצטברת מול אשתקד'!A26,כלל!A:K,10,0)+VLOOKUP('תפוקה מצטברת מול אשתקד'!A26,מור!A:K,10,0)+VLOOKUP('תפוקה מצטברת מול אשתקד'!A26,'אלטשולר שחם'!A:K,10,0)+VLOOKUP('תפוקה מצטברת מול אשתקד'!A26,'מדיהו '!A:K,10,0)+VLOOKUP('תפוקה מצטברת מול אשתקד'!A26,'אנליסט '!A:K,10,0)+VLOOKUP('תפוקה מצטברת מול אשתקד'!A26,'מיטב דש'!A:K,10,0)+VLOOKUP('תפוקה מצטברת מול אשתקד'!A26,אינפניטי!A:K,10,0) -> 559147.5 | O26: =VLOOKUP(A26,הכשרה!A:K,11,0)+VLOOKUP('תפוקה מצטברת מול אשתקד'!A26,מגדל!A:K,11,0)+VLOOKUP('תפוקה מצטברת מול אשתקד'!A26,מנורה!A:K,11,0)+VLOOKUP('תפוקה מצטברת מול אשתקד'!A26,איילון!A:K,11,0)+VLOOKUP('תפוקה מצטברת מול אשתקד'!A26,הראל!A:K,11,0)+VLOOKUP('תפוקה מצטברת מול אשתקד'!A26,הפניקס!A:K,11,0)+VLOOKUP('תפוקה מצטברת מול אשתקד'!A26,כלל!A:K,11,0)+VLOOKUP('תפוקה מצטברת מול אשתקד'!A26,מור!A:K,11,0)+VLOOKUP('תפוקה מצטברת מול אשתקד'!A26,'אלטשולר שחם'!A:K,11,0)+VLOOKUP('תפוקה מצטברת מול אשתקד'!A26,'מדיהו '!A:K,11,0)+VLOOKUP('תפוקה מצטברת מול אשתקד'!A26,'אנליסט '!A:K,11,0)+VLOOKUP('תפוקה מצטברת מול אשתקד'!A26,'מיטב דש'!A:K,11,0)+VLOOKUP('תפוקה מצטברת מול אשתקד'!A26,אינפניטי!A:K,11,0) -> 608993.53
A27: ריזק חלבי | B27: ערן גירוני | C27: סוכנים | D27: =IF(H27=0,0%,IF(L27=0,100%,H27/L27-1)) -> -0.64631767 | E27: =IF(I27=0,0%,IF(M27=0,100%,I27/M27-1)) -> 0.67364314 | F27: =IF(J27=0,0%,IF(N27=0,100%,J27/N27-1)) -> 6.9150811 | G27: =IF(K27=0,0%,IF(O27=H50,100%,K27/O27-1)) -> 0.51234666 | H27: =VLOOKUP(A27,הכשרה!A:G,4,0)+VLOOKUP('תפוקה מצטברת מול אשתקד'!A27,מגדל!A:G,4,0)+VLOOKUP('תפוקה מצטברת מול אשתקד'!A27,מנורה!A:G,4,0)+VLOOKUP('תפוקה מצטברת מול אשתקד'!A27,איילון!A:G,4,0)+VLOOKUP('תפוקה מצטברת מול אשתקד'!A27,הראל!A:G,4,0)+VLOOKUP('תפוקה מצטברת מול אשתקד'!A27,הפניקס!A:G,4,0)+VLOOKUP('תפוקה מצטברת מול אשתקד'!A27,כלל!A:G,4,0)+VLOOKUP('תפוקה מצטברת מול אשתקד'!A27,מור!A:G,4,0)+VLOOKUP('תפוקה מצטברת מול אשתקד'!A27,'אלטשולר שחם'!A:G,4,0)+VLOOKUP('תפוקה מצטברת מול אשתקד'!A27,'מדיהו '!A:G,4,0)+VLOOKUP('תפוקה מצטברת מול אשתקד'!A27,'אנליסט '!A:G,4,0)+VLOOKUP('תפוקה מצטברת מול אשתקד'!A27,'מיטב דש'!A:G,4,0)+VLOOKUP('תפוקה מצטברת מול אשתקד'!A27,אינפניטי!A:G,4,0) -> 45989.428 | I27: =VLOOKUP(A27,הכשרה!A:G,5,0)+VLOOKUP('תפוקה מצטברת מול אשתקד'!A27,מגדל!A:G,5,0)+VLOOKUP('תפוקה מצטברת מול אשתקד'!A27,מנורה!A:G,5,0)+VLOOKUP('תפוקה מצטברת מול אשתקד'!A27,איילון!A:G,5,0)+VLOOKUP('תפוקה מצטברת מול אשתקד'!A27,הראל!A:G,5,0)+VLOOKUP('תפוקה מצטברת מול אשתקד'!A27,הפניקס!A:G,5,0)+VLOOKUP('תפוקה מצטברת מול אשתקד'!A27,כלל!A:G,5,0)+VLOOKUP('תפוקה מצטברת מול אשתקד'!A27,מור!A:G,5,0)+VLOOKUP('תפוקה מצטברת מול אשתקד'!A27,'אלטשולר שחם'!A:G,5,0)+VLOOKUP('תפוקה מצטברת מול אשתקד'!A27,'מדיהו '!A:G,5,0)+VLOOKUP('תפוקה מצטברת מול אשתקד'!A27,'אנליסט '!A:G,5,0)+VLOOKUP('תפוקה מצטברת מול אשתקד'!A27,'מיטב דש'!A:G,5,0)+VLOOKUP('תפוקה מצטברת מול אשתקד'!A27,אינפניטי!A:G,5,0) -> 63281.146 | J27: =VLOOKUP(A27,הכשרה!A:G,6,0)+VLOOKUP('תפוקה מצטברת מול אשתקד'!A27,מגדל!A:G,6,0)+VLOOKUP('תפוקה מצטברת מול אשתקד'!A27,מנורה!A:G,6,0)+VLOOKUP('תפוקה מצטברת מול אשתקד'!A27,איילון!A:G,6,0)+VLOOKUP(A27,הראל!A:G,6,0)+VLOOKUP('תפוקה מצטברת מול אשתקד'!A27,הפניקס!A:G,6,0)+VLOOKUP('תפוקה מצטברת מול אשתקד'!A27,כלל!A:G,6,0)+VLOOKUP('תפוקה מצטברת מול אשתקד'!A27,מור!A:G,6,0)+VLOOKUP('תפוקה מצטברת מול אשתקד'!A27,'אלטשולר שחם'!A:G,6,0)+VLOOKUP('תפוקה מצטברת מול אשתקד'!A27,'מדיהו '!A:G,6,0)+VLOOKUP('תפוקה מצטברת מול אשתקד'!A27,'אנליסט '!A:G,6,0)+VLOOKUP('תפוקה מצטברת מול אשתקד'!A27,'מיטב דש'!A:G,6,0)+VLOOKUP('תפוקה מצטברת מול אשתקד'!A27,אינפניטי!A:G,6,0) -> 100000 | K27: =VLOOKUP(A27,הכשרה!A:G,7,0)+VLOOKUP('תפוקה מצטברת מול אשתקד'!A27,מגדל!A:G,7,0)+VLOOKUP('תפוקה מצטברת מול אשתקד'!A27,מנורה!A:G,7,0)+VLOOKUP('תפוקה מצטברת מול אשתקד'!A27,איילון!A:G,7,0)+VLOOKUP('תפוקה מצטברת מול אשתקד'!A27,הראל!A:G,7,0)+VLOOKUP('תפוקה מצטברת מול אשתקד'!A27,הפניקס!A:G,7,0)+VLOOKUP('תפוקה מצטברת מול אשתקד'!A27,כלל!A:G,7,0)+VLOOKUP('תפוקה מצטברת מול אשתקד'!A27,מור!A:G,7,0)+VLOOKUP('תפוקה מצטברת מול אשתקד'!A27,'אלטשולר שחם'!A:G,7,0)+VLOOKUP('תפוקה מצטברת מול אשתקד'!A27,'מדיהו '!A:K,7,0)+VLOOKUP(A27,'אנליסט '!A:G,7,0)+VLOOKUP('תפוקה מצטברת מול אשתקד'!A27,'מיטב דש'!A:G,7,0)+VLOOKUP('תפוקה מצטברת מול אשתקד'!A27,אינפניטי!A:G,7,0) -> 190903.65 | L27: =VLOOKUP(A27,הכשרה!A:K,8,0)+VLOOKUP('תפוקה מצטברת מול אשתקד'!A27,מגדל!A:K,8,0)+VLOOKUP('תפוקה מצטברת מול אשתקד'!A27,מנורה!A:K,8,0)+VLOOKUP('תפוקה מצטברת מול אשתקד'!A27,איילון!A:K,8,0)+VLOOKUP('תפוקה מצטברת מול אשתקד'!A27,הראל!A:K,8,0)+VLOOKUP('תפוקה מצטברת מול אשתקד'!A27,הפניקס!A:K,8,0)+VLOOKUP('תפוקה מצטברת מול אשתקד'!A27,כלל!A:K,8,0)+VLOOKUP('תפוקה מצטברת מול אשתקד'!A27,מור!A:K,8,0)+VLOOKUP('תפוקה מצטברת מול אשתקד'!A27,'אלטשולר שחם'!A:K,8,0)+VLOOKUP('תפוקה מצטברת מול אשתקד'!A27,'מדיהו '!A:K,8,0)+VLOOKUP('תפוקה מצטברת מול אשתקד'!A27,'אנליסט '!A:K,8,0)+VLOOKUP('תפוקה מצטברת מול אשתקד'!A27,'מיטב דש'!A:K,8,0)+VLOOKUP('תפוקה מצטברת מול אשתקד'!A27,אינפניטי!A:K,8,0) -> 130030.32 | M27: =VLOOKUP(A27,הכשרה!A:K,9,0)+VLOOKUP('תפוקה מצטברת מול אשתקד'!A27,מגדל!A:K,9,0)+VLOOKUP('תפוקה מצטברת מול אשתקד'!A27,מנורה!A:K,9,0)+VLOOKUP('תפוקה מצטברת מול אשתקד'!A27,איילון!A:K,9,0)+VLOOKUP('תפוקה מצטברת מול אשתקד'!A27,הראל!A:K,9,0)+VLOOKUP('תפוקה מצטברת מול אשתקד'!A27,הפניקס!A:K,9,0)+VLOOKUP('תפוקה מצטברת מול אשתקד'!A27,כלל!A:K,9,0)+VLOOKUP('תפוקה מצטברת מול אשתקד'!A27,מור!A:K,9,0)+VLOOKUP('תפוקה מצטברת מול אשתקד'!A27,'אלטשולר שחם'!A:K,9,0)+VLOOKUP('תפוקה מצטברת מול אשתקד'!A27,'מדיהו '!A:K,9,0)+VLOOKUP('תפוקה מצטברת מול אשתקד'!A27,'אנליסט '!A:K,9,0)+VLOOKUP('תפוקה מצטברת מול אשתקד'!A27,'מיטב דש'!A:K,9,0)+VLOOKUP('תפוקה מצטברת מול אשתקד'!A27,אינפניטי!A:K,9,0) -> 37810.417 | N27: =VLOOKUP(A27,הכשרה!A:K,10,0)+VLOOKUP('תפוקה מצטברת מול אשתקד'!A27,מגדל!A:K,10,0)+VLOOKUP('תפוקה מצטברת מול אשתקד'!A27,מנורה!A:K,10,0)+VLOOKUP('תפוקה מצטברת מול אשתקד'!A27,איילון!A:K,10,0)+VLOOKUP('תפוקה מצטברת מול אשתקד'!A27,הראל!A:K,10,0)+VLOOKUP('תפוקה מצטברת מול אשתקד'!A27,הפניקס!A:K,10,0)+VLOOKUP('תפוקה מצטברת מול אשתקד'!A27,כלל!A:K,10,0)+VLOOKUP('תפוקה מצטברת מול אשתקד'!A27,מור!A:K,10,0)+VLOOKUP('תפוקה מצטברת מול אשתקד'!A27,'אלטשולר שחם'!A:K,10,0)+VLOOKUP('תפוקה מצטברת מול אשתקד'!A27,'מדיהו '!A:K,10,0)+VLOOKUP('תפוקה מצטברת מול אשתקד'!A27,'אנליסט '!A:K,10,0)+VLOOKUP('תפוקה מצטברת מול אשתקד'!A27,'מיטב דש'!A:K,10,0)+VLOOKUP('תפוקה מצטברת מול אשתקד'!A27,אינפניטי!A:K,10,0) -> 12634.109 | O27: =VLOOKUP(A27,הכשרה!A:K,11,0)+VLOOKUP('תפוקה מצטברת מול אשתקד'!A27,מגדל!A:K,11,0)+VLOOKUP('תפוקה מצטברת מול אשתקד'!A27,מנורה!A:K,11,0)+VLOOKUP('תפוקה מצטברת מול אשתקד'!A27,איילון!A:K,11,0)+VLOOKUP('תפוקה מצטברת מול אשתקד'!A27,הראל!A:K,11,0)+VLOOKUP('תפוקה מצטברת מול אשתקד'!A27,הפניקס!A:K,11,0)+VLOOKUP('תפוקה מצטברת מול אשתקד'!A27,כלל!A:K,11,0)+VLOOKUP('תפוקה מצטברת מול אשתקד'!A27,מור!A:K,11,0)+VLOOKUP('תפוקה מצטברת מול אשתקד'!A27,'אלטשולר שחם'!A:K,11,0)+VLOOKUP('תפוקה מצטברת מול אשתקד'!A27,'מדיהו '!A:K,11,0)+VLOOKUP('תפוקה מצטברת מול אשתקד'!A27,'אנליסט '!A:K,11,0)+VLOOKUP('תפוקה מצטברת מול אשתקד'!A27,'מיטב דש'!A:K,11,0)+VLOOKUP('תפוקה מצטברת מול אשתקד'!A27,אינפניטי!A:K,11,0) -> 126230.09
A28: שלבי מיסון | B28: ערן גירוני | C28: סוכנים | D28: =IF(H28=0,0%,IF(L28=0,100%,H28/L28-1)) -> -0.88556192 | E28: =IF(I28=0,0%,IF(M28=0,100%,I28/M28-1)) -> 0.18446087 | F28: =IF(J28=0,0%,IF(N28=0,100%,J28/N28-1)) -> 0.20695718 | G28: =IF(K28=0,0%,IF(O28=H51,100%,K28/O28-1)) -> -0.34350089 | H28: =VLOOKUP(A28,הכשרה!A:G,4,0)+VLOOKUP('תפוקה מצטברת מול אשתקד'!A28,מגדל!A:G,4,0)+VLOOKUP('תפוקה מצטברת מול אשתקד'!A28,מנורה!A:G,4,0)+VLOOKUP('תפוקה מצטברת מול אשתקד'!A28,איילון!A:G,4,0)+VLOOKUP('תפוקה מצטברת מול אשתקד'!A28,הראל!A:G,4,0)+VLOOKUP('תפוקה מצטברת מול אשתקד'!A28,הפניקס!A:G,4,0)+VLOOKUP('תפוקה מצטברת מול אשתקד'!A28,כלל!A:G,4,0)+VLOOKUP('תפוקה מצטברת מול אשתקד'!A28,מור!A:G,4,0)+VLOOKUP('תפוקה מצטברת מול אשתקד'!A28,'אלטשולר שחם'!A:G,4,0)+VLOOKUP('תפוקה מצטברת מול אשתקד'!A28,'מדיהו '!A:G,4,0)+VLOOKUP('תפוקה מצטברת מול אשתקד'!A28,'אנליסט '!A:G,4,0)+VLOOKUP('תפוקה מצטברת מול אשתקד'!A28,'מיטב דש'!A:G,4,0)+VLOOKUP('תפוקה מצטברת מול אשתקד'!A28,אינפניטי!A:G,4,0) -> 10074.41 | I28: =VLOOKUP(A28,הכשרה!A:G,5,0)+VLOOKUP('תפוקה מצטברת מול אשתקד'!A28,מגדל!A:G,5,0)+VLOOKUP('תפוקה מצטברת מול אשתקד'!A28,מנורה!A:G,5,0)+VLOOKUP('תפוקה מצטברת מול אשתקד'!A28,איילון!A:G,5,0)+VLOOKUP('תפוקה מצטברת מול אשתקד'!A28,הראל!A:G,5,0)+VLOOKUP('תפוקה מצטברת מול אשתקד'!A28,הפניקס!A:G,5,0)+VLOOKUP('תפוקה מצטברת מול אשתקד'!A28,כלל!A:G,5,0)+VLOOKUP('תפוקה מצטברת מול אשתקד'!A28,מור!A:G,5,0)+VLOOKUP('תפוקה מצטברת מול אשתקד'!A28,'אלטשולר שחם'!A:G,5,0)+VLOOKUP('תפוקה מצטברת מול אשתקד'!A28,'מדיהו '!A:G,5,0)+VLOOKUP('תפוקה מצטברת מול אשתקד'!A28,'אנליסט '!A:G,5,0)+VLOOKUP('תפוקה מצטברת מול אשתקד'!A28,'מיטב דש'!A:G,5,0)+VLOOKUP('תפוקה מצטברת מול אשתקד'!A28,אינפניטי!A:G,5,0) -> 43709.557 | J28: =VLOOKUP(A28,הכשרה!A:G,6,0)+VLOOKUP('תפוקה מצטברת מול אשתקד'!A28,מגדל!A:G,6,0)+VLOOKUP('תפוקה מצטברת מול אשתקד'!A28,מנורה!A:G,6,0)+VLOOKUP('תפוקה מצטברת מול אשתקד'!A28,איילון!A:G,6,0)+VLOOKUP(A28,הראל!A:G,6,0)+VLOOKUP('תפוקה מצטברת מול אשתקד'!A28,הפניקס!A:G,6,0)+VLOOKUP('תפוקה מצטברת מול אשתקד'!A28,כלל!A:G,6,0)+VLOOKUP('תפוקה מצטברת מול אשתקד'!A28,מור!A:G,6,0)+VLOOKUP('תפוקה מצטברת מול אשתקד'!A28,'אלטשולר שחם'!A:G,6,0)+VLOOKUP('תפוקה מצטברת מול אשתקד'!A28,'מדיהו '!A:G,6,0)+VLOOKUP('תפוקה מצטברת מול אשתקד'!A28,'אנליסט '!A:G,6,0)+VLOOKUP('תפוקה מצטברת מול אשתקד'!A28,'מיטב דש'!A:G,6,0)+VLOOKUP('תפוקה מצטברת מול אשתקד'!A28,אינפניטי!A:G,6,0) -> 144064.6 | K28: =VLOOKUP(A28,הכשרה!A:G,7,0)+VLOOKUP('תפוקה מצטברת מול אשתקד'!A28,מגדל!A:G,7,0)+VLOOKUP('תפוקה מצטברת מול אשתקד'!A28,מנורה!A:G,7,0)+VLOOKUP('תפוקה מצטברת מול אשתקד'!A28,איילון!A:G,7,0)+VLOOKUP('תפוקה מצטברת מול אשתקד'!A28,הראל!A:G,7,0)+VLOOKUP('תפוקה מצטברת מול אשתקד'!A28,הפניקס!A:G,7,0)+VLOOKUP('תפוקה מצטברת מול אשתקד'!A28,כלל!A:G,7,0)+VLOOKUP('תפוקה מצטברת מול אשתקד'!A28,מור!A:G,7,0)+VLOOKUP('תפוקה מצטברת מול אשתקד'!A28,'אלטשולר שחם'!A:G,7,0)+VLOOKUP('תפוקה מצטברת מול אשתקד'!A28,'מדיהו '!A:K,7,0)+VLOOKUP(A28,'אנליסט '!A:G,7,0)+VLOOKUP('תפוקה מצטברת מול אשתקד'!A28,'מיטב דש'!A:G,7,0)+VLOOKUP('תפוקה מצטברת מול אשתקד'!A28,אינפניטי!A:G,7,0) -> 59103.61 | L28: =VLOOKUP(A28,הכשרה!A:K,8,0)+VLOOKUP('תפוקה מצטברת מול אשתקד'!A28,מגדל!A:K,8,0)+VLOOKUP('תפוקה מצטברת מול אשתקד'!A28,מנורה!A:K,8,0)+VLOOKUP('תפוקה מצטברת מול אשתקד'!A28,איילון!A:K,8,0)+VLOOKUP('תפוקה מצטברת מול אשתקד'!A28,הראל!A:K,8,0)+VLOOKUP('תפוקה מצטברת מול אשתקד'!A28,הפניקס!A:K,8,0)+VLOOKUP('תפוקה מצטברת מול אשתקד'!A28,כלל!A:K,8,0)+VLOOKUP('תפוקה מצטברת מול אשתקד'!A28,מור!A:K,8,0)+VLOOKUP('תפוקה מצטברת מול אשתקד'!A28,'אלטשולר שחם'!A:K,8,0)+VLOOKUP('תפוקה מצטברת מול אשתקד'!A28,'מדיהו '!A:K,8,0)+VLOOKUP('תפוקה מצטברת מול אשתקד'!A28,'אנליסט '!A:K,8,0)+VLOOKUP('תפוקה מצטברת מול אשתקד'!A28,'מיטב דש'!A:K,8,0)+VLOOKUP('תפוקה מצטברת מול אשתקד'!A28,אינפניטי!A:K,8,0) -> 88033.72 | M28: =VLOOKUP(A28,הכשרה!A:K,9,0)+VLOOKUP('תפוקה מצטברת מול אשתקד'!A28,מגדל!A:K,9,0)+VLOOKUP('תפוקה מצטברת מול אשתקד'!A28,מנורה!A:K,9,0)+VLOOKUP('תפוקה מצטברת מול אשתקד'!A28,איילון!A:K,9,0)+VLOOKUP('תפוקה מצטברת מול אשתקד'!A28,הראל!A:K,9,0)+VLOOKUP('תפוקה מצטברת מול אשתקד'!A28,הפניקס!A:K,9,0)+VLOOKUP('תפוקה מצטברת מול אשתקד'!A28,כלל!A:K,9,0)+VLOOKUP('תפוקה מצטברת מול אשתקד'!A28,מור!A:K,9,0)+VLOOKUP('תפוקה מצטברת מול אשתקד'!A28,'אלטשולר שחם'!A:K,9,0)+VLOOKUP('תפוקה מצטברת מול אשתקד'!A28,'מדיהו '!A:K,9,0)+VLOOKUP('תפוקה מצטברת מול אשתקד'!A28,'אנליסט '!A:K,9,0)+VLOOKUP('תפוקה מצטברת מול אשתקד'!A28,'מיטב דש'!A:K,9,0)+VLOOKUP('תפוקה מצטברת מול אשתקד'!A28,אינפניטי!A:K,9,0) -> 36902.491 | N28: =VLOOKUP(A28,הכשרה!A:K,10,0)+VLOOKUP('תפוקה מצטברת מול אשתקד'!A28,מגדל!A:K,10,0)+VLOOKUP('תפוקה מצטברת מול אשתקד'!A28,מנורה!A:K,10,0)+VLOOKUP('תפוקה מצטברת מול אשתקד'!A28,איילון!A:K,10,0)+VLOOKUP('תפוקה מצטברת מול אשתקד'!A28,הראל!A:K,10,0)+VLOOKUP('תפוקה מצטברת מול אשתקד'!A28,הפניקס!A:K,10,0)+VLOOKUP('תפוקה מצטברת מול אשתקד'!A28,כלל!A:K,10,0)+VLOOKUP('תפוקה מצטברת מול אשתקד'!A28,מור!A:K,10,0)+VLOOKUP('תפוקה מצטברת מול אשתקד'!A28,'אלטשולר שחם'!A:K,10,0)+VLOOKUP('תפוקה מצטברת מול אשתקד'!A28,'מדיהו '!A:K,10,0)+VLOOKUP('תפוקה מצטברת מול אשתקד'!A28,'אנליסט '!A:K,10,0)+VLOOKUP('תפוקה מצטברת מול אשתקד'!A28,'מיטב דש'!A:K,10,0)+VLOOKUP('תפוקה מצטברת מול אשתקד'!A28,אינפניטי!A:K,10,0) -> 119361.82 | O28: =VLOOKUP(A28,הכשרה!A:K,11,0)+VLOOKUP('תפוקה מצטברת מול אשתקד'!A28,מגדל!A:K,11,0)+VLOOKUP('תפוקה מצטברת מול אשתקד'!A28,מנורה!A:K,11,0)+VLOOKUP('תפוקה מצטברת מול אשתקד'!A28,איילון!A:K,11,0)+VLOOKUP('תפוקה מצטברת מול אשתקד'!A28,הראל!A:K,11,0)+VLOOKUP('תפוקה מצטברת מול אשתקד'!A28,הפניקס!A:K,11,0)+VLOOKUP('תפוקה מצטברת מול אשתקד'!A28,כלל!A:K,11,0)+VLOOKUP('תפוקה מצטברת מול אשתקד'!A28,מור!A:K,11,0)+VLOOKUP('תפוקה מצטברת מול אשתקד'!A28,'אלטשולר שחם'!A:K,11,0)+VLOOKUP('תפוקה מצטברת מול אשתקד'!A28,'מדיהו '!A:K,11,0)+VLOOKUP('תפוקה מצטברת מול אשתקד'!A28,'אנליסט '!A:K,11,0)+VLOOKUP('תפוקה מצטברת מול אשתקד'!A28,'מיטב דש'!A:K,11,0)+VLOOKUP('תפוקה מצטברת מול אשתקד'!A28,אינפניטי!A:K,11,0) -> 90028.47
A29: בחוס יוסף | B29: ערן גירוני | C29: סוכנים | D29: =IF(H29=0,0%,IF(L29=0,100%,H29/L29-1)) -> -0.63369176 | E29: =IF(I29=0,0%,IF(M29=0,100%,I29/M29-1)) -> -0.3659721 | F29: =IF(J29=0,0%,IF(N29=0,100%,J29/N29-1)) -> -0.24925387 | G29: =IF(K29=0,0%,IF(O29=H52,100%,K29/O29-1)) -> -0.7539986 | H29: =VLOOKUP(A29,הכשרה!A:G,4,0)+VLOOKUP('תפוקה מצטברת מול אשתקד'!A29,מגדל!A:G,4,0)+VLOOKUP('תפוקה מצטברת מול אשתקד'!A29,מנורה!A:G,4,0)+VLOOKUP('תפוקה מצטברת מול אשתקד'!A29,איילון!A:G,4,0)+VLOOKUP('תפוקה מצטברת מול אשתקד'!A29,הראל!A:G,4,0)+VLOOKUP('תפוקה מצטברת מול אשתקד'!A29,הפניקס!A:G,4,0)+VLOOKUP('תפוקה מצטברת מול אשתקד'!A29,כלל!A:G,4,0)+VLOOKUP('תפוקה מצטברת מול אשתקד'!A29,מור!A:G,4,0)+VLOOKUP('תפוקה מצטברת מול אשתקד'!A29,'אלטשולר שחם'!A:G,4,0)+VLOOKUP('תפוקה מצטברת מול אשתקד'!A29,'מדיהו '!A:G,4,0)+VLOOKUP('תפוקה מצטברת מול אשתקד'!A29,'אנליסט '!A:G,4,0)+VLOOKUP('תפוקה מצטברת מול אשתקד'!A29,'מיטב דש'!A:G,4,0)+VLOOKUP('תפוקה מצטברת מול אשתקד'!A29,אינפניטי!A:G,4,0) -> 316683.37 | I29: =VLOOKUP(A29,הכשרה!A:G,5,0)+VLOOKUP('תפוקה מצטברת מול אשתקד'!A29,מגדל!A:G,5,0)+VLOOKUP('תפוקה מצטברת מול אשתקד'!A29,מנורה!A:G,5,0)+VLOOKUP('תפוקה מצטברת מול אשתקד'!A29,איילון!A:G,5,0)+VLOOKUP('תפוקה מצטברת מול אשתקד'!A29,הראל!A:G,5,0)+VLOOKUP('תפוקה מצטברת מול אשתקד'!A29,הפניקס!A:G,5,0)+VLOOKUP('תפוקה מצטברת מול אשתקד'!A29,כלל!A:G,5,0)+VLOOKUP('תפוקה מצטברת מול אשתקד'!A29,מור!A:G,5,0)+VLOOKUP('תפוקה מצטברת מול אשתקד'!A29,'אלטשולר שחם'!A:G,5,0)+VLOOKUP('תפוקה מצטברת מול אשתקד'!A29,'מדיהו '!A:G,5,0)+VLOOKUP('תפוקה מצטברת מול אשתקד'!A29,'אנליסט '!A:G,5,0)+VLOOKUP('תפוקה מצטברת מול אשתקד'!A29,'מיטב דש'!A:G,5,0)+VLOOKUP('תפוקה מצטברת מול אשתקד'!A29,אינפניטי!A:G,5,0) -> 50237.96 | J29: =VLOOKUP(A29,הכשרה!A:G,6,0)+VLOOKUP('תפוקה מצטברת מול אשתקד'!A29,מגדל!A:G,6,0)+VLOOKUP('תפוקה מצטברת מול אשתקד'!A29,מנורה!A:G,6,0)+VLOOKUP('תפוקה מצטברת מול אשתקד'!A29,איילון!A:G,6,0)+VLOOKUP(A29,הראל!A:G,6,0)+VLOOKUP('תפוקה מצטברת מול אשתקד'!A29,הפניקס!A:G,6,0)+VLOOKUP('תפוקה מצטברת מול אשתקד'!A29,כלל!A:G,6,0)+VLOOKUP('תפוקה מצטברת מול אשתקד'!A29,מור!A:G,6,0)+VLOOKUP('תפוקה מצטברת מול אשתקד'!A29,'אלטשולר שחם'!A:G,6,0)+VLOOKUP('תפוקה מצטברת מול אשתקד'!A29,'מדיהו '!A:G,6,0)+VLOOKUP('תפוקה מצטברת מול אשתקד'!A29,'אנליסט '!A:G,6,0)+VLOOKUP('תפוקה מצטברת מול אשתקד'!A29,'מיטב דש'!A:G,6,0)+VLOOKUP('תפוקה מצטברת מול אשתקד'!A29,אינפניטי!A:G,6,0) -> 415311.89 | K29: =VLOOKUP(A29,הכשרה!A:G,7,0)+VLOOKUP('תפוקה מצטברת מול אשתקד'!A29,מגדל!A:G,7,0)+VLOOKUP('תפוקה מצטברת מול אשתקד'!A29,מנורה!A:G,7,0)+VLOOKUP('תפוקה מצטברת מול אשתקד'!A29,איילון!A:G,7,0)+VLOOKUP('תפוקה מצטברת מול אשתקד'!A29,הראל!A:G,7,0)+VLOOKUP('תפוקה מצטברת מול אשתקד'!A29,הפניקס!A:G,7,0)+VLOOKUP('תפוקה מצטברת מול אשתקד'!A29,כלל!A:G,7,0)+VLOOKUP('תפוקה מצטברת מול אשתקד'!A29,מור!A:G,7,0)+VLOOKUP('תפוקה מצטברת מול אשתקד'!A29,'אלטשולר שחם'!A:G,7,0)+VLOOKUP('תפוקה מצטברת מול אשתקד'!A29,'מדיהו '!A:K,7,0)+VLOOKUP(A29,'אנליסט '!A:G,7,0)+VLOOKUP('תפוקה מצטברת מול אשתקד'!A29,'מיטב דש'!A:G,7,0)+VLOOKUP('תפוקה מצטברת מול אשתקד'!A29,אינפניטי!A:G,7,0) -> 927575.82 | L29: =VLOOKUP(A29,הכשרה!A:K,8,0)+VLOOKUP('תפוקה מצטברת מול אשתקד'!A29,מגדל!A:K,8,0)+VLOOKUP('תפוקה מצטברת מול אשתקד'!A29,מנורה!A:K,8,0)+VLOOKUP('תפוקה מצטברת מול אשתקד'!A29,איילון!A:K,8,0)+VLOOKUP('תפוקה מצטברת מול אשתקד'!A29,הראל!A:K,8,0)+VLOOKUP('תפוקה מצטברת מול אשתקד'!A29,הפניקס!A:K,8,0)+VLOOKUP('תפוקה מצטברת מול אשתקד'!A29,כלל!A:K,8,0)+VLOOKUP('תפוקה מצטברת מול אשתקד'!A29,מור!A:K,8,0)+VLOOKUP('תפוקה מצטברת מול אשתקד'!A29,'אלטשולר שחם'!A:K,8,0)+VLOOKUP('תפוקה מצטברת מול אשתקד'!A29,'מדיהו '!A:K,8,0)+VLOOKUP('תפוקה מצטברת מול אשתקד'!A29,'אנליסט '!A:K,8,0)+VLOOKUP('תפוקה מצטברת מול אשתקד'!A29,'מיטב דש'!A:K,8,0)+VLOOKUP('תפוקה מצטברת מול אשתקד'!A29,אינפניטי!A:K,8,0) -> 864527.03 | M29: =VLOOKUP(A29,הכשרה!A:K,9,0)+VLOOKUP('תפוקה מצטברת מול אשתקד'!A29,מגדל!A:K,9,0)+VLOOKUP('תפוקה מצטברת מול אשתקד'!A29,מנורה!A:K,9,0)+VLOOKUP('תפוקה מצטברת מול אשתקד'!A29,איילון!A:K,9,0)+VLOOKUP('תפוקה מצטברת מול אשתקד'!A29,הראל!A:K,9,0)+VLOOKUP('תפוקה מצטברת מול אשתקד'!A29,הפניקס!A:K,9,0)+VLOOKUP('תפוקה מצטברת מול אשתקד'!A29,כלל!A:K,9,0)+VLOOKUP('תפוקה מצטברת מול אשתקד'!A29,מור!A:K,9,0)+VLOOKUP('תפוקה מצטברת מול אשתקד'!A29,'אלטשולר שחם'!A:K,9,0)+VLOOKUP('תפוקה מצטברת מול אשתקד'!A29,'מדיהו '!A:K,9,0)+VLOOKUP('תפוקה מצטברת מול אשתקד'!A29,'אנליסט '!A:K,9,0)+VLOOKUP('תפוקה מצטברת מול אשתקד'!A29,'מיטב דש'!A:K,9,0)+VLOOKUP('תפוקה מצטברת מול אשתקד'!A29,אינפניטי!A:K,9,0) -> 79236.198 | N29: =VLOOKUP(A29,הכשרה!A:K,10,0)+VLOOKUP('תפוקה מצטברת מול אשתקד'!A29,מגדל!A:K,10,0)+VLOOKUP('תפוקה מצטברת מול אשתקד'!A29,מנורה!A:K,10,0)+VLOOKUP('תפוקה מצטברת מול אשתקד'!A29,איילון!A:K,10,0)+VLOOKUP('תפוקה מצטברת מול אשתקד'!A29,הראל!A:K,10,0)+VLOOKUP('תפוקה מצטברת מול אשתקד'!A29,הפניקס!A:K,10,0)+VLOOKUP('תפוקה מצטברת מול אשתקד'!A29,כלל!A:K,10,0)+VLOOKUP('תפוקה מצטברת מול אשתקד'!A29,מור!A:K,10,0)+VLOOKUP('תפוקה מצטברת מול אשתקד'!A29,'אלטשולר שחם'!A:K,10,0)+VLOOKUP('תפוקה מצטברת מול אשתקד'!A29,'מדיהו '!A:K,10,0)+VLOOKUP('תפוקה מצטברת מול אשתקד'!A29,'אנליסט '!A:K,10,0)+VLOOKUP('תפוקה מצטברת מול אשתקד'!A29,'מיטב דש'!A:K,10,0)+VLOOKUP('תפוקה מצטברת מול אשתקד'!A29,אינפניטי!A:K,10,0) -> 553198.84 | O29: =VLOOKUP(A29,הכשרה!A:K,11,0)+VLOOKUP('תפוקה מצטברת מול אשתקד'!A29,מגדל!A:K,11,0)+VLOOKUP('תפוקה מצטברת מול אשתקד'!A29,מנורה!A:K,11,0)+VLOOKUP('תפוקה מצטברת מול אשתקד'!A29,איילון!A:K,11,0)+VLOOKUP('תפוקה מצטברת מול אשתקד'!A29,הראל!A:K,11,0)+VLOOKUP('תפוקה מצטברת מול אשתקד'!A29,הפניקס!A:K,11,0)+VLOOKUP('תפוקה מצטברת מול אשתקד'!A29,כלל!A:K,11,0)+VLOOKUP('תפוקה מצטברת מול אשתקד'!A29,מור!A:K,11,0)+VLOOKUP('תפוקה מצטברת מול אשתקד'!A29,'אלטשולר שחם'!A:K,11,0)+VLOOKUP('תפוקה מצטברת מול אשתקד'!A29,'מדיהו '!A:K,11,0)+VLOOKUP('תפוקה מצטברת מול אשתקד'!A29,'אנליסט '!A:K,11,0)+VLOOKUP('תפוקה מצטברת מול אשתקד'!A29,'מיטב דש'!A:K,11,0)+VLOOKUP('תפוקה מצטברת מול אשתקד'!A29,אינפניטי!A:K,11,0) -> 3770612
A30: קליין סיון | B30: ערן גירוני | C30: סוכנים | D30: =IF(H30=0,0%,IF(L30=0,100%,H30/L30-1)) -> -0.0081486657 | E30: =IF(I30=0,0%,IF(M30=0,100%,I30/M30-1)) -> 0.49372576 | F30: =IF(J30=0,0%,IF(N30=0,100%,J30/N30-1)) -> -0.045370976 | G30: =IF(K30=0,0%,IF(O30=H53,100%,K30/O30-1)) -> -0.37078485 | H30: =VLOOKUP(A30,הכשרה!A:G,4,0)+VLOOKUP('תפוקה מצטברת מול אשתקד'!A30,מגדל!A:G,4,0)+VLOOKUP('תפוקה מצטברת מול אשתקד'!A30,מנורה!A:G,4,0)+VLOOKUP('תפוקה מצטברת מול אשתקד'!A30,איילון!A:G,4,0)+VLOOKUP('תפוקה מצטברת מול אשתקד'!A30,הראל!A:G,4,0)+VLOOKUP('תפוקה מצטברת מול אשתקד'!A30,הפניקס!A:G,4,0)+VLOOKUP('תפוקה מצטברת מול אשתקד'!A30,כלל!A:G,4,0)+VLOOKUP('תפוקה מצטברת מול אשתקד'!A30,מור!A:G,4,0)+VLOOKUP('תפוקה מצטברת מול אשתקד'!A30,'אלטשולר שחם'!A:G,4,0)+VLOOKUP('תפוקה מצטברת מול אשתקד'!A30,'מדיהו '!A:G,4,0)+VLOOKUP('תפוקה מצטברת מול אשתקד'!A30,'אנליסט '!A:G,4,0)+VLOOKUP('תפוקה מצטברת מול אשתקד'!A30,'מיטב דש'!A:G,4,0)+VLOOKUP('תפוקה מצטברת מול אשתקד'!A30,אינפניטי!A:G,4,0) -> 727013.62 | I30: =VLOOKUP(A30,הכשרה!A:G,5,0)+VLOOKUP('תפוקה מצטברת מול אשתקד'!A30,מגדל!A:G,5,0)+VLOOKUP('תפוקה מצטברת מול אשתקד'!A30,מנורה!A:G,5,0)+VLOOKUP('תפוקה מצטברת מול אשתקד'!A30,איילון!A:G,5,0)+VLOOKUP('תפוקה מצטברת מול אשתקד'!A30,הראל!A:G,5,0)+VLOOKUP('תפוקה מצטברת מול אשתקד'!A30,הפניקס!A:G,5,0)+VLOOKUP('תפוקה מצטברת מול אשתקד'!A30,כלל!A:G,5,0)+VLOOKUP('תפוקה מצטברת מול אשתקד'!A30,מור!A:G,5,0)+VLOOKUP('תפוקה מצטברת מול אשתקד'!A30,'אלטשולר שחם'!A:G,5,0)+VLOOKUP('תפוקה מצטברת מול אשתקד'!A30,'מדיהו '!A:G,5,0)+VLOOKUP('תפוקה מצטברת מול אשתקד'!A30,'אנליסט '!A:G,5,0)+VLOOKUP('תפוקה מצטברת מול אשתקד'!A30,'מיטב דש'!A:G,5,0)+VLOOKUP('תפוקה מצטברת מול אשתקד'!A30,אינפניטי!A:G,5,0) -> 85503.502 | J30: =VLOOKUP(A30,הכשרה!A:G,6,0)+VLOOKUP('תפוקה מצטברת מול אשתקד'!A30,מגדל!A:G,6,0)+VLOOKUP('תפוקה מצטברת מול אשתקד'!A30,מנורה!A:G,6,0)+VLOOKUP('תפוקה מצטברת מול אשתקד'!A30,איילון!A:G,6,0)+VLOOKUP(A30,הראל!A:G,6,0)+VLOOKUP('תפוקה מצטברת מול אשתקד'!A30,הפניקס!A:G,6,0)+VLOOKUP('תפוקה מצטברת מול אשתקד'!A30,כלל!A:G,6,0)+VLOOKUP('תפוקה מצטברת מול אשתקד'!A30,מור!A:G,6,0)+VLOOKUP('תפוקה מצטברת מול אשתקד'!A30,'אלטשולר שחם'!A:G,6,0)+VLOOKUP('תפוקה מצטברת מול אשתקד'!A30,'מדיהו '!A:G,6,0)+VLOOKUP('תפוקה מצטברת מול אשתקד'!A30,'אנליסט '!A:G,6,0)+VLOOKUP('תפוקה מצטברת מול אשתקד'!A30,'מיטב דש'!A:G,6,0)+VLOOKUP('תפוקה מצטברת מול אשתקד'!A30,אינפניטי!A:G,6,0) -> 1821092 | K30: =VLOOKUP(A30,הכשרה!A:G,7,0)+VLOOKUP('תפוקה מצטברת מול אשתקד'!A30,מגדל!A:G,7,0)+VLOOKUP('תפוקה מצטברת מול אשתקד'!A30,מנורה!A:G,7,0)+VLOOKUP('תפוקה מצטברת מול אשתקד'!A30,איילון!A:G,7,0)+VLOOKUP('תפוקה מצטברת מול אשתקד'!A30,הראל!A:G,7,0)+VLOOKUP('תפוקה מצטברת מול אשתקד'!A30,הפניקס!A:G,7,0)+VLOOKUP('תפוקה מצטברת מול אשתקד'!A30,כלל!A:G,7,0)+VLOOKUP('תפוקה מצטברת מול אשתקד'!A30,מור!A:G,7,0)+VLOOKUP('תפוקה מצטברת מול אשתקד'!A30,'אלטשולר שחם'!A:G,7,0)+VLOOKUP('תפוקה מצטברת מול אשתקד'!A30,'מדיהו '!A:K,7,0)+VLOOKUP(A30,'אנליסט '!A:G,7,0)+VLOOKUP('תפוקה מצטברת מול אשתקד'!A30,'מיטב דש'!A:G,7,0)+VLOOKUP('תפוקה מצטברת מול אשתקד'!A30,אינפניטי!A:G,7,0) -> 1664892.2 | L30: =VLOOKUP(A30,הכשרה!A:K,8,0)+VLOOKUP('תפוקה מצטברת מול אשתקד'!A30,מגדל!A:K,8,0)+VLOOKUP('תפוקה מצטברת מול אשתקד'!A30,מנורה!A:K,8,0)+VLOOKUP('תפוקה מצטברת מול אשתקד'!A30,איילון!A:K,8,0)+VLOOKUP('תפוקה מצטברת מול אשתקד'!A30,הראל!A:K,8,0)+VLOOKUP('תפוקה מצטברת מול אשתקד'!A30,הפניקס!A:K,8,0)+VLOOKUP('תפוקה מצטברת מול אשתקד'!A30,כלל!A:K,8,0)+VLOOKUP('תפוקה מצטברת מול אשתקד'!A30,מור!A:K,8,0)+VLOOKUP('תפוקה מצטברת מול אשתקד'!A30,'אלטשולר שחם'!A:K,8,0)+VLOOKUP('תפוקה מצטברת מול אשתקד'!A30,'מדיהו '!A:K,8,0)+VLOOKUP('תפוקה מצטברת מול אשתקד'!A30,'אנליסט '!A:K,8,0)+VLOOKUP('תפוקה מצטברת מול אשתקד'!A30,'מיטב דש'!A:K,8,0)+VLOOKUP('תפוקה מצטברת מול אשתקד'!A30,אינפניטי!A:K,8,0) -> 732986.48 | M30: =VLOOKUP(A30,הכשרה!A:K,9,0)+VLOOKUP('תפוקה מצטברת מול אשתקד'!A30,מגדל!A:K,9,0)+VLOOKUP('תפוקה מצטברת מול אשתקד'!A30,מנורה!A:K,9,0)+VLOOKUP('תפוקה מצטברת מול אשתקד'!A30,איילון!A:K,9,0)+VLOOKUP('תפוקה מצטברת מול אשתקד'!A30,הראל!A:K,9,0)+VLOOKUP('תפוקה מצטברת מול אשתקד'!A30,הפניקס!A:K,9,0)+VLOOKUP('תפוקה מצטברת מול אשתקד'!A30,כלל!A:K,9,0)+VLOOKUP('תפוקה מצטברת מול אשתקד'!A30,מור!A:K,9,0)+VLOOKUP('תפוקה מצטברת מול אשתקד'!A30,'אלטשולר שחם'!A:K,9,0)+VLOOKUP('תפוקה מצטברת מול אשתקד'!A30,'מדיהו '!A:K,9,0)+VLOOKUP('תפוקה מצטברת מול אשתקד'!A30,'אנליסט '!A:K,9,0)+VLOOKUP('תפוקה מצטברת מול אשתקד'!A30,'מיטב דש'!A:K,9,0)+VLOOKUP('תפוקה מצטברת מול אשתקד'!A30,אינפניטי!A:K,9,0) -> 57241.767 | N30: =VLOOKUP(A30,הכשרה!A:K,10,0)+VLOOKUP('תפוקה מצטברת מול אשתקד'!A30,מגדל!A:K,10,0)+VLOOKUP('תפוקה מצטברת מול אשתקד'!A30,מנורה!A:K,10,0)+VLOOKUP('תפוקה מצטברת מול אשתקד'!A30,איילון!A:K,10,0)+VLOOKUP('תפוקה מצטברת מול אשתקד'!A30,הראל!A:K,10,0)+VLOOKUP('תפוקה מצטברת מול אשתקד'!A30,הפניקס!A:K,10,0)+VLOOKUP('תפוקה מצטברת מול אשתקד'!A30,כלל!A:K,10,0)+VLOOKUP('תפוקה מצטברת מול אשתקד'!A30,מור!A:K,10,0)+VLOOKUP('תפוקה מצטברת מול אשתקד'!A30,'אלטשולר שחם'!A:K,10,0)+VLOOKUP('תפוקה מצטברת מול אשתקד'!A30,'מדיהו '!A:K,10,0)+VLOOKUP('תפוקה מצטברת מול אשתקד'!A30,'אנליסט '!A:K,10,0)+VLOOKUP('תפוקה מצטברת מול אשתקד'!A30,'מיטב דש'!A:K,10,0)+VLOOKUP('תפוקה מצטברת מול אשתקד'!A30,אינפניטי!A:K,10,0) -> 1907643.7 | O30: =VLOOKUP(A30,הכשרה!A:K,11,0)+VLOOKUP('תפוקה מצטברת מול אשתקד'!A30,מגדל!A:K,11,0)+VLOOKUP('תפוקה מצטברת מול אשתקד'!A30,מנורה!A:K,11,0)+VLOOKUP('תפוקה מצטברת מול אשתקד'!A30,איילון!A:K,11,0)+VLOOKUP('תפוקה מצטברת מול אשתקד'!A30,הראל!A:K,11,0)+VLOOKUP('תפוקה מצטברת מול אשתקד'!A30,הפניקס!A:K,11,0)+VLOOKUP('תפוקה מצטברת מול אשתקד'!A30,כלל!A:K,11,0)+VLOOKUP('תפוקה מצטברת מול אשתקד'!A30,מור!A:K,11,0)+VLOOKUP('תפוקה מצטברת מול אשתקד'!A30,'אלטשולר שחם'!A:K,11,0)+VLOOKUP('תפוקה מצטברת מול אשתקד'!A30,'מדיהו '!A:K,11,0)+VLOOKUP('תפוקה מצטברת מול אשתקד'!A30,'אנליסט '!A:K,11,0)+VLOOKUP('תפוקה מצטברת מול אשתקד'!A30,'מיטב דש'!A:K,11,0)+VLOOKUP('תפוקה מצטברת מול אשתקד'!A30,אינפניטי!A:K,11,0) -> 2645982.3
A31: צקותאי אורי | B31: ערן גירוני | C31: סוכנים | D31: =IF(H31=0,0%,IF(L31=0,100%,H31/L31-1)) -> 1 | E31: =IF(I31=0,0%,IF(M31=0,100%,I31/M31-1)) -> -0.99439701 | F31: =IF(J31=0,0%,IF(N31=0,100%,J31/N31-1)) -> 0 | G31: =IF(K31=0,0%,IF(O31=H55,100%,K31/O31-1)) -> 0 | H31: =VLOOKUP(A31,הכשרה!A:G,4,0)+VLOOKUP('תפוקה מצטברת מול אשתקד'!A31,מגדל!A:G,4,0)+VLOOKUP('תפוקה מצטברת מול אשתקד'!A31,מנורה!A:G,4,0)+VLOOKUP('תפוקה מצטברת מול אשתקד'!A31,איילון!A:G,4,0)+VLOOKUP('תפוקה מצטברת מול אשתקד'!A31,הראל!A:G,4,0)+VLOOKUP('תפוקה מצטברת מול אשתקד'!A31,הפניקס!A:G,4,0)+VLOOKUP('תפוקה מצטברת מול אשתקד'!A31,כלל!A:G,4,0)+VLOOKUP('תפוקה מצטברת מול אשתקד'!A31,מור!A:G,4,0)+VLOOKUP('תפוקה מצטברת מול אשתקד'!A31,'אלטשולר שחם'!A:G,4,0)+VLOOKUP('תפוקה מצטברת מול אשתקד'!A31,'מדיהו '!A:G,4,0)+VLOOKUP('תפוקה מצטברת מול אשתקד'!A31,'אנליסט '!A:G,4,0)+VLOOKUP('תפוקה מצטברת מול אשתקד'!A31,'מיטב דש'!A:G,4,0)+VLOOKUP('תפוקה מצטברת מול אשתקד'!A31,אינפניטי!A:G,4,0) -> 3534.26 | I31: =VLOOKUP(A31,הכשרה!A:G,5,0)+VLOOKUP('תפוקה מצטברת מול אשתקד'!A31,מגדל!A:G,5,0)+VLOOKUP('תפוקה מצטברת מול אשתקד'!A31,מנורה!A:G,5,0)+VLOOKUP('תפוקה מצטברת מול אשתקד'!A31,איילון!A:G,5,0)+VLOOKUP('תפוקה מצטברת מול אשתקד'!A31,הראל!A:G,5,0)+VLOOKUP('תפוקה מצטברת מול אשתקד'!A31,הפניקס!A:G,5,0)+VLOOKUP('תפוקה מצטברת מול אשתקד'!A31,כלל!A:G,5,0)+VLOOKUP('תפוקה מצטברת מול אשתקד'!A31,מור!A:G,5,0)+VLOOKUP('תפוקה מצטברת מול אשתקד'!A31,'אלטשולר שחם'!A:G,5,0)+VLOOKUP('תפוקה מצטברת מול אשתקד'!A31,'מדיהו '!A:G,5,0)+VLOOKUP('תפוקה מצטברת מול אשתקד'!A31,'אנליסט '!A:G,5,0)+VLOOKUP('תפוקה מצטברת מול אשתקד'!A31,'מיטב דש'!A:G,5,0)+VLOOKUP('תפוקה מצטברת מול אשתקד'!A31,אינפניטי!A:G,5,0) -> 9.77 | J31: =VLOOKUP(A31,הכשרה!A:G,6,0)+VLOOKUP('תפוקה מצטברת מול אשתקד'!A31,מגדל!A:G,6,0)+VLOOKUP('תפוקה מצטברת מול אשתקד'!A31,מנורה!A:G,6,0)+VLOOKUP('תפוקה מצטברת מול אשתקד'!A31,איילון!A:G,6,0)+VLOOKUP(A31,הראל!A:G,6,0)+VLOOKUP('תפוקה מצטברת מול אשתקד'!A31,הפניקס!A:G,6,0)+VLOOKUP('תפוקה מצטברת מול אשתקד'!A31,כלל!A:G,6,0)+VLOOKUP('תפוקה מצטברת מול אשתקד'!A31,מור!A:G,6,0)+VLOOKUP('תפוקה מצטברת מול אשתקד'!A31,'אלטשולר שחם'!A:G,6,0)+VLOOKUP('תפוקה מצטברת מול אשתקד'!A31,'מדיהו '!A:G,6,0)+VLOOKUP('תפוקה מצטברת מול אשתקד'!A31,'אנליסט '!A:G,6,0)+VLOOKUP('תפוקה מצטברת מול אשתקד'!A31,'מיטב דש'!A:G,6,0)+VLOOKUP('תפוקה מצטברת מול אשתקד'!A31,אינפניטי!A:G,6,0) -> 0 | K31: =VLOOKUP(A31,הכשרה!A:G,7,0)+VLOOKUP('תפוקה מצטברת מול אשתקד'!A31,מגדל!A:G,7,0)+VLOOKUP('תפוקה מצטברת מול אשתקד'!A31,מנורה!A:G,7,0)+VLOOKUP('תפוקה מצטברת מול אשתקד'!A31,איילון!A:G,7,0)+VLOOKUP('תפוקה מצטברת מול אשתקד'!A31,הראל!A:G,7,0)+VLOOKUP('תפוקה מצטברת מול אשתקד'!A31,הפניקס!A:G,7,0)+VLOOKUP('תפוקה מצטברת מול אשתקד'!A31,כלל!A:G,7,0)+VLOOKUP('תפוקה מצטברת מול אשתקד'!A31,מור!A:G,7,0)+VLOOKUP('תפוקה מצטברת מול אשתקד'!A31,'אלטשולר שחם'!A:G,7,0)+VLOOKUP('תפוקה מצטברת מול אשתקד'!A31,'מדיהו '!A:K,7,0)+VLOOKUP(A31,'אנליסט '!A:G,7,0)+VLOOKUP('תפוקה מצטברת מול אשתקד'!A31,'מיטב דש'!A:G,7,0)+VLOOKUP('תפוקה מצטברת מול אשתקד'!A31,אינפניטי!A:G,7,0) -> 0 | L31: =VLOOKUP(A31,הכשרה!A:K,8,0)+VLOOKUP('תפוקה מצטברת מול אשתקד'!A31,מגדל!A:K,8,0)+VLOOKUP('תפוקה מצטברת מול אשתקד'!A31,מנורה!A:K,8,0)+VLOOKUP('תפוקה מצטברת מול אשתקד'!A31,איילון!A:K,8,0)+VLOOKUP('תפוקה מצטברת מול אשתקד'!A31,הראל!A:K,8,0)+VLOOKUP('תפוקה מצטברת מול אשתקד'!A31,הפניקס!A:K,8,0)+VLOOKUP('תפוקה מצטברת מול אשתקד'!A31,כלל!A:K,8,0)+VLOOKUP('תפוקה מצטברת מול אשתקד'!A31,מור!A:K,8,0)+VLOOKUP('תפוקה מצטברת מול אשתקד'!A31,'אלטשולר שחם'!A:K,8,0)+VLOOKUP('תפוקה מצטברת מול אשתקד'!A31,'מדיהו '!A:K,8,0)+VLOOKUP('תפוקה מצטברת מול אשתקד'!A31,'אנליסט '!A:K,8,0)+VLOOKUP('תפוקה מצטברת מול אשתקד'!A31,'מיטב דש'!A:K,8,0)+VLOOKUP('תפוקה מצטברת מול אשתקד'!A31,אינפניטי!A:K,8,0) -> 0 | M31: =VLOOKUP(A31,הכשרה!A:K,9,0)+VLOOKUP('תפוקה מצטברת מול אשתקד'!A31,מגדל!A:K,9,0)+VLOOKUP('תפוקה מצטברת מול אשתקד'!A31,מנורה!A:K,9,0)+VLOOKUP('תפוקה מצטברת מול אשתקד'!A31,איילון!A:K,9,0)+VLOOKUP('תפוקה מצטברת מול אשתקד'!A31,הראל!A:K,9,0)+VLOOKUP('תפוקה מצטברת מול אשתקד'!A31,הפניקס!A:K,9,0)+VLOOKUP('תפוקה מצטברת מול אשתקד'!A31,כלל!A:K,9,0)+VLOOKUP('תפוקה מצטברת מול אשתקד'!A31,מור!A:K,9,0)+VLOOKUP('תפוקה מצטברת מול אשתקד'!A31,'אלטשולר שחם'!A:K,9,0)+VLOOKUP('תפוקה מצטברת מול אשתקד'!A31,'מדיהו '!A:K,9,0)+VLOOKUP('תפוקה מצטברת מול אשתקד'!A31,'אנליסט '!A:K,9,0)+VLOOKUP('תפוקה מצטברת מול אשתקד'!A31,'מיטב דש'!A:K,9,0)+VLOOKUP('תפוקה מצטברת מול אשתקד'!A31,אינפניטי!A:K,9,0) -> 1743.712 | N31: =VLOOKUP(A31,הכשרה!A:K,10,0)+VLOOKUP('תפוקה מצטברת מול אשתקד'!A31,מגדל!A:K,10,0)+VLOOKUP('תפוקה מצטברת מול אשתקד'!A31,מנורה!A:K,10,0)+VLOOKUP('תפוקה מצטברת מול אשתקד'!A31,איילון!A:K,10,0)+VLOOKUP('תפוקה מצטברת מול אשתקד'!A31,הראל!A:K,10,0)+VLOOKUP('תפוקה מצטברת מול אשתקד'!A31,הפניקס!A:K,10,0)+VLOOKUP('תפוקה מצטברת מול אשתקד'!A31,כלל!A:K,10,0)+VLOOKUP('תפוקה מצטברת מול אשתקד'!A31,מור!A:K,10,0)+VLOOKUP('תפוקה מצטברת מול אשתקד'!A31,'אלטשולר שחם'!A:K,10,0)+VLOOKUP('תפוקה מצטברת מול אשתקד'!A31,'מדיהו '!A:K,10,0)+VLOOKUP('תפוקה מצטברת מול אשתקד'!A31,'אנליסט '!A:K,10,0)+VLOOKUP('תפוקה מצטברת מול אשתקד'!A31,'מיטב דש'!A:K,10,0)+VLOOKUP('תפוקה מצטברת מול אשתקד'!A31,אינפניטי!A:K,10,0) -> 0 | O31: =VLOOKUP(A31,הכשרה!A:K,11,0)+VLOOKUP('תפוקה מצטברת מול אשתקד'!A31,מגדל!A:K,11,0)+VLOOKUP('תפוקה מצטברת מול אשתקד'!A31,מנורה!A:K,11,0)+VLOOKUP('תפוקה מצטברת מול אשתקד'!A31,איילון!A:K,11,0)+VLOOKUP('תפוקה מצטברת מול אשתקד'!A31,הראל!A:K,11,0)+VLOOKUP('תפוקה מצטברת מול אשתקד'!A31,הפניקס!A:K,11,0)+VLOOKUP('תפוקה מצטברת מול אשתקד'!A31,כלל!A:K,11,0)+VLOOKUP('תפוקה מצטברת מול אשתקד'!A31,מור!A:K,11,0)+VLOOKUP('תפוקה מצטברת מול אשתקד'!A31,'אלטשולר שחם'!A:K,11,0)+VLOOKUP('תפוקה מצטברת מול אשתקד'!A31,'מדיהו '!A:K,11,0)+VLOOKUP('תפוקה מצטברת מול אשתקד'!A31,'אנליסט '!A:K,11,0)+VLOOKUP('תפוקה מצטברת מול אשתקד'!A31,'מיטב דש'!A:K,11,0)+VLOOKUP('תפוקה מצטברת מול אשתקד'!A31,אינפניטי!A:K,11,0) -> 0
A32: סמיר בלאן | B32: ערן גירוני | C32: סוכנים | D32: =IF(H32=0,0%,IF(L32=0,100%,H32/L32-1)) -> -0.96207606 | E32: =IF(I32=0,0%,IF(M32=0,100%,I32/M32-1)) -> 0.28883338 | F32: =IF(J32=0,0%,IF(N32=0,100%,J32/N32-1)) -> -0.39046065 | G32: =IF(K32=0,0%,IF(O32=H56,100%,K32/O32-1)) -> 0 | H32: =VLOOKUP(A32,הכשרה!A:G,4,0)+VLOOKUP('תפוקה מצטברת מול אשתקד'!A32,מגדל!A:G,4,0)+VLOOKUP('תפוקה מצטברת מול אשתקד'!A32,מנורה!A:G,4,0)+VLOOKUP('תפוקה מצטברת מול אשתקד'!A32,איילון!A:G,4,0)+VLOOKUP('תפוקה מצטברת מול אשתקד'!A32,הראל!A:G,4,0)+VLOOKUP('תפוקה מצטברת מול אשתקד'!A32,הפניקס!A:G,4,0)+VLOOKUP('תפוקה מצטברת מול אשתקד'!A32,כלל!A:G,4,0)+VLOOKUP('תפוקה מצטברת מול אשתקד'!A32,מור!A:G,4,0)+VLOOKUP('תפוקה מצטברת מול אשתקד'!A32,'אלטשולר שחם'!A:G,4,0)+VLOOKUP('תפוקה מצטברת מול אשתקד'!A32,'מדיהו '!A:G,4,0)+VLOOKUP('תפוקה מצטברת מול אשתקד'!A32,'אנליסט '!A:G,4,0)+VLOOKUP('תפוקה מצטברת מול אשתקד'!A32,'מיטב דש'!A:G,4,0)+VLOOKUP('תפוקה מצטברת מול אשתקד'!A32,אינפניטי!A:G,4,0) -> 1430.7864 | I32: =VLOOKUP(A32,הכשרה!A:G,5,0)+VLOOKUP('תפוקה מצטברת מול אשתקד'!A32,מגדל!A:G,5,0)+VLOOKUP('תפוקה מצטברת מול אשתקד'!A32,מנורה!A:G,5,0)+VLOOKUP('תפוקה מצטברת מול אשתקד'!A32,איילון!A:G,5,0)+VLOOKUP('תפוקה מצטברת מול אשתקד'!A32,הראל!A:G,5,0)+VLOOKUP('תפוקה מצטברת מול אשתקד'!A32,הפניקס!A:G,5,0)+VLOOKUP('תפוקה מצטברת מול אשתקד'!A32,כלל!A:G,5,0)+VLOOKUP('תפוקה מצטברת מול אשתקד'!A32,מור!A:G,5,0)+VLOOKUP('תפוקה מצטברת מול אשתקד'!A32,'אלטשולר שחם'!A:G,5,0)+VLOOKUP('תפוקה מצטברת מול אשתקד'!A32,'מדיהו '!A:G,5,0)+VLOOKUP('תפוקה מצטברת מול אשתקד'!A32,'אנליסט '!A:G,5,0)+VLOOKUP('תפוקה מצטברת מול אשתקד'!A32,'מיטב דש'!A:G,5,0)+VLOOKUP('תפוקה מצטברת מול אשתקד'!A32,אינפניטי!A:G,5,0) -> 3967.9055 | J32: =VLOOKUP(A32,הכשרה!A:G,6,0)+VLOOKUP('תפוקה מצטברת מול אשתקד'!A32,מגדל!A:G,6,0)+VLOOKUP('תפוקה מצטברת מול אשתקד'!A32,מנורה!A:G,6,0)+VLOOKUP('תפוקה מצטברת מול אשתקד'!A32,איילון!A:G,6,0)+VLOOKUP(A32,הראל!A:G,6,0)+VLOOKUP('תפוקה מצטברת מול אשתקד'!A32,הפניקס!A:G,6,0)+VLOOKUP('תפוקה מצטברת מול אשתקד'!A32,כלל!A:G,6,0)+VLOOKUP('תפוקה מצטברת מול אשתקד'!A32,מור!A:G,6,0)+VLOOKUP('תפוקה מצטברת מול אשתקד'!A32,'אלטשולר שחם'!A:G,6,0)+VLOOKUP('תפוקה מצטברת מול אשתקד'!A32,'מדיהו '!A:G,6,0)+VLOOKUP('תפוקה מצטברת מול אשתקד'!A32,'אנליסט '!A:G,6,0)+VLOOKUP('תפוקה מצטברת מול אשתקד'!A32,'מיטב דש'!A:G,6,0)+VLOOKUP('תפוקה מצטברת מול אשתקד'!A32,אינפניטי!A:G,6,0) -> 14899.646 | K32: =VLOOKUP(A32,הכשרה!A:G,7,0)+VLOOKUP('תפוקה מצטברת מול אשתקד'!A32,מגדל!A:G,7,0)+VLOOKUP('תפוקה מצטברת מול אשתקד'!A32,מנורה!A:G,7,0)+VLOOKUP('תפוקה מצטברת מול אשתקד'!A32,איילון!A:G,7,0)+VLOOKUP('תפוקה מצטברת מול אשתקד'!A32,הראל!A:G,7,0)+VLOOKUP('תפוקה מצטברת מול אשתקד'!A32,הפניקס!A:G,7,0)+VLOOKUP('תפוקה מצטברת מול אשתקד'!A32,כלל!A:G,7,0)+VLOOKUP('תפוקה מצטברת מול אשתקד'!A32,מור!A:G,7,0)+VLOOKUP('תפוקה מצטברת מול אשתקד'!A32,'אלטשולר שחם'!A:G,7,0)+VLOOKUP('תפוקה מצטברת מול אשתקד'!A32,'מדיהו '!A:K,7,0)+VLOOKUP(A32,'אנליסט '!A:G,7,0)+VLOOKUP('תפוקה מצטברת מול אשתקד'!A32,'מיטב דש'!A:G,7,0)+VLOOKUP('תפוקה מצטברת מול אשתקד'!A32,אינפניטי!A:G,7,0) -> 0 | L32: =VLOOKUP(A32,הכשרה!A:K,8,0)+VLOOKUP('תפוקה מצטברת מול אשתקד'!A32,מגדל!A:K,8,0)+VLOOKUP('תפוקה מצטברת מול אשתקד'!A32,מנורה!A:K,8,0)+VLOOKUP('תפוקה מצטברת מול אשתקד'!A32,איילון!A:K,8,0)+VLOOKUP('תפוקה מצטברת מול אשתקד'!A32,הראל!A:K,8,0)+VLOOKUP('תפוקה מצטברת מול אשתקד'!A32,הפניקס!A:K,8,0)+VLOOKUP('תפוקה מצטברת מול אשתקד'!A32,כלל!A:K,8,0)+VLOOKUP('תפוקה מצטברת מול אשתקד'!A32,מור!A:K,8,0)+VLOOKUP('תפוקה מצטברת מול אשתקד'!A32,'אלטשולר שחם'!A:K,8,0)+VLOOKUP('תפוקה מצטברת מול אשתקד'!A32,'מדיהו '!A:K,8,0)+VLOOKUP('תפוקה מצטברת מול אשתקד'!A32,'אנליסט '!A:K,8,0)+VLOOKUP('תפוקה מצטברת מול אשתקד'!A32,'מיטב דש'!A:K,8,0)+VLOOKUP('תפוקה מצטברת מול אשתקד'!A32,אינפניטי!A:K,8,0) -> 37727.792 | M32: =VLOOKUP(A32,הכשרה!A:K,9,0)+VLOOKUP('תפוקה מצטברת מול אשתקד'!A32,מגדל!A:K,9,0)+VLOOKUP('תפוקה מצטברת מול אשתקד'!A32,מנורה!A:K,9,0)+VLOOKUP('תפוקה מצטברת מול אשתקד'!A32,איילון!A:K,9,0)+VLOOKUP('תפוקה מצטברת מול אשתקד'!A32,הראל!A:K,9,0)+VLOOKUP('תפוקה מצטברת מול אשתקד'!A32,הפניקס!A:K,9,0)+VLOOKUP('תפוקה מצטברת מול אשתקד'!A32,כלל!A:K,9,0)+VLOOKUP('תפוקה מצטברת מול אשתקד'!A32,מור!A:K,9,0)+VLOOKUP('תפוקה מצטברת מול אשתקד'!A32,'אלטשולר שחם'!A:K,9,0)+VLOOKUP('תפוקה מצטברת מול אשתקד'!A32,'מדיהו '!A:K,9,0)+VLOOKUP('תפוקה מצטברת מול אשתקד'!A32,'אנליסט '!A:K,9,0)+VLOOKUP('תפוקה מצטברת מול אשתקד'!A32,'מיטב דש'!A:K,9,0)+VLOOKUP('תפוקה מצטברת מול אשתקד'!A32,אינפניטי!A:K,9,0) -> 3078.68 | N32: =VLOOKUP(A32,הכשרה!A:K,10,0)+VLOOKUP('תפוקה מצטברת מול אשתקד'!A32,מגדל!A:K,10,0)+VLOOKUP('תפוקה מצטברת מול אשתקד'!A32,מנורה!A:K,10,0)+VLOOKUP('תפוקה מצטברת מול אשתקד'!A32,איילון!A:K,10,0)+VLOOKUP('תפוקה מצטברת מול אשתקד'!A32,הראל!A:K,10,0)+VLOOKUP('תפוקה מצטברת מול אשתקד'!A32,הפניקס!A:K,10,0)+VLOOKUP('תפוקה מצטברת מול אשתקד'!A32,כלל!A:K,10,0)+VLOOKUP('תפוקה מצטברת מול אשתקד'!A32,מור!A:K,10,0)+VLOOKUP('תפוקה מצטברת מול אשתקד'!A32,'אלטשולר שחם'!A:K,10,0)+VLOOKUP('תפוקה מצטברת מול אשתקד'!A32,'מדיהו '!A:K,10,0)+VLOOKUP('תפוקה מצטברת מול אשתקד'!A32,'אנליסט '!A:K,10,0)+VLOOKUP('תפוקה מצטברת מול אשתקד'!A32,'מיטב דש'!A:K,10,0)+VLOOKUP('תפוקה מצטברת מול אשתקד'!A32,אינפניטי!A:K,10,0) -> 24444.109 | O32: =VLOOKUP(A32,הכשרה!A:K,11,0)+VLOOKUP('תפוקה מצטברת מול אשתקד'!A32,מגדל!A:K,11,0)+VLOOKUP('תפוקה מצטברת מול אשתקד'!A32,מנורה!A:K,11,0)+VLOOKUP('תפוקה מצטברת מול אשתקד'!A32,איילון!A:K,11,0)+VLOOKUP('תפוקה מצטברת מול אשתקד'!A32,הראל!A:K,11,0)+VLOOKUP('תפוקה מצטברת מול אשתקד'!A32,הפניקס!A:K,11,0)+VLOOKUP('תפוקה מצטברת מול אשתקד'!A32,כלל!A:K,11,0)+VLOOKUP('תפוקה מצטברת מול אשתקד'!A32,מור!A:K,11,0)+VLOOKUP('תפוקה מצטברת מול אשתקד'!A32,'אלטשולר שחם'!A:K,11,0)+VLOOKUP('תפוקה מצטברת מול אשתקד'!A32,'מדיהו '!A:K,11,0)+VLOOKUP('תפוקה מצטברת מול אשתקד'!A32,'אנליסט '!A:K,11,0)+VLOOKUP('תפוקה מצטברת מול אשתקד'!A32,'מיטב דש'!A:K,11,0)+VLOOKUP('תפוקה מצטברת מול אשתקד'!A32,אינפניטי!A:K,11,0) -> 0
A33: רן בסין | B33: ערן גירוני | C33: סוכנים | D33: =IF(H33=0,0%,IF(L33=0,100%,H33/L33-1)) -> 0 | E33: =IF(I33=0,0%,IF(M33=0,100%,I33/M33-1)) -> 0 | F33: =IF(J33=0,0%,IF(N33=0,100%,J33/N33-1)) -> 0 | G33: =IF(K33=0,0%,IF(O33=H57,100%,K33/O33-1)) -> 0 | H33: =VLOOKUP(A33,הכשרה!A:G,4,0)+VLOOKUP('תפוקה מצטברת מול אשתקד'!A33,מגדל!A:G,4,0)+VLOOKUP('תפוקה מצטברת מול אשתקד'!A33,מנורה!A:G,4,0)+VLOOKUP('תפוקה מצטברת מול אשתקד'!A33,איילון!A:G,4,0)+VLOOKUP('תפוקה מצטברת מול אשתקד'!A33,הראל!A:G,4,0)+VLOOKUP('תפוקה מצטברת מול אשתקד'!A33,הפניקס!A:G,4,0)+VLOOKUP('תפוקה מצטברת מול אשתקד'!A33,כלל!A:G,4,0)+VLOOKUP('תפוקה מצטברת מול אשתקד'!A33,מור!A:G,4,0)+VLOOKUP('תפוקה מצטברת מול אשתקד'!A33,'אלטשולר שחם'!A:G,4,0)+VLOOKUP('תפוקה מצטברת מול אשתקד'!A33,'מדיהו '!A:G,4,0)+VLOOKUP('תפוקה מצטברת מול אשתקד'!A33,'אנליסט '!A:G,4,0)+VLOOKUP('תפוקה מצטברת מול אשתקד'!A33,'מיטב דש'!A:G,4,0)+VLOOKUP('תפוקה מצטברת מול אשתקד'!A33,אינפניטי!A:G,4,0) -> 0 | I33: =VLOOKUP(A33,הכשרה!A:G,5,0)+VLOOKUP('תפוקה מצטברת מול אשתקד'!A33,מגדל!A:G,5,0)+VLOOKUP('תפוקה מצטברת מול אשתקד'!A33,מנורה!A:G,5,0)+VLOOKUP('תפוקה מצטברת מול אשתקד'!A33,איילון!A:G,5,0)+VLOOKUP('תפוקה מצטברת מול אשתקד'!A33,הראל!A:G,5,0)+VLOOKUP('תפוקה מצטברת מול אשתקד'!A33,הפניקס!A:G,5,0)+VLOOKUP('תפוקה מצטברת מול אשתקד'!A33,כלל!A:G,5,0)+VLOOKUP('תפוקה מצטברת מול אשתקד'!A33,מור!A:G,5,0)+VLOOKUP('תפוקה מצטברת מול אשתקד'!A33,'אלטשולר שחם'!A:G,5,0)+VLOOKUP('תפוקה מצטברת מול אשתקד'!A33,'מדיהו '!A:G,5,0)+VLOOKUP('תפוקה מצטברת מול אשתקד'!A33,'אנליסט '!A:G,5,0)+VLOOKUP('תפוקה מצטברת מול אשתקד'!A33,'מיטב דש'!A:G,5,0)+VLOOKUP('תפוקה מצטברת מול אשתקד'!A33,אינפניטי!A:G,5,0) -> 0 | J33: =VLOOKUP(A33,הכשרה!A:G,6,0)+VLOOKUP('תפוקה מצטברת מול אשתקד'!A33,מגדל!A:G,6,0)+VLOOKUP('תפוקה מצטברת מול אשתקד'!A33,מנורה!A:G,6,0)+VLOOKUP('תפוקה מצטברת מול אשתקד'!A33,איילון!A:G,6,0)+VLOOKUP(A33,הראל!A:G,6,0)+VLOOKUP('תפוקה מצטברת מול אשתקד'!A33,הפניקס!A:G,6,0)+VLOOKUP('תפוקה מצטברת מול אשתקד'!A33,כלל!A:G,6,0)+VLOOKUP('תפוקה מצטברת מול אשתקד'!A33,מור!A:G,6,0)+VLOOKUP('תפוקה מצטברת מול אשתקד'!A33,'אלטשולר שחם'!A:G,6,0)+VLOOKUP('תפוקה מצטברת מול אשתקד'!A33,'מדיהו '!A:G,6,0)+VLOOKUP('תפוקה מצטברת מול אשתקד'!A33,'אנליסט '!A:G,6,0)+VLOOKUP('תפוקה מצטברת מול אשתקד'!A33,'מיטב דש'!A:G,6,0)+VLOOKUP('תפוקה מצטברת מול אשתקד'!A33,אינפניטי!A:G,6,0) -> 0 | K33: =VLOOKUP(A33,הכשרה!A:G,7,0)+VLOOKUP('תפוקה מצטברת מול אשתקד'!A33,מגדל!A:G,7,0)+VLOOKUP('תפוקה מצטברת מול אשתקד'!A33,מנורה!A:G,7,0)+VLOOKUP('תפוקה מצטברת מול אשתקד'!A33,איילון!A:G,7,0)+VLOOKUP('תפוקה מצטברת מול אשתקד'!A33,הראל!A:G,7,0)+VLOOKUP('תפוקה מצטברת מול אשתקד'!A33,הפניקס!A:G,7,0)+VLOOKUP('תפוקה מצטברת מול אשתקד'!A33,כלל!A:G,7,0)+VLOOKUP('תפוקה מצטברת מול אשתקד'!A33,מור!A:G,7,0)+VLOOKUP('תפוקה מצטברת מול אשתקד'!A33,'אלטשולר שחם'!A:G,7,0)+VLOOKUP('תפוקה מצטברת מול אשתקד'!A33,'מדיהו '!A:K,7,0)+VLOOKUP(A33,'אנליסט '!A:G,7,0)+VLOOKUP('תפוקה מצטברת מול אשתקד'!A33,'מיטב דש'!A:G,7,0)+VLOOKUP('תפוקה מצטברת מול אשתקד'!A33,אינפניטי!A:G,7,0) -> 0 | L33: =VLOOKUP(A33,הכשרה!A:K,8,0)+VLOOKUP('תפוקה מצטברת מול אשתקד'!A33,מגדל!A:K,8,0)+VLOOKUP('תפוקה מצטברת מול אשתקד'!A33,מנורה!A:K,8,0)+VLOOKUP('תפוקה מצטברת מול אשתקד'!A33,איילון!A:K,8,0)+VLOOKUP('תפוקה מצטברת מול אשתקד'!A33,הראל!A:K,8,0)+VLOOKUP('תפוקה מצטברת מול אשתקד'!A33,הפניקס!A:K,8,0)+VLOOKUP('תפוקה מצטברת מול אשתקד'!A33,כלל!A:K,8,0)+VLOOKUP('תפוקה מצטברת מול אשתקד'!A33,מור!A:K,8,0)+VLOOKUP('תפוקה מצטברת מול אשתקד'!A33,'אלטשולר שחם'!A:K,8,0)+VLOOKUP('תפוקה מצטברת מול אשתקד'!A33,'מדיהו '!A:K,8,0)+VLOOKUP('תפוקה מצטברת מול אשתקד'!A33,'אנליסט '!A:K,8,0)+VLOOKUP('תפוקה מצטברת מול אשתקד'!A33,'מיטב דש'!A:K,8,0)+VLOOKUP('תפוקה מצטברת מול אשתקד'!A33,אינפניטי!A:K,8,0) -> 0 | M33: =VLOOKUP(A33,הכשרה!A:K,9,0)+VLOOKUP('תפוקה מצטברת מול אשתקד'!A33,מגדל!A:K,9,0)+VLOOKUP('תפוקה מצטברת מול אשתקד'!A33,מנורה!A:K,9,0)+VLOOKUP('תפוקה מצטברת מול אשתקד'!A33,איילון!A:K,9,0)+VLOOKUP('תפוקה מצטברת מול אשתקד'!A33,הראל!A:K,9,0)+VLOOKUP('תפוקה מצטברת מול אשתקד'!A33,הפניקס!A:K,9,0)+VLOOKUP('תפוקה מצטברת מול אשתקד'!A33,כלל!A:K,9,0)+VLOOKUP('תפוקה מצטברת מול אשתקד'!A33,מור!A:K,9,0)+VLOOKUP('תפוקה מצטברת מול אשתקד'!A33,'אלטשולר שחם'!A:K,9,0)+VLOOKUP('תפוקה מצטברת מול אשתקד'!A33,'מדיהו '!A:K,9,0)+VLOOKUP('תפוקה מצטברת מול אשתקד'!A33,'אנליסט '!A:K,9,0)+VLOOKUP('תפוקה מצטברת מול אשתקד'!A33,'מיטב דש'!A:K,9,0)+VLOOKUP('תפוקה מצטברת מול אשתקד'!A33,אינפניטי!A:K,9,0) -> 7.44 | N33: =VLOOKUP(A33,הכשרה!A:K,10,0)+VLOOKUP('תפוקה מצטברת מול אשתקד'!A33,מגדל!A:K,10,0)+VLOOKUP('תפוקה מצטברת מול אשתקד'!A33,מנורה!A:K,10,0)+VLOOKUP('תפוקה מצטברת מול אשתקד'!A33,איילון!A:K,10,0)+VLOOKUP('תפוקה מצטברת מול אשתקד'!A33,הראל!A:K,10,0)+VLOOKUP('תפוקה מצטברת מול אשתקד'!A33,הפניקס!A:K,10,0)+VLOOKUP('תפוקה מצטברת מול אשתקד'!A33,כלל!A:K,10,0)+VLOOKUP('תפוקה מצטברת מול אשתקד'!A33,מור!A:K,10,0)+VLOOKUP('תפוקה מצטברת מול אשתקד'!A33,'אלטשולר שחם'!A:K,10,0)+VLOOKUP('תפוקה מצטברת מול אשתקד'!A33,'מדיהו '!A:K,10,0)+VLOOKUP('תפוקה מצטברת מול אשתקד'!A33,'אנליסט '!A:K,10,0)+VLOOKUP('תפוקה מצטברת מול אשתקד'!A33,'מיטב דש'!A:K,10,0)+VLOOKUP('תפוקה מצטברת מול אשתקד'!A33,אינפניטי!A:K,10,0) -> 0 | O33: =VLOOKUP(A33,הכשרה!A:K,11,0)+VLOOKUP('תפוקה מצטברת מול אשתקד'!A33,מגדל!A:K,11,0)+VLOOKUP('תפוקה מצטברת מול אשתקד'!A33,מנורה!A:K,11,0)+VLOOKUP('תפוקה מצטברת מול אשתקד'!A33,איילון!A:K,11,0)+VLOOKUP('תפוקה מצטברת מול אשתקד'!A33,הראל!A:K,11,0)+VLOOKUP('תפוקה מצטברת מול אשתקד'!A33,הפניקס!A:K,11,0)+VLOOKUP('תפוקה מצטברת מול אשתקד'!A33,כלל!A:K,11,0)+VLOOKUP('תפוקה מצטברת מול אשתקד'!A33,מור!A:K,11,0)+VLOOKUP('תפוקה מצטברת מול אשתקד'!A33,'אלטשולר שחם'!A:K,11,0)+VLOOKUP('תפוקה מצטברת מול אשתקד'!A33,'מדיהו '!A:K,11,0)+VLOOKUP('תפוקה מצטברת מול אשתקד'!A33,'אנליסט '!A:K,11,0)+VLOOKUP('תפוקה מצטברת מול אשתקד'!A33,'מיטב דש'!A:K,11,0)+VLOOKUP('תפוקה מצטברת מול אשתקד'!A33,אינפניטי!A:K,11,0) -> 0
A34: אלקרינאוי ראוף | B34: ערן גירוני | C34: סוכנים | D34: =IF(H34=0,0%,IF(L34=0,100%,H34/L34-1)) -> 0 | E34: =IF(I34=0,0%,IF(M34=0,100%,I34/M34-1)) -> -14.333045 | F34: =IF(J34=0,0%,IF(N34=0,100%,J34/N34-1)) -> 0 | G34: =IF(K34=0,0%,IF(O34=H58,100%,K34/O34-1)) -> 0 | H34: =VLOOKUP(A34,הכשרה!A:G,4,0)+VLOOKUP('תפוקה מצטברת מול אשתקד'!A34,מגדל!A:G,4,0)+VLOOKUP('תפוקה מצטברת מול אשתקד'!A34,מנורה!A:G,4,0)+VLOOKUP('תפוקה מצטברת מול אשתקד'!A34,איילון!A:G,4,0)+VLOOKUP('תפוקה מצטברת מול אשתקד'!A34,הראל!A:G,4,0)+VLOOKUP('תפוקה מצטברת מול אשתקד'!A34,הפניקס!A:G,4,0)+VLOOKUP('תפוקה מצטברת מול אשתקד'!A34,כלל!A:G,4,0)+VLOOKUP('תפוקה מצטברת מול אשתקד'!A34,מור!A:G,4,0)+VLOOKUP('תפוקה מצטברת מול אשתקד'!A34,'אלטשולר שחם'!A:G,4,0)+VLOOKUP('תפוקה מצטברת מול אשתקד'!A34,'מדיהו '!A:G,4,0)+VLOOKUP('תפוקה מצטברת מול אשתקד'!A34,'אנליסט '!A:G,4,0)+VLOOKUP('תפוקה מצטברת מול אשתקד'!A34,'מיטב דש'!A:G,4,0)+VLOOKUP('תפוקה מצטברת מול אשתקד'!A34,אינפניטי!A:G,4,0) -> 0 | I34: =VLOOKUP(A34,הכשרה!A:G,5,0)+VLOOKUP('תפוקה מצטברת מול אשתקד'!A34,מגדל!A:G,5,0)+VLOOKUP('תפוקה מצטברת מול אשתקד'!A34,מנורה!A:G,5,0)+VLOOKUP('תפוקה מצטברת מול אשתקד'!A34,איילון!A:G,5,0)+VLOOKUP('תפוקה מצטברת מול אשתקד'!A34,הראל!A:G,5,0)+VLOOKUP('תפוקה מצטברת מול אשתקד'!A34,הפניקס!A:G,5,0)+VLOOKUP('תפוקה מצטברת מול אשתקד'!A34,כלל!A:G,5,0)+VLOOKUP('תפוקה מצטברת מול אשתקד'!A34,מור!A:G,5,0)+VLOOKUP('תפוקה מצטברת מול אשתקד'!A34,'אלטשולר שחם'!A:G,5,0)+VLOOKUP('תפוקה מצטברת מול אשתקד'!A34,'מדיהו '!A:G,5,0)+VLOOKUP('תפוקה מצטברת מול אשתקד'!A34,'אנליסט '!A:G,5,0)+VLOOKUP('תפוקה מצטברת מול אשתקד'!A34,'מיטב דש'!A:G,5,0)+VLOOKUP('תפוקה מצטברת מול אשתקד'!A34,אינפניטי!A:G,5,0) -> 6731.548 | J34: =VLOOKUP(A34,הכשרה!A:G,6,0)+VLOOKUP('תפוקה מצטברת מול אשתקד'!A34,מגדל!A:G,6,0)+VLOOKUP('תפוקה מצטברת מול אשתקד'!A34,מנורה!A:G,6,0)+VLOOKUP('תפוקה מצטברת מול אשתקד'!A34,איילון!A:G,6,0)+VLOOKUP(A34,הראל!A:G,6,0)+VLOOKUP('תפוקה מצטברת מול אשתקד'!A34,הפניקס!A:G,6,0)+VLOOKUP('תפוקה מצטברת מול אשתקד'!A34,כלל!A:G,6,0)+VLOOKUP('תפוקה מצטברת מול אשתקד'!A34,מור!A:G,6,0)+VLOOKUP('תפוקה מצטברת מול אשתקד'!A34,'אלטשולר שחם'!A:G,6,0)+VLOOKUP('תפוקה מצטברת מול אשתקד'!A34,'מדיהו '!A:G,6,0)+VLOOKUP('תפוקה מצטברת מול אשתקד'!A34,'אנליסט '!A:G,6,0)+VLOOKUP('תפוקה מצטברת מול אשתקד'!A34,'מיטב דש'!A:G,6,0)+VLOOKUP('תפוקה מצטברת מול אשתקד'!A34,אינפניטי!A:G,6,0) -> 0 | K34: =VLOOKUP(A34,הכשרה!A:G,7,0)+VLOOKUP('תפוקה מצטברת מול אשתקד'!A34,מגדל!A:G,7,0)+VLOOKUP('תפוקה מצטברת מול אשתקד'!A34,מנורה!A:G,7,0)+VLOOKUP('תפוקה מצטברת מול אשתקד'!A34,איילון!A:G,7,0)+VLOOKUP('תפוקה מצטברת מול אשתקד'!A34,הראל!A:G,7,0)+VLOOKUP('תפוקה מצטברת מול אשתקד'!A34,הפניקס!A:G,7,0)+VLOOKUP('תפוקה מצטברת מול אשתקד'!A34,כלל!A:G,7,0)+VLOOKUP('תפוקה מצטברת מול אשתקד'!A34,מור!A:G,7,0)+VLOOKUP('תפוקה מצטברת מול אשתקד'!A34,'אלטשולר שחם'!A:G,7,0)+VLOOKUP('תפוקה מצטברת מול אשתקד'!A34,'מדיהו '!A:K,7,0)+VLOOKUP(A34,'אנליסט '!A:G,7,0)+VLOOKUP('תפוקה מצטברת מול אשתקד'!A34,'מיטב דש'!A:G,7,0)+VLOOKUP('תפוקה מצטברת מול אשתקד'!A34,אינפניטי!A:G,7,0) -> 0 | L34: =VLOOKUP(A34,הכשרה!A:K,8,0)+VLOOKUP('תפוקה מצטברת מול אשתקד'!A34,מגדל!A:K,8,0)+VLOOKUP('תפוקה מצטברת מול אשתקד'!A34,מנורה!A:K,8,0)+VLOOKUP('תפוקה מצטברת מול אשתקד'!A34,איילון!A:K,8,0)+VLOOKUP('תפוקה מצטברת מול אשתקד'!A34,הראל!A:K,8,0)+VLOOKUP('תפוקה מצטברת מול אשתקד'!A34,הפניקס!A:K,8,0)+VLOOKUP('תפוקה מצטברת מול אשתקד'!A34,כלל!A:K,8,0)+VLOOKUP('תפוקה מצטברת מול אשתקד'!A34,מור!A:K,8,0)+VLOOKUP('תפוקה מצטברת מול אשתקד'!A34,'אלטשולר שחם'!A:K,8,0)+VLOOKUP('תפוקה מצטברת מול אשתקד'!A34,'מדיהו '!A:K,8,0)+VLOOKUP('תפוקה מצטברת מול אשתקד'!A34,'אנליסט '!A:K,8,0)+VLOOKUP('תפוקה מצטברת מול אשתקד'!A34,'מיטב דש'!A:K,8,0)+VLOOKUP('תפוקה מצטברת מול אשתקד'!A34,אינפניטי!A:K,8,0) -> 0 | M34: =VLOOKUP(A34,הכשרה!A:K,9,0)+VLOOKUP('תפוקה מצטברת מול אשתקד'!A34,מגדל!A:K,9,0)+VLOOKUP('תפוקה מצטברת מול אשתקד'!A34,מנורה!A:K,9,0)+VLOOKUP('תפוקה מצטברת מול אשתקד'!A34,איילון!A:K,9,0)+VLOOKUP('תפוקה מצטברת מול אשתקד'!A34,הראל!A:K,9,0)+VLOOKUP('תפוקה מצטברת מול אשתקד'!A34,הפניקס!A:K,9,0)+VLOOKUP('תפוקה מצטברת מול אשתקד'!A34,כלל!A:K,9,0)+VLOOKUP('תפוקה מצטברת מול אשתקד'!A34,מור!A:K,9,0)+VLOOKUP('תפוקה מצטברת מול אשתקד'!A34,'אלטשולר שחם'!A:K,9,0)+VLOOKUP('תפוקה מצטברת מול אשתקד'!A34,'מדיהו '!A:K,9,0)+VLOOKUP('תפוקה מצטברת מול אשתקד'!A34,'אנליסט '!A:K,9,0)+VLOOKUP('תפוקה מצטברת מול אשתקד'!A34,'מיטב דש'!A:K,9,0)+VLOOKUP('תפוקה מצטברת מול אשתקד'!A34,אינפניטי!A:K,9,0) -> -504.877 | N34: =VLOOKUP(A34,הכשרה!A:K,10,0)+VLOOKUP('תפוקה מצטברת מול אשתקד'!A34,מגדל!A:K,10,0)+VLOOKUP('תפוקה מצטברת מול אשתקד'!A34,מנורה!A:K,10,0)+VLOOKUP('תפוקה מצטברת מול אשתקד'!A34,איילון!A:K,10,0)+VLOOKUP('תפוקה מצטברת מול אשתקד'!A34,הראל!A:K,10,0)+VLOOKUP('תפוקה מצטברת מול אשתקד'!A34,הפניקס!A:K,10,0)+VLOOKUP('תפוקה מצטברת מול אשתקד'!A34,כלל!A:K,10,0)+VLOOKUP('תפוקה מצטברת מול אשתקד'!A34,מור!A:K,10,0)+VLOOKUP('תפוקה מצטברת מול אשתקד'!A34,'אלטשולר שחם'!A:K,10,0)+VLOOKUP('תפוקה מצטברת מול אשתקד'!A34,'מדיהו '!A:K,10,0)+VLOOKUP('תפוקה מצטברת מול אשתקד'!A34,'אנליסט '!A:K,10,0)+VLOOKUP('תפוקה מצטברת מול אשתקד'!A34,'מיטב דש'!A:K,10,0)+VLOOKUP('תפוקה מצטברת מול אשתקד'!A34,אינפניטי!A:K,10,0) -> 0 | O34: =VLOOKUP(A34,הכשרה!A:K,11,0)+VLOOKUP('תפוקה מצטברת מול אשתקד'!A34,מגדל!A:K,11,0)+VLOOKUP('תפוקה מצטברת מול אשתקד'!A34,מנורה!A:K,11,0)+VLOOKUP('תפוקה מצטברת מול אשתקד'!A34,איילון!A:K,11,0)+VLOOKUP('תפוקה מצטברת מול אשתקד'!A34,הראל!A:K,11,0)+VLOOKUP('תפוקה מצטברת מול אשתקד'!A34,הפניקס!A:K,11,0)+VLOOKUP('תפוקה מצטברת מול אשתקד'!A34,כלל!A:K,11,0)+VLOOKUP('תפוקה מצטברת מול אשתקד'!A34,מור!A:K,11,0)+VLOOKUP('תפוקה מצטברת מול אשתקד'!A34,'אלטשולר שחם'!A:K,11,0)+VLOOKUP('תפוקה מצטברת מול אשתקד'!A34,'מדיהו '!A:K,11,0)+VLOOKUP('תפוקה מצטברת מול אשתקד'!A34,'אנליסט '!A:K,11,0)+VLOOKUP('תפוקה מצטברת מול אשתקד'!A34,'מיטב דש'!A:K,11,0)+VLOOKUP('תפוקה מצטברת מול אשתקד'!A34,אינפניטי!A:K,11,0) -> 0
A35: דאי גדי | B35: ערן גירוני | C35: סוכנים | D35: =IF(H35=0,0%,IF(L35=0,100%,H35/L35-1)) -> 0.22675147 | E35: =IF(I35=0,0%,IF(M35=0,100%,I35/M35-1)) -> -0.32240799 | F35: =IF(J35=0,0%,IF(N35=0,100%,J35/N35-1)) -> -0.68025625 | G35: =IF(K35=0,0%,IF(O35=H59,100%,K35/O35-1)) -> -0.73757671 | H35: =VLOOKUP(A35,הכשרה!A:G,4,0)+VLOOKUP('תפוקה מצטברת מול אשתקד'!A35,מגדל!A:G,4,0)+VLOOKUP('תפוקה מצטברת מול אשתקד'!A35,מנורה!A:G,4,0)+VLOOKUP('תפוקה מצטברת מול אשתקד'!A35,איילון!A:G,4,0)+VLOOKUP('תפוקה מצטברת מול אשתקד'!A35,הראל!A:G,4,0)+VLOOKUP('תפוקה מצטברת מול אשתקד'!A35,הפניקס!A:G,4,0)+VLOOKUP('תפוקה מצטברת מול אשתקד'!A35,כלל!A:G,4,0)+VLOOKUP('תפוקה מצטברת מול אשתקד'!A35,מור!A:G,4,0)+VLOOKUP('תפוקה מצטברת מול אשתקד'!A35,'אלטשולר שחם'!A:G,4,0)+VLOOKUP('תפוקה מצטברת מול אשתקד'!A35,'מדיהו '!A:G,4,0)+VLOOKUP('תפוקה מצטברת מול אשתקד'!A35,'אנליסט '!A:G,4,0)+VLOOKUP('תפוקה מצטברת מול אשתקד'!A35,'מיטב דש'!A:G,4,0)+VLOOKUP('תפוקה מצטברת מול אשתקד'!A35,אינפניטי!A:G,4,0) -> 1364924.9 | I35: =VLOOKUP(A35,הכשרה!A:G,5,0)+VLOOKUP('תפוקה מצטברת מול אשתקד'!A35,מגדל!A:G,5,0)+VLOOKUP('תפוקה מצטברת מול אשתקד'!A35,מנורה!A:G,5,0)+VLOOKUP('תפוקה מצטברת מול אשתקד'!A35,איילון!A:G,5,0)+VLOOKUP('תפוקה מצטברת מול אשתקד'!A35,הראל!A:G,5,0)+VLOOKUP('תפוקה מצטברת מול אשתקד'!A35,הפניקס!A:G,5,0)+VLOOKUP('תפוקה מצטברת מול אשתקד'!A35,כלל!A:G,5,0)+VLOOKUP('תפוקה מצטברת מול אשתקד'!A35,מור!A:G,5,0)+VLOOKUP('תפוקה מצטברת מול אשתקד'!A35,'אלטשולר שחם'!A:G,5,0)+VLOOKUP('תפוקה מצטברת מול אשתקד'!A35,'מדיהו '!A:G,5,0)+VLOOKUP('תפוקה מצטברת מול אשתקד'!A35,'אנליסט '!A:G,5,0)+VLOOKUP('תפוקה מצטברת מול אשתקד'!A35,'מיטב דש'!A:G,5,0)+VLOOKUP('תפוקה מצטברת מול אשתקד'!A35,אינפניטי!A:G,5,0) -> 183348.51 | J35: =VLOOKUP(A35,הכשרה!A:G,6,0)+VLOOKUP('תפוקה מצטברת מול אשתקד'!A35,מגדל!A:G,6,0)+VLOOKUP('תפוקה מצטברת מול אשתקד'!A35,מנורה!A:G,6,0)+VLOOKUP('תפוקה מצטברת מול אשתקד'!A35,איילון!A:G,6,0)+VLOOKUP(A35,הראל!A:G,6,0)+VLOOKUP('תפוקה מצטברת מול אשתקד'!A35,הפניקס!A:G,6,0)+VLOOKUP('תפוקה מצטברת מול אשתקד'!A35,כלל!A:G,6,0)+VLOOKUP('תפוקה מצטברת מול אשתקד'!A35,מור!A:G,6,0)+VLOOKUP('תפוקה מצטברת מול אשתקד'!A35,'אלטשולר שחם'!A:G,6,0)+VLOOKUP('תפוקה מצטברת מול אשתקד'!A35,'מדיהו '!A:G,6,0)+VLOOKUP('תפוקה מצטברת מול אשתקד'!A35,'אנליסט '!A:G,6,0)+VLOOKUP('תפוקה מצטברת מול אשתקד'!A35,'מיטב דש'!A:G,6,0)+VLOOKUP('תפוקה מצטברת מול אשתקד'!A35,אינפניטי!A:G,6,0) -> 1666043.9 | K35: =VLOOKUP(A35,הכשרה!A:G,7,0)+VLOOKUP('תפוקה מצטברת מול אשתקד'!A35,מגדל!A:G,7,0)+VLOOKUP('תפוקה מצטברת מול אשתקד'!A35,מנורה!A:G,7,0)+VLOOKUP('תפוקה מצטברת מול אשתקד'!A35,איילון!A:G,7,0)+VLOOKUP('תפוקה מצטברת מול אשתקד'!A35,הראל!A:G,7,0)+VLOOKUP('תפוקה מצטברת מול אשתקד'!A35,הפניקס!A:G,7,0)+VLOOKUP('תפוקה מצטברת מול אשתקד'!A35,כלל!A:G,7,0)+VLOOKUP('תפוקה מצטברת מול אשתקד'!A35,מור!A:G,7,0)+VLOOKUP('תפוקה מצטברת מול אשתקד'!A35,'אלטשולר שחם'!A:G,7,0)+VLOOKUP('תפוקה מצטברת מול אשתקד'!A35,'מדיהו '!A:K,7,0)+VLOOKUP(A35,'אנליסט '!A:G,7,0)+VLOOKUP('תפוקה מצטברת מול אשתקד'!A35,'מיטב דש'!A:G,7,0)+VLOOKUP('תפוקה מצטברת מול אשתקד'!A35,אינפניטי!A:G,7,0) -> 2800548.8 | L35: =VLOOKUP(A35,הכשרה!A:K,8,0)+VLOOKUP('תפוקה מצטברת מול אשתקד'!A35,מגדל!A:K,8,0)+VLOOKUP('תפוקה מצטברת מול אשתקד'!A35,מנורה!A:K,8,0)+VLOOKUP('תפוקה מצטברת מול אשתקד'!A35,איילון!A:K,8,0)+VLOOKUP('תפוקה מצטברת מול אשתקד'!A35,הראל!A:K,8,0)+VLOOKUP('תפוקה מצטברת מול אשתקד'!A35,הפניקס!A:K,8,0)+VLOOKUP('תפוקה מצטברת מול אשתקד'!A35,כלל!A:K,8,0)+VLOOKUP('תפוקה מצטברת מול אשתקד'!A35,מור!A:K,8,0)+VLOOKUP('תפוקה מצטברת מול אשתקד'!A35,'אלטשולר שחם'!A:K,8,0)+VLOOKUP('תפוקה מצטברת מול אשתקד'!A35,'מדיהו '!A:K,8,0)+VLOOKUP('תפוקה מצטברת מול אשתקד'!A35,'אנליסט '!A:K,8,0)+VLOOKUP('תפוקה מצטברת מול אשתקד'!A35,'מיטב דש'!A:K,8,0)+VLOOKUP('תפוקה מצטברת מול אשתקד'!A35,אינפניטי!A:K,8,0) -> 1112633.6 | M35: =VLOOKUP(A35,הכשרה!A:K,9,0)+VLOOKUP('תפוקה מצטברת מול אשתקד'!A35,מגדל!A:K,9,0)+VLOOKUP('תפוקה מצטברת מול אשתקד'!A35,מנורה!A:K,9,0)+VLOOKUP('תפוקה מצטברת מול אשתקד'!A35,איילון!A:K,9,0)+VLOOKUP('תפוקה מצטברת מול אשתקד'!A35,הראל!A:K,9,0)+VLOOKUP('תפוקה מצטברת מול אשתקד'!A35,הפניקס!A:K,9,0)+VLOOKUP('תפוקה מצטברת מול אשתקד'!A35,כלל!A:K,9,0)+VLOOKUP('תפוקה מצטברת מול אשתקד'!A35,מור!A:K,9,0)+VLOOKUP('תפוקה מצטברת מול אשתקד'!A35,'אלטשולר שחם'!A:K,9,0)+VLOOKUP('תפוקה מצטברת מול אשתקד'!A35,'מדיהו '!A:K,9,0)+VLOOKUP('תפוקה מצטברת מול אשתקד'!A35,'אנליסט '!A:K,9,0)+VLOOKUP('תפוקה מצטברת מול אשתקד'!A35,'מיטב דש'!A:K,9,0)+VLOOKUP('תפוקה מצטברת מול אשתקד'!A35,אינפניטי!A:K,9,0) -> 270588.35 | N35: =VLOOKUP(A35,הכשרה!A:K,10,0)+VLOOKUP('תפוקה מצטברת מול אשתקד'!A35,מגדל!A:K,10,0)+VLOOKUP('תפוקה מצטברת מול אשתקד'!A35,מנורה!A:K,10,0)+VLOOKUP('תפוקה מצטברת מול אשתקד'!A35,איילון!A:K,10,0)+VLOOKUP('תפוקה מצטברת מול אשתקד'!A35,הראל!A:K,10,0)+VLOOKUP('תפוקה מצטברת מול אשתקד'!A35,הפניקס!A:K,10,0)+VLOOKUP('תפוקה מצטברת מול אשתקד'!A35,כלל!A:K,10,0)+VLOOKUP('תפוקה מצטברת מול אשתקד'!A35,מור!A:K,10,0)+VLOOKUP('תפוקה מצטברת מול אשתקד'!A35,'אלטשולר שחם'!A:K,10,0)+VLOOKUP('תפוקה מצטברת מול אשתקד'!A35,'מדיהו '!A:K,10,0)+VLOOKUP('תפוקה מצטברת מול אשתקד'!A35,'אנליסט '!A:K,10,0)+VLOOKUP('תפוקה מצטברת מול אשתקד'!A35,'מיטב דש'!A:K,10,0)+VLOOKUP('תפוקה מצטברת מול אשתקד'!A35,אינפניטי!A:K,10,0) -> 5210559.7 | O35: =VLOOKUP(A35,הכשרה!A:K,11,0)+VLOOKUP('תפוקה מצטברת מול אשתקד'!A35,מגדל!A:K,11,0)+VLOOKUP('תפוקה מצטברת מול אשתקד'!A35,מנורה!A:K,11,0)+VLOOKUP('תפוקה מצטברת מול אשתקד'!A35,איילון!A:K,11,0)+VLOOKUP('תפוקה מצטברת מול אשתקד'!A35,הראל!A:K,11,0)+VLOOKUP('תפוקה מצטברת מול אשתקד'!A35,הפניקס!A:K,11,0)+VLOOKUP('תפוקה מצטברת מול אשתקד'!A35,כלל!A:K,11,0)+VLOOKUP('תפוקה מצטברת מול אשתקד'!A35,מור!A:K,11,0)+VLOOKUP('תפוקה מצטברת מול אשתקד'!A35,'אלטשולר שחם'!A:K,11,0)+VLOOKUP('תפוקה מצטברת מול אשתקד'!A35,'מדיהו '!A:K,11,0)+VLOOKUP('תפוקה מצטברת מול אשתקד'!A35,'אנליסט '!A:K,11,0)+VLOOKUP('תפוקה מצטברת מול אשתקד'!A35,'מיטב דש'!A:K,11,0)+VLOOKUP('תפוקה מצטברת מול אשתקד'!A35,אינפניטי!A:K,11,0) -> 10671876
