Workbook

Sheet דוח הנהלה
A2: תפוקה חודשית לפי קבוצות | O2: עולים בולטים
A3: קבוצה | B3: תפוקה חודשית 01/2025 | F3: השגת יעדים חודשי % | O3: סוכן | P3: שינוי % מול תקופה חופפת אשתקד | Q3: עליה מול תקופה חופפת אשתקד | R3: תפוקה מצטברת - 2025
B4: פנסיוני | C4: סיכונים | D4: פיננסים | E4: ניודי פנסיה | F4: פנסיוני | G4: סיכונים | H4: פיננסים | I4: ניודי פנסיה
A5: ישירים | B5: ='תפוקה מול יעד חודשי'!L8 -> 1129325.5 | C5: ='תפוקה מול יעד חודשי'!M8 -> 430756.29 | D5: ='תפוקה מול יעד חודשי'!N8 -> 3418786 | E5: ='תפוקה מול יעד חודשי'!O8 -> 7238176 | F5: ='תפוקה מול יעד חודשי'!D5 -> 0 | G5: ='תפוקה מול יעד חודשי'!E5 -> 0.37003158 | H5: ='תפוקה מול יעד חודשי'!F5 -> 0 | I5: ='תפוקה מול יעד חודשי'!G5 -> 0
A6: חברות בת | B6: ='תפוקה מול יעד חודשי'!L8 -> 1129325.5 | C6: ='תפוקה מול יעד חודשי'!M21 -> 276135.67 | D6: ='תפוקה מול יעד חודשי'!N21 -> 1343239 | E6: ='תפוקה מול יעד חודשי'!O21 -> 399567.57 | F6: ='תפוקה מול יעד חודשי'!D13 -> 0 | G6: ='תפוקה מול יעד חודשי'!E13 -> -0.74851415 | H6: ='תפוקה מול יעד חודשי'!F13 -> 0 | I6: ='תפוקה מול יעד חודשי'!G13 -> 0
A7: סוכני פרימיום | B7: ='תפוקה מול יעד חודשי'!L71 -> 579517.98 | C7: ='תפוקה מול יעד חודשי'!M71 -> 838553.7 | D7: ='תפוקה מול יעד חודשי'!N71 -> 3159084.2 | E7: ='תפוקה מול יעד חודשי'!O71 -> 5778612.3 | F7: ='תפוקה מול יעד חודשי'!D70 -> -0.675891 | G7: ='תפוקה מול יעד חודשי'!E70 -> 48.372039 | H7: ='תפוקה מול יעד חודשי'!F70 -> 0.0099075362 | I7: ='תפוקה מול יעד חודשי'!G70 -> 0
A8: סוכנים ערן | B8: ='תפוקה מול יעד חודשי'!L54 -> 613484.09 | C8: ='תפוקה מול יעד חודשי'!M54 -> 309510.9 | D8: ='תפוקה מול יעד חודשי'!N54 -> 1910393.7 | E8: ='תפוקה מול יעד חודשי'!O54 -> 2348418.5 | F8: ='תפוקה מול יעד חודשי'!D71 -> -0.43184512 | G8: ='תפוקה מול יעד חודשי'!E71 -> 5.7899085 | H8: ='תפוקה מול יעד חודשי'!F71 -> -0.53281807 | I8: ='תפוקה מול יעד חודשי'!G71 -> 0.6749601
A9: סוכנים איתי | B9: ='תפוקה מול יעד חודשי'!L62 -> 570943.95 | C9: ='תפוקה מול יעד חודשי'!M62 -> 33882.161 | D9: ='תפוקה מול יעד חודשי'!N62 -> 1619801.2 | E9: ='תפוקה מול יעד חודשי'!O62 -> 618203.73 | F9: ='תפוקה מול יעד חודשי'!D72 -> -0.60697749 | G9: ='תפוקה מול יעד חודשי'!E72 -> 1.2517002 | H9: ='תפוקה מול יעד חודשי'!F72 -> -0.62022671 | I9: ='תפוקה מול יעד חודשי'!G72 -> -0.44987381
A10: סה"כ מכירות | B10: =SUM(B5:B8) -> 3451653.1 | C10: =SUM(C5:C8) -> 1854956.6 | D10: =SUM(D5:D8) -> 9831502.9 | E10: =SUM(E5:E8) -> 15764774 | F10: ='תפוקה מול יעד חודשי'!D71 -> -0.43184512 | G10: ='תפוקה מול יעד חודשי'!E71 -> 5.7899085 | H10: ='תפוקה מול יעד חודשי'!F71 -> -0.53281807 | I10: ='תפוקה מול יעד חודשי'!G71 -> 0.6749601
A14: תפוקה מצטברת לפי קבוצות | O14: יורדים בולטים
A15: קבוצה | B15: תפוקה מצטברת 01/2025 | F15: שינוי מול אשתקד % | J15: השגת יעדים מצטבר % | O15: סוכן | P15: שינוי % מול תקופה חופפת אשתקד | Q15: ירידה מול תקופה חופפת אשתקד | R15: תפוקה מצטברת - 2025
B16: פנסיוני | C16: סיכונים | D16: פיננסים | E16: ניודי פנסיה | F16: פנסיוני | G16: סיכונים | H16: פיננסים | I16: ניודי פנסיה | J16: פנסיוני | K16: סיכונים | L16: פיננסים | M16: ניודי פנסיה
A17: ישירים | B17: ='תפוקה מצטברת מול אשתקד'!H8 -> 1129325.5 | C17: ='תפוקה מצטברת מול אשתקד'!I8 -> 430756.29 | D17: ='תפוקה מצטברת מול אשתקד'!J8 -> 3418786 | E17: ='תפוקה מצטברת מול אשתקד'!K8 -> 7238176 | F17: ='תפוקה מצטברת מול אשתקד'!D8 -> -0.85736407 | G17: ='תפוקה מצטברת מול אשתקד'!E8 -> -0.25834773 | H17: ='תפוקה מצטברת מול אשתקד'!F8 -> -0.84705929 | I17: ='תפוקה מצטברת מול אשתקד'!G8 -> -0.85003467 | J17: ='תפוקה מצטברת מול יעד מצטבר'!D8 -> -0.94208587 | K17: ='תפוקה מצטברת מול יעד מצטבר'!E8 -> -0.66864901 | L17: ='תפוקה מצטברת מול יעד מצטבר'!F8 -> 1.6298354 | M17: ='תפוקה מצטברת מול יעד מצטבר'!G8 -> 4.5678277
A18: חברות בת | B18: ='תפוקה מצטברת מול אשתקד'!H21 -> 358596.73 | C18: ='תפוקה מצטברת מול אשתקד'!I21 -> 276135.67 | D18: ='תפוקה מצטברת מול אשתקד'!J21 -> 1343239 | E18: ='תפוקה מצטברת מול אשתקד'!K21 -> 399567.57 | F18: ='תפוקה מצטברת מול אשתקד'!D21 -> -0.84720074 | G18: ='תפוקה מצטברת מול אשתקד'!E21 -> -0.56793629 | H18: ='תפוקה מצטברת מול אשתקד'!F21 -> -0.94158332 | I18: ='תפוקה מצטברת מול אשתקד'!G21 -> -0.97041889 | J18: ='תפוקה מצטברת מול יעד מצטבר'!D21 -> -0.95402606 | K18: ='תפוקה מצטברת מול יעד מצטבר'!E21 -> -0.89579786 | L18: ='תפוקה מצטברת מול יעד מצטבר'!F21 -> -0.97742455 | M18: ='תפוקה מצטברת מול יעד מצטבר'!G21 -> -0.86221808
A19: סוכני פרימיום | B19: ='תפוקה מצטברת מול אשתקד'!H71 -> 2258651 | C19: ='תפוקה מצטברת מול אשתקד'!I71 -> 838553.7 | D19: ='תפוקה מצטברת מול אשתקד'!J71 -> 6837572 | E19: ='תפוקה מצטברת מול אשתקד'!K71 -> 14476352 | F19: ='תפוקה מצטברת מול אשתקד'!D71 -> -0.85736407 | G19: ='תפוקה מצטברת מול אשתקד'!E71 -> -0.27811239 | H19: ='תפוקה מצטברת מול אשתקד'!F71 -> -0.84705929 | I19: ='תפוקה מצטברת מול אשתקד'!G62 -> -0.93504145 | J19: ='תפוקה מצטברת מול יעד מצטבר'!D62 -> -0.99979052 | K19: ='תפוקה מצטברת מול יעד מצטבר'!E62 -> -0.96506994 | L19: ='תפוקה מצטברת מול יעד מצטבר'!F62 -> -0.94214996 | M19: ='תפוקה מצטברת מול יעד מצטבר'!G62 -> -0.36267657
A20: סוכנים ערן | B20: ='תפוקה מצטברת מול אשתקד'!H54 -> 613484.09 | C20: ='תפוקה מצטברת מול אשתקד'!I54 -> 309510.9 | D20: ='תפוקה מצטברת מול אשתקד'!J54 -> 1910393.7 | E20: ='תפוקה מצטברת מול אשתקד'!K54 -> 2348418.5 | F20: ='תפוקה מצטברת מול אשתקד'!D72 -> -0.86443093 | G20: ='תפוקה מצטברת מול אשתקד'!E72 -> -0.45917206 | H20: ='תפוקה מצטברת מול אשתקד'!F72 -> -0.86026621 | I20: ='תפוקה מצטברת מול אשתקד'!G71 -> -0.85003467 | J20: ='תפוקה מצטברת מול יעד מצטבר'!D71 -> -0.93182141 | K20: ='תפוקה מצטברת מול יעד מצטבר'!E71 -> -0.3549587 | L20: ='תפוקה מצטברת מול יעד מצטבר'!F71 -> -0.93744388 | M20: ='תפוקה מצטברת מול יעד מצטבר'!G71 -> 3.4450864
A21: סוכנים איתי | B21: ='תפוקה מצטברת מול אשתקד'!H62 -> 570943.95 | C21: ='תפוקה מצטברת מול אשתקד'!I62 -> 33882.161 | D21: ='תפוקה מצטברת מול אשתקד'!J62 -> 1619801.2 | E21: ='תפוקה מצטברת מול אשתקד'!K62 -> 618203.73 | F21: ='תפוקה מצטברת מול אשתקד'!D73 -> 0 | G21: ='תפוקה מצטברת מול אשתקד'!E73 -> 0 | H21: ='תפוקה מצטברת מול אשתקד'!F73 -> 0 | I21: ='תפוקה מצטברת מול אשתקד'!G72 -> -0.87410193 | J21: ='תפוקה מצטברת מול יעד מצטבר'!D72 -> -0.99825125 | K21: ='תפוקה מצטברת מול יעד מצטבר'!E72 -> -0.72326073 | L21: ='תפוקה מצטברת מול יעד מצטבר'!F72 -> -0.90402296 | M21: ='תפוקה מצטברת מול יעד מצטבר'!G72 -> 2.4022568
A22: סה"כ מכירות | B22: =SUM(B17:B21) -> 4931001.3 | C22: =SUM(C17:C21) -> 1888838.7 | D22: =SUM(D17:D20) -> 13509991 | E22: =SUM(E17:E20) -> 24462514 | F22: ='תפוקה מצטברת מול אשתקד'!D72 -> -0.86443093 | G22: ='תפוקה מצטברת מול אשתקד'!E72 -> -0.45917206 | H22: ='תפוקה מצטברת מול אשתקד'!F72 -> -0.86026621 | I22: ='תפוקה מצטברת מול יעד מצטבר'!D71 -> -0.93182141 | J22: ='תפוקה מצטברת מול יעד מצטבר'!D72 -> -0.99825125 | K22: ='תפוקה מצטברת מול יעד מצטבר'!E72 -> -0.72326073 | L22: ='תפוקה מצטברת מול יעד מצטבר'!F72 -> -0.90402296 | M22: ='תפוקה מצטברת מול יעד מצטבר'!G72 -> 2.4022568
A25: תפוקה מצטברת לפי מפקחים
A26: מפקח | B26: תפוקה מצטברת 01/2025 | F26: שינוי מול אשתקד % | J26: השגת יעדים מצטבר % | N26: תפוקה מצטברת 01/2024 | R26: יעדים מצטבר
B27: פנסיוני | C27: סיכונים | D27: פיננסים | E27: ניודי פנסיה | F27: פנסיוני | G27: סיכונים | H27: פיננסים | I27: ניודי פנסיה | J27: פנסיוני | K27: סיכונים | L27: פיננסים | M27: ניודי פנסיה | N27: פנסיוני | O27: סיכונים | P27: פיננסים | Q27: ניודי פנסיה | R27: פנסיוני | S27: סיכונים | T27: פיננסים | U27: ניודי פנסיה
A28: ערן גירוני | B28: =SUMIF('תפוקה מצטברת מול אשתקד'!$B:$B,'דוח הנהלה'!A28,'תפוקה מצטברת מול אשתקד'!$H:$H) -> 1177504.6 | C28: =SUMIF('תפוקה מצטברת מול אשתקד'!$B:$B,'דוח הנהלה'!B28,'תפוקה מצטברת מול אשתקד'!$H:$H) -> 0 | D28: =SUMIF('תפוקה מצטברת מול אשתקד'!$B:$B,'דוח הנהלה'!C28,'תפוקה מצטברת מול אשתקד'!$H:$H) -> 0 | E28: =SUMIF('תפוקה מצטברת מול אשתקד'!$B:$B,'דוח הנהלה'!D28,'תפוקה מצטברת מול אשתקד'!$H:$H) -> 0 | F28: =(B28-N28)/N28 -> -0.91029112 | G28: =(C28-O28)/O28 -> -1 | H28: =(D28-P28)/P28 -> #DIV/0! | I28: =(E28-Q28)/Q28 -> #DIV/0! | J28: =(B28-R28)/R28 -> #VALUE! | K28: =(C28-S28)/S28 -> #VALUE! | L28: =(D28-T28)/T28 -> #VALUE! | M28: =(E28-U28)/U28 -> #VALUE! | N28: =SUMIF('תפוקה מצטברת מול אשתקד'!$B:$B,'דוח הנהלה'!A28,'תפוקה מצטברת מול אשתקד'!$L:$L) -> 13125842 | O28: =SUMIF('תפוקה מצטברת מול אשתקד'!$B:$B,'דוח הנהלה'!A28,'תפוקה מצטברת מול אשתקד'!$I:$I) -> 1146188.7 | R28: =SUMIF([1]גיליון1!$B:$B,A28,[1]גיליון1!$I:$I) -> #VALUE! | S28: =SUMIF([1]גיליון1!$B:$B,A28,[1]גיליון1!$J:$J) -> #VALUE! | T28: =SUMIF([1]גיליון1!$B:$B,A28,[1]גיליון1!$K:$K) -> #VALUE! | U28: =SUMIF([1]גיליון1!$B:$B,A28,[1]גיליון1!$L:$L) -> #VALUE!
A29: לא מפוקחים | B29: =SUMIF('תפוקה מצטברת מול אשתקד'!B:B,'דוח הנהלה'!A29,'תפוקה מצטברת מול אשתקד'!H:H) -> 15497.42 | C29: =SUMIF('תפוקה מצטברת מול אשתקד'!C:C,'דוח הנהלה'!B29,'תפוקה מצטברת מול אשתקד'!I:I) -> 0 | F29: =(B29-N29)/N29 -> -0.67532249 | G29: =(C29-O29)/O29 -> #DIV/0! | H29: =(D29-P29)/P29 -> #DIV/0! | I29: =(E29-Q29)/Q29 -> #DIV/0! | J29: =(B29-R29)/R29 -> #VALUE! | K29: =(C29-S29)/S29 -> #VALUE! | L29: =(D29-T29)/T29 -> #VALUE! | M29: =(E29-U29)/U29 -> #VALUE! | N29: =SUMIF('תפוקה מצטברת מול אשתקד'!$B:$B,'דוח הנהלה'!A29,'תפוקה מצטברת מול אשתקד'!$L:$L) -> 47731.732 | O29: =SUMIF('תפוקה מצטברת מול אשתקד'!$B:$B,'דוח הנהלה'!A29,'תפוקה מצטברת מול אשתקד'!$I:$I) -> 0 | P29: =SUMIF('תפוקה מצטברת מול אשתקד'!$B:$B,'דוח הנהלה'!C29,'תפוקה מצטברת מול אשתקד'!$L:$L) -> 0 | Q29: =SUMIF('תפוקה מצטברת מול אשתקד'!$B:$B,'דוח הנהלה'!D29,'תפוקה מצטברת מול אשתקד'!$L:$L) -> 0 | R29: =SUMIF([1]גיליון1!$B:$B,A29,[1]גיליון1!$I:$I) -> #VALUE! | S29: =SUMIF([1]גיליון1!$B:$B,A29,[1]גיליון1!$J:$J) -> #VALUE! | T29: =SUMIF([1]גיליון1!$B:$B,A29,[1]גיליון1!$K:$K) -> #VALUE! | U29: =SUMIF([1]גיליון1!$B:$B,A29,[1]גיליון1!$L:$L) -> #VALUE!
A30: יוסי אביב | B30: =SUMIF('תפוקה מצטברת מול אשתקד'!B:B,'דוח הנהלה'!A30,'תפוקה מצטברת מול אשתקד'!H:H) -> 1487922.2 | C30: =SUMIF('תפוקה מצטברת מול אשתקד'!C:C,'דוח הנהלה'!B30,'תפוקה מצטברת מול אשתקד'!I:I) -> 0 | F30: =(B30-N30)/N30 -> -0.86484558 | G30: =(C30-O30)/O30 -> -1 | H30: =(D30-P30)/P30 -> #DIV/0! | I30: =(E30-Q30)/Q30 -> #DIV/0! | J30: =(B30-R30)/R30 -> #VALUE! | K30: =(C30-S30)/S30 -> #VALUE! | L30: =(D30-T30)/T30 -> #VALUE! | M30: =(E30-U30)/U30 -> #VALUE! | N30: =SUMIF('תפוקה מצטברת מול אשתקד'!$B:$B,'דוח הנהלה'!A30,'תפוקה מצטברת מול אשתקד'!$L:$L) -> 11009054 | O30: =SUMIF('תפוקה מצטברת מול אשתקד'!$B:$B,'דוח הנהלה'!A30,'תפוקה מצטברת מול אשתקד'!$I:$I) -> 708767.81 | P30: =SUMIF('תפוקה מצטברת מול אשתקד'!$B:$B,'דוח הנהלה'!C30,'תפוקה מצטברת מול אשתקד'!$L:$L) -> 0 | Q30: =SUMIF('תפוקה מצטברת מול אשתקד'!$B:$B,'דוח הנהלה'!D30,'תפוקה מצטברת מול אשתקד'!$L:$L) -> 0 | R30: =SUMIF([1]גיליון1!$B:$B,A30,[1]גיליון1!$I:$I) -> #VALUE! | S30: =SUMIF([1]גיליון1!$B:$B,A30,[1]גיליון1!$J:$J) -> #VALUE! | T30: =SUMIF([1]גיליון1!$B:$B,A30,[1]גיליון1!$K:$K) -> #VALUE! | U30: =SUMIF([1]גיליון1!$B:$B,A30,[1]גיליון1!$L:$L) -> #VALUE!
A31: איתי אדן | B31: =SUMIF('תפוקה מצטברת מול אשתקד'!B:B,'דוח הנהלה'!A31,'תפוקה מצטברת מול אשתקד'!H:H) -> 570943.95 | C31: =SUMIF('תפוקה מצטברת מול אשתקד'!C:C,'דוח הנהלה'!B31,'תפוקה מצטברת מול אשתקד'!I:I) -> 0 | F31: =(B31-N31)/N31 -> -0.77015315 | G31: =(C31-O31)/O31 -> -1 | H31: =(D31-P31)/P31 -> #DIV/0! | I31: =(E31-Q31)/Q31 -> #DIV/0! | J31: =(B31-R31)/R31 -> #VALUE! | K31: =(C31-S31)/S31 -> #VALUE! | L31: =(D31-T31)/T31 -> #VALUE! | M31: =(E31-U31)/U31 -> #VALUE! | N31: =SUMIF('תפוקה מצטברת מול אשתקד'!$B:$B,'דוח הנהלה'!A31,'תפוקה מצטברת מול אשתקד'!$L:$L) -> 2484019 | O31: =SUMIF('תפוקה מצטברת מול אשתקד'!$B:$B,'דוח הנהלה'!A31,'תפוקה מצטברת מול אשתקד'!$I:$I) -> 33882.161 | P31: =SUMIF('תפוקה מצטברת מול אשתקד'!$B:$B,'דוח הנהלה'!C31,'תפוקה מצטברת מול אשתקד'!$L:$L) -> 0 | Q31: =SUMIF('תפוקה מצטברת מול אשתקד'!$B:$B,'דוח הנהלה'!D31,'תפוקה מצטברת מול אשתקד'!$L:$L) -> 0 | R31: =SUMIF([1]גיליון1!$B:$B,A31,[1]גיליון1!$I:$I) -> #VALUE! | S31: =SUMIF([1]גיליון1!$B:$B,A31,[1]גיליון1!$J:$J) -> #VALUE! | T31: =SUMIF([1]גיליון1!$B:$B,A31,[1]גיליון1!$K:$K) -> #VALUE! | U31: =SUMIF([1]גיליון1!$B:$B,A31,[1]גיליון1!$L:$L) -> #VALUE!
B32: =SUM(B28:B30) -> 2680924.3 | C32: =SUM(C28:C30) -> 0 | D32: =SUM(D28:D30) -> 0 | E32: =SUM(E28:E30) -> 0 | F32: =(B32-N32)/N32 -> -0.88913842 | G32: =(C32-O32)/O32 -> -1 | H32: =(D32-P32)/P32 -> #DIV/0! | I32: =(B32-R32)/R32 -> #VALUE! | J32: =(B32-R32)/R32 -> #VALUE! | K32: =(C32-S32)/S32 -> #VALUE! | L32: =(D32-T32)/T32 -> #VALUE! | M32: =(E32-U32)/U32 -> #VALUE! | N32: =SUM(N28:N30) -> 24182628 | O32: =SUM(O28:O31) -> 1888838.7 | P32: =SUM(P28:P30) -> 0 | Q32: =SUM(Q28:Q30) -> 0 | R32: =SUM(R28:R30) -> #VALUE! | S32: =SUM(S28:S30) -> #VALUE! | T32: =SUM(T28:T30) -> #VALUE! | U32: =SUM(U28:U30) -> #VALUE!
A36: תפוקה מצטברת לפי חברות
A37: קבוצה | B37: תפוקה מצטברת 01/2025 | F37: שינוי מול אשתקד %
B38: פנסיוני | C38: סיכונים | D38: פיננסים | E38: ניודי פנסיה | F38: פנסיוני | G38: סיכונים | H38: פיננסים | I38: ניודי פנסיה
A39: מנורה | B39: =מנורה!D72 -> 715891.55 | C39: =מנורה!E72 -> 73695.035 | D39: =מנורה!F72 -> 759970.83 | E39: =מנורה!G72 -> 0 | F39: =מנורה!D72/מנורה!H72-1 -> 0.13451985 | G39: =מנורה!E72/מנורה!I72-1 -> 0.56839112 | H39: =מנורה!F72/מנורה!J72-1 -> -0.79874433 | I39: =מנורה!G72/מנורה!K72-1 -> -1
A40: מגדל | B40: =מגדל!D72 -> 1315337.8 | C40: =מגדל!E72 -> 118705.91 | D40: =מגדל!F72 -> 4124762.6 | E40: =מגדל!G72 -> 9525267 | F40: =מגדל!D72/מגדל!H72-1 -> -0.92899604 | G40: =מגדל!E72/מגדל!I72-1 -> -0.88424931 | H40: =מגדל!F72/מגדל!J72-1 -> -0.92876154 | I40: =מגדל!G72/מגדל!K72-1 -> -0.91654563
A41: כלל | B41: =כלל!D72 -> 614276.76 | C41: =כלל!E72 -> 158927.33 | D41: =כלל!F72 -> 2474449.6 | E41: =כלל!G72 -> 4995148.8 | F41: =כלל!D72/כלל!H72-1 -> -0.23934366 | G41: =כלל!E72/כלל!I72-1 -> -0.035103592 | H41: =כלל!F72/כלל!J72-1 -> 0.47913562 | I41: =מגדל!G73/מגדל!K73-1 -> #DIV/0!
A42: אלטשולר שחם | B42: ='אלטשולר שחם'!D72 -> 0 | C42: ='אלטשולר שחם'!E72 -> 0 | D42: ='אלטשולר שחם'!F72 -> 0 | E42: ='אלטשולר שחם'!G72 -> 0 | F42: ='אלטשולר שחם'!D72/'אלטשולר שחם'!H72-1 -> #DIV/0! | G42: 0 | H42: ='אלטשולר שחם'!F72/'אלטשולר שחם'!J72-1 -> -1 | I42: 0
A43: מור | B43: =מור!D72 -> 0 | C43: =מור!E72 -> 0 | D43: =מור!F72 -> 344469 | E43: =מור!G72 -> 0 | F43: 0 | G43: 0 | H43: =מור!F72/מור!J72-1 -> -0.96659622 | I43: 0
A44: הראל | B44: =הראל!D72 -> 410818.22 | C44: =הראל!E72 -> 107147.88 | D44: =הראל!F72 -> 630744.51 | E44: =הראל!G72 -> 0 | F44: =הראל!D72/הראל!H72-1 -> -0.89478666 | G44: =הראל!E72/הראל!I72-1 -> -0.92976682 | H44: =הראל!F72/הראל!J72-1 -> -0.70629892 | I44: =הראל!G72/הראל!K72-1 -> -1
A45: הפניקס | B45: =הפניקס!D72 -> 189287.03 | C45: =הפניקס!E72 -> 1314115.3 | D45: =הפניקס!F72 -> 1039952.5 | E45: =הפניקס!G72 -> 101779 | F45: =הפניקס!D72/הפניקס!H72-1 -> -0.93236377 | G45: =הפניקס!E72/הפניקס!I72-1 -> 2.8874348 | H45: =הפניקס!F72/הפניקס!J72-1 -> -0.92922704 | I45: =הפניקס!G72/הפניקס!K72-1 -> -0.99037849
A46: איילון | B46: =איילון!D72 -> 0 | C46: =איילון!E72 -> 64133.56 | D46: =איילון!F72 -> 0 | E46: =איילון!G72 -> 0 | F46: 1 | G46: =איילון!E72/איילון!I72-1 -> 0.19949666 | H46: 0 | I46: 0
A47: הכשרה | B47: =הכשרה!D72 -> 6186.95 | C47: =הכשרה!E72 -> 20332.21 | D47: =הכשרה!F72 -> 0 | E47: =הכשרה!G72 -> 1760783.3 | F47: 0 | G47: =הכשרה!E72/הכשרה!I72-1 -> 0.88069651 | H47: 1 | I47: 0
A48: מדיהו | B48: ='מדיהו '!D72 -> 0 | C48: ='מדיהו '!E72 -> 2157 | D48: ='מדיהו '!F72 -> 0 | E48: ='מדיהו '!G72 -> 0 | F48: 0 | G48: ='מדיהו '!E72/'מדיהו '!I72-1 -> #DIV/0! | H48: 0%0 | I48: 0
A49: אנליסט | B49: ='אנליסט '!D72 -> 0 | C49: ='אנליסט '!E72 -> 0 | D49: ='אנליסט '!F72 -> 2076955 | E49: ='אנליסט '!G72 -> 0 | F49: 0 | G49: 0 | H49: 0 | I49: 0
A50: מיטב דש | B50: ='מיטב דש'!D72 -> 70 | C50: ='מיטב דש'!E72 -> 0 | D50: ='מיטב דש'!F72 -> 0 | E50: ='מיטב דש'!G72 -> 0 | F50: 0 | G50: 0 | H50: 0 | I50: 0
A51: אינפניטי | B51: =אינפניטי!D72 -> 0 | C51: =אינפניטי!E72 -> 0 | D51: =אינפניטי!F72 -> 0 | E51: =אינפניטי!G72 -> 0 | F51: 0 | G51: 0 | H51: 0 | I51: 0
A52: סה"כ | B52: =SUM(B39:B47) -> 3251798.3 | C52: =SUM(C39:C47) -> 1857057.2 | D52: =SUM(D39:D47) -> 9374349.1 | E52: =SUM(E39:E47) -> 16382978 | F52: =('תפוקה מצטברת מול אשתקד'!H72-'תפוקה מצטברת מול אשתקד'!L72)/'תפוקה מצטברת מול אשתקד'!L72 -> -0.86443093 | G52: =('תפוקה מצטברת מול אשתקד'!I72-'תפוקה מצטברת מול אשתקד'!M72)/'תפוקה מצטברת מול אשתקד'!M72 -> -0.45917206 | H52: =('תפוקה מצטברת מול אשתקד'!J72-'תפוקה מצטברת מול אשתקד'!N72)/'תפוקה מצטברת מול אשתקד'!N72 -> -0.86026621 | I52: =('תפוקה מצטברת מול אשתקד'!K72-'תפוקה מצטברת מול אשתקד'!O72)/'תפוקה מצטברת מול אשתקד'!O72 -> -0.87410193

Sheet תפוקה מצטברת מול אשתקד
D1: שינוי מול אשתקד % | H1: תפוקה מצטברת 01/2025 | L1: תפוקה מצטברת 01/2024
A2: שם סוכן | B2: מפקח | C2: מחלקה | D2: פנסיוני | E2: סיכונים | F2: פיננסים | G2: ניודי פנסיה | H2: פנסיוני | I2: סיכונים | J2: פיננסים | K2: ניודי פנסיה | L2: פנסיוני | M2: סיכונים | N2: פיננסים | O2: ניודי פנסיה
A3: גל אלמגור סוכ | B3: יוסי אביב | C3: ישירים | D3: =IF(H3=0,0%,IF(L3=0,100%,H3/L3-1)) -> -0.81703052 | E3: =IF(I3=0,0%,IF(M3=0,100%,I3/M3-1)) -> -0.71514745 | F3: =IF(J3=0,0%,IF(N3=G28,100%,J3/N3-1)) -> -0.66415457 | G3: =IF(K3=0,0%,IF(O3=H28,100%,K3/O3-1)) -> -0.81135804 | H3: =VLOOKUP(A3,הכשרה!A:G,4,0)+VLOOKUP('תפוקה מצטברת מול אשתקד'!A3,מגדל!A:G,4,0)+VLOOKUP('תפוקה מצטברת מול אשתקד'!A3,מנורה!A:G,4,0)+VLOOKUP('תפוקה מצטברת מול אשתקד'!A3,איילון!A:G,4,0)+VLOOKUP('תפוקה מצטברת מול אשתקד'!A3,הראל!A:G,4,0)+VLOOKUP('תפוקה מצטברת מול אשתקד'!A3,הפניקס!A:G,4,0)+VLOOKUP('תפוקה מצטברת מול אשתקד'!A3,כלל!A:G,4,0)+VLOOKUP('תפוקה מצטברת מול אשתקד'!A3,מור!A:G,4,0)+VLOOKUP('תפוקה מצטברת מול אשתקד'!A3,'אלטשולר שחם'!A:G,4,0)+VLOOKUP('תפוקה מצטברת מול אשתקד'!A3,'מדיהו '!A:G,4,0)+VLOOKUP('תפוקה מצטברת מול אשתקד'!A3,'אנליסט '!A:G,4,0)+VLOOKUP('תפוקה מצטברת מול אשתקד'!A3,'מיטב דש'!A:G,4,0)+VLOOKUP('תפוקה מצטברת מול אשתקד'!A3,אינפניטי!A:G,4,0) -> 1072519.2 | I3: =VLOOKUP(A3,הכשרה!A:G,5,0)+VLOOKUP('תפוקה מצטברת מול אשתקד'!A3,מגדל!A:G,5,0)+VLOOKUP('תפוקה מצטברת מול אשתקד'!A3,מנורה!A:G,5,0)+VLOOKUP('תפוקה מצטברת מול אשתקד'!A3,איילון!A:G,5,0)+VLOOKUP('תפוקה מצטברת מול אשתקד'!A3,הראל!A:G,5,0)+VLOOKUP('תפוקה מצטברת מול אשתקד'!A3,הפניקס!A:G,5,0)+VLOOKUP('תפוקה מצטברת מול אשתקד'!A3,כלל!A:G,5,0)+VLOOKUP('תפוקה מצטברת מול אשתקד'!A3,מור!A:G,5,0)+VLOOKUP('תפוקה מצטברת מול אשתקד'!A3,'אלטשולר שחם'!A:G,5,0)+VLOOKUP('תפוקה מצטברת מול אשתקד'!A3,'מדיהו '!A:G,5,0)+VLOOKUP('תפוקה מצטברת מול אשתקד'!A3,'אנליסט '!A:G,5,0)+VLOOKUP('תפוקה מצטברת מול אשתקד'!A3,'מיטב דש'!A:G,5,0)+VLOOKUP('תפוקה מצטברת מול אשתקד'!A3,אינפניטי!A:G,5,0) -> 133701.09 | J3: =VLOOKUP(A3,הכשרה!A:G,6,0)+VLOOKUP('תפוקה מצטברת מול אשתקד'!A3,מגדל!A:G,6,0)+VLOOKUP('תפוקה מצטברת מול אשתקד'!A3,מנורה!A:G,6,0)+VLOOKUP('תפוקה מצטברת מול אשתקד'!A3,איילון!A:G,6,0)+VLOOKUP(A3,הראל!A:G,6,0)+VLOOKUP('תפוקה מצטברת מול אשתקד'!A3,הפניקס!A:G,6,0)+VLOOKUP('תפוקה מצטברת מול אשתקד'!A3,כלל!A:G,6,0)+VLOOKUP('תפוקה מצטברת מול אשתקד'!A3,מור!A:G,6,0)+VLOOKUP('תפוקה מצטברת מול אשתקד'!A3,'אלטשולר שחם'!A:G,6,0)+VLOOKUP('תפוקה מצטברת מול אשתקד'!A3,'מדיהו '!A:G,6,0)+VLOOKUP('תפוקה מצטברת מול אשתקד'!A3,'אנליסט '!A:G,6,0)+VLOOKUP('תפוקה מצטברת מול אשתקד'!A3,'מיטב דש'!A:G,6,0)+VLOOKUP('תפוקה מצטברת מול אשתקד'!A3,אינפניטי!A:G,6,0) -> 3139560.5 | K3: =VLOOKUP(A3,הכשרה!A:G,7,0)+VLOOKUP('תפוקה מצטברת מול אשתקד'!A3,מגדל!A:G,7,0)+VLOOKUP('תפוקה מצטברת מול אשתקד'!A3,מנורה!A:G,7,0)+VLOOKUP('תפוקה מצטברת מול אשתקד'!A3,איילון!A:G,7,0)+VLOOKUP('תפוקה מצטברת מול אשתקד'!A3,הראל!A:G,7,0)+VLOOKUP('תפוקה מצטברת מול אשתקד'!A3,הפניקס!A:G,7,0)+VLOOKUP('תפוקה מצטברת מול אשתקד'!A3,כלל!A:G,7,0)+VLOOKUP('תפוקה מצטברת מול אשתקד'!A3,מור!A:G,7,0)+VLOOKUP('תפוקה מצטברת מול אשתקד'!A3,'אלטשולר שחם'!A:G,7,0)+VLOOKUP('תפוקה מצטברת מול אשתקד'!A3,'מדיהו '!A:K,7,0)+VLOOKUP(A3,'אנליסט '!A:G,7,0)+VLOOKUP('תפוקה מצטברת מול אשתקד'!A3,'מיטב דש'!A:G,7,0)+VLOOKUP('תפוקה מצטברת מול אשתקד'!A3,אינפניטי!A:G,7,0) -> 7043528.8 | L3: =VLOOKUP(A3,הכשרה!A:K,8,0)+VLOOKUP('תפוקה מצטברת מול אשתקד'!A3,מגדל!A:K,8,0)+VLOOKUP('תפוקה מצטברת מול אשתקד'!A3,מנורה!A:K,8,0)+VLOOKUP('תפוקה מצטברת מול אשתקד'!A3,איילון!A:K,8,0)+VLOOKUP('תפוקה מצטברת מול אשתקד'!A3,הראל!A:K,8,0)+VLOOKUP('תפוקה מצטברת מול אשתקד'!A3,הפניקס!A:K,8,0)+VLOOKUP('תפוקה מצטברת מול אשתקד'!A3,כלל!A:K,8,0)+VLOOKUP('תפוקה מצטברת מול אשתקד'!A3,מור!A:K,8,0)+VLOOKUP('תפוקה מצטברת מול אשתקד'!A3,'אלטשולר שחם'!A:K,8,0)+VLOOKUP('תפוקה מצטברת מול אשתקד'!A3,'מדיהו '!A:K,8,0)+VLOOKUP('תפוקה מצטברת מול אשתקד'!A3,'אנליסט '!A:K,8,0)+VLOOKUP('תפוקה מצטברת מול אשתקד'!A3,'מיטב דש'!A:K,8,0)+VLOOKUP('תפוקה מצטברת מול אשתקד'!A3,אינפניטי!A:K,8,0) -> 5861738.7 | M3: =VLOOKUP(A3,הכשרה!A:K,9,0)+VLOOKUP('תפוקה מצטברת מול אשתקד'!A3,מגדל!A:K,9,0)+VLOOKUP('תפוקה מצטברת מול אשתקד'!A3,מנורה!A:K,9,0)+VLOOKUP('תפוקה מצטברת מול אשתקד'!A3,איילון!A:K,9,0)+VLOOKUP('תפוקה מצטברת מול אשתקד'!A3,הראל!A:K,9,0)+VLOOKUP('תפוקה מצטברת מול אשתקד'!A3,הפניקס!A:K,9,0)+VLOOKUP('תפוקה מצטברת מול אשתקד'!A3,כלל!A:K,9,0)+VLOOKUP('תפוקה מצטברת מול אשתקד'!A3,מור!A:K,9,0)+VLOOKUP('תפוקה מצטברת מול אשתקד'!A3,'אלטשולר שחם'!A:K,9,0)+VLOOKUP('תפוקה מצטברת מול אשתקד'!A3,'מדיהו '!A:K,9,0)+VLOOKUP('תפוקה מצטברת מול אשתקד'!A3,'אנליסט '!A:K,9,0)+VLOOKUP('תפוקה מצטברת מול אשתקד'!A3,'מיטב דש'!A:K,9,0)+VLOOKUP('תפוקה מצטברת מול אשתקד'!A3,אינפניטי!A:K,9,0) -> 469369.47 | N3: =VLOOKUP(A3,הכשרה!A:K,10,0)+VLOOKUP('תפוקה מצטברת מול אשתקד'!A3,מגדל!A:K,10,0)+VLOOKUP('תפוקה מצטברת מול אשתקד'!A3,מנורה!A:K,10,0)+VLOOKUP('תפוקה מצטברת מול אשתקד'!A3,איילון!A:K,10,0)+VLOOKUP('תפוקה מצטברת מול אשתקד'!A3,הראל!A:K,10,0)+VLOOKUP('תפוקה מצטברת מול אשתקד'!A3,הפניקס!A:K,10,0)+VLOOKUP('תפוקה מצטברת מול אשתקד'!A3,כלל!A:K,10,0)+VLOOKUP('תפוקה מצטברת מול אשתקד'!A3,מור!A:K,10,0)+VLOOKUP('תפוקה מצטברת מול אשתקד'!A3,'אלטשולר שחם'!A:K,10,0)+VLOOKUP('תפוקה מצטברת מול אשתקד'!A3,'מדיהו '!A:K,10,0)+VLOOKUP('תפוקה מצטברת מול אשתקד'!A3,'אנליסט '!A:K,10,0)+VLOOKUP('תפוקה מצטברת מול אשתקד'!A3,'מיטב דש'!A:K,10,0)+VLOOKUP('תפוקה מצטברת מול אשתקד'!A3,אינפניטי!A:K,10,0) -> 9348230.5 | O3: =VLOOKUP(A3,הכשרה!A:K,11,0)+VLOOKUP('תפוקה מצטברת מול אשתקד'!A3,מגדל!A:K,11,0)+VLOOKUP('תפוקה מצטברת מול אשתקד'!A3,מנורה!A:K,11,0)+VLOOKUP('תפוקה מצטברת מול אשתקד'!A3,איילון!A:K,11,0)+VLOOKUP('תפוקה מצטברת מול אשתקד'!A3,הראל!A:K,11,0)+VLOOKUP('תפוקה מצטברת מול אשתקד'!A3,הפניקס!A:K,11,0)+VLOOKUP('תפוקה מצטברת מול אשתקד'!A3,כלל!A:K,11,0)+VLOOKUP('תפוקה מצטברת מול אשתקד'!A3,מור!A:K,11,0)+VLOOKUP('תפוקה מצטברת מול אשתקד'!A3,'אלטשולר שחם'!A:K,11,0)+VLOOKUP('תפוקה מצטברת מול אשתקד'!A3,'מדיהו '!A:K,11,0)+VLOOKUP('תפוקה מצטברת מול אשתקד'!A3,'אנליסט '!A:K,11,0)+VLOOKUP('תפוקה מצטברת מול אשתקד'!A3,'מיטב דש'!A:K,11,0)+VLOOKUP('תפוקה מצטברת מול אשתקד'!A3,אינפניטי!A:K,11,0) -> 37338080
A4: דניאלה אביב | B4: יוסי אביב | C4: ישירים | D4: =IF(H4=0,0%,IF(L4=0,100%,H4/L4-1)) -> -0.99129882 | E4: =IF(I4=0,0%,IF(M4=0,100%,I4/M4-1)) -> 25.109473 | F4: =IF(J4=0,0%,IF(N4=0,100%,J4/N4-1)) -> -0.97756751 | G4: =IF(K4=0,0%,IF(O4=H29,100%,K4/O4-1)) -> -1.0006861 | H4: =VLOOKUP(A4,הכשרה!A:G,4,0)+VLOOKUP('תפוקה מצטברת מול אשתקד'!A4,מגדל!A:G,4,0)+VLOOKUP('תפוקה מצטברת מול אשתקד'!A4,מנורה!A:G,4,0)+VLOOKUP('תפוקה מצטברת מול אשתקד'!A4,איילון!A:G,4,0)+VLOOKUP('תפוקה מצטברת מול אשתקד'!A4,הראל!A:G,4,0)+VLOOKUP('תפוקה מצטברת מול אשתקד'!A4,הפניקס!A:G,4,0)+VLOOKUP('תפוקה מצטברת מול אשתקד'!A4,כלל!A:G,4,0)+VLOOKUP('תפוקה מצטברת מול אשתקד'!A4,מור!A:G,4,0)+VLOOKUP('תפוקה מצטברת מול אשתקד'!A4,'אלטשולר שחם'!A:G,4,0)+VLOOKUP('תפוקה מצטברת מול אשתקד'!A4,'מדיהו '!A:G,4,0)+VLOOKUP('תפוקה מצטברת מול אשתקד'!A4,'אנליסט '!A:G,4,0)+VLOOKUP('תפוקה מצטברת מול אשתקד'!A4,'מיטב דש'!A:G,4,0)+VLOOKUP('תפוקה מצטברת מול אשתקד'!A4,אינפניטי!A:G,4,0) -> 17268.48 | I4: =VLOOKUP(A4,הכשרה!A:G,5,0)+VLOOKUP('תפוקה מצטברת מול אשתקד'!A4,מגדל!A:G,5,0)+VLOOKUP('תפוקה מצטברת מול אשתקד'!A4,מנורה!A:G,5,0)+VLOOKUP('תפוקה מצטברת מול אשתקד'!A4,איילון!A:G,5,0)+VLOOKUP('תפוקה מצטברת מול אשתקד'!A4,הראל!A:G,5,0)+VLOOKUP('תפוקה מצטברת מול אשתקד'!A4,הפניקס!A:G,5,0)+VLOOKUP('תפוקה מצטברת מול אשתקד'!A4,כלל!A:G,5,0)+VLOOKUP('תפוקה מצטברת מול אשתקד'!A4,מור!A:G,5,0)+VLOOKUP('תפוקה מצטברת מול אשתקד'!A4,'אלטשולר שחם'!A:G,5,0)+VLOOKUP('תפוקה מצטברת מול אשתקד'!A4,'מדיהו '!A:G,5,0)+VLOOKUP('תפוקה מצטברת מול אשתקד'!A4,'אנליסט '!A:G,5,0)+VLOOKUP('תפוקה מצטברת מול אשתקד'!A4,'מיטב דש'!A:G,5,0)+VLOOKUP('תפוקה מצטברת מול אשתקד'!A4,אינפניטי!A:G,5,0) -> 250000 | J4: =VLOOKUP(A4,הכשרה!A:G,6,0)+VLOOKUP('תפוקה מצטברת מול אשתקד'!A4,מגדל!A:G,6,0)+VLOOKUP('תפוקה מצטברת מול אשתקד'!A4,מנורה!A:G,6,0)+VLOOKUP('תפוקה מצטברת מול אשתקד'!A4,איילון!A:G,6,0)+VLOOKUP(A4,הראל!A:G,6,0)+VLOOKUP('תפוקה מצטברת מול אשתקד'!A4,הפניקס!A:G,6,0)+VLOOKUP('תפוקה מצטברת מול אשתקד'!A4,כלל!A:G,6,0)+VLOOKUP('תפוקה מצטברת מול אשתקד'!A4,מור!A:G,6,0)+VLOOKUP('תפוקה מצטברת מול אשתקד'!A4,'אלטשולר שחם'!A:G,6,0)+VLOOKUP('תפוקה מצטברת מול אשתקד'!A4,'מדיהו '!A:G,6,0)+VLOOKUP('תפוקה מצטברת מול אשתקד'!A4,'אנליסט '!A:G,6,0)+VLOOKUP('תפוקה מצטברת מול אשתקד'!A4,'מיטב דש'!A:G,6,0)+VLOOKUP('תפוקה מצטברת מול אשתקד'!A4,אינפניטי!A:G,6,0) -> 272225.52 | K4: =VLOOKUP(A4,הכשרה!A:G,7,0)+VLOOKUP('תפוקה מצטברת מול אשתקד'!A4,מגדל!A:G,7,0)+VLOOKUP('תפוקה מצטברת מול אשתקד'!A4,מנורה!A:G,7,0)+VLOOKUP('תפוקה מצטברת מול אשתקד'!A4,איילון!A:G,7,0)+VLOOKUP('תפוקה מצטברת מול אשתקד'!A4,הראל!A:G,7,0)+VLOOKUP('תפוקה מצטברת מול אשתקד'!A4,הפניקס!A:G,7,0)+VLOOKUP('תפוקה מצטברת מול אשתקד'!A4,כלל!A:G,7,0)+VLOOKUP('תפוקה מצטברת מול אשתקד'!A4,מור!A:G,7,0)+VLOOKUP('תפוקה מצטברת מול אשתקד'!A4,'אלטשולר שחם'!A:G,7,0)+VLOOKUP('תפוקה מצטברת מול אשתקד'!A4,'מדיהו '!A:K,7,0)+VLOOKUP(A4,'אנליסט '!A:G,7,0)+VLOOKUP('תפוקה מצטברת מול אשתקד'!A4,'מיטב דש'!A:G,7,0)+VLOOKUP('תפוקה מצטברת מול אשתקד'!A4,אינפניטי!A:G,7,0) -> -7407.02 | L4: =VLOOKUP(A4,הכשרה!A:K,8,0)+VLOOKUP('תפוקה מצטברת מול אשתקד'!A4,מגדל!A:K,8,0)+VLOOKUP('תפוקה מצטברת מול אשתקד'!A4,מנורה!A:K,8,0)+VLOOKUP('תפוקה מצטברת מול אשתקד'!A4,איילון!A:K,8,0)+VLOOKUP('תפוקה מצטברת מול אשתקד'!A4,הראל!A:K,8,0)+VLOOKUP('תפוקה מצטברת מול אשתקד'!A4,הפניקס!A:K,8,0)+VLOOKUP('תפוקה מצטברת מול אשתקד'!A4,כלל!A:K,8,0)+VLOOKUP('תפוקה מצטברת מול אשתקד'!A4,מור!A:K,8,0)+VLOOKUP('תפוקה מצטברת מול אשתקד'!A4,'אלטשולר שחם'!A:K,8,0)+VLOOKUP('תפוקה מצטברת מול אשתקד'!A4,'מדיהו '!A:K,8,0)+VLOOKUP('תפוקה מצטברת מול אשתקד'!A4,'אנליסט '!A:K,8,0)+VLOOKUP('תפוקה מצטברת מול אשתקד'!A4,'מיטב דש'!A:K,8,0)+VLOOKUP('תפוקה מצטברת מול אשתקד'!A4,אינפניטי!A:K,8,0) -> 1984613.5 | M4: =VLOOKUP(A4,הכשרה!A:K,9,0)+VLOOKUP('תפוקה מצטברת מול אשתקד'!A4,מגדל!A:K,9,0)+VLOOKUP('תפוקה מצטברת מול אשתקד'!A4,מנורה!A:K,9,0)+VLOOKUP('תפוקה מצטברת מול אשתקד'!A4,איילון!A:K,9,0)+VLOOKUP('תפוקה מצטברת מול אשתקד'!A4,הראל!A:K,9,0)+VLOOKUP('תפוקה מצטברת מול אשתקד'!A4,הפניקס!A:K,9,0)+VLOOKUP('תפוקה מצטברת מול אשתקד'!A4,כלל!A:K,9,0)+VLOOKUP('תפוקה מצטברת מול אשתקד'!A4,מור!A:K,9,0)+VLOOKUP('תפוקה מצטברת מול אשתקד'!A4,'אלטשולר שחם'!A:K,9,0)+VLOOKUP('תפוקה מצטברת מול אשתקד'!A4,'מדיהו '!A:K,9,0)+VLOOKUP('תפוקה מצטברת מול אשתקד'!A4,'אנליסט '!A:K,9,0)+VLOOKUP('תפוקה מצטברת מול אשתקד'!A4,'מיטב דש'!A:K,9,0)+VLOOKUP('תפוקה מצטברת מול אשתקד'!A4,אינפניטי!A:K,9,0) -> 9575.0687 | N4: =VLOOKUP(A4,הכשרה!A:K,10,0)+VLOOKUP('תפוקה מצטברת מול אשתקד'!A4,מגדל!A:K,10,0)+VLOOKUP('תפוקה מצטברת מול אשתקד'!A4,מנורה!A:K,10,0)+VLOOKUP('תפוקה מצטברת מול אשתקד'!A4,איילון!A:K,10,0)+VLOOKUP('תפוקה מצטברת מול אשתקד'!A4,הראל!A:K,10,0)+VLOOKUP('תפוקה מצטברת מול אשתקד'!A4,הפניקס!A:K,10,0)+VLOOKUP('תפוקה מצטברת מול אשתקד'!A4,כלל!A:K,10,0)+VLOOKUP('תפוקה מצטברת מול אשתקד'!A4,מור!A:K,10,0)+VLOOKUP('תפוקה מצטברת מול אשתקד'!A4,'אלטשולר שחם'!A:K,10,0)+VLOOKUP('תפוקה מצטברת מול אשתקד'!A4,'מדיהו '!A:K,10,0)+VLOOKUP('תפוקה מצטברת מול אשתקד'!A4,'אנליסט '!A:K,10,0)+VLOOKUP('תפוקה מצטברת מול אשתקד'!A4,'מיטב דש'!A:K,10,0)+VLOOKUP('תפוקה מצטברת מול אשתקד'!A4,אינפניטי!A:K,10,0) -> 12135322 | O4: =VLOOKUP(A4,הכשרה!A:K,11,0)+VLOOKUP('תפוקה מצטברת מול אשתקד'!A4,מגדל!A:K,11,0)+VLOOKUP('תפוקה מצטברת מול אשתקד'!A4,מנורה!A:K,11,0)+VLOOKUP('תפוקה מצטברת מול אשתקד'!A4,איילון!A:K,11,0)+VLOOKUP('תפוקה מצטברת מול אשתקד'!A4,הראל!A:K,11,0)+VLOOKUP('תפוקה מצטברת מול אשתקד'!A4,הפניקס!A:K,11,0)+VLOOKUP('תפוקה מצטברת מול אשתקד'!A4,כלל!A:K,11,0)+VLOOKUP('תפוקה מצטברת מול אשתקד'!A4,מור!A:K,11,0)+VLOOKUP('תפוקה מצטברת מול אשתקד'!A4,'אלטשולר שחם'!A:K,11,0)+VLOOKUP('תפוקה מצטברת מול אשתקד'!A4,'מדיהו '!A:K,11,0)+VLOOKUP('תפוקה מצטברת מול אשתקד'!A4,'אנליסט '!A:K,11,0)+VLOOKUP('תפוקה מצטברת מול אשתקד'!A4,'מיטב דש'!A:K,11,0)+VLOOKUP('תפוקה מצטברת מול אשתקד'!A4,אינפניטי!A:K,11,0) -> 10795633
A5: רותי | B5: יוסי אביב | C5: ישירים | D5: =IF(H5=0,0%,IF(L5=0,100%,H5/L5-1)) -> 0 | E5: =IF(I5=0,0%,IF(M5=0,100%,I5/M5-1)) -> -0.45965967 | F5: =IF(J5=0,0%,IF(N5=0,100%,J5/N5-1)) -> 0 | G5: =IF(K5=0,0%,IF(O5=H30,100%,K5/O5-1)) -> 0 | H5: =VLOOKUP(A5,הכשרה!A:G,4,0)+VLOOKUP('תפוקה מצטברת מול אשתקד'!A5,מגדל!A:G,4,0)+VLOOKUP('תפוקה מצטברת מול אשתקד'!A5,מנורה!A:G,4,0)+VLOOKUP('תפוקה מצטברת מול אשתקד'!A5,איילון!A:G,4,0)+VLOOKUP('תפוקה מצטברת מול אשתקד'!A5,הראל!A:G,4,0)+VLOOKUP('תפוקה מצטברת מול אשתקד'!A5,הפניקס!A:G,4,0)+VLOOKUP('תפוקה מצטברת מול אשתקד'!A5,כלל!A:G,4,0)+VLOOKUP('תפוקה מצטברת מול אשתקד'!A5,מור!A:G,4,0)+VLOOKUP('תפוקה מצטברת מול אשתקד'!A5,'אלטשולר שחם'!A:G,4,0)+VLOOKUP('תפוקה מצטברת מול אשתקד'!A5,'מדיהו '!A:G,4,0)+VLOOKUP('תפוקה מצטברת מול אשתקד'!A5,'אנליסט '!A:G,4,0)+VLOOKUP('תפוקה מצטברת מול אשתקד'!A5,'מיטב דש'!A:G,4,0)+VLOOKUP('תפוקה מצטברת מול אשתקד'!A5,אינפניטי!A:G,4,0) -> 0 | I5: =VLOOKUP(A5,הכשרה!A:G,5,0)+VLOOKUP('תפוקה מצטברת מול אשתקד'!A5,מגדל!A:G,5,0)+VLOOKUP('תפוקה מצטברת מול אשתקד'!A5,מנורה!A:G,5,0)+VLOOKUP('תפוקה מצטברת מול אשתקד'!A5,איילון!A:G,5,0)+VLOOKUP('תפוקה מצטברת מול אשתקד'!A5,הראל!A:G,5,0)+VLOOKUP('תפוקה מצטברת מול אשתקד'!A5,הפניקס!A:G,5,0)+VLOOKUP('תפוקה מצטברת מול אשתקד'!A5,כלל!A:G,5,0)+VLOOKUP('תפוקה מצטברת מול אשתקד'!A5,מור!A:G,5,0)+VLOOKUP('תפוקה מצטברת מול אשתקד'!A5,'אלטשולר שחם'!A:G,5,0)+VLOOKUP('תפוקה מצטברת מול אשתקד'!A5,'מדיהו '!A:G,5,0)+VLOOKUP('תפוקה מצטברת מול אשתקד'!A5,'אנליסט '!A:G,5,0)+VLOOKUP('תפוקה מצטברת מול אשתקד'!A5,'מיטב דש'!A:G,5,0)+VLOOKUP('תפוקה מצטברת מול אשתקד'!A5,אינפניטי!A:G,5,0) -> 39045.9 | J5: =VLOOKUP(A5,הכשרה!A:G,6,0)+VLOOKUP('תפוקה מצטברת מול אשתקד'!A5,מגדל!A:G,6,0)+VLOOKUP('תפוקה מצטברת מול אשתקד'!A5,מנורה!A:G,6,0)+VLOOKUP('תפוקה מצטברת מול אשתקד'!A5,איילון!A:G,6,0)+VLOOKUP(A5,הראל!A:G,6,0)+VLOOKUP('תפוקה מצטברת מול אשתקד'!A5,הפניקס!A:G,6,0)+VLOOKUP('תפוקה מצטברת מול אשתקד'!A5,כלל!A:G,6,0)+VLOOKUP('תפוקה מצטברת מול אשתקד'!A5,מור!A:G,6,0)+VLOOKUP('תפוקה מצטברת מול אשתקד'!A5,'אלטשולר שחם'!A:G,6,0)+VLOOKUP('תפוקה מצטברת מול אשתקד'!A5,'מדיהו '!A:G,6,0)+VLOOKUP('תפוקה מצטברת מול אשתקד'!A5,'אנליסט '!A:G,6,0)+VLOOKUP('תפוקה מצטברת מול אשתקד'!A5,'מיטב דש'!A:G,6,0)+VLOOKUP('תפוקה מצטברת מול אשתקד'!A5,אינפניטי!A:G,6,0) -> 0 | K5: =VLOOKUP(A5,הכשרה!A:G,7,0)+VLOOKUP('תפוקה מצטברת מול אשתקד'!A5,מגדל!A:G,7,0)+VLOOKUP('תפוקה מצטברת מול אשתקד'!A5,מנורה!A:G,7,0)+VLOOKUP('תפוקה מצטברת מול אשתקד'!A5,איילון!A:G,7,0)+VLOOKUP('תפוקה מצטברת מול אשתקד'!A5,הראל!A:G,7,0)+VLOOKUP('תפוקה מצטברת מול אשתקד'!A5,הפניקס!A:G,7,0)+VLOOKUP('תפוקה מצטברת מול אשתקד'!A5,כלל!A:G,7,0)+VLOOKUP('תפוקה מצטברת מול אשתקד'!A5,מור!A:G,7,0)+VLOOKUP('תפוקה מצטברת מול אשתקד'!A5,'אלטשולר שחם'!A:G,7,0)+VLOOKUP('תפוקה מצטברת מול אשתקד'!A5,'מדיהו '!A:K,7,0)+VLOOKUP(A5,'אנליסט '!A:G,7,0)+VLOOKUP('תפוקה מצטברת מול אשתקד'!A5,'מיטב דש'!A:G,7,0)+VLOOKUP('תפוקה מצטברת מול אשתקד'!A5,אינפניטי!A:G,7,0) -> 0 | L5: =VLOOKUP(A5,הכשרה!A:K,8,0)+VLOOKUP('תפוקה מצטברת מול אשתקד'!A5,מגדל!A:K,8,0)+VLOOKUP('תפוקה מצטברת מול אשתקד'!A5,מנורה!A:K,8,0)+VLOOKUP('תפוקה מצטברת מול אשתקד'!A5,איילון!A:K,8,0)+VLOOKUP('תפוקה מצטברת מול אשתקד'!A5,הראל!A:K,8,0)+VLOOKUP('תפוקה מצטברת מול אשתקד'!A5,הפניקס!A:K,8,0)+VLOOKUP('תפוקה מצטברת מול אשתקד'!A5,כלל!A:K,8,0)+VLOOKUP('תפוקה מצטברת מול אשתקד'!A5,מור!A:K,8,0)+VLOOKUP('תפוקה מצטברת מול אשתקד'!A5,'אלטשולר שחם'!A:K,8,0)+VLOOKUP('תפוקה מצטברת מול אשתקד'!A5,'מדיהו '!A:K,8,0)+VLOOKUP('תפוקה מצטברת מול אשתקד'!A5,'אנליסט '!A:K,8,0)+VLOOKUP('תפוקה מצטברת מול אשתקד'!A5,'מיטב דש'!A:K,8,0)+VLOOKUP('תפוקה מצטברת מול אשתקד'!A5,אינפניטי!A:K,8,0) -> 0 | M5: =VLOOKUP(A5,הכשרה!A:K,9,0)+VLOOKUP('תפוקה מצטברת מול אשתקד'!A5,מגדל!A:K,9,0)+VLOOKUP('תפוקה מצטברת מול אשתקד'!A5,מנורה!A:K,9,0)+VLOOKUP('תפוקה מצטברת מול אשתקד'!A5,איילון!A:K,9,0)+VLOOKUP('תפוקה מצטברת מול אשתקד'!A5,הראל!A:K,9,0)+VLOOKUP('תפוקה מצטברת מול אשתקד'!A5,הפניקס!A:K,9,0)+VLOOKUP('תפוקה מצטברת מול אשתקד'!A5,כלל!A:K,9,0)+VLOOKUP('תפוקה מצטברת מול אשתקד'!A5,מור!A:K,9,0)+VLOOKUP('תפוקה מצטברת מול אשתקד'!A5,'אלטשולר שחם'!A:K,9,0)+VLOOKUP('תפוקה מצטברת מול אשתקד'!A5,'מדיהו '!A:K,9,0)+VLOOKUP('תפוקה מצטברת מול אשתקד'!A5,'אנליסט '!A:K,9,0)+VLOOKUP('תפוקה מצטברת מול אשתקד'!A5,'מיטב דש'!A:K,9,0)+VLOOKUP('תפוקה מצטברת מול אשתקד'!A5,אינפניטי!A:K,9,0) -> 72261.68 | N5: =VLOOKUP(A5,הכשרה!A:K,10,0)+VLOOKUP('תפוקה מצטברת מול אשתקד'!A5,מגדל!A:K,10,0)+VLOOKUP('תפוקה מצטברת מול אשתקד'!A5,מנורה!A:K,10,0)+VLOOKUP('תפוקה מצטברת מול אשתקד'!A5,איילון!A:K,10,0)+VLOOKUP('תפוקה מצטברת מול אשתקד'!A5,הראל!A:K,10,0)+VLOOKUP('תפוקה מצטברת מול אשתקד'!A5,הפניקס!A:K,10,0)+VLOOKUP('תפוקה מצטברת מול אשתקד'!A5,כלל!A:K,10,0)+VLOOKUP('תפוקה מצטברת מול אשתקד'!A5,מור!A:K,10,0)+VLOOKUP('תפוקה מצטברת מול אשתקד'!A5,'אלטשולר שחם'!A:K,10,0)+VLOOKUP('תפוקה מצטברת מול אשתקד'!A5,'מדיהו '!A:K,10,0)+VLOOKUP('תפוקה מצטברת מול אשתקד'!A5,'אנליסט '!A:K,10,0)+VLOOKUP('תפוקה מצטברת מול אשתקד'!A5,'מיטב דש'!A:K,10,0)+VLOOKUP('תפוקה מצטברת מול אשתקד'!A5,אינפניטי!A:K,10,0) -> 0 | O5: =VLOOKUP(A5,הכשרה!A:K,11,0)+VLOOKUP('תפוקה מצטברת מול אשתקד'!A5,מגדל!A:K,11,0)+VLOOKUP('תפוקה מצטברת מול אשתקד'!A5,מנורה!A:K,11,0)+VLOOKUP('תפוקה מצטברת מול אשתקד'!A5,איילון!A:K,11,0)+VLOOKUP('תפוקה מצטברת מול אשתקד'!A5,הראל!A:K,11,0)+VLOOKUP('תפוקה מצטברת מול אשתקד'!A5,הפניקס!A:K,11,0)+VLOOKUP('תפוקה מצטברת מול אשתקד'!A5,כלל!A:K,11,0)+VLOOKUP('תפוקה מצטברת מול אשתקד'!A5,מור!A:K,11,0)+VLOOKUP('תפוקה מצטברת מול אשתקד'!A5,'אלטשולר שחם'!A:K,11,0)+VLOOKUP('תפוקה מצטברת מול אשתקד'!A5,'מדיהו '!A:K,11,0)+VLOOKUP('תפוקה מצטברת מול אשתקד'!A5,'אנליסט '!A:K,11,0)+VLOOKUP('תפוקה מצטברת מול אשתקד'!A5,'מיטב דש'!A:K,11,0)+VLOOKUP('תפוקה מצטברת מול אשתקד'!A5,אינפניטי!A:K,11,0) -> 0
A6: אילנית | B6: יוסי אביב | C6: ישירים | D6: =IF(H6=0,0%,IF(L6=0,100%,H6/L6-1)) -> 0.32486175 | E6: =IF(I6=0,0%,IF(M6=0,100%,I6/M6-1)) -> -0.70802319 | F6: =IF(J6=0,0%,IF(N6=0,100%,J6/N6-1)) -> -0.99154364 | G6: =IF(K6=0,0%,IF(O6=H31,100%,K6/O6-1)) -> 1 | H6: =VLOOKUP(A6,הכשרה!A:G,4,0)+VLOOKUP('תפוקה מצטברת מול אשתקד'!A6,מגדל!A:G,4,0)+VLOOKUP('תפוקה מצטברת מול אשתקד'!A6,מנורה!A:G,4,0)+VLOOKUP('תפוקה מצטברת מול אשתקד'!A6,איילון!A:G,4,0)+VLOOKUP('תפוקה מצטברת מול אשתקד'!A6,הראל!A:G,4,0)+VLOOKUP('תפוקה מצטברת מול אשתקד'!A6,הפניקס!A:G,4,0)+VLOOKUP('תפוקה מצטברת מול אשתקד'!A6,כלל!A:G,4,0)+VLOOKUP('תפוקה מצטברת מול אשתקד'!A6,מור!A:G,4,0)+VLOOKUP('תפוקה מצטברת מול אשתקד'!A6,'אלטשולר שחם'!A:G,4,0)+VLOOKUP('תפוקה מצטברת מול אשתקד'!A6,'מדיהו '!A:G,4,0)+VLOOKUP('תפוקה מצטברת מול אשתקד'!A6,'אנליסט '!A:G,4,0)+VLOOKUP('תפוקה מצטברת מול אשתקד'!A6,'מיטב דש'!A:G,4,0)+VLOOKUP('תפוקה מצטברת מול אשתקד'!A6,אינפניטי!A:G,4,0) -> 39537.783 | I6: =VLOOKUP(A6,הכשרה!A:G,5,0)+VLOOKUP('תפוקה מצטברת מול אשתקד'!A6,מגדל!A:G,5,0)+VLOOKUP('תפוקה מצטברת מול אשתקד'!A6,מנורה!A:G,5,0)+VLOOKUP('תפוקה מצטברת מול אשתקד'!A6,איילון!A:G,5,0)+VLOOKUP('תפוקה מצטברת מול אשתקד'!A6,הראל!A:G,5,0)+VLOOKUP('תפוקה מצטברת מול אשתקד'!A6,הפניקס!A:G,5,0)+VLOOKUP('תפוקה מצטברת מול אשתקד'!A6,כלל!A:G,5,0)+VLOOKUP('תפוקה מצטברת מול אשתקד'!A6,מור!A:G,5,0)+VLOOKUP('תפוקה מצטברת מול אשתקד'!A6,'אלטשולר שחם'!A:G,5,0)+VLOOKUP('תפוקה מצטברת מול אשתקד'!A6,'מדיהו '!A:G,5,0)+VLOOKUP('תפוקה מצטברת מול אשתקד'!A6,'אנליסט '!A:G,5,0)+VLOOKUP('תפוקה מצטברת מול אשתקד'!A6,'מיטב דש'!A:G,5,0)+VLOOKUP('תפוקה מצטברת מול אשתקד'!A6,אינפניטי!A:G,5,0) -> 8009.3 | J6: =VLOOKUP(A6,הכשרה!A:G,6,0)+VLOOKUP('תפוקה מצטברת מול אשתקד'!A6,מגדל!A:G,6,0)+VLOOKUP('תפוקה מצטברת מול אשתקד'!A6,מנורה!A:G,6,0)+VLOOKUP('תפוקה מצטברת מול אשתקד'!A6,איילון!A:G,6,0)+VLOOKUP(A6,הראל!A:G,6,0)+VLOOKUP('תפוקה מצטברת מול אשתקד'!A6,הפניקס!A:G,6,0)+VLOOKUP('תפוקה מצטברת מול אשתקד'!A6,כלל!A:G,6,0)+VLOOKUP('תפוקה מצטברת מול אשתקד'!A6,מור!A:G,6,0)+VLOOKUP('תפוקה מצטברת מול אשתקד'!A6,'אלטשולר שחם'!A:G,6,0)+VLOOKUP('תפוקה מצטברת מול אשתקד'!A6,'מדיהו '!A:G,6,0)+VLOOKUP('תפוקה מצטברת מול אשתקד'!A6,'אנליסט '!A:G,6,0)+VLOOKUP('תפוקה מצטברת מול אשתקד'!A6,'מיטב דש'!A:G,6,0)+VLOOKUP('תפוקה מצטברת מול אשתקד'!A6,אינפניטי!A:G,6,0) -> 7000 | K6: =VLOOKUP(A6,הכשרה!A:G,7,0)+VLOOKUP('תפוקה מצטברת מול אשתקד'!A6,מגדל!A:G,7,0)+VLOOKUP('תפוקה מצטברת מול אשתקד'!A6,מנורה!A:G,7,0)+VLOOKUP('תפוקה מצטברת מול אשתקד'!A6,איילון!A:G,7,0)+VLOOKUP('תפוקה מצטברת מול אשתקד'!A6,הראל!A:G,7,0)+VLOOKUP('תפוקה מצטברת מול אשתקד'!A6,הפניקס!A:G,7,0)+VLOOKUP('תפוקה מצטברת מול אשתקד'!A6,כלל!A:G,7,0)+VLOOKUP('תפוקה מצטברת מול אשתקד'!A6,מור!A:G,7,0)+VLOOKUP('תפוקה מצטברת מול אשתקד'!A6,'אלטשולר שחם'!A:G,7,0)+VLOOKUP('תפוקה מצטברת מול אשתקד'!A6,'מדיהו '!A:K,7,0)+VLOOKUP(A6,'אנליסט '!A:G,7,0)+VLOOKUP('תפוקה מצטברת מול אשתקד'!A6,'מיטב דש'!A:G,7,0)+VLOOKUP('תפוקה מצטברת מול אשתקד'!A6,אינפניטי!A:G,7,0) -> 202054.22 | L6: =VLOOKUP(A6,הכשרה!A:K,8,0)+VLOOKUP('תפוקה מצטברת מול אשתקד'!A6,מגדל!A:K,8,0)+VLOOKUP('תפוקה מצטברת מול אשתקד'!A6,מנורה!A:K,8,0)+VLOOKUP('תפוקה מצטברת מול אשתקד'!A6,איילון!A:K,8,0)+VLOOKUP('תפוקה מצטברת מול אשתקד'!A6,הראל!A:K,8,0)+VLOOKUP('תפוקה מצטברת מול אשתקד'!A6,הפניקס!A:K,8,0)+VLOOKUP('תפוקה מצטברת מול אשתקד'!A6,כלל!A:K,8,0)+VLOOKUP('תפוקה מצטברת מול אשתקד'!A6,מור!A:K,8,0)+VLOOKUP('תפוקה מצטברת מול אשתקד'!A6,'אלטשולר שחם'!A:K,8,0)+VLOOKUP('תפוקה מצטברת מול אשתקד'!A6,'מדיהו '!A:K,8,0)+VLOOKUP('תפוקה מצטברת מול אשתקד'!A6,'אנליסט '!A:K,8,0)+VLOOKUP('תפוקה מצטברת מול אשתקד'!A6,'מיטב דש'!A:K,8,0)+VLOOKUP('תפוקה מצטברת מול אשתקד'!A6,אינפניטי!A:K,8,0) -> 29842.95 | M6: =VLOOKUP(A6,הכשרה!A:K,9,0)+VLOOKUP('תפוקה מצטברת מול אשתקד'!A6,מגדל!A:K,9,0)+VLOOKUP('תפוקה מצטברת מול אשתקד'!A6,מנורה!A:K,9,0)+VLOOKUP('תפוקה מצטברת מול אשתקד'!A6,איילון!A:K,9,0)+VLOOKUP('תפוקה מצטברת מול אשתקד'!A6,הראל!A:K,9,0)+VLOOKUP('תפוקה מצטברת מול אשתקד'!A6,הפניקס!A:K,9,0)+VLOOKUP('תפוקה מצטברת מול אשתקד'!A6,כלל!A:K,9,0)+VLOOKUP('תפוקה מצטברת מול אשתקד'!A6,מור!A:K,9,0)+VLOOKUP('תפוקה מצטברת מול אשתקד'!A6,'אלטשולר שחם'!A:K,9,0)+VLOOKUP('תפוקה מצטברת מול אשתקד'!A6,'מדיהו '!A:K,9,0)+VLOOKUP('תפוקה מצטברת מול אשתקד'!A6,'אנליסט '!A:K,9,0)+VLOOKUP('תפוקה מצטברת מול אשתקד'!A6,'מיטב דש'!A:K,9,0)+VLOOKUP('תפוקה מצטברת מול אשתקד'!A6,אינפניטי!A:K,9,0) -> 27431.288 | N6: =VLOOKUP(A6,הכשרה!A:K,10,0)+VLOOKUP('תפוקה מצטברת מול אשתקד'!A6,מגדל!A:K,10,0)+VLOOKUP('תפוקה מצטברת מול אשתקד'!A6,מנורה!A:K,10,0)+VLOOKUP('תפוקה מצטברת מול אשתקד'!A6,איילון!A:K,10,0)+VLOOKUP('תפוקה מצטברת מול אשתקד'!A6,הראל!A:K,10,0)+VLOOKUP('תפוקה מצטברת מול אשתקד'!A6,הפניקס!A:K,10,0)+VLOOKUP('תפוקה מצטברת מול אשתקד'!A6,כלל!A:K,10,0)+VLOOKUP('תפוקה מצטברת מול אשתקד'!A6,מור!A:K,10,0)+VLOOKUP('תפוקה מצטברת מול אשתקד'!A6,'אלטשולר שחם'!A:K,10,0)+VLOOKUP('תפוקה מצטברת מול אשתקד'!A6,'מדיהו '!A:K,10,0)+VLOOKUP('תפוקה מצטברת מול אשתקד'!A6,'אנליסט '!A:K,10,0)+VLOOKUP('תפוקה מצטברת מול אשתקד'!A6,'מיטב דש'!A:K,10,0)+VLOOKUP('תפוקה מצטברת מול אשתקד'!A6,אינפניטי!A:K,10,0) -> 827779.17 | O6: =VLOOKUP(A6,הכשרה!A:K,11,0)+VLOOKUP('תפוקה מצטברת מול אשתקד'!A6,מגדל!A:K,11,0)+VLOOKUP('תפוקה מצטברת מול אשתקד'!A6,מנורה!A:K,11,0)+VLOOKUP('תפוקה מצטברת מול אשתקד'!A6,איילון!A:K,11,0)+VLOOKUP('תפוקה מצטברת מול אשתקד'!A6,הראל!A:K,11,0)+VLOOKUP('תפוקה מצטברת מול אשתקד'!A6,הפניקס!A:K,11,0)+VLOOKUP('תפוקה מצטברת מול אשתקד'!A6,כלל!A:K,11,0)+VLOOKUP('תפוקה מצטברת מול אשתקד'!A6,מור!A:K,11,0)+VLOOKUP('תפוקה מצטברת מול אשתקד'!A6,'אלטשולר שחם'!A:K,11,0)+VLOOKUP('תפוקה מצטברת מול אשתקד'!A6,'מדיהו '!A:K,11,0)+VLOOKUP('תפוקה מצטברת מול אשתקד'!A6,'אנליסט '!A:K,11,0)+VLOOKUP('תפוקה מצטברת מול אשתקד'!A6,'מיטב דש'!A:K,11,0)+VLOOKUP('תפוקה מצטברת מול אשתקד'!A6,אינפניטי!A:K,11,0) -> 0
A7: דני פחימה | B7: יוסי אביב | C7: ישירים | D7: =IF(H7=0,0%,IF(L7=0,100%,H7/L7-1)) -> 0 | E7: =IF(I7=0,0%,IF(M7=0,100%,I7/M7-1)) -> 0 | F7: =IF(J7=0,0%,IF(N7=0,100%,J7/N7-1)) -> 0 | G7: =IF(K7=0,0%,IF(O7=H70,100%,K7/O7-1)) -> 0 | H7: =VLOOKUP(A7,הכשרה!A:G,4,0)+VLOOKUP('תפוקה מצטברת מול אשתקד'!A7,מגדל!A:G,4,0)+VLOOKUP('תפוקה מצטברת מול אשתקד'!A7,מנורה!A:G,4,0)+VLOOKUP('תפוקה מצטברת מול אשתקד'!A7,איילון!A:G,4,0)+VLOOKUP('תפוקה מצטברת מול אשתקד'!A7,הראל!A:G,4,0)+VLOOKUP('תפוקה מצטברת מול אשתקד'!A7,הפניקס!A:G,4,0)+VLOOKUP('תפוקה מצטברת מול אשתקד'!A7,כלל!A:G,4,0)+VLOOKUP('תפוקה מצטברת מול אשתקד'!A7,מור!A:G,4,0)+VLOOKUP('תפוקה מצטברת מול אשתקד'!A7,'אלטשולר שחם'!A:G,4,0)+VLOOKUP('תפוקה מצטברת מול אשתקד'!A7,'מדיהו '!A:G,4,0)+VLOOKUP('תפוקה מצטברת מול אשתקד'!A7,'אנליסט '!A:G,4,0)+VLOOKUP('תפוקה מצטברת מול אשתקד'!A7,'מיטב דש'!A:G,4,0)+VLOOKUP('תפוקה מצטברת מול אשתקד'!A7,אינפניטי!A:G,4,0) -> 0 | I7: =VLOOKUP(A7,הכשרה!A:G,5,0)+VLOOKUP('תפוקה מצטברת מול אשתקד'!A7,מגדל!A:G,5,0)+VLOOKUP('תפוקה מצטברת מול אשתקד'!A7,מנורה!A:G,5,0)+VLOOKUP('תפוקה מצטברת מול אשתקד'!A7,איילון!A:G,5,0)+VLOOKUP('תפוקה מצטברת מול אשתקד'!A7,הראל!A:G,5,0)+VLOOKUP('תפוקה מצטברת מול אשתקד'!A7,הפניקס!A:G,5,0)+VLOOKUP('תפוקה מצטברת מול אשתקד'!A7,כלל!A:G,5,0)+VLOOKUP('תפוקה מצטברת מול אשתקד'!A7,מור!A:G,5,0)+VLOOKUP('תפוקה מצטברת מול אשתקד'!A7,'אלטשולר שחם'!A:G,5,0)+VLOOKUP('תפוקה מצטברת מול אשתקד'!A7,'מדיהו '!A:G,5,0)+VLOOKUP('תפוקה מצטברת מול אשתקד'!A7,'אנליסט '!A:G,5,0)+VLOOKUP('תפוקה מצטברת מול אשתקד'!A7,'מיטב דש'!A:G,5,0)+VLOOKUP('תפוקה מצטברת מול אשתקד'!A7,אינפניטי!A:G,5,0) -> 0 | J7: =VLOOKUP(A7,הכשרה!A:G,6,0)+VLOOKUP('תפוקה מצטברת מול אשתקד'!A7,מגדל!A:G,6,0)+VLOOKUP('תפוקה מצטברת מול אשתקד'!A7,מנורה!A:G,6,0)+VLOOKUP('תפוקה מצטברת מול אשתקד'!A7,איילון!A:G,6,0)+VLOOKUP(A7,הראל!A:G,6,0)+VLOOKUP('תפוקה מצטברת מול אשתקד'!A7,הפניקס!A:G,6,0)+VLOOKUP('תפוקה מצטברת מול אשתקד'!A7,כלל!A:G,6,0)+VLOOKUP('תפוקה מצטברת מול אשתקד'!A7,מור!A:G,6,0)+VLOOKUP('תפוקה מצטברת מול אשתקד'!A7,'אלטשולר שחם'!A:G,6,0)+VLOOKUP('תפוקה מצטברת מול אשתקד'!A7,'מדיהו '!A:G,6,0)+VLOOKUP('תפוקה מצטברת מול אשתקד'!A7,'אנליסט '!A:G,6,0)+VLOOKUP('תפוקה מצטברת מול אשתקד'!A7,'מיטב דש'!A:G,6,0)+VLOOKUP('תפוקה מצטברת מול אשתקד'!A7,אינפניטי!A:G,6,0) -> 0 | K7: =VLOOKUP(A7,הכשרה!A:G,7,0)+VLOOKUP('תפוקה מצטברת מול אשתקד'!A7,מגדל!A:G,7,0)+VLOOKUP('תפוקה מצטברת מול אשתקד'!A7,מנורה!A:G,7,0)+VLOOKUP('תפוקה מצטברת מול אשתקד'!A7,איילון!A:G,7,0)+VLOOKUP('תפוקה מצטברת מול אשתקד'!A7,הראל!A:G,7,0)+VLOOKUP('תפוקה מצטברת מול אשתקד'!A7,הפניקס!A:G,7,0)+VLOOKUP('תפוקה מצטברת מול אשתקד'!A7,כלל!A:G,7,0)+VLOOKUP('תפוקה מצטברת מול אשתקד'!A7,מור!A:G,7,0)+VLOOKUP('תפוקה מצטברת מול אשתקד'!A7,'אלטשולר שחם'!A:G,7,0)+VLOOKUP('תפוקה מצטברת מול אשתקד'!A7,'מדיהו '!A:K,7,0)+VLOOKUP(A7,'אנליסט '!A:G,7,0)+VLOOKUP('תפוקה מצטברת מול אשתקד'!A7,'מיטב דש'!A:G,7,0)+VLOOKUP('תפוקה מצטברת מול אשתקד'!A7,אינפניטי!A:G,7,0) -> 0 | L7: =VLOOKUP(A7,הכשרה!A:K,8,0)+VLOOKUP('תפוקה מצטברת מול אשתקד'!A7,מגדל!A:K,8,0)+VLOOKUP('תפוקה מצטברת מול אשתקד'!A7,מנורה!A:K,8,0)+VLOOKUP('תפוקה מצטברת מול אשתקד'!A7,איילון!A:K,8,0)+VLOOKUP('תפוקה מצטברת מול אשתקד'!A7,הראל!A:K,8,0)+VLOOKUP('תפוקה מצטברת מול אשתקד'!A7,הפניקס!A:K,8,0)+VLOOKUP('תפוקה מצטברת מול אשתקד'!A7,כלל!A:K,8,0)+VLOOKUP('תפוקה מצטברת מול אשתקד'!A7,מור!A:K,8,0)+VLOOKUP('תפוקה מצטברת מול אשתקד'!A7,'אלטשולר שחם'!A:K,8,0)+VLOOKUP('תפוקה מצטברת מול אשתקד'!A7,'מדיהו '!A:K,8,0)+VLOOKUP('תפוקה מצטברת מול אשתקד'!A7,'אנליסט '!A:K,8,0)+VLOOKUP('תפוקה מצטברת מול אשתקד'!A7,'מיטב דש'!A:K,8,0)+VLOOKUP('תפוקה מצטברת מול אשתקד'!A7,אינפניטי!A:K,8,0) -> 41343.48 | M7: =VLOOKUP(A7,הכשרה!A:K,9,0)+VLOOKUP('תפוקה מצטברת מול אשתקד'!A7,מגדל!A:K,9,0)+VLOOKUP('תפוקה מצטברת מול אשתקד'!A7,מנורה!A:K,9,0)+VLOOKUP('תפוקה מצטברת מול אשתקד'!A7,איילון!A:K,9,0)+VLOOKUP('תפוקה מצטברת מול אשתקד'!A7,הראל!A:K,9,0)+VLOOKUP('תפוקה מצטברת מול אשתקד'!A7,הפניקס!A:K,9,0)+VLOOKUP('תפוקה מצטברת מול אשתקד'!A7,כלל!A:K,9,0)+VLOOKUP('תפוקה מצטברת מול אשתקד'!A7,מור!A:K,9,0)+VLOOKUP('תפוקה מצטברת מול אשתקד'!A7,'אלטשולר שחם'!A:K,9,0)+VLOOKUP('תפוקה מצטברת מול אשתקד'!A7,'מדיהו '!A:K,9,0)+VLOOKUP('תפוקה מצטברת מול אשתקד'!A7,'אנליסט '!A:K,9,0)+VLOOKUP('תפוקה מצטברת מול אשתקד'!A7,'מיטב דש'!A:K,9,0)+VLOOKUP('תפוקה מצטברת מול אשתקד'!A7,אינפניטי!A:K,9,0) -> 2168.7634 | N7: =VLOOKUP(A7,הכשרה!A:K,10,0)+VLOOKUP('תפוקה מצטברת מול אשתקד'!A7,מגדל!A:K,10,0)+VLOOKUP('תפוקה מצטברת מול אשתקד'!A7,מנורה!A:K,10,0)+VLOOKUP('תפוקה מצטברת מול אשתקד'!A7,איילון!A:K,10,0)+VLOOKUP('תפוקה מצטברת מול אשתקד'!A7,הראל!A:K,10,0)+VLOOKUP('תפוקה מצטברת מול אשתקד'!A7,הפניקס!A:K,10,0)+VLOOKUP('תפוקה מצטברת מול אשתקד'!A7,כלל!A:K,10,0)+VLOOKUP('תפוקה מצטברת מול אשתקד'!A7,מור!A:K,10,0)+VLOOKUP('תפוקה מצטברת מול אשתקד'!A7,'אלטשולר שחם'!A:K,10,0)+VLOOKUP('תפוקה מצטברת מול אשתקד'!A7,'מדיהו '!A:K,10,0)+VLOOKUP('תפוקה מצטברת מול אשתקד'!A7,'אנליסט '!A:K,10,0)+VLOOKUP('תפוקה מצטברת מול אשתקד'!A7,'מיטב דש'!A:K,10,0)+VLOOKUP('תפוקה מצטברת מול אשתקד'!A7,אינפניטי!A:K,10,0) -> 42338.01 | O7: =VLOOKUP(A7,הכשרה!A:K,11,0)+VLOOKUP('תפוקה מצטברת מול אשתקד'!A7,מגדל!A:K,11,0)+VLOOKUP('תפוקה מצטברת מול אשתקד'!A7,מנורה!A:K,11,0)+VLOOKUP('תפוקה מצטברת מול אשתקד'!A7,איילון!A:K,11,0)+VLOOKUP('תפוקה מצטברת מול אשתקד'!A7,הראל!A:K,11,0)+VLOOKUP('תפוקה מצטברת מול אשתקד'!A7,הפניקס!A:K,11,0)+VLOOKUP('תפוקה מצטברת מול אשתקד'!A7,כלל!A:K,11,0)+VLOOKUP('תפוקה מצטברת מול אשתקד'!A7,מור!A:K,11,0)+VLOOKUP('תפוקה מצטברת מול אשתקד'!A7,'אלטשולר שחם'!A:K,11,0)+VLOOKUP('תפוקה מצטברת מול אשתקד'!A7,'מדיהו '!A:K,11,0)+VLOOKUP('תפוקה מצטברת מול אשתקד'!A7,'אנליסט '!A:K,11,0)+VLOOKUP('תפוקה מצטברת מול אשתקד'!A7,'מיטב דש'!A:K,11,0)+VLOOKUP('תפוקה מצטברת מול אשתקד'!A7,אינפניטי!A:K,11,0) -> 131949.32
A8: סה"כ ישיר | D8: =IF(H8=0,0%,IF(L8=0,100%,H8/L8-1)) -> -0.85736407 | E8: =IF(I8=0,0%,IF(M8=0,100%,I8/M8-1)) -> -0.25834773 | F8: =IF(J8=0,0%,IF(N8=0,100%,J8/N8-1)) -> -0.84705929 | G8: =IF(K8=0,0%,IF(O8=H71,100%,K8/O8-1)) -> -0.85003467 | H8: =VLOOKUP(A8,הכשרה!A:G,4,0)+VLOOKUP('תפוקה מצטברת מול אשתקד'!A8,מגדל!A:G,4,0)+VLOOKUP('תפוקה מצטברת מול אשתקד'!A8,מנורה!A:G,4,0)+VLOOKUP('תפוקה מצטברת מול אשתקד'!A8,איילון!A:G,4,0)+VLOOKUP('תפוקה מצטברת מול אשתקד'!A8,הראל!A:G,4,0)+VLOOKUP('תפוקה מצטברת מול אשתקד'!A8,הפניקס!A:G,4,0)+VLOOKUP('תפוקה מצטברת מול אשתקד'!A8,כלל!A:G,4,0)+VLOOKUP('תפוקה מצטברת מול אשתקד'!A8,מור!A:G,4,0)+VLOOKUP('תפוקה מצטברת מול אשתקד'!A8,'אלטשולר שחם'!A:G,4,0)+VLOOKUP('תפוקה מצטברת מול אשתקד'!A8,'מדיהו '!A:G,4,0)+VLOOKUP('תפוקה מצטברת מול אשתקד'!A8,'אנליסט '!A:G,4,0)+VLOOKUP('תפוקה מצטברת מול אשתקד'!A8,'מיטב דש'!A:G,4,0)+VLOOKUP('תפוקה מצטברת מול אשתקד'!A8,אינפניטי!A:G,4,0) -> 1129325.5 | I8: =SUM(I3:I7) -> 430756.29 | J8: =SUM(J3:J7) -> 3418786 | K8: =SUM(K3:K7) -> 7238176 | L8: =SUM(L3:L7) -> 7917538.6 | M8: =SUM(M3:M7) -> 580806.27 | N8: =SUM(N3:N7) -> 22353669 | O8: =SUM(O3:O7) -> 48265663
A9: בראשית סוכנות לביטוח | B9: יוסי אביב | C9: שותפים | D9: =IF(H9=0,0%,IF(L9=0,100%,H9/L9-1)) -> 1 | E9: =IF(I9=0,0%,IF(M9=0,100%,I9/M9-1)) -> 0 | F9: =IF(J9=0,0%,IF(N9=0,100%,J9/N9-1)) -> 0 | G9: =IF(K9=0,0%,IF(O9=H32,100%,K9/O9-1)) -> 1 | H9: =VLOOKUP(A9,הכשרה!A:G,4,0)+VLOOKUP('תפוקה מצטברת מול אשתקד'!A9,מגדל!A:G,4,0)+VLOOKUP('תפוקה מצטברת מול אשתקד'!A9,מנורה!A:G,4,0)+VLOOKUP('תפוקה מצטברת מול אשתקד'!A9,איילון!A:G,4,0)+VLOOKUP('תפוקה מצטברת מול אשתקד'!A9,הראל!A:G,4,0)+VLOOKUP('תפוקה מצטברת מול אשתקד'!A9,הפניקס!A:G,4,0)+VLOOKUP('תפוקה מצטברת מול אשתקד'!A9,כלל!A:G,4,0)+VLOOKUP('תפוקה מצטברת מול אשתקד'!A9,מור!A:G,4,0)+VLOOKUP('תפוקה מצטברת מול אשתקד'!A9,'אלטשולר שחם'!A:G,4,0)+VLOOKUP('תפוקה מצטברת מול אשתקד'!A9,'מדיהו '!A:G,4,0)+VLOOKUP('תפוקה מצטברת מול אשתקד'!A9,'אנליסט '!A:G,4,0)+VLOOKUP('תפוקה מצטברת מול אשתקד'!A9,'מיטב דש'!A:G,4,0)+VLOOKUP('תפוקה מצטברת מול אשתקד'!A9,אינפניטי!A:G,4,0) -> 3973.8196 | I9: =VLOOKUP(A9,הכשרה!A:G,5,0)+VLOOKUP('תפוקה מצטברת מול אשתקד'!A9,מגדל!A:G,5,0)+VLOOKUP('תפוקה מצטברת מול אשתקד'!A9,מנורה!A:G,5,0)+VLOOKUP('תפוקה מצטברת מול אשתקד'!A9,איילון!A:G,5,0)+VLOOKUP('תפוקה מצטברת מול אשתקד'!A9,הראל!A:G,5,0)+VLOOKUP('תפוקה מצטברת מול אשתקד'!A9,הפניקס!A:G,5,0)+VLOOKUP('תפוקה מצטברת מול אשתקד'!A9,כלל!A:G,5,0)+VLOOKUP('תפוקה מצטברת מול אשתקד'!A9,מור!A:G,5,0)+VLOOKUP('תפוקה מצטברת מול אשתקד'!A9,'אלטשולר שחם'!A:G,5,0)+VLOOKUP('תפוקה מצטברת מול אשתקד'!A9,'מדיהו '!A:G,5,0)+VLOOKUP('תפוקה מצטברת מול אשתקד'!A9,'אנליסט '!A:G,5,0)+VLOOKUP('תפוקה מצטברת מול אשתקד'!A9,'מיטב דש'!A:G,5,0)+VLOOKUP('תפוקה מצטברת מול אשתקד'!A9,אינפניטי!A:G,5,0) -> 0 | J9: =VLOOKUP(A9,הכשרה!A:G,6,0)+VLOOKUP('תפוקה מצטברת מול אשתקד'!A9,מגדל!A:G,6,0)+VLOOKUP('תפוקה מצטברת מול אשתקד'!A9,מנורה!A:G,6,0)+VLOOKUP('תפוקה מצטברת מול אשתקד'!A9,איילון!A:G,6,0)+VLOOKUP(A9,הראל!A:G,6,0)+VLOOKUP('תפוקה מצטברת מול אשתקד'!A9,הפניקס!A:G,6,0)+VLOOKUP('תפוקה מצטברת מול אשתקד'!A9,כלל!A:G,6,0)+VLOOKUP('תפוקה מצטברת מול אשתקד'!A9,מור!A:G,6,0)+VLOOKUP('תפוקה מצטברת מול אשתקד'!A9,'אלטשולר שחם'!A:G,6,0)+VLOOKUP('תפוקה מצטברת מול אשתקד'!A9,'מדיהו '!A:G,6,0)+VLOOKUP('תפוקה מצטברת מול אשתקד'!A9,'אנליסט '!A:G,6,0)+VLOOKUP('תפוקה מצטברת מול אשתקד'!A9,'מיטב דש'!A:G,6,0)+VLOOKUP('תפוקה מצטברת מול אשתקד'!A9,אינפניטי!A:G,6,0) -> 0 | K9: =VLOOKUP(A9,הכשרה!A:G,7,0)+VLOOKUP('תפוקה מצטברת מול אשתקד'!A9,מגדל!A:G,7,0)+VLOOKUP('תפוקה מצטברת מול אשתקד'!A9,מנורה!A:G,7,0)+VLOOKUP('תפוקה מצטברת מול אשתקד'!A9,איילון!A:G,7,0)+VLOOKUP('תפוקה מצטברת מול אשתקד'!A9,הראל!A:G,7,0)+VLOOKUP('תפוקה מצטברת מול אשתקד'!A9,הפניקס!A:G,7,0)+VLOOKUP('תפוקה מצטברת מול אשתקד'!A9,כלל!A:G,7,0)+VLOOKUP('תפוקה מצטברת מול אשתקד'!A9,מור!A:G,7,0)+VLOOKUP('תפוקה מצטברת מול אשתקד'!A9,'אלטשולר שחם'!A:G,7,0)+VLOOKUP('תפוקה מצטברת מול אשתקד'!A9,'מדיהו '!A:K,7,0)+VLOOKUP(A9,'אנליסט '!A:G,7,0)+VLOOKUP('תפוקה מצטברת מול אשתקד'!A9,'מיטב דש'!A:G,7,0)+VLOOKUP('תפוקה מצטברת מול אשתקד'!A9,אינפניטי!A:G,7,0) -> -133113.14 | L9: =VLOOKUP(A9,הכשרה!A:K,8,0)+VLOOKUP('תפוקה מצטברת מול אשתקד'!A9,מגדל!A:K,8,0)+VLOOKUP('תפוקה מצטברת מול אשתקד'!A9,מנורה!A:K,8,0)+VLOOKUP('תפוקה מצטברת מול אשתקד'!A9,איילון!A:K,8,0)+VLOOKUP('תפוקה מצטברת מול אשתקד'!A9,הראל!A:K,8,0)+VLOOKUP('תפוקה מצטברת מול אשתקד'!A9,הפניקס!A:K,8,0)+VLOOKUP('תפוקה מצטברת מול אשתקד'!A9,כלל!A:K,8,0)+VLOOKUP('תפוקה מצטברת מול אשתקד'!A9,מור!A:K,8,0)+VLOOKUP('תפוקה מצטברת מול אשתקד'!A9,'אלטשולר שחם'!A:K,8,0)+VLOOKUP('תפוקה מצטברת מול אשתקד'!A9,'מדיהו '!A:K,8,0)+VLOOKUP('תפוקה מצטברת מול אשתקד'!A9,'אנליסט '!A:K,8,0)+VLOOKUP('תפוקה מצטברת מול אשתקד'!A9,'מיטב דש'!A:K,8,0)+VLOOKUP('תפוקה מצטברת מול אשתקד'!A9,אינפניטי!A:K,8,0) -> 0 | M9: =VLOOKUP(A9,הכשרה!A:K,9,0)+VLOOKUP('תפוקה מצטברת מול אשתקד'!A9,מגדל!A:K,9,0)+VLOOKUP('תפוקה מצטברת מול אשתקד'!A9,מנורה!A:K,9,0)+VLOOKUP('תפוקה מצטברת מול אשתקד'!A9,איילון!A:K,9,0)+VLOOKUP('תפוקה מצטברת מול אשתקד'!A9,הראל!A:K,9,0)+VLOOKUP('תפוקה מצטברת מול אשתקד'!A9,הפניקס!A:K,9,0)+VLOOKUP('תפוקה מצטברת מול אשתקד'!A9,כלל!A:K,9,0)+VLOOKUP('תפוקה מצטברת מול אשתקד'!A9,מור!A:K,9,0)+VLOOKUP('תפוקה מצטברת מול אשתקד'!A9,'אלטשולר שחם'!A:K,9,0)+VLOOKUP('תפוקה מצטברת מול אשתקד'!A9,'מדיהו '!A:K,9,0)+VLOOKUP('תפוקה מצטברת מול אשתקד'!A9,'אנליסט '!A:K,9,0)+VLOOKUP('תפוקה מצטברת מול אשתקד'!A9,'מיטב דש'!A:K,9,0)+VLOOKUP('תפוקה מצטברת מול אשתקד'!A9,אינפניטי!A:K,9,0) -> 83.03 | N9: =VLOOKUP(A9,הכשרה!A:K,10,0)+VLOOKUP('תפוקה מצטברת מול אשתקד'!A9,מגדל!A:K,10,0)+VLOOKUP('תפוקה מצטברת מול אשתקד'!A9,מנורה!A:K,10,0)+VLOOKUP('תפוקה מצטברת מול אשתקד'!A9,איילון!A:K,10,0)+VLOOKUP('תפוקה מצטברת מול אשתקד'!A9,הראל!A:K,10,0)+VLOOKUP('תפוקה מצטברת מול אשתקד'!A9,הפניקס!A:K,10,0)+VLOOKUP('תפוקה מצטברת מול אשתקד'!A9,כלל!A:K,10,0)+VLOOKUP('תפוקה מצטברת מול אשתקד'!A9,מור!A:K,10,0)+VLOOKUP('תפוקה מצטברת מול אשתקד'!A9,'אלטשולר שחם'!A:K,10,0)+VLOOKUP('תפוקה מצטברת מול אשתקד'!A9,'מדיהו '!A:K,10,0)+VLOOKUP('תפוקה מצטברת מול אשתקד'!A9,'אנליסט '!A:K,10,0)+VLOOKUP('תפוקה מצטברת מול אשתקד'!A9,'מיטב דש'!A:K,10,0)+VLOOKUP('תפוקה מצטברת מול אשתקד'!A9,אינפניטי!A:K,10,0) -> 0 | O9: =VLOOKUP(A9,הכשרה!A:K,11,0)+VLOOKUP('תפוקה מצטברת מול אשתקד'!A9,מגדל!A:K,11,0)+VLOOKUP('תפוקה מצטברת מול אשתקד'!A9,מנורה!A:K,11,0)+VLOOKUP('תפוקה מצטברת מול אשתקד'!A9,איילון!A:K,11,0)+VLOOKUP('תפוקה מצטברת מול אשתקד'!A9,הראל!A:K,11,0)+VLOOKUP('תפוקה מצטברת מול אשתקד'!A9,הפניקס!A:K,11,0)+VLOOKUP('תפוקה מצטברת מול אשתקד'!A9,כלל!A:K,11,0)+VLOOKUP('תפוקה מצטברת מול אשתקד'!A9,מור!A:K,11,0)+VLOOKUP('תפוקה מצטברת מול אשתקד'!A9,'אלטשולר שחם'!A:K,11,0)+VLOOKUP('תפוקה מצטברת מול אשתקד'!A9,'מדיהו '!A:K,11,0)+VLOOKUP('תפוקה מצטברת מול אשתקד'!A9,'אנליסט '!A:K,11,0)+VLOOKUP('תפוקה מצטברת מול אשתקד'!A9,'מיטב דש'!A:K,11,0)+VLOOKUP('תפוקה מצטברת מול אשתקד'!A9,אינפניטי!A:K,11,0) -> 0
A10: גל אלמגור דאוד סוכ' לב | B10: יוסי אביב | C10: שותפים | D10: =IF(H10=0,0%,IF(L10=0,100%,H10/L10-1)) -> -0.52114265 | E10: =IF(I10=0,0%,IF(M10=0,100%,I10/M10-1)) -> -0.73012604 | F10: =IF(J10=0,0%,IF(N10=0,100%,J10/N10-1)) -> -0.2014158 | G10: =IF(K10=0,0%,IF(O10=H33,100%,K10/O10-1)) -> -0.31092524 | H10: =VLOOKUP(A10,הכשרה!A:G,4,0)+VLOOKUP('תפוקה מצטברת מול אשתקד'!A10,מגדל!A:G,4,0)+VLOOKUP('תפוקה מצטברת מול אשתקד'!A10,מנורה!A:G,4,0)+VLOOKUP('תפוקה מצטברת מול אשתקד'!A10,איילון!A:G,4,0)+VLOOKUP('תפוקה מצטברת מול אשתקד'!A10,הראל!A:G,4,0)+VLOOKUP('תפוקה מצטברת מול אשתקד'!A10,הפניקס!A:G,4,0)+VLOOKUP('תפוקה מצטברת מול אשתקד'!A10,כלל!A:G,4,0)+VLOOKUP('תפוקה מצטברת מול אשתקד'!A10,מור!A:G,4,0)+VLOOKUP('תפוקה מצטברת מול אשתקד'!A10,'אלטשולר שחם'!A:G,4,0)+VLOOKUP('תפוקה מצטברת מול אשתקד'!A10,'מדיהו '!A:G,4,0)+VLOOKUP('תפוקה מצטברת מול אשתקד'!A10,'אנליסט '!A:G,4,0)+VLOOKUP('תפוקה מצטברת מול אשתקד'!A10,'מיטב דש'!A:G,4,0)+VLOOKUP('תפוקה מצטברת מול אשתקד'!A10,אינפניטי!A:G,4,0) -> 40911.521 | I10: =VLOOKUP(A10,הכשרה!A:G,5,0)+VLOOKUP('תפוקה מצטברת מול אשתקד'!A10,מגדל!A:G,5,0)+VLOOKUP('תפוקה מצטברת מול אשתקד'!A10,מנורה!A:G,5,0)+VLOOKUP('תפוקה מצטברת מול אשתקד'!A10,איילון!A:G,5,0)+VLOOKUP('תפוקה מצטברת מול אשתקד'!A10,הראל!A:G,5,0)+VLOOKUP('תפוקה מצטברת מול אשתקד'!A10,הפניקס!A:G,5,0)+VLOOKUP('תפוקה מצטברת מול אשתקד'!A10,כלל!A:G,5,0)+VLOOKUP('תפוקה מצטברת מול אשתקד'!A10,מור!A:G,5,0)+VLOOKUP('תפוקה מצטברת מול אשתקד'!A10,'אלטשולר שחם'!A:G,5,0)+VLOOKUP('תפוקה מצטברת מול אשתקד'!A10,'מדיהו '!A:G,5,0)+VLOOKUP('תפוקה מצטברת מול אשתקד'!A10,'אנליסט '!A:G,5,0)+VLOOKUP('תפוקה מצטברת מול אשתקד'!A10,'מיטב דש'!A:G,5,0)+VLOOKUP('תפוקה מצטברת מול אשתקד'!A10,אינפניטי!A:G,5,0) -> 87907.635 | J10: =VLOOKUP(A10,הכשרה!A:G,6,0)+VLOOKUP('תפוקה מצטברת מול אשתקד'!A10,מגדל!A:G,6,0)+VLOOKUP('תפוקה מצטברת מול אשתקד'!A10,מנורה!A:G,6,0)+VLOOKUP('תפוקה מצטברת מול אשתקד'!A10,איילון!A:G,6,0)+VLOOKUP(A10,הראל!A:G,6,0)+VLOOKUP('תפוקה מצטברת מול אשתקד'!A10,הפניקס!A:G,6,0)+VLOOKUP('תפוקה מצטברת מול אשתקד'!A10,כלל!A:G,6,0)+VLOOKUP('תפוקה מצטברת מול אשתקד'!A10,מור!A:G,6,0)+VLOOKUP('תפוקה מצטברת מול אשתקד'!A10,'אלטשולר שחם'!A:G,6,0)+VLOOKUP('תפוקה מצטברת מול אשתקד'!A10,'מדיהו '!A:G,6,0)+VLOOKUP('תפוקה מצטברת מול אשתקד'!A10,'אנליסט '!A:G,6,0)+VLOOKUP('תפוקה מצטברת מול אשתקד'!A10,'מיטב דש'!A:G,6,0)+VLOOKUP('תפוקה מצטברת מול אשתקד'!A10,אינפניטי!A:G,6,0) -> 65973 | K10: =VLOOKUP(A10,הכשרה!A:G,7,0)+VLOOKUP('תפוקה מצטברת מול אשתקד'!A10,מגדל!A:G,7,0)+VLOOKUP('תפוקה מצטברת מול אשתקד'!A10,מנורה!A:G,7,0)+VLOOKUP('תפוקה מצטברת מול אשתקד'!A10,איילון!A:G,7,0)+VLOOKUP('תפוקה מצטברת מול אשתקד'!A10,הראל!A:G,7,0)+VLOOKUP('תפוקה מצטברת מול אשתקד'!A10,הפניקס!A:G,7,0)+VLOOKUP('תפוקה מצטברת מול אשתקד'!A10,כלל!A:G,7,0)+VLOOKUP('תפוקה מצטברת מול אשתקד'!A10,מור!A:G,7,0)+VLOOKUP('תפוקה מצטברת מול אשתקד'!A10,'אלטשולר שחם'!A:G,7,0)+VLOOKUP('תפוקה מצטברת מול אשתקד'!A10,'מדיהו '!A:K,7,0)+VLOOKUP(A10,'אנליסט '!A:G,7,0)+VLOOKUP('תפוקה מצטברת מול אשתקד'!A10,'מיטב דש'!A:G,7,0)+VLOOKUP('תפוקה מצטברת מול אשתקד'!A10,אינפניטי!A:G,7,0) -> 231357.75 | L10: =VLOOKUP(A10,הכשרה!A:K,8,0)+VLOOKUP('תפוקה מצטברת מול אשתקד'!A10,מגדל!A:K,8,0)+VLOOKUP('תפוקה מצטברת מול אשתקד'!A10,מנורה!A:K,8,0)+VLOOKUP('תפוקה מצטברת מול אשתקד'!A10,איילון!A:K,8,0)+VLOOKUP('תפוקה מצטברת מול אשתקד'!A10,הראל!A:K,8,0)+VLOOKUP('תפוקה מצטברת מול אשתקד'!A10,הפניקס!A:K,8,0)+VLOOKUP('תפוקה מצטברת מול אשתקד'!A10,כלל!A:K,8,0)+VLOOKUP('תפוקה מצטברת מול אשתקד'!A10,מור!A:K,8,0)+VLOOKUP('תפוקה מצטברת מול אשתקד'!A10,'אלטשולר שחם'!A:K,8,0)+VLOOKUP('תפוקה מצטברת מול אשתקד'!A10,'מדיהו '!A:K,8,0)+VLOOKUP('תפוקה מצטברת מול אשתקד'!A10,'אנליסט '!A:K,8,0)+VLOOKUP('תפוקה מצטברת מול אשתקד'!A10,'מיטב דש'!A:K,8,0)+VLOOKUP('תפוקה מצטברת מול אשתקד'!A10,אינפניטי!A:K,8,0) -> 85435.718 | M10: =VLOOKUP(A10,הכשרה!A:K,9,0)+VLOOKUP('תפוקה מצטברת מול אשתקד'!A10,מגדל!A:K,9,0)+VLOOKUP('תפוקה מצטברת מול אשתקד'!A10,מנורה!A:K,9,0)+VLOOKUP('תפוקה מצטברת מול אשתקד'!A10,איילון!A:K,9,0)+VLOOKUP('תפוקה מצטברת מול אשתקד'!A10,הראל!A:K,9,0)+VLOOKUP('תפוקה מצטברת מול אשתקד'!A10,הפניקס!A:K,9,0)+VLOOKUP('תפוקה מצטברת מול אשתקד'!A10,כלל!A:K,9,0)+VLOOKUP('תפוקה מצטברת מול אשתקד'!A10,מור!A:K,9,0)+VLOOKUP('תפוקה מצטברת מול אשתקד'!A10,'אלטשולר שחם'!A:K,9,0)+VLOOKUP('תפוקה מצטברת מול אשתקד'!A10,'מדיהו '!A:K,9,0)+VLOOKUP('תפוקה מצטברת מול אשתקד'!A10,'אנליסט '!A:K,9,0)+VLOOKUP('תפוקה מצטברת מול אשתקד'!A10,'מיטב דש'!A:K,9,0)+VLOOKUP('תפוקה מצטברת מול אשתקד'!A10,אינפניטי!A:K,9,0) -> 325735.9 | N10: =VLOOKUP(A10,הכשרה!A:K,10,0)+VLOOKUP('תפוקה מצטברת מול אשתקד'!A10,מגדל!A:K,10,0)+VLOOKUP('תפוקה מצטברת מול אשתקד'!A10,מנורה!A:K,10,0)+VLOOKUP('תפוקה מצטברת מול אשתקד'!A10,איילון!A:K,10,0)+VLOOKUP('תפוקה מצטברת מול אשתקד'!A10,הראל!A:K,10,0)+VLOOKUP('תפוקה מצטברת מול אשתקד'!A10,הפניקס!A:K,10,0)+VLOOKUP('תפוקה מצטברת מול אשתקד'!A10,כלל!A:K,10,0)+VLOOKUP('תפוקה מצטברת מול אשתקד'!A10,מור!A:K,10,0)+VLOOKUP('תפוקה מצטברת מול אשתקד'!A10,'אלטשולר שחם'!A:K,10,0)+VLOOKUP('תפוקה מצטברת מול אשתקד'!A10,'מדיהו '!A:K,10,0)+VLOOKUP('תפוקה מצטברת מול אשתקד'!A10,'אנליסט '!A:K,10,0)+VLOOKUP('תפוקה מצטברת מול אשתקד'!A10,'מיטב דש'!A:K,10,0)+VLOOKUP('תפוקה מצטברת מול אשתקד'!A10,אינפניטי!A:K,10,0) -> 82612.454 | O10: =VLOOKUP(A10,הכשרה!A:K,11,0)+VLOOKUP('תפוקה מצטברת מול אשתקד'!A10,מגדל!A:K,11,0)+VLOOKUP('תפוקה מצטברת מול אשתקד'!A10,מנורה!A:K,11,0)+VLOOKUP('תפוקה מצטברת מול אשתקד'!A10,איילון!A:K,11,0)+VLOOKUP('תפוקה מצטברת מול אשתקד'!A10,הראל!A:K,11,0)+VLOOKUP('תפוקה מצטברת מול אשתקד'!A10,הפניקס!A:K,11,0)+VLOOKUP('תפוקה מצטברת מול אשתקד'!A10,כלל!A:K,11,0)+VLOOKUP('תפוקה מצטברת מול אשתקד'!A10,מור!A:K,11,0)+VLOOKUP('תפוקה מצטברת מול אשתקד'!A10,'אלטשולר שחם'!A:K,11,0)+VLOOKUP('תפוקה מצטברת מול אשתקד'!A10,'מדיהו '!A:K,11,0)+VLOOKUP('תפוקה מצטברת מול אשתקד'!A10,'אנליסט '!A:K,11,0)+VLOOKUP('תפוקה מצטברת מול אשתקד'!A10,'מיטב דש'!A:K,11,0)+VLOOKUP('תפוקה מצטברת מול אשתקד'!A10,אינפניטי!A:K,11,0) -> 335751.31
A11: גל אלמגור -וייס סוכנות | B11: יוסי אביב | C11: שותפים | D11: =IF(H11=0,0%,IF(L11=0,100%,H11/L11-1)) -> -0.93463781 | E11: =IF(I11=0,0%,IF(M11=0,100%,I11/M11-1)) -> -0.91184424 | F11: =IF(J11=0,0%,IF(N11=0,100%,J11/N11-1)) -> -0.82975676 | G11: =IF(K11=0,0%,IF(O11=H34,100%,K11/O11-1)) -> 0 | H11: =VLOOKUP(A11,הכשרה!A:G,4,0)+VLOOKUP('תפוקה מצטברת מול אשתקד'!A11,מגדל!A:G,4,0)+VLOOKUP('תפוקה מצטברת מול אשתקד'!A11,מנורה!A:G,4,0)+VLOOKUP('תפוקה מצטברת מול אשתקד'!A11,איילון!A:G,4,0)+VLOOKUP('תפוקה מצטברת מול אשתקד'!A11,הראל!A:G,4,0)+VLOOKUP('תפוקה מצטברת מול אשתקד'!A11,הפניקס!A:G,4,0)+VLOOKUP('תפוקה מצטברת מול אשתקד'!A11,כלל!A:G,4,0)+VLOOKUP('תפוקה מצטברת מול אשתקד'!A11,מור!A:G,4,0)+VLOOKUP('תפוקה מצטברת מול אשתקד'!A11,'אלטשולר שחם'!A:G,4,0)+VLOOKUP('תפוקה מצטברת מול אשתקד'!A11,'מדיהו '!A:G,4,0)+VLOOKUP('תפוקה מצטברת מול אשתקד'!A11,'אנליסט '!A:G,4,0)+VLOOKUP('תפוקה מצטברת מול אשתקד'!A11,'מיטב דש'!A:G,4,0)+VLOOKUP('תפוקה מצטברת מול אשתקד'!A11,אינפניטי!A:G,4,0) -> 9178.79 | I11: =VLOOKUP(A11,הכשרה!A:G,5,0)+VLOOKUP('תפוקה מצטברת מול אשתקד'!A11,מגדל!A:G,5,0)+VLOOKUP('תפוקה מצטברת מול אשתקד'!A11,מנורה!A:G,5,0)+VLOOKUP('תפוקה מצטברת מול אשתקד'!A11,איילון!A:G,5,0)+VLOOKUP('תפוקה מצטברת מול אשתקד'!A11,הראל!A:G,5,0)+VLOOKUP('תפוקה מצטברת מול אשתקד'!A11,הפניקס!A:G,5,0)+VLOOKUP('תפוקה מצטברת מול אשתקד'!A11,כלל!A:G,5,0)+VLOOKUP('תפוקה מצטברת מול אשתקד'!A11,מור!A:G,5,0)+VLOOKUP('תפוקה מצטברת מול אשתקד'!A11,'אלטשולר שחם'!A:G,5,0)+VLOOKUP('תפוקה מצטברת מול אשתקד'!A11,'מדיהו '!A:G,5,0)+VLOOKUP('תפוקה מצטברת מול אשתקד'!A11,'אנליסט '!A:G,5,0)+VLOOKUP('תפוקה מצטברת מול אשתקד'!A11,'מיטב דש'!A:G,5,0)+VLOOKUP('תפוקה מצטברת מול אשתקד'!A11,אינפניטי!A:G,5,0) -> 1004.0871 | J11: =VLOOKUP(A11,הכשרה!A:G,6,0)+VLOOKUP('תפוקה מצטברת מול אשתקד'!A11,מגדל!A:G,6,0)+VLOOKUP('תפוקה מצטברת מול אשתקד'!A11,מנורה!A:G,6,0)+VLOOKUP('תפוקה מצטברת מול אשתקד'!A11,איילון!A:G,6,0)+VLOOKUP(A11,הראל!A:G,6,0)+VLOOKUP('תפוקה מצטברת מול אשתקד'!A11,הפניקס!A:G,6,0)+VLOOKUP('תפוקה מצטברת מול אשתקד'!A11,כלל!A:G,6,0)+VLOOKUP('תפוקה מצטברת מול אשתקד'!A11,מור!A:G,6,0)+VLOOKUP('תפוקה מצטברת מול אשתקד'!A11,'אלטשולר שחם'!A:G,6,0)+VLOOKUP('תפוקה מצטברת מול אשתקד'!A11,'מדיהו '!A:G,6,0)+VLOOKUP('תפוקה מצטברת מול אשתקד'!A11,'אנליסט '!A:G,6,0)+VLOOKUP('תפוקה מצטברת מול אשתקד'!A11,'מיטב דש'!A:G,6,0)+VLOOKUP('תפוקה מצטברת מול אשתקד'!A11,אינפניטי!A:G,6,0) -> 80000 | K11: =VLOOKUP(A11,הכשרה!A:G,7,0)+VLOOKUP('תפוקה מצטברת מול אשתקד'!A11,מגדל!A:G,7,0)+VLOOKUP('תפוקה מצטברת מול אשתקד'!A11,מנורה!A:G,7,0)+VLOOKUP('תפוקה מצטברת מול אשתקד'!A11,איילון!A:G,7,0)+VLOOKUP('תפוקה מצטברת מול אשתקד'!A11,הראל!A:G,7,0)+VLOOKUP('תפוקה מצטברת מול אשתקד'!A11,הפניקס!A:G,7,0)+VLOOKUP('תפוקה מצטברת מול אשתקד'!A11,כלל!A:G,7,0)+VLOOKUP('תפוקה מצטברת מול אשתקד'!A11,מור!A:G,7,0)+VLOOKUP('תפוקה מצטברת מול אשתקד'!A11,'אלטשולר שחם'!A:G,7,0)+VLOOKUP('תפוקה מצטברת מול אשתקד'!A11,'מדיהו '!A:K,7,0)+VLOOKUP(A11,'אנליסט '!A:G,7,0)+VLOOKUP('תפוקה מצטברת מול אשתקד'!A11,'מיטב דש'!A:G,7,0)+VLOOKUP('תפוקה מצטברת מול אשתקד'!A11,אינפניטי!A:G,7,0) -> 0 | L11: =VLOOKUP(A11,הכשרה!A:K,8,0)+VLOOKUP('תפוקה מצטברת מול אשתקד'!A11,מגדל!A:K,8,0)+VLOOKUP('תפוקה מצטברת מול אשתקד'!A11,מנורה!A:K,8,0)+VLOOKUP('תפוקה מצטברת מול אשתקד'!A11,איילון!A:K,8,0)+VLOOKUP('תפוקה מצטברת מול אשתקד'!A11,הראל!A:K,8,0)+VLOOKUP('תפוקה מצטברת מול אשתקד'!A11,הפניקס!A:K,8,0)+VLOOKUP('תפוקה מצטברת מול אשתקד'!A11,כלל!A:K,8,0)+VLOOKUP('תפוקה מצטברת מול אשתקד'!A11,מור!A:K,8,0)+VLOOKUP('תפוקה מצטברת מול אשתקד'!A11,'אלטשולר שחם'!A:K,8,0)+VLOOKUP('תפוקה מצטברת מול אשתקד'!A11,'מדיהו '!A:K,8,0)+VLOOKUP('תפוקה מצטברת מול אשתקד'!A11,'אנליסט '!A:K,8,0)+VLOOKUP('תפוקה מצטברת מול אשתקד'!A11,'מיטב דש'!A:K,8,0)+VLOOKUP('תפוקה מצטברת מול אשתקד'!A11,אינפניטי!A:K,8,0) -> 140429.65 | M11: =VLOOKUP(A11,הכשרה!A:K,9,0)+VLOOKUP('תפוקה מצטברת מול אשתקד'!A11,מגדל!A:K,9,0)+VLOOKUP('תפוקה מצטברת מול אשתקד'!A11,מנורה!A:K,9,0)+VLOOKUP('תפוקה מצטברת מול אשתקד'!A11,איילון!A:K,9,0)+VLOOKUP('תפוקה מצטברת מול אשתקד'!A11,הראל!A:K,9,0)+VLOOKUP('תפוקה מצטברת מול אשתקד'!A11,הפניקס!A:K,9,0)+VLOOKUP('תפוקה מצטברת מול אשתקד'!A11,כלל!A:K,9,0)+VLOOKUP('תפוקה מצטברת מול אשתקד'!A11,מור!A:K,9,0)+VLOOKUP('תפוקה מצטברת מול אשתקד'!A11,'אלטשולר שחם'!A:K,9,0)+VLOOKUP('תפוקה מצטברת מול אשתקד'!A11,'מדיהו '!A:K,9,0)+VLOOKUP('תפוקה מצטברת מול אשתקד'!A11,'אנליסט '!A:K,9,0)+VLOOKUP('תפוקה מצטברת מול אשתקד'!A11,'מיטב דש'!A:K,9,0)+VLOOKUP('תפוקה מצטברת מול אשתקד'!A11,אינפניטי!A:K,9,0) -> 11389.92 | N11: =VLOOKUP(A11,הכשרה!A:K,10,0)+VLOOKUP('תפוקה מצטברת מול אשתקד'!A11,מגדל!A:K,10,0)+VLOOKUP('תפוקה מצטברת מול אשתקד'!A11,מנורה!A:K,10,0)+VLOOKUP('תפוקה מצטברת מול אשתקד'!A11,איילון!A:K,10,0)+VLOOKUP('תפוקה מצטברת מול אשתקד'!A11,הראל!A:K,10,0)+VLOOKUP('תפוקה מצטברת מול אשתקד'!A11,הפניקס!A:K,10,0)+VLOOKUP('תפוקה מצטברת מול אשתקד'!A11,כלל!A:K,10,0)+VLOOKUP('תפוקה מצטברת מול אשתקד'!A11,מור!A:K,10,0)+VLOOKUP('תפוקה מצטברת מול אשתקד'!A11,'אלטשולר שחם'!A:K,10,0)+VLOOKUP('תפוקה מצטברת מול אשתקד'!A11,'מדיהו '!A:K,10,0)+VLOOKUP('תפוקה מצטברת מול אשתקד'!A11,'אנליסט '!A:K,10,0)+VLOOKUP('תפוקה מצטברת מול אשתקד'!A11,'מיטב דש'!A:K,10,0)+VLOOKUP('תפוקה מצטברת מול אשתקד'!A11,אינפניטי!A:K,10,0) -> 469915.87 | O11: =VLOOKUP(A11,הכשרה!A:K,11,0)+VLOOKUP('תפוקה מצטברת מול אשתקד'!A11,מגדל!A:K,11,0)+VLOOKUP('תפוקה מצטברת מול אשתקד'!A11,מנורה!A:K,11,0)+VLOOKUP('תפוקה מצטברת מול אשתקד'!A11,איילון!A:K,11,0)+VLOOKUP('תפוקה מצטברת מול אשתקד'!A11,הראל!A:K,11,0)+VLOOKUP('תפוקה מצטברת מול אשתקד'!A11,הפניקס!A:K,11,0)+VLOOKUP('תפוקה מצטברת מול אשתקד'!A11,כלל!A:K,11,0)+VLOOKUP('תפוקה מצטברת מול אשתקד'!A11,מור!A:K,11,0)+VLOOKUP('תפוקה מצטברת מול אשתקד'!A11,'אלטשולר שחם'!A:K,11,0)+VLOOKUP('תפוקה מצטברת מול אשתקד'!A11,'מדיהו '!A:K,11,0)+VLOOKUP('תפוקה מצטברת מול אשתקד'!A11,'אנליסט '!A:K,11,0)+VLOOKUP('תפוקה מצטברת מול אשתקד'!A11,'מיטב דש'!A:K,11,0)+VLOOKUP('תפוקה מצטברת מול אשתקד'!A11,אינפניטי!A:K,11,0) -> -591566.81
A12: גל אלמגור דרום סוכ ל | B12: יוסי אביב | C12: שותפים | D12: =IF(H12=0,0%,IF(L12=0,100%,H12/L12-1)) -> 0 | E12: =IF(I12=0,0%,IF(M12=0,100%,I12/M12-1)) -> -0.93675867 | F12: =IF(J12=0,0%,IF(N12=0,100%,J12/N12-1)) -> 0 | G12: =IF(K12=0,0%,IF(O12=H35,100%,K12/O12-1)) -> 0 | H12: =VLOOKUP(A12,הכשרה!A:G,4,0)+VLOOKUP('תפוקה מצטברת מול אשתקד'!A12,מגדל!A:G,4,0)+VLOOKUP('תפוקה מצטברת מול אשתקד'!A12,מנורה!A:G,4,0)+VLOOKUP('תפוקה מצטברת מול אשתקד'!A12,איילון!A:G,4,0)+VLOOKUP('תפוקה מצטברת מול אשתקד'!A12,הראל!A:G,4,0)+VLOOKUP('תפוקה מצטברת מול אשתקד'!A12,הפניקס!A:G,4,0)+VLOOKUP('תפוקה מצטברת מול אשתקד'!A12,כלל!A:G,4,0)+VLOOKUP('תפוקה מצטברת מול אשתקד'!A12,מור!A:G,4,0)+VLOOKUP('תפוקה מצטברת מול אשתקד'!A12,'אלטשולר שחם'!A:G,4,0)+VLOOKUP('תפוקה מצטברת מול אשתקד'!A12,'מדיהו '!A:G,4,0)+VLOOKUP('תפוקה מצטברת מול אשתקד'!A12,'אנליסט '!A:G,4,0)+VLOOKUP('תפוקה מצטברת מול אשתקד'!A12,'מיטב דש'!A:G,4,0)+VLOOKUP('תפוקה מצטברת מול אשתקד'!A12,אינפניטי!A:G,4,0) -> 0 | I12: =VLOOKUP(A12,הכשרה!A:G,5,0)+VLOOKUP('תפוקה מצטברת מול אשתקד'!A12,מגדל!A:G,5,0)+VLOOKUP('תפוקה מצטברת מול אשתקד'!A12,מנורה!A:G,5,0)+VLOOKUP('תפוקה מצטברת מול אשתקד'!A12,איילון!A:G,5,0)+VLOOKUP('תפוקה מצטברת מול אשתקד'!A12,הראל!A:G,5,0)+VLOOKUP('תפוקה מצטברת מול אשתקד'!A12,הפניקס!A:G,5,0)+VLOOKUP('תפוקה מצטברת מול אשתקד'!A12,כלל!A:G,5,0)+VLOOKUP('תפוקה מצטברת מול אשתקד'!A12,מור!A:G,5,0)+VLOOKUP('תפוקה מצטברת מול אשתקד'!A12,'אלטשולר שחם'!A:G,5,0)+VLOOKUP('תפוקה מצטברת מול אשתקד'!A12,'מדיהו '!A:G,5,0)+VLOOKUP('תפוקה מצטברת מול אשתקד'!A12,'אנליסט '!A:G,5,0)+VLOOKUP('תפוקה מצטברת מול אשתקד'!A12,'מיטב דש'!A:G,5,0)+VLOOKUP('תפוקה מצטברת מול אשתקד'!A12,אינפניטי!A:G,5,0) -> 55.61 | J12: =VLOOKUP(A12,הכשרה!A:G,6,0)+VLOOKUP('תפוקה מצטברת מול אשתקד'!A12,מגדל!A:G,6,0)+VLOOKUP('תפוקה מצטברת מול אשתקד'!A12,מנורה!A:G,6,0)+VLOOKUP('תפוקה מצטברת מול אשתקד'!A12,איילון!A:G,6,0)+VLOOKUP(A12,הראל!A:G,6,0)+VLOOKUP('תפוקה מצטברת מול אשתקד'!A12,הפניקס!A:G,6,0)+VLOOKUP('תפוקה מצטברת מול אשתקד'!A12,כלל!A:G,6,0)+VLOOKUP('תפוקה מצטברת מול אשתקד'!A12,מור!A:G,6,0)+VLOOKUP('תפוקה מצטברת מול אשתקד'!A12,'אלטשולר שחם'!A:G,6,0)+VLOOKUP('תפוקה מצטברת מול אשתקד'!A12,'מדיהו '!A:G,6,0)+VLOOKUP('תפוקה מצטברת מול אשתקד'!A12,'אנליסט '!A:G,6,0)+VLOOKUP('תפוקה מצטברת מול אשתקד'!A12,'מיטב דש'!A:G,6,0)+VLOOKUP('תפוקה מצטברת מול אשתקד'!A12,אינפניטי!A:G,6,0) -> 0 | K12: =VLOOKUP(A12,הכשרה!A:G,7,0)+VLOOKUP('תפוקה מצטברת מול אשתקד'!A12,מגדל!A:G,7,0)+VLOOKUP('תפוקה מצטברת מול אשתקד'!A12,מנורה!A:G,7,0)+VLOOKUP('תפוקה מצטברת מול אשתקד'!A12,איילון!A:G,7,0)+VLOOKUP('תפוקה מצטברת מול אשתקד'!A12,הראל!A:G,7,0)+VLOOKUP('תפוקה מצטברת מול אשתקד'!A12,הפניקס!A:G,7,0)+VLOOKUP('תפוקה מצטברת מול אשתקד'!A12,כלל!A:G,7,0)+VLOOKUP('תפוקה מצטברת מול אשתקד'!A12,מור!A:G,7,0)+VLOOKUP('תפוקה מצטברת מול אשתקד'!A12,'אלטשולר שחם'!A:G,7,0)+VLOOKUP('תפוקה מצטברת מול אשתקד'!A12,'מדיהו '!A:K,7,0)+VLOOKUP(A12,'אנליסט '!A:G,7,0)+VLOOKUP('תפוקה מצטברת מול אשתקד'!A12,'מיטב דש'!A:G,7,0)+VLOOKUP('תפוקה מצטברת מול אשתקד'!A12,אינפניטי!A:G,7,0) -> 0 | L12: =VLOOKUP(A12,הכשרה!A:K,8,0)+VLOOKUP('תפוקה מצטברת מול אשתקד'!A12,מגדל!A:K,8,0)+VLOOKUP('תפוקה מצטברת מול אשתקד'!A12,מנורה!A:K,8,0)+VLOOKUP('תפוקה מצטברת מול אשתקד'!A12,איילון!A:K,8,0)+VLOOKUP('תפוקה מצטברת מול אשתקד'!A12,הראל!A:K,8,0)+VLOOKUP('תפוקה מצטברת מול אשתקד'!A12,הפניקס!A:K,8,0)+VLOOKUP('תפוקה מצטברת מול אשתקד'!A12,כלל!A:K,8,0)+VLOOKUP('תפוקה מצטברת מול אשתקד'!A12,מור!A:K,8,0)+VLOOKUP('תפוקה מצטברת מול אשתקד'!A12,'אלטשולר שחם'!A:K,8,0)+VLOOKUP('תפוקה מצטברת מול אשתקד'!A12,'מדיהו '!A:K,8,0)+VLOOKUP('תפוקה מצטברת מול אשתקד'!A12,'אנליסט '!A:K,8,0)+VLOOKUP('תפוקה מצטברת מול אשתקד'!A12,'מיטב דש'!A:K,8,0)+VLOOKUP('תפוקה מצטברת מול אשתקד'!A12,אינפניטי!A:K,8,0) -> 140.38 | M12: =VLOOKUP(A12,הכשרה!A:K,9,0)+VLOOKUP('תפוקה מצטברת מול אשתקד'!A12,מגדל!A:K,9,0)+VLOOKUP('תפוקה מצטברת מול אשתקד'!A12,מנורה!A:K,9,0)+VLOOKUP('תפוקה מצטברת מול אשתקד'!A12,איילון!A:K,9,0)+VLOOKUP('תפוקה מצטברת מול אשתקד'!A12,הראל!A:K,9,0)+VLOOKUP('תפוקה מצטברת מול אשתקד'!A12,הפניקס!A:K,9,0)+VLOOKUP('תפוקה מצטברת מול אשתקד'!A12,כלל!A:K,9,0)+VLOOKUP('תפוקה מצטברת מול אשתקד'!A12,מור!A:K,9,0)+VLOOKUP('תפוקה מצטברת מול אשתקד'!A12,'אלטשולר שחם'!A:K,9,0)+VLOOKUP('תפוקה מצטברת מול אשתקד'!A12,'מדיהו '!A:K,9,0)+VLOOKUP('תפוקה מצטברת מול אשתקד'!A12,'אנליסט '!A:K,9,0)+VLOOKUP('תפוקה מצטברת מול אשתקד'!A12,'מיטב דש'!A:K,9,0)+VLOOKUP('תפוקה מצטברת מול אשתקד'!A12,אינפניטי!A:K,9,0) -> 879.33 | N12: =VLOOKUP(A12,הכשרה!A:K,10,0)+VLOOKUP('תפוקה מצטברת מול אשתקד'!A12,מגדל!A:K,10,0)+VLOOKUP('תפוקה מצטברת מול אשתקד'!A12,מנורה!A:K,10,0)+VLOOKUP('תפוקה מצטברת מול אשתקד'!A12,איילון!A:K,10,0)+VLOOKUP('תפוקה מצטברת מול אשתקד'!A12,הראל!A:K,10,0)+VLOOKUP('תפוקה מצטברת מול אשתקד'!A12,הפניקס!A:K,10,0)+VLOOKUP('תפוקה מצטברת מול אשתקד'!A12,כלל!A:K,10,0)+VLOOKUP('תפוקה מצטברת מול אשתקד'!A12,מור!A:K,10,0)+VLOOKUP('תפוקה מצטברת מול אשתקד'!A12,'אלטשולר שחם'!A:K,10,0)+VLOOKUP('תפוקה מצטברת מול אשתקד'!A12,'מדיהו '!A:K,10,0)+VLOOKUP('תפוקה מצטברת מול אשתקד'!A12,'אנליסט '!A:K,10,0)+VLOOKUP('תפוקה מצטברת מול אשתקד'!A12,'מיטב דש'!A:K,10,0)+VLOOKUP('תפוקה מצטברת מול אשתקד'!A12,אינפניטי!A:K,10,0) -> 0 | O12: =VLOOKUP(A12,הכשרה!A:K,11,0)+VLOOKUP('תפוקה מצטברת מול אשתקד'!A12,מגדל!A:K,11,0)+VLOOKUP('תפוקה מצטברת מול אשתקד'!A12,מנורה!A:K,11,0)+VLOOKUP('תפוקה מצטברת מול אשתקד'!A12,איילון!A:K,11,0)+VLOOKUP('תפוקה מצטברת מול אשתקד'!A12,הראל!A:K,11,0)+VLOOKUP('תפוקה מצטברת מול אשתקד'!A12,הפניקס!A:K,11,0)+VLOOKUP('תפוקה מצטברת מול אשתקד'!A12,כלל!A:K,11,0)+VLOOKUP('תפוקה מצטברת מול אשתקד'!A12,מור!A:K,11,0)+VLOOKUP('תפוקה מצטברת מול אשתקד'!A12,'אלטשולר שחם'!A:K,11,0)+VLOOKUP('תפוקה מצטברת מול אשתקד'!A12,'מדיהו '!A:K,11,0)+VLOOKUP('תפוקה מצטברת מול אשתקד'!A12,'אנליסט '!A:K,11,0)+VLOOKUP('תפוקה מצטברת מול אשתקד'!A12,'מיטב דש'!A:K,11,0)+VLOOKUP('תפוקה מצטברת מול אשתקד'!A12,אינפניטי!A:K,11,0) -> 0
A13: משה שטרן גל אלמגור | B13: יוסי אביב | C13: שותפים | D13: =IF(H13=0,0%,IF(L13=0,100%,H13/L13-1)) -> 0 | E13: =IF(I13=0,0%,IF(M13=0,100%,I13/M13-1)) -> -0.91876122 | F13: =IF(J13=0,0%,IF(N13=0,100%,J13/N13-1)) -> 0 | G13: =IF(K13=0,0%,IF(O13=H36,100%,K13/O13-1)) -> 0 | H13: =VLOOKUP(A13,הכשרה!A:G,4,0)+VLOOKUP('תפוקה מצטברת מול אשתקד'!A13,מגדל!A:G,4,0)+VLOOKUP('תפוקה מצטברת מול אשתקד'!A13,מנורה!A:G,4,0)+VLOOKUP('תפוקה מצטברת מול אשתקד'!A13,איילון!A:G,4,0)+VLOOKUP('תפוקה מצטברת מול אשתקד'!A13,הראל!A:G,4,0)+VLOOKUP('תפוקה מצטברת מול אשתקד'!A13,הפניקס!A:G,4,0)+VLOOKUP('תפוקה מצטברת מול אשתקד'!A13,כלל!A:G,4,0)+VLOOKUP('תפוקה מצטברת מול אשתקד'!A13,מור!A:G,4,0)+VLOOKUP('תפוקה מצטברת מול אשתקד'!A13,'אלטשולר שחם'!A:G,4,0)+VLOOKUP('תפוקה מצטברת מול אשתקד'!A13,'מדיהו '!A:G,4,0)+VLOOKUP('תפוקה מצטברת מול אשתקד'!A13,'אנליסט '!A:G,4,0)+VLOOKUP('תפוקה מצטברת מול אשתקד'!A13,'מיטב דש'!A:G,4,0)+VLOOKUP('תפוקה מצטברת מול אשתקד'!A13,אינפניטי!A:G,4,0) -> 0 | I13: =VLOOKUP(A13,הכשרה!A:G,5,0)+VLOOKUP('תפוקה מצטברת מול אשתקד'!A13,מגדל!A:G,5,0)+VLOOKUP('תפוקה מצטברת מול אשתקד'!A13,מנורה!A:G,5,0)+VLOOKUP('תפוקה מצטברת מול אשתקד'!A13,איילון!A:G,5,0)+VLOOKUP('תפוקה מצטברת מול אשתקד'!A13,הראל!A:G,5,0)+VLOOKUP('תפוקה מצטברת מול אשתקד'!A13,הפניקס!A:G,5,0)+VLOOKUP('תפוקה מצטברת מול אשתקד'!A13,כלל!A:G,5,0)+VLOOKUP('תפוקה מצטברת מול אשתקד'!A13,מור!A:G,5,0)+VLOOKUP('תפוקה מצטברת מול אשתקד'!A13,'אלטשולר שחם'!A:G,5,0)+VLOOKUP('תפוקה מצטברת מול אשתקד'!A13,'מדיהו '!A:G,5,0)+VLOOKUP('תפוקה מצטברת מול אשתקד'!A13,'אנליסט '!A:G,5,0)+VLOOKUP('תפוקה מצטברת מול אשתקד'!A13,'מיטב דש'!A:G,5,0)+VLOOKUP('תפוקה מצטברת מול אשתקד'!A13,אינפניטי!A:G,5,0) -> 14334.693 | J13: =VLOOKUP(A13,הכשרה!A:G,6,0)+VLOOKUP('תפוקה מצטברת מול אשתקד'!A13,מגדל!A:G,6,0)+VLOOKUP('תפוקה מצטברת מול אשתקד'!A13,מנורה!A:G,6,0)+VLOOKUP('תפוקה מצטברת מול אשתקד'!A13,איילון!A:G,6,0)+VLOOKUP(A13,הראל!A:G,6,0)+VLOOKUP('תפוקה מצטברת מול אשתקד'!A13,הפניקס!A:G,6,0)+VLOOKUP('תפוקה מצטברת מול אשתקד'!A13,כלל!A:G,6,0)+VLOOKUP('תפוקה מצטברת מול אשתקד'!A13,מור!A:G,6,0)+VLOOKUP('תפוקה מצטברת מול אשתקד'!A13,'אלטשולר שחם'!A:G,6,0)+VLOOKUP('תפוקה מצטברת מול אשתקד'!A13,'מדיהו '!A:G,6,0)+VLOOKUP('תפוקה מצטברת מול אשתקד'!A13,'אנליסט '!A:G,6,0)+VLOOKUP('תפוקה מצטברת מול אשתקד'!A13,'מיטב דש'!A:G,6,0)+VLOOKUP('תפוקה מצטברת מול אשתקד'!A13,אינפניטי!A:G,6,0) -> 0 | K13: =VLOOKUP(A13,הכשרה!A:G,7,0)+VLOOKUP('תפוקה מצטברת מול אשתקד'!A13,מגדל!A:G,7,0)+VLOOKUP('תפוקה מצטברת מול אשתקד'!A13,מנורה!A:G,7,0)+VLOOKUP('תפוקה מצטברת מול אשתקד'!A13,איילון!A:G,7,0)+VLOOKUP('תפוקה מצטברת מול אשתקד'!A13,הראל!A:G,7,0)+VLOOKUP('תפוקה מצטברת מול אשתקד'!A13,הפניקס!A:G,7,0)+VLOOKUP('תפוקה מצטברת מול אשתקד'!A13,כלל!A:G,7,0)+VLOOKUP('תפוקה מצטברת מול אשתקד'!A13,מור!A:G,7,0)+VLOOKUP('תפוקה מצטברת מול אשתקד'!A13,'אלטשולר שחם'!A:G,7,0)+VLOOKUP('תפוקה מצטברת מול אשתקד'!A13,'מדיהו '!A:K,7,0)+VLOOKUP(A13,'אנליסט '!A:G,7,0)+VLOOKUP('תפוקה מצטברת מול אשתקד'!A13,'מיטב דש'!A:G,7,0)+VLOOKUP('תפוקה מצטברת מול אשתקד'!A13,אינפניטי!A:G,7,0) -> 0 | L13: =VLOOKUP(A13,הכשרה!A:K,8,0)+VLOOKUP('תפוקה מצטברת מול אשתקד'!A13,מגדל!A:K,8,0)+VLOOKUP('תפוקה מצטברת מול אשתקד'!A13,מנורה!A:K,8,0)+VLOOKUP('תפוקה מצטברת מול אשתקד'!A13,איילון!A:K,8,0)+VLOOKUP('תפוקה מצטברת מול אשתקד'!A13,הראל!A:K,8,0)+VLOOKUP('תפוקה מצטברת מול אשתקד'!A13,הפניקס!A:K,8,0)+VLOOKUP('תפוקה מצטברת מול אשתקד'!A13,כלל!A:K,8,0)+VLOOKUP('תפוקה מצטברת מול אשתקד'!A13,מור!A:K,8,0)+VLOOKUP('תפוקה מצטברת מול אשתקד'!A13,'אלטשולר שחם'!A:K,8,0)+VLOOKUP('תפוקה מצטברת מול אשתקד'!A13,'מדיהו '!A:K,8,0)+VLOOKUP('תפוקה מצטברת מול אשתקד'!A13,'אנליסט '!A:K,8,0)+VLOOKUP('תפוקה מצטברת מול אשתקד'!A13,'מיטב דש'!A:K,8,0)+VLOOKUP('תפוקה מצטברת מול אשתקד'!A13,אינפניטי!A:K,8,0) -> 4679.7647 | M13: =VLOOKUP(A13,הכשרה!A:K,9,0)+VLOOKUP('תפוקה מצטברת מול אשתקד'!A13,מגדל!A:K,9,0)+VLOOKUP('תפוקה מצטברת מול אשתקד'!A13,מנורה!A:K,9,0)+VLOOKUP('תפוקה מצטברת מול אשתקד'!A13,איילון!A:K,9,0)+VLOOKUP('תפוקה מצטברת מול אשתקד'!A13,הראל!A:K,9,0)+VLOOKUP('תפוקה מצטברת מול אשתקד'!A13,הפניקס!A:K,9,0)+VLOOKUP('תפוקה מצטברת מול אשתקד'!A13,כלל!A:K,9,0)+VLOOKUP('תפוקה מצטברת מול אשתקד'!A13,מור!A:K,9,0)+VLOOKUP('תפוקה מצטברת מול אשתקד'!A13,'אלטשולר שחם'!A:K,9,0)+VLOOKUP('תפוקה מצטברת מול אשתקד'!A13,'מדיהו '!A:K,9,0)+VLOOKUP('תפוקה מצטברת מול אשתקד'!A13,'אנליסט '!A:K,9,0)+VLOOKUP('תפוקה מצטברת מול אשתקד'!A13,'מיטב דש'!A:K,9,0)+VLOOKUP('תפוקה מצטברת מול אשתקד'!A13,אינפניטי!A:K,9,0) -> 176451.36 | N13: =VLOOKUP(A13,הכשרה!A:K,10,0)+VLOOKUP('תפוקה מצטברת מול אשתקד'!A13,מגדל!A:K,10,0)+VLOOKUP('תפוקה מצטברת מול אשתקד'!A13,מנורה!A:K,10,0)+VLOOKUP('תפוקה מצטברת מול אשתקד'!A13,איילון!A:K,10,0)+VLOOKUP('תפוקה מצטברת מול אשתקד'!A13,הראל!A:K,10,0)+VLOOKUP('תפוקה מצטברת מול אשתקד'!A13,הפניקס!A:K,10,0)+VLOOKUP('תפוקה מצטברת מול אשתקד'!A13,כלל!A:K,10,0)+VLOOKUP('תפוקה מצטברת מול אשתקד'!A13,מור!A:K,10,0)+VLOOKUP('תפוקה מצטברת מול אשתקד'!A13,'אלטשולר שחם'!A:K,10,0)+VLOOKUP('תפוקה מצטברת מול אשתקד'!A13,'מדיהו '!A:K,10,0)+VLOOKUP('תפוקה מצטברת מול אשתקד'!A13,'אנליסט '!A:K,10,0)+VLOOKUP('תפוקה מצטברת מול אשתקד'!A13,'מיטב דש'!A:K,10,0)+VLOOKUP('תפוקה מצטברת מול אשתקד'!A13,אינפניטי!A:K,10,0) -> 1044752.1 | O13: =VLOOKUP(A13,הכשרה!A:K,11,0)+VLOOKUP('תפוקה מצטברת מול אשתקד'!A13,מגדל!A:K,11,0)+VLOOKUP('תפוקה מצטברת מול אשתקד'!A13,מנורה!A:K,11,0)+VLOOKUP('תפוקה מצטברת מול אשתקד'!A13,איילון!A:K,11,0)+VLOOKUP('תפוקה מצטברת מול אשתקד'!A13,הראל!A:K,11,0)+VLOOKUP('תפוקה מצטברת מול אשתקד'!A13,הפניקס!A:K,11,0)+VLOOKUP('תפוקה מצטברת מול אשתקד'!A13,כלל!A:K,11,0)+VLOOKUP('תפוקה מצטברת מול אשתקד'!A13,מור!A:K,11,0)+VLOOKUP('תפוקה מצטברת מול אשתקד'!A13,'אלטשולר שחם'!A:K,11,0)+VLOOKUP('תפוקה מצטברת מול אשתקד'!A13,'מדיהו '!A:K,11,0)+VLOOKUP('תפוקה מצטברת מול אשתקד'!A13,'אנליסט '!A:K,11,0)+VLOOKUP('תפוקה מצטברת מול אשתקד'!A13,'מיטב דש'!A:K,11,0)+VLOOKUP('תפוקה מצטברת מול אשתקד'!A13,אינפניטי!A:K,11,0) -> 111191.62
A14: מקסימום סוכנות לבטוח פ | B14: יוסי אביב | C14: שותפים | D14: =IF(H14=0,0%,IF(L14=0,100%,H14/L14-1)) -> 0 | E14: =IF(I14=0,0%,IF(M14=0,100%,I14/M14-1)) -> -0.97765706 | F14: =IF(J14=0,0%,IF(N14=0,100%,J14/N14-1)) -> -0.88573851 | G14: =IF(K14=0,0%,IF(O14=H37,100%,K14/O14-1)) -> -0.94730542 | H14: =VLOOKUP(A14,הכשרה!A:G,4,0)+VLOOKUP('תפוקה מצטברת מול אשתקד'!A14,מגדל!A:G,4,0)+VLOOKUP('תפוקה מצטברת מול אשתקד'!A14,מנורה!A:G,4,0)+VLOOKUP('תפוקה מצטברת מול אשתקד'!A14,איילון!A:G,4,0)+VLOOKUP('תפוקה מצטברת מול אשתקד'!A14,הראל!A:G,4,0)+VLOOKUP('תפוקה מצטברת מול אשתקד'!A14,הפניקס!A:G,4,0)+VLOOKUP('תפוקה מצטברת מול אשתקד'!A14,כלל!A:G,4,0)+VLOOKUP('תפוקה מצטברת מול אשתקד'!A14,מור!A:G,4,0)+VLOOKUP('תפוקה מצטברת מול אשתקד'!A14,'אלטשולר שחם'!A:G,4,0)+VLOOKUP('תפוקה מצטברת מול אשתקד'!A14,'מדיהו '!A:G,4,0)+VLOOKUP('תפוקה מצטברת מול אשתקד'!A14,'אנליסט '!A:G,4,0)+VLOOKUP('תפוקה מצטברת מול אשתקד'!A14,'מיטב דש'!A:G,4,0)+VLOOKUP('תפוקה מצטברת מול אשתקד'!A14,אינפניטי!A:G,4,0) -> 0 | I14: =VLOOKUP(A14,הכשרה!A:G,5,0)+VLOOKUP('תפוקה מצטברת מול אשתקד'!A14,מגדל!A:G,5,0)+VLOOKUP('תפוקה מצטברת מול אשתקד'!A14,מנורה!A:G,5,0)+VLOOKUP('תפוקה מצטברת מול אשתקד'!A14,איילון!A:G,5,0)+VLOOKUP('תפוקה מצטברת מול אשתקד'!A14,הראל!A:G,5,0)+VLOOKUP('תפוקה מצטברת מול אשתקד'!A14,הפניקס!A:G,5,0)+VLOOKUP('תפוקה מצטברת מול אשתקד'!A14,כלל!A:G,5,0)+VLOOKUP('תפוקה מצטברת מול אשתקד'!A14,מור!A:G,5,0)+VLOOKUP('תפוקה מצטברת מול אשתקד'!A14,'אלטשולר שחם'!A:G,5,0)+VLOOKUP('תפוקה מצטברת מול אשתקד'!A14,'מדיהו '!A:G,5,0)+VLOOKUP('תפוקה מצטברת מול אשתקד'!A14,'אנליסט '!A:G,5,0)+VLOOKUP('תפוקה מצטברת מול אשתקד'!A14,'מיטב דש'!A:G,5,0)+VLOOKUP('תפוקה מצטברת מול אשתקד'!A14,אינפניטי!A:G,5,0) -> 244.11 | J14: =VLOOKUP(A14,הכשרה!A:G,6,0)+VLOOKUP('תפוקה מצטברת מול אשתקד'!A14,מגדל!A:G,6,0)+VLOOKUP('תפוקה מצטברת מול אשתקד'!A14,מנורה!A:G,6,0)+VLOOKUP('תפוקה מצטברת מול אשתקד'!A14,איילון!A:G,6,0)+VLOOKUP(A14,הראל!A:G,6,0)+VLOOKUP('תפוקה מצטברת מול אשתקד'!A14,הפניקס!A:G,6,0)+VLOOKUP('תפוקה מצטברת מול אשתקד'!A14,כלל!A:G,6,0)+VLOOKUP('תפוקה מצטברת מול אשתקד'!A14,מור!A:G,6,0)+VLOOKUP('תפוקה מצטברת מול אשתקד'!A14,'אלטשולר שחם'!A:G,6,0)+VLOOKUP('תפוקה מצטברת מול אשתקד'!A14,'מדיהו '!A:G,6,0)+VLOOKUP('תפוקה מצטברת מול אשתקד'!A14,'אנליסט '!A:G,6,0)+VLOOKUP('תפוקה מצטברת מול אשתקד'!A14,'מיטב דש'!A:G,6,0)+VLOOKUP('תפוקה מצטברת מול אשתקד'!A14,אינפניטי!A:G,6,0) -> 91480.811 | K14: =VLOOKUP(A14,הכשרה!A:G,7,0)+VLOOKUP('תפוקה מצטברת מול אשתקד'!A14,מגדל!A:G,7,0)+VLOOKUP('תפוקה מצטברת מול אשתקד'!A14,מנורה!A:G,7,0)+VLOOKUP('תפוקה מצטברת מול אשתקד'!A14,איילון!A:G,7,0)+VLOOKUP('תפוקה מצטברת מול אשתקד'!A14,הראל!A:G,7,0)+VLOOKUP('תפוקה מצטברת מול אשתקד'!A14,הפניקס!A:G,7,0)+VLOOKUP('תפוקה מצטברת מול אשתקד'!A14,כלל!A:G,7,0)+VLOOKUP('תפוקה מצטברת מול אשתקד'!A14,מור!A:G,7,0)+VLOOKUP('תפוקה מצטברת מול אשתקד'!A14,'אלטשולר שחם'!A:G,7,0)+VLOOKUP('תפוקה מצטברת מול אשתקד'!A14,'מדיהו '!A:K,7,0)+VLOOKUP(A14,'אנליסט '!A:G,7,0)+VLOOKUP('תפוקה מצטברת מול אשתקד'!A14,'מיטב דש'!A:G,7,0)+VLOOKUP('תפוקה מצטברת מול אשתקד'!A14,אינפניטי!A:G,7,0) -> 296066.19 | L14: =VLOOKUP(A14,הכשרה!A:K,8,0)+VLOOKUP('תפוקה מצטברת מול אשתקד'!A14,מגדל!A:K,8,0)+VLOOKUP('תפוקה מצטברת מול אשתקד'!A14,מנורה!A:K,8,0)+VLOOKUP('תפוקה מצטברת מול אשתקד'!A14,איילון!A:K,8,0)+VLOOKUP('תפוקה מצטברת מול אשתקד'!A14,הראל!A:K,8,0)+VLOOKUP('תפוקה מצטברת מול אשתקד'!A14,הפניקס!A:K,8,0)+VLOOKUP('תפוקה מצטברת מול אשתקד'!A14,כלל!A:K,8,0)+VLOOKUP('תפוקה מצטברת מול אשתקד'!A14,מור!A:K,8,0)+VLOOKUP('תפוקה מצטברת מול אשתקד'!A14,'אלטשולר שחם'!A:K,8,0)+VLOOKUP('תפוקה מצטברת מול אשתקד'!A14,'מדיהו '!A:K,8,0)+VLOOKUP('תפוקה מצטברת מול אשתקד'!A14,'אנליסט '!A:K,8,0)+VLOOKUP('תפוקה מצטברת מול אשתקד'!A14,'מיטב דש'!A:K,8,0)+VLOOKUP('תפוקה מצטברת מול אשתקד'!A14,אינפניטי!A:K,8,0) -> 730965.41 | M14: =VLOOKUP(A14,הכשרה!A:K,9,0)+VLOOKUP('תפוקה מצטברת מול אשתקד'!A14,מגדל!A:K,9,0)+VLOOKUP('תפוקה מצטברת מול אשתקד'!A14,מנורה!A:K,9,0)+VLOOKUP('תפוקה מצטברת מול אשתקד'!A14,איילון!A:K,9,0)+VLOOKUP('תפוקה מצטברת מול אשתקד'!A14,הראל!A:K,9,0)+VLOOKUP('תפוקה מצטברת מול אשתקד'!A14,הפניקס!A:K,9,0)+VLOOKUP('תפוקה מצטברת מול אשתקד'!A14,כלל!A:K,9,0)+VLOOKUP('תפוקה מצטברת מול אשתקד'!A14,מור!A:K,9,0)+VLOOKUP('תפוקה מצטברת מול אשתקד'!A14,'אלטשולר שחם'!A:K,9,0)+VLOOKUP('תפוקה מצטברת מול אשתקד'!A14,'מדיהו '!A:K,9,0)+VLOOKUP('תפוקה מצטברת מול אשתקד'!A14,'אנליסט '!A:K,9,0)+VLOOKUP('תפוקה מצטברת מול אשתקד'!A14,'מיטב דש'!A:K,9,0)+VLOOKUP('תפוקה מצטברת מול אשתקד'!A14,אינפניטי!A:K,9,0) -> 10925.599 | N14: =VLOOKUP(A14,הכשרה!A:K,10,0)+VLOOKUP('תפוקה מצטברת מול אשתקד'!A14,מגדל!A:K,10,0)+VLOOKUP('תפוקה מצטברת מול אשתקד'!A14,מנורה!A:K,10,0)+VLOOKUP('תפוקה מצטברת מול אשתקד'!A14,איילון!A:K,10,0)+VLOOKUP('תפוקה מצטברת מול אשתקד'!A14,הראל!A:K,10,0)+VLOOKUP('תפוקה מצטברת מול אשתקד'!A14,הפניקס!A:K,10,0)+VLOOKUP('תפוקה מצטברת מול אשתקד'!A14,כלל!A:K,10,0)+VLOOKUP('תפוקה מצטברת מול אשתקד'!A14,מור!A:K,10,0)+VLOOKUP('תפוקה מצטברת מול אשתקד'!A14,'אלטשולר שחם'!A:K,10,0)+VLOOKUP('תפוקה מצטברת מול אשתקד'!A14,'מדיהו '!A:K,10,0)+VLOOKUP('תפוקה מצטברת מול אשתקד'!A14,'אנליסט '!A:K,10,0)+VLOOKUP('תפוקה מצטברת מול אשתקד'!A14,'מיטב דש'!A:K,10,0)+VLOOKUP('תפוקה מצטברת מול אשתקד'!A14,אינפניטי!A:K,10,0) -> 800626.84 | O14: =VLOOKUP(A14,הכשרה!A:K,11,0)+VLOOKUP('תפוקה מצטברת מול אשתקד'!A14,מגדל!A:K,11,0)+VLOOKUP('תפוקה מצטברת מול אשתקד'!A14,מנורה!A:K,11,0)+VLOOKUP('תפוקה מצטברת מול אשתקד'!A14,איילון!A:K,11,0)+VLOOKUP('תפוקה מצטברת מול אשתקד'!A14,הראל!A:K,11,0)+VLOOKUP('תפוקה מצטברת מול אשתקד'!A14,הפניקס!A:K,11,0)+VLOOKUP('תפוקה מצטברת מול אשתקד'!A14,כלל!A:K,11,0)+VLOOKUP('תפוקה מצטברת מול אשתקד'!A14,מור!A:K,11,0)+VLOOKUP('תפוקה מצטברת מול אשתקד'!A14,'אלטשולר שחם'!A:K,11,0)+VLOOKUP('תפוקה מצטברת מול אשתקד'!A14,'מדיהו '!A:K,11,0)+VLOOKUP('תפוקה מצטברת מול אשתקד'!A14,'אנליסט '!A:K,11,0)+VLOOKUP('תפוקה מצטברת מול אשתקד'!A14,'מיטב דש'!A:K,11,0)+VLOOKUP('תפוקה מצטברת מול אשתקד'!A14,אינפניטי!A:K,11,0) -> 5618532.5
A15: א.ד. אבידן ביטוחים בע"מ | B15: יוסי אביב | C15: שותפים | D15: =IF(H15=0,0%,IF(L15=0,100%,H15/L15-1)) -> 0 | E15: =IF(I15=0,0%,IF(M15=0,100%,I15/M15-1)) -> 0 | F15: =IF(J15=0,0%,IF(N15=0,100%,J15/N15-1)) -> 1 | G15: =IF(K15=0,0%,IF(O15=#REF!,100%,K15/O15-1)) -> 0 | H15: =VLOOKUP(A15,הכשרה!A:G,4,0)+VLOOKUP('תפוקה מצטברת מול אשתקד'!A15,מגדל!A:G,4,0)+VLOOKUP('תפוקה מצטברת מול אשתקד'!A15,מנורה!A:G,4,0)+VLOOKUP('תפוקה מצטברת מול אשתקד'!A15,איילון!A:G,4,0)+VLOOKUP('תפוקה מצטברת מול אשתקד'!A15,הראל!A:G,4,0)+VLOOKUP('תפוקה מצטברת מול אשתקד'!A15,הפניקס!A:G,4,0)+VLOOKUP('תפוקה מצטברת מול אשתקד'!A15,כלל!A:G,4,0)+VLOOKUP('תפוקה מצטברת מול אשתקד'!A15,מור!A:G,4,0)+VLOOKUP('תפוקה מצטברת מול אשתקד'!A15,'אלטשולר שחם'!A:G,4,0)+VLOOKUP('תפוקה מצטברת מול אשתקד'!A15,'מדיהו '!A:G,4,0)+VLOOKUP('תפוקה מצטברת מול אשתקד'!A15,'אנליסט '!A:G,4,0)+VLOOKUP('תפוקה מצטברת מול אשתקד'!A15,'מיטב דש'!A:G,4,0)+VLOOKUP('תפוקה מצטברת מול אשתקד'!A15,אינפניטי!A:G,4,0) -> 0 | I15: =VLOOKUP(A15,הכשרה!A:G,5,0)+VLOOKUP('תפוקה מצטברת מול אשתקד'!A15,מגדל!A:G,5,0)+VLOOKUP('תפוקה מצטברת מול אשתקד'!A15,מנורה!A:G,5,0)+VLOOKUP('תפוקה מצטברת מול אשתקד'!A15,איילון!A:G,5,0)+VLOOKUP('תפוקה מצטברת מול אשתקד'!A15,הראל!A:G,5,0)+VLOOKUP('תפוקה מצטברת מול אשתקד'!A15,הפניקס!A:G,5,0)+VLOOKUP('תפוקה מצטברת מול אשתקד'!A15,כלל!A:G,5,0)+VLOOKUP('תפוקה מצטברת מול אשתקד'!A15,מור!A:G,5,0)+VLOOKUP('תפוקה מצטברת מול אשתקד'!A15,'אלטשולר שחם'!A:G,5,0)+VLOOKUP('תפוקה מצטברת מול אשתקד'!A15,'מדיהו '!A:G,5,0)+VLOOKUP('תפוקה מצטברת מול אשתקד'!A15,'אנליסט '!A:G,5,0)+VLOOKUP('תפוקה מצטברת מול אשתקד'!A15,'מיטב דש'!A:G,5,0)+VLOOKUP('תפוקה מצטברת מול אשתקד'!A15,אינפניטי!A:G,5,0) -> 0 | J15: =VLOOKUP(A15,הכשרה!A:G,6,0)+VLOOKUP('תפוקה מצטברת מול אשתקד'!A15,מגדל!A:G,6,0)+VLOOKUP('תפוקה מצטברת מול אשתקד'!A15,מנורה!A:G,6,0)+VLOOKUP('תפוקה מצטברת מול אשתקד'!A15,איילון!A:G,6,0)+VLOOKUP(A15,הראל!A:G,6,0)+VLOOKUP('תפוקה מצטברת מול אשתקד'!A15,הפניקס!A:G,6,0)+VLOOKUP('תפוקה מצטברת מול אשתקד'!A15,כלל!A:G,6,0)+VLOOKUP('תפוקה מצטברת מול אשתקד'!A15,מור!A:G,6,0)+VLOOKUP('תפוקה מצטברת מול אשתקד'!A15,'אלטשולר שחם'!A:G,6,0)+VLOOKUP('תפוקה מצטברת מול אשתקד'!A15,'מדיהו '!A:G,6,0)+VLOOKUP('תפוקה מצטברת מול אשתקד'!A15,'אנליסט '!A:G,6,0)+VLOOKUP('תפוקה מצטברת מול אשתקד'!A15,'מיטב דש'!A:G,6,0)+VLOOKUP('תפוקה מצטברת מול אשתקד'!A15,אינפניטי!A:G,6,0) -> 214091.17 | K15: =VLOOKUP(A15,הכשרה!A:G,7,0)+VLOOKUP('תפוקה מצטברת מול אשתקד'!A15,מגדל!A:G,7,0)+VLOOKUP('תפוקה מצטברת מול אשתקד'!A15,מנורה!A:G,7,0)+VLOOKUP('תפוקה מצטברת מול אשתקד'!A15,איילון!A:G,7,0)+VLOOKUP('תפוקה מצטברת מול אשתקד'!A15,הראל!A:G,7,0)+VLOOKUP('תפוקה מצטברת מול אשתקד'!A15,הפניקס!A:G,7,0)+VLOOKUP('תפוקה מצטברת מול אשתקד'!A15,כלל!A:G,7,0)+VLOOKUP('תפוקה מצטברת מול אשתקד'!A15,מור!A:G,7,0)+VLOOKUP('תפוקה מצטברת מול אשתקד'!A15,'אלטשולר שחם'!A:G,7,0)+VLOOKUP('תפוקה מצטברת מול אשתקד'!A15,'מדיהו '!A:K,7,0)+VLOOKUP(A15,'אנליסט '!A:G,7,0)+VLOOKUP('תפוקה מצטברת מול אשתקד'!A15,'מיטב דש'!A:G,7,0)+VLOOKUP('תפוקה מצטברת מול אשתקד'!A15,אינפניטי!A:G,7,0) -> 0 | L15: =VLOOKUP(A15,הכשרה!A:K,8,0)+VLOOKUP('תפוקה מצטברת מול אשתקד'!A15,מגדל!A:K,8,0)+VLOOKUP('תפוקה מצטברת מול אשתקד'!A15,מנורה!A:K,8,0)+VLOOKUP('תפוקה מצטברת מול אשתקד'!A15,איילון!A:K,8,0)+VLOOKUP('תפוקה מצטברת מול אשתקד'!A15,הראל!A:K,8,0)+VLOOKUP('תפוקה מצטברת מול אשתקד'!A15,הפניקס!A:K,8,0)+VLOOKUP('תפוקה מצטברת מול אשתקד'!A15,כלל!A:K,8,0)+VLOOKUP('תפוקה מצטברת מול אשתקד'!A15,מור!A:K,8,0)+VLOOKUP('תפוקה מצטברת מול אשתקד'!A15,'אלטשולר שחם'!A:K,8,0)+VLOOKUP('תפוקה מצטברת מול אשתקד'!A15,'מדיהו '!A:K,8,0)+VLOOKUP('תפוקה מצטברת מול אשתקד'!A15,'אנליסט '!A:K,8,0)+VLOOKUP('תפוקה מצטברת מול אשתקד'!A15,'מיטב דש'!A:K,8,0)+VLOOKUP('תפוקה מצטברת מול אשתקד'!A15,אינפניטי!A:K,8,0) -> 137.84 | M15: =VLOOKUP(A15,הכשרה!A:K,9,0)+VLOOKUP('תפוקה מצטברת מול אשתקד'!A15,מגדל!A:K,9,0)+VLOOKUP('תפוקה מצטברת מול אשתקד'!A15,מנורה!A:K,9,0)+VLOOKUP('תפוקה מצטברת מול אשתקד'!A15,איילון!A:K,9,0)+VLOOKUP('תפוקה מצטברת מול אשתקד'!A15,הראל!A:K,9,0)+VLOOKUP('תפוקה מצטברת מול אשתקד'!A15,הפניקס!A:K,9,0)+VLOOKUP('תפוקה מצטברת מול אשתקד'!A15,כלל!A:K,9,0)+VLOOKUP('תפוקה מצטברת מול אשתקד'!A15,מור!A:K,9,0)+VLOOKUP('תפוקה מצטברת מול אשתקד'!A15,'אלטשולר שחם'!A:K,9,0)+VLOOKUP('תפוקה מצטברת מול אשתקד'!A15,'מדיהו '!A:K,9,0)+VLOOKUP('תפוקה מצטברת מול אשתקד'!A15,'אנליסט '!A:K,9,0)+VLOOKUP('תפוקה מצטברת מול אשתקד'!A15,'מיטב דש'!A:K,9,0)+VLOOKUP('תפוקה מצטברת מול אשתקד'!A15,אינפניטי!A:K,9,0) -> 0 | N15: =VLOOKUP(A15,הכשרה!A:K,10,0)+VLOOKUP('תפוקה מצטברת מול אשתקד'!A15,מגדל!A:K,10,0)+VLOOKUP('תפוקה מצטברת מול אשתקד'!A15,מנורה!A:K,10,0)+VLOOKUP('תפוקה מצטברת מול אשתקד'!A15,איילון!A:K,10,0)+VLOOKUP('תפוקה מצטברת מול אשתקד'!A15,הראל!A:K,10,0)+VLOOKUP('תפוקה מצטברת מול אשתקד'!A15,הפניקס!A:K,10,0)+VLOOKUP('תפוקה מצטברת מול אשתקד'!A15,כלל!A:K,10,0)+VLOOKUP('תפוקה מצטברת מול אשתקד'!A15,מור!A:K,10,0)+VLOOKUP('תפוקה מצטברת מול אשתקד'!A15,'אלטשולר שחם'!A:K,10,0)+VLOOKUP('תפוקה מצטברת מול אשתקד'!A15,'מדיהו '!A:K,10,0)+VLOOKUP('תפוקה מצטברת מול אשתקד'!A15,'אנליסט '!A:K,10,0)+VLOOKUP('תפוקה מצטברת מול אשתקד'!A15,'מיטב דש'!A:K,10,0)+VLOOKUP('תפוקה מצטברת מול אשתקד'!A15,אינפניטי!A:K,10,0) -> 0 | O15: =VLOOKUP(A15,הכשרה!A:K,11,0)+VLOOKUP('תפוקה מצטברת מול אשתקד'!A15,מגדל!A:K,11,0)+VLOOKUP('תפוקה מצטברת מול אשתקד'!A15,מנורה!A:K,11,0)+VLOOKUP('תפוקה מצטברת מול אשתקד'!A15,איילון!A:K,11,0)+VLOOKUP('תפוקה מצטברת מול אשתקד'!A15,הראל!A:K,11,0)+VLOOKUP('תפוקה מצטברת מול אשתקד'!A15,הפניקס!A:K,11,0)+VLOOKUP('תפוקה מצטברת מול אשתקד'!A15,כלל!A:K,11,0)+VLOOKUP('תפוקה מצטברת מול אשתקד'!A15,מור!A:K,11,0)+VLOOKUP('תפוקה מצטברת מול אשתקד'!A15,'אלטשולר שחם'!A:K,11,0)+VLOOKUP('תפוקה מצטברת מול אשתקד'!A15,'מדיהו '!A:K,11,0)+VLOOKUP('תפוקה מצטברת מול אשתקד'!A15,'אנליסט '!A:K,11,0)+VLOOKUP('תפוקה מצטברת מול אשתקד'!A15,'מיטב דש'!A:K,11,0)+VLOOKUP('תפוקה מצטברת מול אשתקד'!A15,אינפניטי!A:K,11,0) -> 0
A16: גל אלמגור -ראם | B16: יוסי אביב | C16: שותפים | D16: =IF(H16=0,0%,IF(L16=0,100%,H16/L16-1)) -> 0 | E16: =IF(I16=0,0%,IF(M16=0,100%,I16/M16-1)) -> -0.73455329 | F16: =IF(J16=0,0%,IF(N16=0,100%,J16/N16-1)) -> 0.196712 | G16: =IF(K16=0,0%,IF(O16=#REF!,100%,K16/O16-1)) -> 0 | H16: =VLOOKUP(A16,הכשרה!A:G,4,0)+VLOOKUP('תפוקה מצטברת מול אשתקד'!A16,מגדל!A:G,4,0)+VLOOKUP('תפוקה מצטברת מול אשתקד'!A16,מנורה!A:G,4,0)+VLOOKUP('תפוקה מצטברת מול אשתקד'!A16,איילון!A:G,4,0)+VLOOKUP('תפוקה מצטברת מול אשתקד'!A16,הראל!A:G,4,0)+VLOOKUP('תפוקה מצטברת מול אשתקד'!A16,הפניקס!A:G,4,0)+VLOOKUP('תפוקה מצטברת מול אשתקד'!A16,כלל!A:G,4,0)+VLOOKUP('תפוקה מצטברת מול אשתקד'!A16,מור!A:G,4,0)+VLOOKUP('תפוקה מצטברת מול אשתקד'!A16,'אלטשולר שחם'!A:G,4,0)+VLOOKUP('תפוקה מצטברת מול אשתקד'!A16,'מדיהו '!A:G,4,0)+VLOOKUP('תפוקה מצטברת מול אשתקד'!A16,'אנליסט '!A:G,4,0)+VLOOKUP('תפוקה מצטברת מול אשתקד'!A16,'מיטב דש'!A:G,4,0)+VLOOKUP('תפוקה מצטברת מול אשתקד'!A16,אינפניטי!A:G,4,0) -> 0 | I16: =VLOOKUP(A16,הכשרה!A:G,5,0)+VLOOKUP('תפוקה מצטברת מול אשתקד'!A16,מגדל!A:G,5,0)+VLOOKUP('תפוקה מצטברת מול אשתקד'!A16,מנורה!A:G,5,0)+VLOOKUP('תפוקה מצטברת מול אשתקד'!A16,איילון!A:G,5,0)+VLOOKUP('תפוקה מצטברת מול אשתקד'!A16,הראל!A:G,5,0)+VLOOKUP('תפוקה מצטברת מול אשתקד'!A16,הפניקס!A:G,5,0)+VLOOKUP('תפוקה מצטברת מול אשתקד'!A16,כלל!A:G,5,0)+VLOOKUP('תפוקה מצטברת מול אשתקד'!A16,מור!A:G,5,0)+VLOOKUP('תפוקה מצטברת מול אשתקד'!A16,'אלטשולר שחם'!A:G,5,0)+VLOOKUP('תפוקה מצטברת מול אשתקד'!A16,'מדיהו '!A:G,5,0)+VLOOKUP('תפוקה מצטברת מול אשתקד'!A16,'אנליסט '!A:G,5,0)+VLOOKUP('תפוקה מצטברת מול אשתקד'!A16,'מיטב דש'!A:G,5,0)+VLOOKUP('תפוקה מצטברת מול אשתקד'!A16,אינפניטי!A:G,5,0) -> 10168.311 | J16: =VLOOKUP(A16,הכשרה!A:G,6,0)+VLOOKUP('תפוקה מצטברת מול אשתקד'!A16,מגדל!A:G,6,0)+VLOOKUP('תפוקה מצטברת מול אשתקד'!A16,מנורה!A:G,6,0)+VLOOKUP('תפוקה מצטברת מול אשתקד'!A16,איילון!A:G,6,0)+VLOOKUP(A16,הראל!A:G,6,0)+VLOOKUP('תפוקה מצטברת מול אשתקד'!A16,הפניקס!A:G,6,0)+VLOOKUP('תפוקה מצטברת מול אשתקד'!A16,כלל!A:G,6,0)+VLOOKUP('תפוקה מצטברת מול אשתקד'!A16,מור!A:G,6,0)+VLOOKUP('תפוקה מצטברת מול אשתקד'!A16,'אלטשולר שחם'!A:G,6,0)+VLOOKUP('תפוקה מצטברת מול אשתקד'!A16,'מדיהו '!A:G,6,0)+VLOOKUP('תפוקה מצטברת מול אשתקד'!A16,'אנליסט '!A:G,6,0)+VLOOKUP('תפוקה מצטברת מול אשתקד'!A16,'מיטב דש'!A:G,6,0)+VLOOKUP('תפוקה מצטברת מול אשתקד'!A16,אינפניטי!A:G,6,0) -> 5983.56 | K16: =VLOOKUP(A16,הכשרה!A:G,7,0)+VLOOKUP('תפוקה מצטברת מול אשתקד'!A16,מגדל!A:G,7,0)+VLOOKUP('תפוקה מצטברת מול אשתקד'!A16,מנורה!A:G,7,0)+VLOOKUP('תפוקה מצטברת מול אשתקד'!A16,איילון!A:G,7,0)+VLOOKUP('תפוקה מצטברת מול אשתקד'!A16,הראל!A:G,7,0)+VLOOKUP('תפוקה מצטברת מול אשתקד'!A16,הפניקס!A:G,7,0)+VLOOKUP('תפוקה מצטברת מול אשתקד'!A16,כלל!A:G,7,0)+VLOOKUP('תפוקה מצטברת מול אשתקד'!A16,מור!A:G,7,0)+VLOOKUP('תפוקה מצטברת מול אשתקד'!A16,'אלטשולר שחם'!A:G,7,0)+VLOOKUP('תפוקה מצטברת מול אשתקד'!A16,'מדיהו '!A:K,7,0)+VLOOKUP(A16,'אנליסט '!A:G,7,0)+VLOOKUP('תפוקה מצטברת מול אשתקד'!A16,'מיטב דש'!A:G,7,0)+VLOOKUP('תפוקה מצטברת מול אשתקד'!A16,אינפניטי!A:G,7,0) -> 0 | L16: =VLOOKUP(A16,הכשרה!A:K,8,0)+VLOOKUP('תפוקה מצטברת מול אשתקד'!A16,מגדל!A:K,8,0)+VLOOKUP('תפוקה מצטברת מול אשתקד'!A16,מנורה!A:K,8,0)+VLOOKUP('תפוקה מצטברת מול אשתקד'!A16,איילון!A:K,8,0)+VLOOKUP('תפוקה מצטברת מול אשתקד'!A16,הראל!A:K,8,0)+VLOOKUP('תפוקה מצטברת מול אשתקד'!A16,הפניקס!A:K,8,0)+VLOOKUP('תפוקה מצטברת מול אשתקד'!A16,כלל!A:K,8,0)+VLOOKUP('תפוקה מצטברת מול אשתקד'!A16,מור!A:K,8,0)+VLOOKUP('תפוקה מצטברת מול אשתקד'!A16,'אלטשולר שחם'!A:K,8,0)+VLOOKUP('תפוקה מצטברת מול אשתקד'!A16,'מדיהו '!A:K,8,0)+VLOOKUP('תפוקה מצטברת מול אשתקד'!A16,'אנליסט '!A:K,8,0)+VLOOKUP('תפוקה מצטברת מול אשתקד'!A16,'מיטב דש'!A:K,8,0)+VLOOKUP('תפוקה מצטברת מול אשתקד'!A16,אינפניטי!A:K,8,0) -> 60488.111 | M16: =VLOOKUP(A16,הכשרה!A:K,9,0)+VLOOKUP('תפוקה מצטברת מול אשתקד'!A16,מגדל!A:K,9,0)+VLOOKUP('תפוקה מצטברת מול אשתקד'!A16,מנורה!A:K,9,0)+VLOOKUP('תפוקה מצטברת מול אשתקד'!A16,איילון!A:K,9,0)+VLOOKUP('תפוקה מצטברת מול אשתקד'!A16,הראל!A:K,9,0)+VLOOKUP('תפוקה מצטברת מול אשתקד'!A16,הפניקס!A:K,9,0)+VLOOKUP('תפוקה מצטברת מול אשתקד'!A16,כלל!A:K,9,0)+VLOOKUP('תפוקה מצטברת מול אשתקד'!A16,מור!A:K,9,0)+VLOOKUP('תפוקה מצטברת מול אשתקד'!A16,'אלטשולר שחם'!A:K,9,0)+VLOOKUP('תפוקה מצטברת מול אשתקד'!A16,'מדיהו '!A:K,9,0)+VLOOKUP('תפוקה מצטברת מול אשתקד'!A16,'אנליסט '!A:K,9,0)+VLOOKUP('תפוקה מצטברת מול אשתקד'!A16,'מיטב דש'!A:K,9,0)+VLOOKUP('תפוקה מצטברת מול אשתקד'!A16,אינפניטי!A:K,9,0) -> 38306.41 | N16: =VLOOKUP(A16,הכשרה!A:K,10,0)+VLOOKUP('תפוקה מצטברת מול אשתקד'!A16,מגדל!A:K,10,0)+VLOOKUP('תפוקה מצטברת מול אשתקד'!A16,מנורה!A:K,10,0)+VLOOKUP('תפוקה מצטברת מול אשתקד'!A16,איילון!A:K,10,0)+VLOOKUP('תפוקה מצטברת מול אשתקד'!A16,הראל!A:K,10,0)+VLOOKUP('תפוקה מצטברת מול אשתקד'!A16,הפניקס!A:K,10,0)+VLOOKUP('תפוקה מצטברת מול אשתקד'!A16,כלל!A:K,10,0)+VLOOKUP('תפוקה מצטברת מול אשתקד'!A16,מור!A:K,10,0)+VLOOKUP('תפוקה מצטברת מול אשתקד'!A16,'אלטשולר שחם'!A:K,10,0)+VLOOKUP('תפוקה מצטברת מול אשתקד'!A16,'מדיהו '!A:K,10,0)+VLOOKUP('תפוקה מצטברת מול אשתקד'!A16,'אנליסט '!A:K,10,0)+VLOOKUP('תפוקה מצטברת מול אשתקד'!A16,'מיטב דש'!A:K,10,0)+VLOOKUP('תפוקה מצטברת מול אשתקד'!A16,אינפניטי!A:K,10,0) -> 5000 | O16: =VLOOKUP(A16,הכשרה!A:K,11,0)+VLOOKUP('תפוקה מצטברת מול אשתקד'!A16,מגדל!A:K,11,0)+VLOOKUP('תפוקה מצטברת מול אשתקד'!A16,מנורה!A:K,11,0)+VLOOKUP('תפוקה מצטברת מול אשתקד'!A16,איילון!A:K,11,0)+VLOOKUP('תפוקה מצטברת מול אשתקד'!A16,הראל!A:K,11,0)+VLOOKUP('תפוקה מצטברת מול אשתקד'!A16,הפניקס!A:K,11,0)+VLOOKUP('תפוקה מצטברת מול אשתקד'!A16,כלל!A:K,11,0)+VLOOKUP('תפוקה מצטברת מול אשתקד'!A16,מור!A:K,11,0)+VLOOKUP('תפוקה מצטברת מול אשתקד'!A16,'אלטשולר שחם'!A:K,11,0)+VLOOKUP('תפוקה מצטברת מול אשתקד'!A16,'מדיהו '!A:K,11,0)+VLOOKUP('תפוקה מצטברת מול אשתקד'!A16,'אנליסט '!A:K,11,0)+VLOOKUP('תפוקה מצטברת מול אשתקד'!A16,'מיטב דש'!A:K,11,0)+VLOOKUP('תפוקה מצטברת מול אשתקד'!A16,אינפניטי!A:K,11,0) -> 0
A17: אלרם סוכנות לביטוח | B17: יוסי אביב | C17: שותפים | D17: =IF(H17=0,0%,IF(L17=0,100%,H17/L17-1)) -> -0.80938931 | E17: =IF(I17=0,0%,IF(M17=0,100%,I17/M17-1)) -> 1.4315053 | F17: =IF(J17=0,0%,IF(N17=0,100%,J17/N17-1)) -> -0.96787462 | G17: =IF(K17=0,0%,IF(O17=#REF!,100%,K17/O17-1)) -> 0 | H17: =VLOOKUP(A17,הכשרה!A:G,4,0)+VLOOKUP('תפוקה מצטברת מול אשתקד'!A17,מגדל!A:G,4,0)+VLOOKUP('תפוקה מצטברת מול אשתקד'!A17,מנורה!A:G,4,0)+VLOOKUP('תפוקה מצטברת מול אשתקד'!A17,איילון!A:G,4,0)+VLOOKUP('תפוקה מצטברת מול אשתקד'!A17,הראל!A:G,4,0)+VLOOKUP('תפוקה מצטברת מול אשתקד'!A17,הפניקס!A:G,4,0)+VLOOKUP('תפוקה מצטברת מול אשתקד'!A17,כלל!A:G,4,0)+VLOOKUP('תפוקה מצטברת מול אשתקד'!A17,מור!A:G,4,0)+VLOOKUP('תפוקה מצטברת מול אשתקד'!A17,'אלטשולר שחם'!A:G,4,0)+VLOOKUP('תפוקה מצטברת מול אשתקד'!A17,'מדיהו '!A:G,4,0)+VLOOKUP('תפוקה מצטברת מול אשתקד'!A17,'אנליסט '!A:G,4,0)+VLOOKUP('תפוקה מצטברת מול אשתקד'!A17,'מיטב דש'!A:G,4,0)+VLOOKUP('תפוקה מצטברת מול אשתקד'!A17,אינפניטי!A:G,4,0) -> 135417.44 | I17: =VLOOKUP(A17,הכשרה!A:G,5,0)+VLOOKUP('תפוקה מצטברת מול אשתקד'!A17,מגדל!A:G,5,0)+VLOOKUP('תפוקה מצטברת מול אשתקד'!A17,מנורה!A:G,5,0)+VLOOKUP('תפוקה מצטברת מול אשתקד'!A17,איילון!A:G,5,0)+VLOOKUP('תפוקה מצטברת מול אשתקד'!A17,הראל!A:G,5,0)+VLOOKUP('תפוקה מצטברת מול אשתקד'!A17,הפניקס!A:G,5,0)+VLOOKUP('תפוקה מצטברת מול אשתקד'!A17,כלל!A:G,5,0)+VLOOKUP('תפוקה מצטברת מול אשתקד'!A17,מור!A:G,5,0)+VLOOKUP('תפוקה מצטברת מול אשתקד'!A17,'אלטשולר שחם'!A:G,5,0)+VLOOKUP('תפוקה מצטברת מול אשתקד'!A17,'מדיהו '!A:G,5,0)+VLOOKUP('תפוקה מצטברת מול אשתקד'!A17,'אנליסט '!A:G,5,0)+VLOOKUP('תפוקה מצטברת מול אשתקד'!A17,'מיטב דש'!A:G,5,0)+VLOOKUP('תפוקה מצטברת מול אשתקד'!A17,אינפניטי!A:G,5,0) -> 56928.856 | J17: =VLOOKUP(A17,הכשרה!A:G,6,0)+VLOOKUP('תפוקה מצטברת מול אשתקד'!A17,מגדל!A:G,6,0)+VLOOKUP('תפוקה מצטברת מול אשתקד'!A17,מנורה!A:G,6,0)+VLOOKUP('תפוקה מצטברת מול אשתקד'!A17,איילון!A:G,6,0)+VLOOKUP(A17,הראל!A:G,6,0)+VLOOKUP('תפוקה מצטברת מול אשתקד'!A17,הפניקס!A:G,6,0)+VLOOKUP('תפוקה מצטברת מול אשתקד'!A17,כלל!A:G,6,0)+VLOOKUP('תפוקה מצטברת מול אשתקד'!A17,מור!A:G,6,0)+VLOOKUP('תפוקה מצטברת מול אשתקד'!A17,'אלטשולר שחם'!A:G,6,0)+VLOOKUP('תפוקה מצטברת מול אשתקד'!A17,'מדיהו '!A:G,6,0)+VLOOKUP('תפוקה מצטברת מול אשתקד'!A17,'אנליסט '!A:G,6,0)+VLOOKUP('תפוקה מצטברת מול אשתקד'!A17,'מיטב דש'!A:G,6,0)+VLOOKUP('תפוקה מצטברת מול אשתקד'!A17,אינפניטי!A:G,6,0) -> 250192.47 | K17: =VLOOKUP(A17,הכשרה!A:G,7,0)+VLOOKUP('תפוקה מצטברת מול אשתקד'!A17,מגדל!A:G,7,0)+VLOOKUP('תפוקה מצטברת מול אשתקד'!A17,מנורה!A:G,7,0)+VLOOKUP('תפוקה מצטברת מול אשתקד'!A17,איילון!A:G,7,0)+VLOOKUP('תפוקה מצטברת מול אשתקד'!A17,הראל!A:G,7,0)+VLOOKUP('תפוקה מצטברת מול אשתקד'!A17,הפניקס!A:G,7,0)+VLOOKUP('תפוקה מצטברת מול אשתקד'!A17,כלל!A:G,7,0)+VLOOKUP('תפוקה מצטברת מול אשתקד'!A17,מור!A:G,7,0)+VLOOKUP('תפוקה מצטברת מול אשתקד'!A17,'אלטשולר שחם'!A:G,7,0)+VLOOKUP('תפוקה מצטברת מול אשתקד'!A17,'מדיהו '!A:K,7,0)+VLOOKUP(A17,'אנליסט '!A:G,7,0)+VLOOKUP('תפוקה מצטברת מול אשתקד'!A17,'מיטב דש'!A:G,7,0)+VLOOKUP('תפוקה מצטברת מול אשתקד'!A17,אינפניטי!A:G,7,0) -> 0 | L17: =VLOOKUP(A17,הכשרה!A:K,8,0)+VLOOKUP('תפוקה מצטברת מול אשתקד'!A17,מגדל!A:K,8,0)+VLOOKUP('תפוקה מצטברת מול אשתקד'!A17,מנורה!A:K,8,0)+VLOOKUP('תפוקה מצטברת מול אשתקד'!A17,איילון!A:K,8,0)+VLOOKUP('תפוקה מצטברת מול אשתקד'!A17,הראל!A:K,8,0)+VLOOKUP('תפוקה מצטברת מול אשתקד'!A17,הפניקס!A:K,8,0)+VLOOKUP('תפוקה מצטברת מול אשתקד'!A17,כלל!A:K,8,0)+VLOOKUP('תפוקה מצטברת מול אשתקד'!A17,מור!A:K,8,0)+VLOOKUP('תפוקה מצטברת מול אשתקד'!A17,'אלטשולר שחם'!A:K,8,0)+VLOOKUP('תפוקה מצטברת מול אשתקד'!A17,'מדיהו '!A:K,8,0)+VLOOKUP('תפוקה מצטברת מול אשתקד'!A17,'אנליסט '!A:K,8,0)+VLOOKUP('תפוקה מצטברת מול אשתקד'!A17,'מיטב דש'!A:K,8,0)+VLOOKUP('תפוקה מצטברת מול אשתקד'!A17,אינפניטי!A:K,8,0) -> 710439.87 | M17: =VLOOKUP(A17,הכשרה!A:K,9,0)+VLOOKUP('תפוקה מצטברת מול אשתקד'!A17,מגדל!A:K,9,0)+VLOOKUP('תפוקה מצטברת מול אשתקד'!A17,מנורה!A:K,9,0)+VLOOKUP('תפוקה מצטברת מול אשתקד'!A17,איילון!A:K,9,0)+VLOOKUP('תפוקה מצטברת מול אשתקד'!A17,הראל!A:K,9,0)+VLOOKUP('תפוקה מצטברת מול אשתקד'!A17,הפניקס!A:K,9,0)+VLOOKUP('תפוקה מצטברת מול אשתקד'!A17,כלל!A:K,9,0)+VLOOKUP('תפוקה מצטברת מול אשתקד'!A17,מור!A:K,9,0)+VLOOKUP('תפוקה מצטברת מול אשתקד'!A17,'אלטשולר שחם'!A:K,9,0)+VLOOKUP('תפוקה מצטברת מול אשתקד'!A17,'מדיהו '!A:K,9,0)+VLOOKUP('תפוקה מצטברת מול אשתקד'!A17,'אנליסט '!A:K,9,0)+VLOOKUP('תפוקה מצטברת מול אשתקד'!A17,'מיטב דש'!A:K,9,0)+VLOOKUP('תפוקה מצטברת מול אשתקד'!A17,אינפניטי!A:K,9,0) -> 23413.009 | N17: =VLOOKUP(A17,הכשרה!A:K,10,0)+VLOOKUP('תפוקה מצטברת מול אשתקד'!A17,מגדל!A:K,10,0)+VLOOKUP('תפוקה מצטברת מול אשתקד'!A17,מנורה!A:K,10,0)+VLOOKUP('תפוקה מצטברת מול אשתקד'!A17,איילון!A:K,10,0)+VLOOKUP('תפוקה מצטברת מול אשתקד'!A17,הראל!A:K,10,0)+VLOOKUP('תפוקה מצטברת מול אשתקד'!A17,הפניקס!A:K,10,0)+VLOOKUP('תפוקה מצטברת מול אשתקד'!A17,כלל!A:K,10,0)+VLOOKUP('תפוקה מצטברת מול אשתקד'!A17,מור!A:K,10,0)+VLOOKUP('תפוקה מצטברת מול אשתקד'!A17,'אלטשולר שחם'!A:K,10,0)+VLOOKUP('תפוקה מצטברת מול אשתקד'!A17,'מדיהו '!A:K,10,0)+VLOOKUP('תפוקה מצטברת מול אשתקד'!A17,'אנליסט '!A:K,10,0)+VLOOKUP('תפוקה מצטברת מול אשתקד'!A17,'מיטב דש'!A:K,10,0)+VLOOKUP('תפוקה מצטברת מול אשתקד'!A17,אינפניטי!A:K,10,0) -> 7788000.6 | O17: =VLOOKUP(A17,הכשרה!A:K,11,0)+VLOOKUP('תפוקה מצטברת מול אשתקד'!A17,מגדל!A:K,11,0)+VLOOKUP('תפוקה מצטברת מול אשתקד'!A17,מנורה!A:K,11,0)+VLOOKUP('תפוקה מצטברת מול אשתקד'!A17,איילון!A:K,11,0)+VLOOKUP('תפוקה מצטברת מול אשתקד'!A17,הראל!A:K,11,0)+VLOOKUP('תפוקה מצטברת מול אשתקד'!A17,הפניקס!A:K,11,0)+VLOOKUP('תפוקה מצטברת מול אשתקד'!A17,כלל!A:K,11,0)+VLOOKUP('תפוקה מצטברת מול אשתקד'!A17,מור!A:K,11,0)+VLOOKUP('תפוקה מצטברת מול אשתקד'!A17,'אלטשולר שחם'!A:K,11,0)+VLOOKUP('תפוקה מצטברת מול אשתקד'!A17,'מדיהו '!A:K,11,0)+VLOOKUP('תפוקה מצטברת מול אשתקד'!A17,'אנליסט '!A:K,11,0)+VLOOKUP('תפוקה מצטברת מול אשתקד'!A17,'מיטב דש'!A:K,11,0)+VLOOKUP('תפוקה מצטברת מול אשתקד'!A17,אינפניטי!A:K,11,0) -> 3428360.6
A18: רכס אורן | B18: יוסי אביב | C18: שותפים | D18: =IF(H18=0,0%,IF(L18=0,100%,H18/L18-1)) -> -0.67560022 | E18: =IF(I18=0,0%,IF(M18=0,100%,I18/M18-1)) -> 1.1135078 | F18: =IF(J18=0,0%,IF(N18=0,100%,J18/N18-1)) -> -0.95022181 | G18: =IF(K18=0,0%,IF(O18=#REF!,100%,K18/O18-1)) -> #REF! | H18: =VLOOKUP(A18,הכשרה!A:G,4,0)+VLOOKUP('תפוקה מצטברת מול אשתקד'!A18,מגדל!A:G,4,0)+VLOOKUP('תפוקה מצטברת מול אשתקד'!A18,מנורה!A:G,4,0)+VLOOKUP('תפוקה מצטברת מול אשתקד'!A18,איילון!A:G,4,0)+VLOOKUP('תפוקה מצטברת מול אשתקד'!A18,הראל!A:G,4,0)+VLOOKUP('תפוקה מצטברת מול אשתקד'!A18,הפניקס!A:G,4,0)+VLOOKUP('תפוקה מצטברת מול אשתקד'!A18,כלל!A:G,4,0)+VLOOKUP('תפוקה מצטברת מול אשתקד'!A18,מור!A:G,4,0)+VLOOKUP('תפוקה מצטברת מול אשתקד'!A18,'אלטשולר שחם'!A:G,4,0)+VLOOKUP('תפוקה מצטברת מול אשתקד'!A18,'מדיהו '!A:G,4,0)+VLOOKUP('תפוקה מצטברת מול אשתקד'!A18,'אנליסט '!A:G,4,0)+VLOOKUP('תפוקה מצטברת מול אשתקד'!A18,'מיטב דש'!A:G,4,0)+VLOOKUP('תפוקה מצטברת מול אשתקד'!A18,אינפניטי!A:G,4,0) -> 168654.23 | I18: =VLOOKUP(A18,הכשרה!A:G,5,0)+VLOOKUP('תפוקה מצטברת מול אשתקד'!A18,מגדל!A:G,5,0)+VLOOKUP('תפוקה מצטברת מול אשתקד'!A18,מנורה!A:G,5,0)+VLOOKUP('תפוקה מצטברת מול אשתקד'!A18,איילון!A:G,5,0)+VLOOKUP('תפוקה מצטברת מול אשתקד'!A18,הראל!A:G,5,0)+VLOOKUP('תפוקה מצטברת מול אשתקד'!A18,הפניקס!A:G,5,0)+VLOOKUP('תפוקה מצטברת מול אשתקד'!A18,כלל!A:G,5,0)+VLOOKUP('תפוקה מצטברת מול אשתקד'!A18,מור!A:G,5,0)+VLOOKUP('תפוקה מצטברת מול אשתקד'!A18,'אלטשולר שחם'!A:G,5,0)+VLOOKUP('תפוקה מצטברת מול אשתקד'!A18,'מדיהו '!A:G,5,0)+VLOOKUP('תפוקה מצטברת מול אשתקד'!A18,'אנליסט '!A:G,5,0)+VLOOKUP('תפוקה מצטברת מול אשתקד'!A18,'מיטב דש'!A:G,5,0)+VLOOKUP('תפוקה מצטברת מול אשתקד'!A18,אינפניטי!A:G,5,0) -> 105492.37 | J18: =VLOOKUP(A18,הכשרה!A:G,6,0)+VLOOKUP('תפוקה מצטברת מול אשתקד'!A18,מגדל!A:G,6,0)+VLOOKUP('תפוקה מצטברת מול אשתקד'!A18,מנורה!A:G,6,0)+VLOOKUP('תפוקה מצטברת מול אשתקד'!A18,איילון!A:G,6,0)+VLOOKUP(A18,הראל!A:G,6,0)+VLOOKUP('תפוקה מצטברת מול אשתקד'!A18,הפניקס!A:G,6,0)+VLOOKUP('תפוקה מצטברת מול אשתקד'!A18,כלל!A:G,6,0)+VLOOKUP('תפוקה מצטברת מול אשתקד'!A18,מור!A:G,6,0)+VLOOKUP('תפוקה מצטברת מול אשתקד'!A18,'אלטשולר שחם'!A:G,6,0)+VLOOKUP('תפוקה מצטברת מול אשתקד'!A18,'מדיהו '!A:G,6,0)+VLOOKUP('תפוקה מצטברת מול אשתקד'!A18,'אנליסט '!A:G,6,0)+VLOOKUP('תפוקה מצטברת מול אשתקד'!A18,'מיטב דש'!A:G,6,0)+VLOOKUP('תפוקה מצטברת מול אשתקד'!A18,אינפניטי!A:G,6,0) -> 635518.03 | K18: =VLOOKUP(A18,הכשרה!A:G,7,0)+VLOOKUP('תפוקה מצטברת מול אשתקד'!A18,מגדל!A:G,7,0)+VLOOKUP('תפוקה מצטברת מול אשתקד'!A18,מנורה!A:G,7,0)+VLOOKUP('תפוקה מצטברת מול אשתקד'!A18,איילון!A:G,7,0)+VLOOKUP('תפוקה מצטברת מול אשתקד'!A18,הראל!A:G,7,0)+VLOOKUP('תפוקה מצטברת מול אשתקד'!A18,הפניקס!A:G,7,0)+VLOOKUP('תפוקה מצטברת מול אשתקד'!A18,כלל!A:G,7,0)+VLOOKUP('תפוקה מצטברת מול אשתקד'!A18,מור!A:G,7,0)+VLOOKUP('תפוקה מצטברת מול אשתקד'!A18,'אלטשולר שחם'!A:G,7,0)+VLOOKUP('תפוקה מצטברת מול אשתקד'!A18,'מדיהו '!A:K,7,0)+VLOOKUP(A18,'אנליסט '!A:G,7,0)+VLOOKUP('תפוקה מצטברת מול אשתקד'!A18,'מיטב דש'!A:G,7,0)+VLOOKUP('תפוקה מצטברת מול אשתקד'!A18,אינפניטי!A:G,7,0) -> 5256.77 | L18: =VLOOKUP(A18,הכשרה!A:K,8,0)+VLOOKUP('תפוקה מצטברת מול אשתקד'!A18,מגדל!A:K,8,0)+VLOOKUP('תפוקה מצטברת מול אשתקד'!A18,מנורה!A:K,8,0)+VLOOKUP('תפוקה מצטברת מול אשתקד'!A18,איילון!A:K,8,0)+VLOOKUP('תפוקה מצטברת מול אשתקד'!A18,הראל!A:K,8,0)+VLOOKUP('תפוקה מצטברת מול אשתקד'!A18,הפניקס!A:K,8,0)+VLOOKUP('תפוקה מצטברת מול אשתקד'!A18,כלל!A:K,8,0)+VLOOKUP('תפוקה מצטברת מול אשתקד'!A18,מור!A:K,8,0)+VLOOKUP('תפוקה מצטברת מול אשתקד'!A18,'אלטשולר שחם'!A:K,8,0)+VLOOKUP('תפוקה מצטברת מול אשתקד'!A18,'מדיהו '!A:K,8,0)+VLOOKUP('תפוקה מצטברת מול אשתקד'!A18,'אנליסט '!A:K,8,0)+VLOOKUP('תפוקה מצטברת מול אשתקד'!A18,'מיטב דש'!A:K,8,0)+VLOOKUP('תפוקה מצטברת מול אשתקד'!A18,אינפניטי!A:K,8,0) -> 519896.26 | M18: =VLOOKUP(A18,הכשרה!A:K,9,0)+VLOOKUP('תפוקה מצטברת מול אשתקד'!A18,מגדל!A:K,9,0)+VLOOKUP('תפוקה מצטברת מול אשתקד'!A18,מנורה!A:K,9,0)+VLOOKUP('תפוקה מצטברת מול אשתקד'!A18,איילון!A:K,9,0)+VLOOKUP('תפוקה מצטברת מול אשתקד'!A18,הראל!A:K,9,0)+VLOOKUP('תפוקה מצטברת מול אשתקד'!A18,הפניקס!A:K,9,0)+VLOOKUP('תפוקה מצטברת מול אשתקד'!A18,כלל!A:K,9,0)+VLOOKUP('תפוקה מצטברת מול אשתקד'!A18,מור!A:K,9,0)+VLOOKUP('תפוקה מצטברת מול אשתקד'!A18,'אלטשולר שחם'!A:K,9,0)+VLOOKUP('תפוקה מצטברת מול אשתקד'!A18,'מדיהו '!A:K,9,0)+VLOOKUP('תפוקה מצטברת מול אשתקד'!A18,'אנליסט '!A:K,9,0)+VLOOKUP('תפוקה מצטברת מול אשתקד'!A18,'מיטב דש'!A:K,9,0)+VLOOKUP('תפוקה מצטברת מול אשתקד'!A18,אינפניטי!A:K,9,0) -> 49913.404 | N18: =VLOOKUP(A18,הכשרה!A:K,10,0)+VLOOKUP('תפוקה מצטברת מול אשתקד'!A18,מגדל!A:K,10,0)+VLOOKUP('תפוקה מצטברת מול אשתקד'!A18,מנורה!A:K,10,0)+VLOOKUP('תפוקה מצטברת מול אשתקד'!A18,איילון!A:K,10,0)+VLOOKUP('תפוקה מצטברת מול אשתקד'!A18,הראל!A:K,10,0)+VLOOKUP('תפוקה מצטברת מול אשתקד'!A18,הפניקס!A:K,10,0)+VLOOKUP('תפוקה מצטברת מול אשתקד'!A18,כלל!A:K,10,0)+VLOOKUP('תפוקה מצטברת מול אשתקד'!A18,מור!A:K,10,0)+VLOOKUP('תפוקה מצטברת מול אשתקד'!A18,'אלטשולר שחם'!A:K,10,0)+VLOOKUP('תפוקה מצטברת מול אשתקד'!A18,'מדיהו '!A:K,10,0)+VLOOKUP('תפוקה מצטברת מול אשתקד'!A18,'אנליסט '!A:K,10,0)+VLOOKUP('תפוקה מצטברת מול אשתקד'!A18,'מיטב דש'!A:K,10,0)+VLOOKUP('תפוקה מצטברת מול אשתקד'!A18,אינפניטי!A:K,10,0) -> 12766998 | O18: =VLOOKUP(A18,הכשרה!A:K,11,0)+VLOOKUP('תפוקה מצטברת מול אשתקד'!A18,מגדל!A:K,11,0)+VLOOKUP('תפוקה מצטברת מול אשתקד'!A18,מנורה!A:K,11,0)+VLOOKUP('תפוקה מצטברת מול אשתקד'!A18,איילון!A:K,11,0)+VLOOKUP('תפוקה מצטברת מול אשתקד'!A18,הראל!A:K,11,0)+VLOOKUP('תפוקה מצטברת מול אשתקד'!A18,הפניקס!A:K,11,0)+VLOOKUP('תפוקה מצטברת מול אשתקד'!A18,כלל!A:K,11,0)+VLOOKUP('תפוקה מצטברת מול אשתקד'!A18,מור!A:K,11,0)+VLOOKUP('תפוקה מצטברת מול אשתקד'!A18,'אלטשולר שחם'!A:K,11,0)+VLOOKUP('תפוקה מצטברת מול אשתקד'!A18,'מדיהו '!A:K,11,0)+VLOOKUP('תפוקה מצטברת מול אשתקד'!A18,'אנליסט '!A:K,11,0)+VLOOKUP('תפוקה מצטברת מול אשתקד'!A18,'מיטב דש'!A:K,11,0)+VLOOKUP('תפוקה מצטברת מול אשתקד'!A18,אינפניטי!A:K,11,0) -> 4580078.5
A19: גולדר אבי | B19: יוסי אביב | C19: שותפים | D19: =IF(H19=0,0%,IF(L19=0,100%,H19/L19-1)) -> -0.97632003 | E19: =IF(I19=0,0%,IF(M19=0,100%,I19/M19-1)) -> 0 | F19: =IF(J19=0,0%,IF(N19=0,100%,J19/N19-1)) -> 0 | G19: =IF(K19=0,0%,IF(O19=#REF!,100%,K19/O19-1)) -> 0 | H19: =VLOOKUP(A19,הכשרה!A:G,4,0)+VLOOKUP('תפוקה מצטברת מול אשתקד'!A19,מגדל!A:G,4,0)+VLOOKUP('תפוקה מצטברת מול אשתקד'!A19,מנורה!A:G,4,0)+VLOOKUP('תפוקה מצטברת מול אשתקד'!A19,איילון!A:G,4,0)+VLOOKUP('תפוקה מצטברת מול אשתקד'!A19,הראל!A:G,4,0)+VLOOKUP('תפוקה מצטברת מול אשתקד'!A19,הפניקס!A:G,4,0)+VLOOKUP('תפוקה מצטברת מול אשתקד'!A19,כלל!A:G,4,0)+VLOOKUP('תפוקה מצטברת מול אשתקד'!A19,מור!A:G,4,0)+VLOOKUP('תפוקה מצטברת מול אשתקד'!A19,'אלטשולר שחם'!A:G,4,0)+VLOOKUP('תפוקה מצטברת מול אשתקד'!A19,'מדיהו '!A:G,4,0)+VLOOKUP('תפוקה מצטברת מול אשתקד'!A19,'אנליסט '!A:G,4,0)+VLOOKUP('תפוקה מצטברת מול אשתקד'!A19,'מיטב דש'!A:G,4,0)+VLOOKUP('תפוקה מצטברת מול אשתקד'!A19,אינפניטי!A:G,4,0) -> 460.93 | I19: =VLOOKUP(A19,הכשרה!A:G,5,0)+VLOOKUP('תפוקה מצטברת מול אשתקד'!A19,מגדל!A:G,5,0)+VLOOKUP('תפוקה מצטברת מול אשתקד'!A19,מנורה!A:G,5,0)+VLOOKUP('תפוקה מצטברת מול אשתקד'!A19,איילון!A:G,5,0)+VLOOKUP('תפוקה מצטברת מול אשתקד'!A19,הראל!A:G,5,0)+VLOOKUP('תפוקה מצטברת מול אשתקד'!A19,הפניקס!A:G,5,0)+VLOOKUP('תפוקה מצטברת מול אשתקד'!A19,כלל!A:G,5,0)+VLOOKUP('תפוקה מצטברת מול אשתקד'!A19,מור!A:G,5,0)+VLOOKUP('תפוקה מצטברת מול אשתקד'!A19,'אלטשולר שחם'!A:G,5,0)+VLOOKUP('תפוקה מצטברת מול אשתקד'!A19,'מדיהו '!A:G,5,0)+VLOOKUP('תפוקה מצטברת מול אשתקד'!A19,'אנליסט '!A:G,5,0)+VLOOKUP('תפוקה מצטברת מול אשתקד'!A19,'מיטב דש'!A:G,5,0)+VLOOKUP('תפוקה מצטברת מול אשתקד'!A19,אינפניטי!A:G,5,0) -> 0 | J19: =VLOOKUP(A19,הכשרה!A:G,6,0)+VLOOKUP('תפוקה מצטברת מול אשתקד'!A19,מגדל!A:G,6,0)+VLOOKUP('תפוקה מצטברת מול אשתקד'!A19,מנורה!A:G,6,0)+VLOOKUP('תפוקה מצטברת מול אשתקד'!A19,איילון!A:G,6,0)+VLOOKUP(A19,הראל!A:G,6,0)+VLOOKUP('תפוקה מצטברת מול אשתקד'!A19,הפניקס!A:G,6,0)+VLOOKUP('תפוקה מצטברת מול אשתקד'!A19,כלל!A:G,6,0)+VLOOKUP('תפוקה מצטברת מול אשתקד'!A19,מור!A:G,6,0)+VLOOKUP('תפוקה מצטברת מול אשתקד'!A19,'אלטשולר שחם'!A:G,6,0)+VLOOKUP('תפוקה מצטברת מול אשתקד'!A19,'מדיהו '!A:G,6,0)+VLOOKUP('תפוקה מצטברת מול אשתקד'!A19,'אנליסט '!A:G,6,0)+VLOOKUP('תפוקה מצטברת מול אשתקד'!A19,'מיטב דש'!A:G,6,0)+VLOOKUP('תפוקה מצטברת מול אשתקד'!A19,אינפניטי!A:G,6,0) -> 0 | K19: =VLOOKUP(A19,הכשרה!A:G,7,0)+VLOOKUP('תפוקה מצטברת מול אשתקד'!A19,מגדל!A:G,7,0)+VLOOKUP('תפוקה מצטברת מול אשתקד'!A19,מנורה!A:G,7,0)+VLOOKUP('תפוקה מצטברת מול אשתקד'!A19,איילון!A:G,7,0)+VLOOKUP('תפוקה מצטברת מול אשתקד'!A19,הראל!A:G,7,0)+VLOOKUP('תפוקה מצטברת מול אשתקד'!A19,הפניקס!A:G,7,0)+VLOOKUP('תפוקה מצטברת מול אשתקד'!A19,כלל!A:G,7,0)+VLOOKUP('תפוקה מצטברת מול אשתקד'!A19,מור!A:G,7,0)+VLOOKUP('תפוקה מצטברת מול אשתקד'!A19,'אלטשולר שחם'!A:G,7,0)+VLOOKUP('תפוקה מצטברת מול אשתקד'!A19,'מדיהו '!A:K,7,0)+VLOOKUP(A19,'אנליסט '!A:G,7,0)+VLOOKUP('תפוקה מצטברת מול אשתקד'!A19,'מיטב דש'!A:G,7,0)+VLOOKUP('תפוקה מצטברת מול אשתקד'!A19,אינפניטי!A:G,7,0) -> 0 | L19: =VLOOKUP(A19,הכשרה!A:K,8,0)+VLOOKUP('תפוקה מצטברת מול אשתקד'!A19,מגדל!A:K,8,0)+VLOOKUP('תפוקה מצטברת מול אשתקד'!A19,מנורה!A:K,8,0)+VLOOKUP('תפוקה מצטברת מול אשתקד'!A19,איילון!A:K,8,0)+VLOOKUP('תפוקה מצטברת מול אשתקד'!A19,הראל!A:K,8,0)+VLOOKUP('תפוקה מצטברת מול אשתקד'!A19,הפניקס!A:K,8,0)+VLOOKUP('תפוקה מצטברת מול אשתקד'!A19,כלל!A:K,8,0)+VLOOKUP('תפוקה מצטברת מול אשתקד'!A19,מור!A:K,8,0)+VLOOKUP('תפוקה מצטברת מול אשתקד'!A19,'אלטשולר שחם'!A:K,8,0)+VLOOKUP('תפוקה מצטברת מול אשתקד'!A19,'מדיהו '!A:K,8,0)+VLOOKUP('תפוקה מצטברת מול אשתקד'!A19,'אנליסט '!A:K,8,0)+VLOOKUP('תפוקה מצטברת מול אשתקד'!A19,'מיטב דש'!A:K,8,0)+VLOOKUP('תפוקה מצטברת מול אשתקד'!A19,אינפניטי!A:K,8,0) -> 19464.976 | M19: =VLOOKUP(A19,הכשרה!A:K,9,0)+VLOOKUP('תפוקה מצטברת מול אשתקד'!A19,מגדל!A:K,9,0)+VLOOKUP('תפוקה מצטברת מול אשתקד'!A19,מנורה!A:K,9,0)+VLOOKUP('תפוקה מצטברת מול אשתקד'!A19,איילון!A:K,9,0)+VLOOKUP('תפוקה מצטברת מול אשתקד'!A19,הראל!A:K,9,0)+VLOOKUP('תפוקה מצטברת מול אשתקד'!A19,הפניקס!A:K,9,0)+VLOOKUP('תפוקה מצטברת מול אשתקד'!A19,כלל!A:K,9,0)+VLOOKUP('תפוקה מצטברת מול אשתקד'!A19,מור!A:K,9,0)+VLOOKUP('תפוקה מצטברת מול אשתקד'!A19,'אלטשולר שחם'!A:K,9,0)+VLOOKUP('תפוקה מצטברת מול אשתקד'!A19,'מדיהו '!A:K,9,0)+VLOOKUP('תפוקה מצטברת מול אשתקד'!A19,'אנליסט '!A:K,9,0)+VLOOKUP('תפוקה מצטברת מול אשתקד'!A19,'מיטב דש'!A:K,9,0)+VLOOKUP('תפוקה מצטברת מול אשתקד'!A19,אינפניטי!A:K,9,0) -> 891.41106 | N19: =VLOOKUP(A19,הכשרה!A:K,10,0)+VLOOKUP('תפוקה מצטברת מול אשתקד'!A19,מגדל!A:K,10,0)+VLOOKUP('תפוקה מצטברת מול אשתקד'!A19,מנורה!A:K,10,0)+VLOOKUP('תפוקה מצטברת מול אשתקד'!A19,איילון!A:K,10,0)+VLOOKUP('תפוקה מצטברת מול אשתקד'!A19,הראל!A:K,10,0)+VLOOKUP('תפוקה מצטברת מול אשתקד'!A19,הפניקס!A:K,10,0)+VLOOKUP('תפוקה מצטברת מול אשתקד'!A19,כלל!A:K,10,0)+VLOOKUP('תפוקה מצטברת מול אשתקד'!A19,מור!A:K,10,0)+VLOOKUP('תפוקה מצטברת מול אשתקד'!A19,'אלטשולר שחם'!A:K,10,0)+VLOOKUP('תפוקה מצטברת מול אשתקד'!A19,'מדיהו '!A:K,10,0)+VLOOKUP('תפוקה מצטברת מול אשתקד'!A19,'אנליסט '!A:K,10,0)+VLOOKUP('תפוקה מצטברת מול אשתקד'!A19,'מיטב דש'!A:K,10,0)+VLOOKUP('תפוקה מצטברת מול אשתקד'!A19,אינפניטי!A:K,10,0) -> 24205.738 | O19: =VLOOKUP(A19,הכשרה!A:K,11,0)+VLOOKUP('תפוקה מצטברת מול אשתקד'!A19,מגדל!A:K,11,0)+VLOOKUP('תפוקה מצטברת מול אשתקד'!A19,מנורה!A:K,11,0)+VLOOKUP('תפוקה מצטברת מול אשתקד'!A19,איילון!A:K,11,0)+VLOOKUP('תפוקה מצטברת מול אשתקד'!A19,הראל!A:K,11,0)+VLOOKUP('תפוקה מצטברת מול אשתקד'!A19,הפניקס!A:K,11,0)+VLOOKUP('תפוקה מצטברת מול אשתקד'!A19,כלל!A:K,11,0)+VLOOKUP('תפוקה מצטברת מול אשתקד'!A19,מור!A:K,11,0)+VLOOKUP('תפוקה מצטברת מול אשתקד'!A19,'אלטשולר שחם'!A:K,11,0)+VLOOKUP('תפוקה מצטברת מול אשתקד'!A19,'מדיהו '!A:K,11,0)+VLOOKUP('תפוקה מצטברת מול אשתקד'!A19,'אנליסט '!A:K,11,0)+VLOOKUP('תפוקה מצטברת מול אשתקד'!A19,'מיטב דש'!A:K,11,0)+VLOOKUP('תפוקה מצטברת מול אשתקד'!A19,אינפניטי!A:K,11,0) -> 25176.684
A20: בדר צבי | B20: יוסי אביב | C20: שותפים | D20: =IF(H20=0,0%,IF(L20=0,100%,H20/L20-1)) -> 0 | E20: =IF(I20=0,0%,IF(M20=0,100%,I20/M20-1)) -> 0 | F20: =IF(J20=0,0%,IF(N20=0,100%,J20/N20-1)) -> 0 | G20: =IF(K20=0,0%,IF(O20=#REF!,100%,K20/O20-1)) -> 0 | H20: =VLOOKUP(A20,הכשרה!A:G,4,0)+VLOOKUP('תפוקה מצטברת מול אשתקד'!A20,מגדל!A:G,4,0)+VLOOKUP('תפוקה מצטברת מול אשתקד'!A20,מנורה!A:G,4,0)+VLOOKUP('תפוקה מצטברת מול אשתקד'!A20,איילון!A:G,4,0)+VLOOKUP('תפוקה מצטברת מול אשתקד'!A20,הראל!A:G,4,0)+VLOOKUP('תפוקה מצטברת מול אשתקד'!A20,הפניקס!A:G,4,0)+VLOOKUP('תפוקה מצטברת מול אשתקד'!A20,כלל!A:G,4,0)+VLOOKUP('תפוקה מצטברת מול אשתקד'!A20,מור!A:G,4,0)+VLOOKUP('תפוקה מצטברת מול אשתקד'!A20,'אלטשולר שחם'!A:G,4,0)+VLOOKUP('תפוקה מצטברת מול אשתקד'!A20,'מדיהו '!A:G,4,0)+VLOOKUP('תפוקה מצטברת מול אשתקד'!A20,'אנליסט '!A:G,4,0)+VLOOKUP('תפוקה מצטברת מול אשתקד'!A20,'מיטב דש'!A:G,4,0)+VLOOKUP('תפוקה מצטברת מול אשתקד'!A20,אינפניטי!A:G,4,0) -> 0 | I20: =VLOOKUP(A20,הכשרה!A:G,5,0)+VLOOKUP('תפוקה מצטברת מול אשתקד'!A20,מגדל!A:G,5,0)+VLOOKUP('תפוקה מצטברת מול אשתקד'!A20,מנורה!A:G,5,0)+VLOOKUP('תפוקה מצטברת מול אשתקד'!A20,איילון!A:G,5,0)+VLOOKUP('תפוקה מצטברת מול אשתקד'!A20,הראל!A:G,5,0)+VLOOKUP('תפוקה מצטברת מול אשתקד'!A20,הפניקס!A:G,5,0)+VLOOKUP('תפוקה מצטברת מול אשתקד'!A20,כלל!A:G,5,0)+VLOOKUP('תפוקה מצטברת מול אשתקד'!A20,מור!A:G,5,0)+VLOOKUP('תפוקה מצטברת מול אשתקד'!A20,'אלטשולר שחם'!A:G,5,0)+VLOOKUP('תפוקה מצטברת מול אשתקד'!A20,'מדיהו '!A:G,5,0)+VLOOKUP('תפוקה מצטברת מול אשתקד'!A20,'אנליסט '!A:G,5,0)+VLOOKUP('תפוקה מצטברת מול אשתקד'!A20,'מיטב דש'!A:G,5,0)+VLOOKUP('תפוקה מצטברת מול אשתקד'!A20,אינפניטי!A:G,5,0) -> 0 | J20: =VLOOKUP(A20,הכשרה!A:G,6,0)+VLOOKUP('תפוקה מצטברת מול אשתקד'!A20,מגדל!A:G,6,0)+VLOOKUP('תפוקה מצטברת מול אשתקד'!A20,מנורה!A:G,6,0)+VLOOKUP('תפוקה מצטברת מול אשתקד'!A20,איילון!A:G,6,0)+VLOOKUP(A20,הראל!A:G,6,0)+VLOOKUP('תפוקה מצטברת מול אשתקד'!A20,הפניקס!A:G,6,0)+VLOOKUP('תפוקה מצטברת מול אשתקד'!A20,כלל!A:G,6,0)+VLOOKUP('תפוקה מצטברת מול אשתקד'!A20,מור!A:G,6,0)+VLOOKUP('תפוקה מצטברת מול אשתקד'!A20,'אלטשולר שחם'!A:G,6,0)+VLOOKUP('תפוקה מצטברת מול אשתקד'!A20,'מדיהו '!A:G,6,0)+VLOOKUP('תפוקה מצטברת מול אשתקד'!A20,'אנליסט '!A:G,6,0)+VLOOKUP('תפוקה מצטברת מול אשתקד'!A20,'מיטב דש'!A:G,6,0)+VLOOKUP('תפוקה מצטברת מול אשתקד'!A20,אינפניטי!A:G,6,0) -> 0 | K20: =VLOOKUP(A20,הכשרה!A:G,7,0)+VLOOKUP('תפוקה מצטברת מול אשתקד'!A20,מגדל!A:G,7,0)+VLOOKUP('תפוקה מצטברת מול אשתקד'!A20,מנורה!A:G,7,0)+VLOOKUP('תפוקה מצטברת מול אשתקד'!A20,איילון!A:G,7,0)+VLOOKUP('תפוקה מצטברת מול אשתקד'!A20,הראל!A:G,7,0)+VLOOKUP('תפוקה מצטברת מול אשתקד'!A20,הפניקס!A:G,7,0)+VLOOKUP('תפוקה מצטברת מול אשתקד'!A20,כלל!A:G,7,0)+VLOOKUP('תפוקה מצטברת מול אשתקד'!A20,מור!A:G,7,0)+VLOOKUP('תפוקה מצטברת מול אשתקד'!A20,'אלטשולר שחם'!A:G,7,0)+VLOOKUP('תפוקה מצטברת מול אשתקד'!A20,'מדיהו '!A:K,7,0)+VLOOKUP(A20,'אנליסט '!A:G,7,0)+VLOOKUP('תפוקה מצטברת מול אשתקד'!A20,'מיטב דש'!A:G,7,0)+VLOOKUP('תפוקה מצטברת מול אשתקד'!A20,אינפניטי!A:G,7,0) -> 0 | L20: =VLOOKUP(A20,הכשרה!A:K,8,0)+VLOOKUP('תפוקה מצטברת מול אשתקד'!A20,מגדל!A:K,8,0)+VLOOKUP('תפוקה מצטברת מול אשתקד'!A20,מנורה!A:K,8,0)+VLOOKUP('תפוקה מצטברת מול אשתקד'!A20,איילון!A:K,8,0)+VLOOKUP('תפוקה מצטברת מול אשתקד'!A20,הראל!A:K,8,0)+VLOOKUP('תפוקה מצטברת מול אשתקד'!A20,הפניקס!A:K,8,0)+VLOOKUP('תפוקה מצטברת מול אשתקד'!A20,כלל!A:K,8,0)+VLOOKUP('תפוקה מצטברת מול אשתקד'!A20,מור!A:K,8,0)+VLOOKUP('תפוקה מצטברת מול אשתקד'!A20,'אלטשולר שחם'!A:K,8,0)+VLOOKUP('תפוקה מצטברת מול אשתקד'!A20,'מדיהו '!A:K,8,0)+VLOOKUP('תפוקה מצטברת מול אשתקד'!A20,'אנליסט '!A:K,8,0)+VLOOKUP('תפוקה מצטברת מול אשתקד'!A20,'מיטב דש'!A:K,8,0)+VLOOKUP('תפוקה מצטברת מול אשתקד'!A20,אינפניטי!A:K,8,0) -> 74770.666 | M20: =VLOOKUP(A20,הכשרה!A:K,9,0)+VLOOKUP('תפוקה מצטברת מול אשתקד'!A20,מגדל!A:K,9,0)+VLOOKUP('תפוקה מצטברת מול אשתקד'!A20,מנורה!A:K,9,0)+VLOOKUP('תפוקה מצטברת מול אשתקד'!A20,איילון!A:K,9,0)+VLOOKUP('תפוקה מצטברת מול אשתקד'!A20,הראל!A:K,9,0)+VLOOKUP('תפוקה מצטברת מול אשתקד'!A20,הפניקס!A:K,9,0)+VLOOKUP('תפוקה מצטברת מול אשתקד'!A20,כלל!A:K,9,0)+VLOOKUP('תפוקה מצטברת מול אשתקד'!A20,מור!A:K,9,0)+VLOOKUP('תפוקה מצטברת מול אשתקד'!A20,'אלטשולר שחם'!A:K,9,0)+VLOOKUP('תפוקה מצטברת מול אשתקד'!A20,'מדיהו '!A:K,9,0)+VLOOKUP('תפוקה מצטברת מול אשתקד'!A20,'אנליסט '!A:K,9,0)+VLOOKUP('תפוקה מצטברת מול אשתקד'!A20,'מיטב דש'!A:K,9,0)+VLOOKUP('תפוקה מצטברת מול אשתקד'!A20,אינפניטי!A:K,9,0) -> 1119.315 | N20: =VLOOKUP(A20,הכשרה!A:K,10,0)+VLOOKUP('תפוקה מצטברת מול אשתקד'!A20,מגדל!A:K,10,0)+VLOOKUP('תפוקה מצטברת מול אשתקד'!A20,מנורה!A:K,10,0)+VLOOKUP('תפוקה מצטברת מול אשתקד'!A20,איילון!A:K,10,0)+VLOOKUP('תפוקה מצטברת מול אשתקד'!A20,הראל!A:K,10,0)+VLOOKUP('תפוקה מצטברת מול אשתקד'!A20,הפניקס!A:K,10,0)+VLOOKUP('תפוקה מצטברת מול אשתקד'!A20,כלל!A:K,10,0)+VLOOKUP('תפוקה מצטברת מול אשתקד'!A20,מור!A:K,10,0)+VLOOKUP('תפוקה מצטברת מול אשתקד'!A20,'אלטשולר שחם'!A:K,10,0)+VLOOKUP('תפוקה מצטברת מול אשתקד'!A20,'מדיהו '!A:K,10,0)+VLOOKUP('תפוקה מצטברת מול אשתקד'!A20,'אנליסט '!A:K,10,0)+VLOOKUP('תפוקה מצטברת מול אשתקד'!A20,'מיטב דש'!A:K,10,0)+VLOOKUP('תפוקה מצטברת מול אשתקד'!A20,אינפניטי!A:K,10,0) -> 11990.184 | O20: =VLOOKUP(A20,הכשרה!A:K,11,0)+VLOOKUP('תפוקה מצטברת מול אשתקד'!A20,מגדל!A:K,11,0)+VLOOKUP('תפוקה מצטברת מול אשתקד'!A20,מנורה!A:K,11,0)+VLOOKUP('תפוקה מצטברת מול אשתקד'!A20,איילון!A:K,11,0)+VLOOKUP('תפוקה מצטברת מול אשתקד'!A20,הראל!A:K,11,0)+VLOOKUP('תפוקה מצטברת מול אשתקד'!A20,הפניקס!A:K,11,0)+VLOOKUP('תפוקה מצטברת מול אשתקד'!A20,כלל!A:K,11,0)+VLOOKUP('תפוקה מצטברת מול אשתקד'!A20,מור!A:K,11,0)+VLOOKUP('תפוקה מצטברת מול אשתקד'!A20,'אלטשולר שחם'!A:K,11,0)+VLOOKUP('תפוקה מצטברת מול אשתקד'!A20,'מדיהו '!A:K,11,0)+VLOOKUP('תפוקה מצטברת מול אשתקד'!A20,'אנליסט '!A:K,11,0)+VLOOKUP('תפוקה מצטברת מול אשתקד'!A20,'מיטב דש'!A:K,11,0)+VLOOKUP('תפוקה מצטברת מול אשתקד'!A20,אינפניטי!A:K,11,0) -> 0
A21: סה"כ חברות בנות | D21: =IF(H21=0,0%,IF(L21=0,100%,H21/L21-1)) -> -0.84720074 | E21: =IF(I21=0,0%,IF(M21=0,100%,I21/M21-1)) -> -0.56793629 | F21: =IF(J21=0,0%,IF(N21=0,100%,J21/N21-1)) -> -0.94158332 | G21: =IF(K21=0,0%,IF(O21=H55,100%,K21/O21-1)) -> -0.97041889 | H21: =SUM(H9:H20) -> 358596.73 | I21: =SUM(I9:I20) -> 276135.67 | J21: =SUM(J9:J20) -> 1343239 | K21: =SUM(K9:K20) -> 399567.57 | L21: =SUM(L9:L20) -> 2346848.6 | M21: =SUM(M9:M20) -> 639108.69 | N21: =SUM(N9:N20) -> 22994102 | O21: =SUM(O9:O20) -> 13507524
A22: מועלם אלפרד | B22: ערן גירוני | C22: סוכנים | D22: =IF(H22=0,0%,IF(L22=0,100%,H22/L22-1)) -> -0.93338574 | E22: =IF(I22=0,0%,IF(M22=0,100%,I22/M22-1)) -> -0.98777305 | F22: =IF(J22=0,0%,IF(N22=0,100%,J22/N22-1)) -> -0.96528813 | G22: =IF(K22=0,0%,IF(O22=H56,100%,K22/O22-1)) -> 0 | H22: =VLOOKUP(A22,הכשרה!A:G,4,0)+VLOOKUP('תפוקה מצטברת מול אשתקד'!A22,מגדל!A:G,4,0)+VLOOKUP('תפוקה מצטברת מול אשתקד'!A22,מנורה!A:G,4,0)+VLOOKUP('תפוקה מצטברת מול אשתקד'!A22,איילון!A:G,4,0)+VLOOKUP('תפוקה מצטברת מול אשתקד'!A22,הראל!A:G,4,0)+VLOOKUP('תפוקה מצטברת מול אשתקד'!A22,הפניקס!A:G,4,0)+VLOOKUP('תפוקה מצטברת מול אשתקד'!A22,כלל!A:G,4,0)+VLOOKUP('תפוקה מצטברת מול אשתקד'!A22,מור!A:G,4,0)+VLOOKUP('תפוקה מצטברת מול אשתקד'!A22,'אלטשולר שחם'!A:G,4,0)+VLOOKUP('תפוקה מצטברת מול אשתקד'!A22,'מדיהו '!A:G,4,0)+VLOOKUP('תפוקה מצטברת מול אשתקד'!A22,'אנליסט '!A:G,4,0)+VLOOKUP('תפוקה מצטברת מול אשתקד'!A22,'מיטב דש'!A:G,4,0)+VLOOKUP('תפוקה מצטברת מול אשתקד'!A22,אינפניטי!A:G,4,0) -> 101088.54 | I22: =VLOOKUP(A22,הכשרה!A:G,5,0)+VLOOKUP('תפוקה מצטברת מול אשתקד'!A22,מגדל!A:G,5,0)+VLOOKUP('תפוקה מצטברת מול אשתקד'!A22,מנורה!A:G,5,0)+VLOOKUP('תפוקה מצטברת מול אשתקד'!A22,איילון!A:G,5,0)+VLOOKUP('תפוקה מצטברת מול אשתקד'!A22,הראל!A:G,5,0)+VLOOKUP('תפוקה מצטברת מול אשתקד'!A22,הפניקס!A:G,5,0)+VLOOKUP('תפוקה מצטברת מול אשתקד'!A22,כלל!A:G,5,0)+VLOOKUP('תפוקה מצטברת מול אשתקד'!A22,מור!A:G,5,0)+VLOOKUP('תפוקה מצטברת מול אשתקד'!A22,'אלטשולר שחם'!A:G,5,0)+VLOOKUP('תפוקה מצטברת מול אשתקד'!A22,'מדיהו '!A:G,5,0)+VLOOKUP('תפוקה מצטברת מול אשתקד'!A22,'אנליסט '!A:G,5,0)+VLOOKUP('תפוקה מצטברת מול אשתקד'!A22,'מיטב דש'!A:G,5,0)+VLOOKUP('תפוקה מצטברת מול אשתקד'!A22,אינפניטי!A:G,5,0) -> 1861.95 | J22: =VLOOKUP(A22,הכשרה!A:G,6,0)+VLOOKUP('תפוקה מצטברת מול אשתקד'!A22,מגדל!A:G,6,0)+VLOOKUP('תפוקה מצטברת מול אשתקד'!A22,מנורה!A:G,6,0)+VLOOKUP('תפוקה מצטברת מול אשתקד'!A22,איילון!A:G,6,0)+VLOOKUP(A22,הראל!A:G,6,0)+VLOOKUP('תפוקה מצטברת מול אשתקד'!A22,הפניקס!A:G,6,0)+VLOOKUP('תפוקה מצטברת מול אשתקד'!A22,כלל!A:G,6,0)+VLOOKUP('תפוקה מצטברת מול אשתקד'!A22,מור!A:G,6,0)+VLOOKUP('תפוקה מצטברת מול אשתקד'!A22,'אלטשולר שחם'!A:G,6,0)+VLOOKUP('תפוקה מצטברת מול אשתקד'!A22,'מדיהו '!A:G,6,0)+VLOOKUP('תפוקה מצטברת מול אשתקד'!A22,'אנליסט '!A:G,6,0)+VLOOKUP('תפוקה מצטברת מול אשתקד'!A22,'מיטב דש'!A:G,6,0)+VLOOKUP('תפוקה מצטברת מול אשתקד'!A22,אינפניטי!A:G,6,0) -> 27061.149 | K22: =VLOOKUP(A22,הכשרה!A:G,7,0)+VLOOKUP('תפוקה מצטברת מול אשתקד'!A22,מגדל!A:G,7,0)+VLOOKUP('תפוקה מצטברת מול אשתקד'!A22,מנורה!A:G,7,0)+VLOOKUP('תפוקה מצטברת מול אשתקד'!A22,איילון!A:G,7,0)+VLOOKUP('תפוקה מצטברת מול אשתקד'!A22,הראל!A:G,7,0)+VLOOKUP('תפוקה מצטברת מול אשתקד'!A22,הפניקס!A:G,7,0)+VLOOKUP('תפוקה מצטברת מול אשתקד'!A22,כלל!A:G,7,0)+VLOOKUP('תפוקה מצטברת מול אשתקד'!A22,מור!A:G,7,0)+VLOOKUP('תפוקה מצטברת מול אשתקד'!A22,'אלטשולר שחם'!A:G,7,0)+VLOOKUP('תפוקה מצטברת מול אשתקד'!A22,'מדיהו '!A:K,7,0)+VLOOKUP(A22,'אנליסט '!A:G,7,0)+VLOOKUP('תפוקה מצטברת מול אשתקד'!A22,'מיטב דש'!A:G,7,0)+VLOOKUP('תפוקה מצטברת מול אשתקד'!A22,אינפניטי!A:G,7,0) -> 0 | L22: =VLOOKUP(A22,הכשרה!A:K,8,0)+VLOOKUP('תפוקה מצטברת מול אשתקד'!A22,מגדל!A:K,8,0)+VLOOKUP('תפוקה מצטברת מול אשתקד'!A22,מנורה!A:K,8,0)+VLOOKUP('תפוקה מצטברת מול אשתקד'!A22,איילון!A:K,8,0)+VLOOKUP('תפוקה מצטברת מול אשתקד'!A22,הראל!A:K,8,0)+VLOOKUP('תפוקה מצטברת מול אשתקד'!A22,הפניקס!A:K,8,0)+VLOOKUP('תפוקה מצטברת מול אשתקד'!A22,כלל!A:K,8,0)+VLOOKUP('תפוקה מצטברת מול אשתקד'!A22,מור!A:K,8,0)+VLOOKUP('תפוקה מצטברת מול אשתקד'!A22,'אלטשולר שחם'!A:K,8,0)+VLOOKUP('תפוקה מצטברת מול אשתקד'!A22,'מדיהו '!A:K,8,0)+VLOOKUP('תפוקה מצטברת מול אשתקד'!A22,'אנליסט '!A:K,8,0)+VLOOKUP('תפוקה מצטברת מול אשתקד'!A22,'מיטב דש'!A:K,8,0)+VLOOKUP('תפוקה מצטברת מול אשתקד'!A22,אינפניטי!A:K,8,0) -> 1517521.2 | M22: =VLOOKUP(A22,הכשרה!A:K,9,0)+VLOOKUP('תפוקה מצטברת מול אשתקד'!A22,מגדל!A:K,9,0)+VLOOKUP('תפוקה מצטברת מול אשתקד'!A22,מנורה!A:K,9,0)+VLOOKUP('תפוקה מצטברת מול אשתקד'!A22,איילון!A:K,9,0)+VLOOKUP('תפוקה מצטברת מול אשתקד'!A22,הראל!A:K,9,0)+VLOOKUP('תפוקה מצטברת מול אשתקד'!A22,הפניקס!A:K,9,0)+VLOOKUP('תפוקה מצטברת מול אשתקד'!A22,כלל!A:K,9,0)+VLOOKUP('תפוקה מצטברת מול אשתקד'!A22,מור!A:K,9,0)+VLOOKUP('תפוקה מצטברת מול אשתקד'!A22,'אלטשולר שחם'!A:K,9,0)+VLOOKUP('תפוקה מצטברת מול אשתקד'!A22,'מדיהו '!A:K,9,0)+VLOOKUP('תפוקה מצטברת מול אשתקד'!A22,'אנליסט '!A:K,9,0)+VLOOKUP('תפוקה מצטברת מול אשתקד'!A22,'מיטב דש'!A:K,9,0)+VLOOKUP('תפוקה מצטברת מול אשתקד'!A22,אינפניטי!A:K,9,0) -> 152282.44 | N22: =VLOOKUP(A22,הכשרה!A:K,10,0)+VLOOKUP('תפוקה מצטברת מול אשתקד'!A22,מגדל!A:K,10,0)+VLOOKUP('תפוקה מצטברת מול אשתקד'!A22,מנורה!A:K,10,0)+VLOOKUP('תפוקה מצטברת מול אשתקד'!A22,איילון!A:K,10,0)+VLOOKUP('תפוקה מצטברת מול אשתקד'!A22,הראל!A:K,10,0)+VLOOKUP('תפוקה מצטברת מול אשתקד'!A22,הפניקס!A:K,10,0)+VLOOKUP('תפוקה מצטברת מול אשתקד'!A22,כלל!A:K,10,0)+VLOOKUP('תפוקה מצטברת מול אשתקד'!A22,מור!A:K,10,0)+VLOOKUP('תפוקה מצטברת מול אשתקד'!A22,'אלטשולר שחם'!A:K,10,0)+VLOOKUP('תפוקה מצטברת מול אשתקד'!A22,'מדיהו '!A:K,10,0)+VLOOKUP('תפוקה מצטברת מול אשתקד'!A22,'אנליסט '!A:K,10,0)+VLOOKUP('תפוקה מצטברת מול אשתקד'!A22,'מיטב דש'!A:K,10,0)+VLOOKUP('תפוקה מצטברת מול אשתקד'!A22,אינפניטי!A:K,10,0) -> 779593.59 | O22: =VLOOKUP(A22,הכשרה!A:K,11,0)+VLOOKUP('תפוקה מצטברת מול אשתקד'!A22,מגדל!A:K,11,0)+VLOOKUP('תפוקה מצטברת מול אשתקד'!A22,מנורה!A:K,11,0)+VLOOKUP('תפוקה מצטברת מול אשתקד'!A22,איילון!A:K,11,0)+VLOOKUP('תפוקה מצטברת מול אשתקד'!A22,הראל!A:K,11,0)+VLOOKUP('תפוקה מצטברת מול אשתקד'!A22,הפניקס!A:K,11,0)+VLOOKUP('תפוקה מצטברת מול אשתקד'!A22,כלל!A:K,11,0)+VLOOKUP('תפוקה מצטברת מול אשתקד'!A22,מור!A:K,11,0)+VLOOKUP('תפוקה מצטברת מול אשתקד'!A22,'אלטשולר שחם'!A:K,11,0)+VLOOKUP('תפוקה מצטברת מול אשתקד'!A22,'מדיהו '!A:K,11,0)+VLOOKUP('תפוקה מצטברת מול אשתקד'!A22,'אנליסט '!A:K,11,0)+VLOOKUP('תפוקה מצטברת מול אשתקד'!A22,'מיטב דש'!A:K,11,0)+VLOOKUP('תפוקה מצטברת מול אשתקד'!A22,אינפניטי!A:K,11,0) -> 6164780
A23: גרניק בנימין | B23: ערן גירוני | C23: סוכנים | D23: =IF(H23=0,0%,IF(L23=0,100%,H23/L23-1)) -> 0 | E23: =IF(I23=0,0%,IF(M23=0,100%,I23/M23-1)) -> -0.7426136 | F23: =IF(J23=0,0%,IF(N23=0,100%,J23/N23-1)) -> -0.87633359 | G23: =IF(K23=0,0%,IF(O23=H40,100%,K23/O23-1)) -> 0 | H23: =VLOOKUP(A23,הכשרה!A:G,4,0)+VLOOKUP('תפוקה מצטברת מול אשתקד'!A23,מגדל!A:G,4,0)+VLOOKUP('תפוקה מצטברת מול אשתקד'!A23,מנורה!A:G,4,0)+VLOOKUP('תפוקה מצטברת מול אשתקד'!A23,איילון!A:G,4,0)+VLOOKUP('תפוקה מצטברת מול אשתקד'!A23,הראל!A:G,4,0)+VLOOKUP('תפוקה מצטברת מול אשתקד'!A23,הפניקס!A:G,4,0)+VLOOKUP('תפוקה מצטברת מול אשתקד'!A23,כלל!A:G,4,0)+VLOOKUP('תפוקה מצטברת מול אשתקד'!A23,מור!A:G,4,0)+VLOOKUP('תפוקה מצטברת מול אשתקד'!A23,'אלטשולר שחם'!A:G,4,0)+VLOOKUP('תפוקה מצטברת מול אשתקד'!A23,'מדיהו '!A:G,4,0)+VLOOKUP('תפוקה מצטברת מול אשתקד'!A23,'אנליסט '!A:G,4,0)+VLOOKUP('תפוקה מצטברת מול אשתקד'!A23,'מיטב דש'!A:G,4,0)+VLOOKUP('תפוקה מצטברת מול אשתקד'!A23,אינפניטי!A:G,4,0) -> 0 | I23: =VLOOKUP(A23,הכשרה!A:G,5,0)+VLOOKUP('תפוקה מצטברת מול אשתקד'!A23,מגדל!A:G,5,0)+VLOOKUP('תפוקה מצטברת מול אשתקד'!A23,מנורה!A:G,5,0)+VLOOKUP('תפוקה מצטברת מול אשתקד'!A23,איילון!A:G,5,0)+VLOOKUP('תפוקה מצטברת מול אשתקד'!A23,הראל!A:G,5,0)+VLOOKUP('תפוקה מצטברת מול אשתקד'!A23,הפניקס!A:G,5,0)+VLOOKUP('תפוקה מצטברת מול אשתקד'!A23,כלל!A:G,5,0)+VLOOKUP('תפוקה מצטברת מול אשתקד'!A23,מור!A:G,5,0)+VLOOKUP('תפוקה מצטברת מול אשתקד'!A23,'אלטשולר שחם'!A:G,5,0)+VLOOKUP('תפוקה מצטברת מול אשתקד'!A23,'מדיהו '!A:G,5,0)+VLOOKUP('תפוקה מצטברת מול אשתקד'!A23,'אנליסט '!A:G,5,0)+VLOOKUP('תפוקה מצטברת מול אשתקד'!A23,'מיטב דש'!A:G,5,0)+VLOOKUP('תפוקה מצטברת מול אשתקד'!A23,אינפניטי!A:G,5,0) -> 4736.2216 | J23: =VLOOKUP(A23,הכשרה!A:G,6,0)+VLOOKUP('תפוקה מצטברת מול אשתקד'!A23,מגדל!A:G,6,0)+VLOOKUP('תפוקה מצטברת מול אשתקד'!A23,מנורה!A:G,6,0)+VLOOKUP('תפוקה מצטברת מול אשתקד'!A23,איילון!A:G,6,0)+VLOOKUP(A23,הראל!A:G,6,0)+VLOOKUP('תפוקה מצטברת מול אשתקד'!A23,הפניקס!A:G,6,0)+VLOOKUP('תפוקה מצטברת מול אשתקד'!A23,כלל!A:G,6,0)+VLOOKUP('תפוקה מצטברת מול אשתקד'!A23,מור!A:G,6,0)+VLOOKUP('תפוקה מצטברת מול אשתקד'!A23,'אלטשולר שחם'!A:G,6,0)+VLOOKUP('תפוקה מצטברת מול אשתקד'!A23,'מדיהו '!A:G,6,0)+VLOOKUP('תפוקה מצטברת מול אשתקד'!A23,'אנליסט '!A:G,6,0)+VLOOKUP('תפוקה מצטברת מול אשתקד'!A23,'מיטב דש'!A:G,6,0)+VLOOKUP('תפוקה מצטברת מול אשתקד'!A23,אינפניטי!A:G,6,0) -> 34106.284 | K23: =VLOOKUP(A23,הכשרה!A:G,7,0)+VLOOKUP('תפוקה מצטברת מול אשתקד'!A23,מגדל!A:G,7,0)+VLOOKUP('תפוקה מצטברת מול אשתקד'!A23,מנורה!A:G,7,0)+VLOOKUP('תפוקה מצטברת מול אשתקד'!A23,איילון!A:G,7,0)+VLOOKUP('תפוקה מצטברת מול אשתקד'!A23,הראל!A:G,7,0)+VLOOKUP('תפוקה מצטברת מול אשתקד'!A23,הפניקס!A:G,7,0)+VLOOKUP('תפוקה מצטברת מול אשתקד'!A23,כלל!A:G,7,0)+VLOOKUP('תפוקה מצטברת מול אשתקד'!A23,מור!A:G,7,0)+VLOOKUP('תפוקה מצטברת מול אשתקד'!A23,'אלטשולר שחם'!A:G,7,0)+VLOOKUP('תפוקה מצטברת מול אשתקד'!A23,'מדיהו '!A:K,7,0)+VLOOKUP(A23,'אנליסט '!A:G,7,0)+VLOOKUP('תפוקה מצטברת מול אשתקד'!A23,'מיטב דש'!A:G,7,0)+VLOOKUP('תפוקה מצטברת מול אשתקד'!A23,אינפניטי!A:G,7,0) -> 0 | L23: =VLOOKUP(A23,הכשרה!A:K,8,0)+VLOOKUP('תפוקה מצטברת מול אשתקד'!A23,מגדל!A:K,8,0)+VLOOKUP('תפוקה מצטברת מול אשתקד'!A23,מנורה!A:K,8,0)+VLOOKUP('תפוקה מצטברת מול אשתקד'!A23,איילון!A:K,8,0)+VLOOKUP('תפוקה מצטברת מול אשתקד'!A23,הראל!A:K,8,0)+VLOOKUP('תפוקה מצטברת מול אשתקד'!A23,הפניקס!A:K,8,0)+VLOOKUP('תפוקה מצטברת מול אשתקד'!A23,כלל!A:K,8,0)+VLOOKUP('תפוקה מצטברת מול אשתקד'!A23,מור!A:K,8,0)+VLOOKUP('תפוקה מצטברת מול אשתקד'!A23,'אלטשולר שחם'!A:K,8,0)+VLOOKUP('תפוקה מצטברת מול אשתקד'!A23,'מדיהו '!A:K,8,0)+VLOOKUP('תפוקה מצטברת מול אשתקד'!A23,'אנליסט '!A:K,8,0)+VLOOKUP('תפוקה מצטברת מול אשתקד'!A23,'מיטב דש'!A:K,8,0)+VLOOKUP('תפוקה מצטברת מול אשתקד'!A23,אינפניטי!A:K,8,0) -> 221666.45 | M23: =VLOOKUP(A23,הכשרה!A:K,9,0)+VLOOKUP('תפוקה מצטברת מול אשתקד'!A23,מגדל!A:K,9,0)+VLOOKUP('תפוקה מצטברת מול אשתקד'!A23,מנורה!A:K,9,0)+VLOOKUP('תפוקה מצטברת מול אשתקד'!A23,איילון!A:K,9,0)+VLOOKUP('תפוקה מצטברת מול אשתקד'!A23,הראל!A:K,9,0)+VLOOKUP('תפוקה מצטברת מול אשתקד'!A23,הפניקס!A:K,9,0)+VLOOKUP('תפוקה מצטברת מול אשתקד'!A23,כלל!A:K,9,0)+VLOOKUP('תפוקה מצטברת מול אשתקד'!A23,מור!A:K,9,0)+VLOOKUP('תפוקה מצטברת מול אשתקד'!A23,'אלטשולר שחם'!A:K,9,0)+VLOOKUP('תפוקה מצטברת מול אשתקד'!A23,'מדיהו '!A:K,9,0)+VLOOKUP('תפוקה מצטברת מול אשתקד'!A23,'אנליסט '!A:K,9,0)+VLOOKUP('תפוקה מצטברת מול אשתקד'!A23,'מיטב דש'!A:K,9,0)+VLOOKUP('תפוקה מצטברת מול אשתקד'!A23,אינפניטי!A:K,9,0) -> 18401.211 | N23: =VLOOKUP(A23,הכשרה!A:K,10,0)+VLOOKUP('תפוקה מצטברת מול אשתקד'!A23,מגדל!A:K,10,0)+VLOOKUP('תפוקה מצטברת מול אשתקד'!A23,מנורה!A:K,10,0)+VLOOKUP('תפוקה מצטברת מול אשתקד'!A23,איילון!A:K,10,0)+VLOOKUP('תפוקה מצטברת מול אשתקד'!A23,הראל!A:K,10,0)+VLOOKUP('תפוקה מצטברת מול אשתקד'!A23,הפניקס!A:K,10,0)+VLOOKUP('תפוקה מצטברת מול אשתקד'!A23,כלל!A:K,10,0)+VLOOKUP('תפוקה מצטברת מול אשתקד'!A23,מור!A:K,10,0)+VLOOKUP('תפוקה מצטברת מול אשתקד'!A23,'אלטשולר שחם'!A:K,10,0)+VLOOKUP('תפוקה מצטברת מול אשתקד'!A23,'מדיהו '!A:K,10,0)+VLOOKUP('תפוקה מצטברת מול אשתקד'!A23,'אנליסט '!A:K,10,0)+VLOOKUP('תפוקה מצטברת מול אשתקד'!A23,'מיטב דש'!A:K,10,0)+VLOOKUP('תפוקה מצטברת מול אשתקד'!A23,אינפניטי!A:K,10,0) -> 275792.62 | O23: =VLOOKUP(A23,הכשרה!A:K,11,0)+VLOOKUP('תפוקה מצטברת מול אשתקד'!A23,מגדל!A:K,11,0)+VLOOKUP('תפוקה מצטברת מול אשתקד'!A23,מנורה!A:K,11,0)+VLOOKUP('תפוקה מצטברת מול אשתקד'!A23,איילון!A:K,11,0)+VLOOKUP('תפוקה מצטברת מול אשתקד'!A23,הראל!A:K,11,0)+VLOOKUP('תפוקה מצטברת מול אשתקד'!A23,הפניקס!A:K,11,0)+VLOOKUP('תפוקה מצטברת מול אשתקד'!A23,כלל!A:K,11,0)+VLOOKUP('תפוקה מצטברת מול אשתקד'!A23,מור!A:K,11,0)+VLOOKUP('תפוקה מצטברת מול אשתקד'!A23,'אלטשולר שחם'!A:K,11,0)+VLOOKUP('תפוקה מצטברת מול אשתקד'!A23,'מדיהו '!A:K,11,0)+VLOOKUP('תפוקה מצטברת מול אשתקד'!A23,'אנליסט '!A:K,11,0)+VLOOKUP('תפוקה מצטברת מול אשתקד'!A23,'מיטב דש'!A:K,11,0)+VLOOKUP('תפוקה מצטברת מול אשתקד'!A23,אינפניטי!A:K,11,0) -> 193190.53
A24: סאוסן שלבי | B24: ערן גירוני | C24: סוכנים | D24: =IF(H24=0,0%,IF(L24=0,100%,H24/L24-1)) -> -1.2977981 | E24: =IF(I24=0,0%,IF(M24=0,100%,I24/M24-1)) -> 0 | F24: =IF(J24=0,0%,IF(N24=0,100%,J24/N24-1)) -> 0 | G24: =IF(K24=0,0%,IF(O24=H41,100%,K24/O24-1)) -> 0 | H24: =VLOOKUP(A24,הכשרה!A:G,4,0)+VLOOKUP('תפוקה מצטברת מול אשתקד'!A24,מגדל!A:G,4,0)+VLOOKUP('תפוקה מצטברת מול אשתקד'!A24,מנורה!A:G,4,0)+VLOOKUP('תפוקה מצטברת מול אשתקד'!A24,איילון!A:G,4,0)+VLOOKUP('תפוקה מצטברת מול אשתקד'!A24,הראל!A:G,4,0)+VLOOKUP('תפוקה מצטברת מול אשתקד'!A24,הפניקס!A:G,4,0)+VLOOKUP('תפוקה מצטברת מול אשתקד'!A24,כלל!A:G,4,0)+VLOOKUP('תפוקה מצטברת מול אשתקד'!A24,מור!A:G,4,0)+VLOOKUP('תפוקה מצטברת מול אשתקד'!A24,'אלטשולר שחם'!A:G,4,0)+VLOOKUP('תפוקה מצטברת מול אשתקד'!A24,'מדיהו '!A:G,4,0)+VLOOKUP('תפוקה מצטברת מול אשתקד'!A24,'אנליסט '!A:G,4,0)+VLOOKUP('תפוקה מצטברת מול אשתקד'!A24,'מיטב דש'!A:G,4,0)+VLOOKUP('תפוקה מצטברת מול אשתקד'!A24,אינפניטי!A:G,4,0) -> -12200.034 | I24: =VLOOKUP(A24,הכשרה!A:G,5,0)+VLOOKUP('תפוקה מצטברת מול אשתקד'!A24,מגדל!A:G,5,0)+VLOOKUP('תפוקה מצטברת מול אשתקד'!A24,מנורה!A:G,5,0)+VLOOKUP('תפוקה מצטברת מול אשתקד'!A24,איילון!A:G,5,0)+VLOOKUP('תפוקה מצטברת מול אשתקד'!A24,הראל!A:G,5,0)+VLOOKUP('תפוקה מצטברת מול אשתקד'!A24,הפניקס!A:G,5,0)+VLOOKUP('תפוקה מצטברת מול אשתקד'!A24,כלל!A:G,5,0)+VLOOKUP('תפוקה מצטברת מול אשתקד'!A24,מור!A:G,5,0)+VLOOKUP('תפוקה מצטברת מול אשתקד'!A24,'אלטשולר שחם'!A:G,5,0)+VLOOKUP('תפוקה מצטברת מול אשתקד'!A24,'מדיהו '!A:G,5,0)+VLOOKUP('תפוקה מצטברת מול אשתקד'!A24,'אנליסט '!A:G,5,0)+VLOOKUP('תפוקה מצטברת מול אשתקד'!A24,'מיטב דש'!A:G,5,0)+VLOOKUP('תפוקה מצטברת מול אשתקד'!A24,אינפניטי!A:G,5,0) -> 0 | J24: =VLOOKUP(A24,הכשרה!A:G,6,0)+VLOOKUP('תפוקה מצטברת מול אשתקד'!A24,מגדל!A:G,6,0)+VLOOKUP('תפוקה מצטברת מול אשתקד'!A24,מנורה!A:G,6,0)+VLOOKUP('תפוקה מצטברת מול אשתקד'!A24,איילון!A:G,6,0)+VLOOKUP(A24,הראל!A:G,6,0)+VLOOKUP('תפוקה מצטברת מול אשתקד'!A24,הפניקס!A:G,6,0)+VLOOKUP('תפוקה מצטברת מול אשתקד'!A24,כלל!A:G,6,0)+VLOOKUP('תפוקה מצטברת מול אשתקד'!A24,מור!A:G,6,0)+VLOOKUP('תפוקה מצטברת מול אשתקד'!A24,'אלטשולר שחם'!A:G,6,0)+VLOOKUP('תפוקה מצטברת מול אשתקד'!A24,'מדיהו '!A:G,6,0)+VLOOKUP('תפוקה מצטברת מול אשתקד'!A24,'אנליסט '!A:G,6,0)+VLOOKUP('תפוקה מצטברת מול אשתקד'!A24,'מיטב דש'!A:G,6,0)+VLOOKUP('תפוקה מצטברת מול אשתקד'!A24,אינפניטי!A:G,6,0) -> 0 | K24: =VLOOKUP(A24,הכשרה!A:G,7,0)+VLOOKUP('תפוקה מצטברת מול אשתקד'!A24,מגדל!A:G,7,0)+VLOOKUP('תפוקה מצטברת מול אשתקד'!A24,מנורה!A:G,7,0)+VLOOKUP('תפוקה מצטברת מול אשתקד'!A24,איילון!A:G,7,0)+VLOOKUP('תפוקה מצטברת מול אשתקד'!A24,הראל!A:G,7,0)+VLOOKUP('תפוקה מצטברת מול אשתקד'!A24,הפניקס!A:G,7,0)+VLOOKUP('תפוקה מצטברת מול אשתקד'!A24,כלל!A:G,7,0)+VLOOKUP('תפוקה מצטברת מול אשתקד'!A24,מור!A:G,7,0)+VLOOKUP('תפוקה מצטברת מול אשתקד'!A24,'אלטשולר שחם'!A:G,7,0)+VLOOKUP('תפוקה מצטברת מול אשתקד'!A24,'מדיהו '!A:K,7,0)+VLOOKUP(A24,'אנליסט '!A:G,7,0)+VLOOKUP('תפוקה מצטברת מול אשתקד'!A24,'מיטב דש'!A:G,7,0)+VLOOKUP('תפוקה מצטברת מול אשתקד'!A24,אינפניטי!A:G,7,0) -> 0 | L24: =VLOOKUP(A24,הכשרה!A:K,8,0)+VLOOKUP('תפוקה מצטברת מול אשתקד'!A24,מגדל!A:K,8,0)+VLOOKUP('תפוקה מצטברת מול אשתקד'!A24,מנורה!A:K,8,0)+VLOOKUP('תפוקה מצטברת מול אשתקד'!A24,איילון!A:K,8,0)+VLOOKUP('תפוקה מצטברת מול אשתקד'!A24,הראל!A:K,8,0)+VLOOKUP('תפוקה מצטברת מול אשתקד'!A24,הפניקס!A:K,8,0)+VLOOKUP('תפוקה מצטברת מול אשתקד'!A24,כלל!A:K,8,0)+VLOOKUP('תפוקה מצטברת מול אשתקד'!A24,מור!A:K,8,0)+VLOOKUP('תפוקה מצטברת מול אשתקד'!A24,'אלטשולר שחם'!A:K,8,0)+VLOOKUP('תפוקה מצטברת מול אשתקד'!A24,'מדיהו '!A:K,8,0)+VLOOKUP('תפוקה מצטברת מול אשתקד'!A24,'אנליסט '!A:K,8,0)+VLOOKUP('תפוקה מצטברת מול אשתקד'!A24,'מיטב דש'!A:K,8,0)+VLOOKUP('תפוקה מצטברת מול אשתקד'!A24,אינפניטי!A:K,8,0) -> 40967.468 | M24: =VLOOKUP(A24,הכשרה!A:K,9,0)+VLOOKUP('תפוקה מצטברת מול אשתקד'!A24,מגדל!A:K,9,0)+VLOOKUP('תפוקה מצטברת מול אשתקד'!A24,מנורה!A:K,9,0)+VLOOKUP('תפוקה מצטברת מול אשתקד'!A24,איילון!A:K,9,0)+VLOOKUP('תפוקה מצטברת מול אשתקד'!A24,הראל!A:K,9,0)+VLOOKUP('תפוקה מצטברת מול אשתקד'!A24,הפניקס!A:K,9,0)+VLOOKUP('תפוקה מצטברת מול אשתקד'!A24,כלל!A:K,9,0)+VLOOKUP('תפוקה מצטברת מול אשתקד'!A24,מור!A:K,9,0)+VLOOKUP('תפוקה מצטברת מול אשתקד'!A24,'אלטשולר שחם'!A:K,9,0)+VLOOKUP('תפוקה מצטברת מול אשתקד'!A24,'מדיהו '!A:K,9,0)+VLOOKUP('תפוקה מצטברת מול אשתקד'!A24,'אנליסט '!A:K,9,0)+VLOOKUP('תפוקה מצטברת מול אשתקד'!A24,'מיטב דש'!A:K,9,0)+VLOOKUP('תפוקה מצטברת מול אשתקד'!A24,אינפניטי!A:K,9,0) -> 31298.708 | N24: =VLOOKUP(A24,הכשרה!A:K,10,0)+VLOOKUP('תפוקה מצטברת מול אשתקד'!A24,מגדל!A:K,10,0)+VLOOKUP('תפוקה מצטברת מול אשתקד'!A24,מנורה!A:K,10,0)+VLOOKUP('תפוקה מצטברת מול אשתקד'!A24,איילון!A:K,10,0)+VLOOKUP('תפוקה מצטברת מול אשתקד'!A24,הראל!A:K,10,0)+VLOOKUP('תפוקה מצטברת מול אשתקד'!A24,הפניקס!A:K,10,0)+VLOOKUP('תפוקה מצטברת מול אשתקד'!A24,כלל!A:K,10,0)+VLOOKUP('תפוקה מצטברת מול אשתקד'!A24,מור!A:K,10,0)+VLOOKUP('תפוקה מצטברת מול אשתקד'!A24,'אלטשולר שחם'!A:K,10,0)+VLOOKUP('תפוקה מצטברת מול אשתקד'!A24,'מדיהו '!A:K,10,0)+VLOOKUP('תפוקה מצטברת מול אשתקד'!A24,'אנליסט '!A:K,10,0)+VLOOKUP('תפוקה מצטברת מול אשתקד'!A24,'מיטב דש'!A:K,10,0)+VLOOKUP('תפוקה מצטברת מול אשתקד'!A24,אינפניטי!A:K,10,0) -> 54423.811 | O24: =VLOOKUP(A24,הכשרה!A:K,11,0)+VLOOKUP('תפוקה מצטברת מול אשתקד'!A24,מגדל!A:K,11,0)+VLOOKUP('תפוקה מצטברת מול אשתקד'!A24,מנורה!A:K,11,0)+VLOOKUP('תפוקה מצטברת מול אשתקד'!A24,איילון!A:K,11,0)+VLOOKUP('תפוקה מצטברת מול אשתקד'!A24,הראל!A:K,11,0)+VLOOKUP('תפוקה מצטברת מול אשתקד'!A24,הפניקס!A:K,11,0)+VLOOKUP('תפוקה מצטברת מול אשתקד'!A24,כלל!A:K,11,0)+VLOOKUP('תפוקה מצטברת מול אשתקד'!A24,מור!A:K,11,0)+VLOOKUP('תפוקה מצטברת מול אשתקד'!A24,'אלטשולר שחם'!A:K,11,0)+VLOOKUP('תפוקה מצטברת מול אשתקד'!A24,'מדיהו '!A:K,11,0)+VLOOKUP('תפוקה מצטברת מול אשתקד'!A24,'אנליסט '!A:K,11,0)+VLOOKUP('תפוקה מצטברת מול אשתקד'!A24,'מיטב דש'!A:K,11,0)+VLOOKUP('תפוקה מצטברת מול אשתקד'!A24,אינפניטי!A:K,11,0) -> 24488.653
A25: סברא סמיר | B25: ערן גירוני | C25: סוכנים | D25: =IF(H25=0,0%,IF(L25=0,100%,H25/L25-1)) -> -0.99943128 | E25: =IF(I25=0,0%,IF(M25=0,100%,I25/M25-1)) -> -0.97000541 | F25: =IF(J25=0,0%,IF(N25=0,100%,J25/N25-1)) -> -0.97996686 | G25: =IF(K25=0,0%,IF(O25=H51,100%,K25/O25-1)) -> 0 | H25: =VLOOKUP(A25,הכשרה!A:G,4,0)+VLOOKUP('תפוקה מצטברת מול אשתקד'!A25,מגדל!A:G,4,0)+VLOOKUP('תפוקה מצטברת מול אשתקד'!A25,מנורה!A:G,4,0)+VLOOKUP('תפוקה מצטברת מול אשתקד'!A25,איילון!A:G,4,0)+VLOOKUP('תפוקה מצטברת מול אשתקד'!A25,הראל!A:G,4,0)+VLOOKUP('תפוקה מצטברת מול אשתקד'!A25,הפניקס!A:G,4,0)+VLOOKUP('תפוקה מצטברת מול אשתקד'!A25,כלל!A:G,4,0)+VLOOKUP('תפוקה מצטברת מול אשתקד'!A25,מור!A:G,4,0)+VLOOKUP('תפוקה מצטברת מול אשתקד'!A25,'אלטשולר שחם'!A:G,4,0)+VLOOKUP('תפוקה מצטברת מול אשתקד'!A25,'מדיהו '!A:G,4,0)+VLOOKUP('תפוקה מצטברת מול אשתקד'!A25,'אנליסט '!A:G,4,0)+VLOOKUP('תפוקה מצטברת מול אשתקד'!A25,'מיטב דש'!A:G,4,0)+VLOOKUP('תפוקה מצטברת מול אשתקד'!A25,אינפניטי!A:G,4,0) -> 1106.96 | I25: =VLOOKUP(A25,הכשרה!A:G,5,0)+VLOOKUP('תפוקה מצטברת מול אשתקד'!A25,מגדל!A:G,5,0)+VLOOKUP('תפוקה מצטברת מול אשתקד'!A25,מנורה!A:G,5,0)+VLOOKUP('תפוקה מצטברת מול אשתקד'!A25,איילון!A:G,5,0)+VLOOKUP('תפוקה מצטברת מול אשתקד'!A25,הראל!A:G,5,0)+VLOOKUP('תפוקה מצטברת מול אשתקד'!A25,הפניקס!A:G,5,0)+VLOOKUP('תפוקה מצטברת מול אשתקד'!A25,כלל!A:G,5,0)+VLOOKUP('תפוקה מצטברת מול אשתקד'!A25,מור!A:G,5,0)+VLOOKUP('תפוקה מצטברת מול אשתקד'!A25,'אלטשולר שחם'!A:G,5,0)+VLOOKUP('תפוקה מצטברת מול אשתקד'!A25,'מדיהו '!A:G,5,0)+VLOOKUP('תפוקה מצטברת מול אשתקד'!A25,'אנליסט '!A:G,5,0)+VLOOKUP('תפוקה מצטברת מול אשתקד'!A25,'מיטב דש'!A:G,5,0)+VLOOKUP('תפוקה מצטברת מול אשתקד'!A25,אינפניטי!A:G,5,0) -> 4361.49 | J25: =VLOOKUP(A25,הכשרה!A:G,6,0)+VLOOKUP('תפוקה מצטברת מול אשתקד'!A25,מגדל!A:G,6,0)+VLOOKUP('תפוקה מצטברת מול אשתקד'!A25,מנורה!A:G,6,0)+VLOOKUP('תפוקה מצטברת מול אשתקד'!A25,איילון!A:G,6,0)+VLOOKUP(A25,הראל!A:G,6,0)+VLOOKUP('תפוקה מצטברת מול אשתקד'!A25,הפניקס!A:G,6,0)+VLOOKUP('תפוקה מצטברת מול אשתקד'!A25,כלל!A:G,6,0)+VLOOKUP('תפוקה מצטברת מול אשתקד'!A25,מור!A:G,6,0)+VLOOKUP('תפוקה מצטברת מול אשתקד'!A25,'אלטשולר שחם'!A:G,6,0)+VLOOKUP('תפוקה מצטברת מול אשתקד'!A25,'מדיהו '!A:G,6,0)+VLOOKUP('תפוקה מצטברת מול אשתקד'!A25,'אנליסט '!A:G,6,0)+VLOOKUP('תפוקה מצטברת מול אשתקד'!A25,'מיטב דש'!A:G,6,0)+VLOOKUP('תפוקה מצטברת מול אשתקד'!A25,אינפניטי!A:G,6,0) -> 44725.36 | K25: =VLOOKUP(A25,הכשרה!A:G,7,0)+VLOOKUP('תפוקה מצטברת מול אשתקד'!A25,מגדל!A:G,7,0)+VLOOKUP('תפוקה מצטברת מול אשתקד'!A25,מנורה!A:G,7,0)+VLOOKUP('תפוקה מצטברת מול אשתקד'!A25,איילון!A:G,7,0)+VLOOKUP('תפוקה מצטברת מול אשתקד'!A25,הראל!A:G,7,0)+VLOOKUP('תפוקה מצטברת מול אשתקד'!A25,הפניקס!A:G,7,0)+VLOOKUP('תפוקה מצטברת מול אשתקד'!A25,כלל!A:G,7,0)+VLOOKUP('תפוקה מצטברת מול אשתקד'!A25,מור!A:G,7,0)+VLOOKUP('תפוקה מצטברת מול אשתקד'!A25,'אלטשולר שחם'!A:G,7,0)+VLOOKUP('תפוקה מצטברת מול אשתקד'!A25,'מדיהו '!A:K,7,0)+VLOOKUP(A25,'אנליסט '!A:G,7,0)+VLOOKUP('תפוקה מצטברת מול אשתקד'!A25,'מיטב דש'!A:G,7,0)+VLOOKUP('תפוקה מצטברת מול אשתקד'!A25,אינפניטי!A:G,7,0) -> 0 | L25: =VLOOKUP(A25,הכשרה!A:K,8,0)+VLOOKUP('תפוקה מצטברת מול אשתקד'!A25,מגדל!A:K,8,0)+VLOOKUP('תפוקה מצטברת מול אשתקד'!A25,מנורה!A:K,8,0)+VLOOKUP('תפוקה מצטברת מול אשתקד'!A25,איילון!A:K,8,0)+VLOOKUP('תפוקה מצטברת מול אשתקד'!A25,הראל!A:K,8,0)+VLOOKUP('תפוקה מצטברת מול אשתקד'!A25,הפניקס!A:K,8,0)+VLOOKUP('תפוקה מצטברת מול אשתקד'!A25,כלל!A:K,8,0)+VLOOKUP('תפוקה מצטברת מול אשתקד'!A25,מור!A:K,8,0)+VLOOKUP('תפוקה מצטברת מול אשתקד'!A25,'אלטשולר שחם'!A:K,8,0)+VLOOKUP('תפוקה מצטברת מול אשתקד'!A25,'מדיהו '!A:K,8,0)+VLOOKUP('תפוקה מצטברת מול אשתקד'!A25,'אנליסט '!A:K,8,0)+VLOOKUP('תפוקה מצטברת מול אשתקד'!A25,'מיטב דש'!A:K,8,0)+VLOOKUP('תפוקה מצטברת מול אשתקד'!A25,אינפניטי!A:K,8,0) -> 1946402 | M25: =VLOOKUP(A25,הכשרה!A:K,9,0)+VLOOKUP('תפוקה מצטברת מול אשתקד'!A25,מגדל!A:K,9,0)+VLOOKUP('תפוקה מצטברת מול אשתקד'!A25,מנורה!A:K,9,0)+VLOOKUP('תפוקה מצטברת מול אשתקד'!A25,איילון!A:K,9,0)+VLOOKUP('תפוקה מצטברת מול אשתקד'!A25,הראל!A:K,9,0)+VLOOKUP('תפוקה מצטברת מול אשתקד'!A25,הפניקס!A:K,9,0)+VLOOKUP('תפוקה מצטברת מול אשתקד'!A25,כלל!A:K,9,0)+VLOOKUP('תפוקה מצטברת מול אשתקד'!A25,מור!A:K,9,0)+VLOOKUP('תפוקה מצטברת מול אשתקד'!A25,'אלטשולר שחם'!A:K,9,0)+VLOOKUP('תפוקה מצטברת מול אשתקד'!A25,'מדיהו '!A:K,9,0)+VLOOKUP('תפוקה מצטברת מול אשתקד'!A25,'אנליסט '!A:K,9,0)+VLOOKUP('תפוקה מצטברת מול אשתקד'!A25,'מיטב דש'!A:K,9,0)+VLOOKUP('תפוקה מצטברת מול אשתקד'!A25,אינפניטי!A:K,9,0) -> 145409.2 | N25: =VLOOKUP(A25,הכשרה!A:K,10,0)+VLOOKUP('תפוקה מצטברת מול אשתקד'!A25,מגדל!A:K,10,0)+VLOOKUP('תפוקה מצטברת מול אשתקד'!A25,מנורה!A:K,10,0)+VLOOKUP('תפוקה מצטברת מול אשתקד'!A25,איילון!A:K,10,0)+VLOOKUP('תפוקה מצטברת מול אשתקד'!A25,הראל!A:K,10,0)+VLOOKUP('תפוקה מצטברת מול אשתקד'!A25,הפניקס!A:K,10,0)+VLOOKUP('תפוקה מצטברת מול אשתקד'!A25,כלל!A:K,10,0)+VLOOKUP('תפוקה מצטברת מול אשתקד'!A25,מור!A:K,10,0)+VLOOKUP('תפוקה מצטברת מול אשתקד'!A25,'אלטשולר שחם'!A:K,10,0)+VLOOKUP('תפוקה מצטברת מול אשתקד'!A25,'מדיהו '!A:K,10,0)+VLOOKUP('תפוקה מצטברת מול אשתקד'!A25,'אנליסט '!A:K,10,0)+VLOOKUP('תפוקה מצטברת מול אשתקד'!A25,'מיטב דש'!A:K,10,0)+VLOOKUP('תפוקה מצטברת מול אשתקד'!A25,אינפניטי!A:K,10,0) -> 2232568.5 | O25: =VLOOKUP(A25,הכשרה!A:K,11,0)+VLOOKUP('תפוקה מצטברת מול אשתקד'!A25,מגדל!A:K,11,0)+VLOOKUP('תפוקה מצטברת מול אשתקד'!A25,מנורה!A:K,11,0)+VLOOKUP('תפוקה מצטברת מול אשתקד'!A25,איילון!A:K,11,0)+VLOOKUP('תפוקה מצטברת מול אשתקד'!A25,הראל!A:K,11,0)+VLOOKUP('תפוקה מצטברת מול אשתקד'!A25,הפניקס!A:K,11,0)+VLOOKUP('תפוקה מצטברת מול אשתקד'!A25,כלל!A:K,11,0)+VLOOKUP('תפוקה מצטברת מול אשתקד'!A25,מור!A:K,11,0)+VLOOKUP('תפוקה מצטברת מול אשתקד'!A25,'אלטשולר שחם'!A:K,11,0)+VLOOKUP('תפוקה מצטברת מול אשתקד'!A25,'מדיהו '!A:K,11,0)+VLOOKUP('תפוקה מצטברת מול אשתקד'!A25,'אנליסט '!A:K,11,0)+VLOOKUP('תפוקה מצטברת מול אשתקד'!A25,'מיטב דש'!A:K,11,0)+VLOOKUP('תפוקה מצטברת מול אשתקד'!A25,אינפניטי!A:K,11,0) -> 4274674.4
A26: ריזק חלבי | B26: ערן גירוני | C26: סוכנים | D26: =IF(H26=0,0%,IF(L26=0,100%,H26/L26-1)) -> -0.96755359 | E26: =IF(I26=0,0%,IF(M26=0,100%,I26/M26-1)) -> -0.9038112 | F26: =IF(J26=0,0%,IF(N26=0,100%,J26/N26-1)) -> -0.85573037 | G26: =IF(K26=0,0%,IF(O26=H42,100%,K26/O26-1)) -> 0 | H26: =VLOOKUP(A26,הכשרה!A:G,4,0)+VLOOKUP('תפוקה מצטברת מול אשתקד'!A26,מגדל!A:G,4,0)+VLOOKUP('תפוקה מצטברת מול אשתקד'!A26,מנורה!A:G,4,0)+VLOOKUP('תפוקה מצטברת מול אשתקד'!A26,איילון!A:G,4,0)+VLOOKUP('תפוקה מצטברת מול אשתקד'!A26,הראל!A:G,4,0)+VLOOKUP('תפוקה מצטברת מול אשתקד'!A26,הפניקס!A:G,4,0)+VLOOKUP('תפוקה מצטברת מול אשתקד'!A26,כלל!A:G,4,0)+VLOOKUP('תפוקה מצטברת מול אשתקד'!A26,מור!A:G,4,0)+VLOOKUP('תפוקה מצטברת מול אשתקד'!A26,'אלטשולר שחם'!A:G,4,0)+VLOOKUP('תפוקה מצטברת מול אשתקד'!A26,'מדיהו '!A:G,4,0)+VLOOKUP('תפוקה מצטברת מול אשתקד'!A26,'אנליסט '!A:G,4,0)+VLOOKUP('תפוקה מצטברת מול אשתקד'!A26,'מיטב דש'!A:G,4,0)+VLOOKUP('תפוקה מצטברת מול אשתקד'!A26,אינפניטי!A:G,4,0) -> 14218.478 | I26: =VLOOKUP(A26,הכשרה!A:G,5,0)+VLOOKUP('תפוקה מצטברת מול אשתקד'!A26,מגדל!A:G,5,0)+VLOOKUP('תפוקה מצטברת מול אשתקד'!A26,מנורה!A:G,5,0)+VLOOKUP('תפוקה מצטברת מול אשתקד'!A26,איילון!A:G,5,0)+VLOOKUP('תפוקה מצטברת מול אשתקד'!A26,הראל!A:G,5,0)+VLOOKUP('תפוקה מצטברת מול אשתקד'!A26,הפניקס!A:G,5,0)+VLOOKUP('תפוקה מצטברת מול אשתקד'!A26,כלל!A:G,5,0)+VLOOKUP('תפוקה מצטברת מול אשתקד'!A26,מור!A:G,5,0)+VLOOKUP('תפוקה מצטברת מול אשתקד'!A26,'אלטשולר שחם'!A:G,5,0)+VLOOKUP('תפוקה מצטברת מול אשתקד'!A26,'מדיהו '!A:G,5,0)+VLOOKUP('תפוקה מצטברת מול אשתקד'!A26,'אנליסט '!A:G,5,0)+VLOOKUP('תפוקה מצטברת מול אשתקד'!A26,'מיטב דש'!A:G,5,0)+VLOOKUP('תפוקה מצטברת מול אשתקד'!A26,אינפניטי!A:G,5,0) -> 17125.091 | J26: =VLOOKUP(A26,הכשרה!A:G,6,0)+VLOOKUP('תפוקה מצטברת מול אשתקד'!A26,מגדל!A:G,6,0)+VLOOKUP('תפוקה מצטברת מול אשתקד'!A26,מנורה!A:G,6,0)+VLOOKUP('תפוקה מצטברת מול אשתקד'!A26,איילון!A:G,6,0)+VLOOKUP(A26,הראל!A:G,6,0)+VLOOKUP('תפוקה מצטברת מול אשתקד'!A26,הפניקס!A:G,6,0)+VLOOKUP('תפוקה מצטברת מול אשתקד'!A26,כלל!A:G,6,0)+VLOOKUP('תפוקה מצטברת מול אשתקד'!A26,מור!A:G,6,0)+VLOOKUP('תפוקה מצטברת מול אשתקד'!A26,'אלטשולר שחם'!A:G,6,0)+VLOOKUP('תפוקה מצטברת מול אשתקד'!A26,'מדיהו '!A:G,6,0)+VLOOKUP('תפוקה מצטברת מול אשתקד'!A26,'אנליסט '!A:G,6,0)+VLOOKUP('תפוקה מצטברת מול אשתקד'!A26,'מיטב דש'!A:G,6,0)+VLOOKUP('תפוקה מצטברת מול אשתקד'!A26,אינפניטי!A:G,6,0) -> 17950.685 | K26: =VLOOKUP(A26,הכשרה!A:G,7,0)+VLOOKUP('תפוקה מצטברת מול אשתקד'!A26,מגדל!A:G,7,0)+VLOOKUP('תפוקה מצטברת מול אשתקד'!A26,מנורה!A:G,7,0)+VLOOKUP('תפוקה מצטברת מול אשתקד'!A26,איילון!A:G,7,0)+VLOOKUP('תפוקה מצטברת מול אשתקד'!A26,הראל!A:G,7,0)+VLOOKUP('תפוקה מצטברת מול אשתקד'!A26,הפניקס!A:G,7,0)+VLOOKUP('תפוקה מצטברת מול אשתקד'!A26,כלל!A:G,7,0)+VLOOKUP('תפוקה מצטברת מול אשתקד'!A26,מור!A:G,7,0)+VLOOKUP('תפוקה מצטברת מול אשתקד'!A26,'אלטשולר שחם'!A:G,7,0)+VLOOKUP('תפוקה מצטברת מול אשתקד'!A26,'מדיהו '!A:K,7,0)+VLOOKUP(A26,'אנליסט '!A:G,7,0)+VLOOKUP('תפוקה מצטברת מול אשתקד'!A26,'מיטב דש'!A:G,7,0)+VLOOKUP('תפוקה מצטברת מול אשתקד'!A26,אינפניטי!A:G,7,0) -> 0 | L26: =VLOOKUP(A26,הכשרה!A:K,8,0)+VLOOKUP('תפוקה מצטברת מול אשתקד'!A26,מגדל!A:K,8,0)+VLOOKUP('תפוקה מצטברת מול אשתקד'!A26,מנורה!A:K,8,0)+VLOOKUP('תפוקה מצטברת מול אשתקד'!A26,איילון!A:K,8,0)+VLOOKUP('תפוקה מצטברת מול אשתקד'!A26,הראל!A:K,8,0)+VLOOKUP('תפוקה מצטברת מול אשתקד'!A26,הפניקס!A:K,8,0)+VLOOKUP('תפוקה מצטברת מול אשתקד'!A26,כלל!A:K,8,0)+VLOOKUP('תפוקה מצטברת מול אשתקד'!A26,מור!A:K,8,0)+VLOOKUP('תפוקה מצטברת מול אשתקד'!A26,'אלטשולר שחם'!A:K,8,0)+VLOOKUP('תפוקה מצטברת מול אשתקד'!A26,'מדיהו '!A:K,8,0)+VLOOKUP('תפוקה מצטברת מול אשתקד'!A26,'אנליסט '!A:K,8,0)+VLOOKUP('תפוקה מצטברת מול אשתקד'!A26,'מיטב דש'!A:K,8,0)+VLOOKUP('תפוקה מצטברת מול אשתקד'!A26,אינפניטי!A:K,8,0) -> 438214.26 | M26: =VLOOKUP(A26,הכשרה!A:K,9,0)+VLOOKUP('תפוקה מצטברת מול אשתקד'!A26,מגדל!A:K,9,0)+VLOOKUP('תפוקה מצטברת מול אשתקד'!A26,מנורה!A:K,9,0)+VLOOKUP('תפוקה מצטברת מול אשתקד'!A26,איילון!A:K,9,0)+VLOOKUP('תפוקה מצטברת מול אשתקד'!A26,הראל!A:K,9,0)+VLOOKUP('תפוקה מצטברת מול אשתקד'!A26,הפניקס!A:K,9,0)+VLOOKUP('תפוקה מצטברת מול אשתקד'!A26,כלל!A:K,9,0)+VLOOKUP('תפוקה מצטברת מול אשתקד'!A26,מור!A:K,9,0)+VLOOKUP('תפוקה מצטברת מול אשתקד'!A26,'אלטשולר שחם'!A:K,9,0)+VLOOKUP('תפוקה מצטברת מול אשתקד'!A26,'מדיהו '!A:K,9,0)+VLOOKUP('תפוקה מצטברת מול אשתקד'!A26,'אנליסט '!A:K,9,0)+VLOOKUP('תפוקה מצטברת מול אשתקד'!A26,'מיטב דש'!A:K,9,0)+VLOOKUP('תפוקה מצטברת מול אשתקד'!A26,אינפניטי!A:K,9,0) -> 178036.23 | N26: =VLOOKUP(A26,הכשרה!A:K,10,0)+VLOOKUP('תפוקה מצטברת מול אשתקד'!A26,מגדל!A:K,10,0)+VLOOKUP('תפוקה מצטברת מול אשתקד'!A26,מנורה!A:K,10,0)+VLOOKUP('תפוקה מצטברת מול אשתקד'!A26,איילון!A:K,10,0)+VLOOKUP('תפוקה מצטברת מול אשתקד'!A26,הראל!A:K,10,0)+VLOOKUP('תפוקה מצטברת מול אשתקד'!A26,הפניקס!A:K,10,0)+VLOOKUP('תפוקה מצטברת מול אשתקד'!A26,כלל!A:K,10,0)+VLOOKUP('תפוקה מצטברת מול אשתקד'!A26,מור!A:K,10,0)+VLOOKUP('תפוקה מצטברת מול אשתקד'!A26,'אלטשולר שחם'!A:K,10,0)+VLOOKUP('תפוקה מצטברת מול אשתקד'!A26,'מדיהו '!A:K,10,0)+VLOOKUP('תפוקה מצטברת מול אשתקד'!A26,'אנליסט '!A:K,10,0)+VLOOKUP('תפוקה מצטברת מול אשתקד'!A26,'מיטב דש'!A:K,10,0)+VLOOKUP('תפוקה מצטברת מול אשתקד'!A26,אינפניטי!A:K,10,0) -> 124424.56 | O26: =VLOOKUP(A26,הכשרה!A:K,11,0)+VLOOKUP('תפוקה מצטברת מול אשתקד'!A26,מגדל!A:K,11,0)+VLOOKUP('תפוקה מצטברת מול אשתקד'!A26,מנורה!A:K,11,0)+VLOOKUP('תפוקה מצטברת מול אשתקד'!A26,איילון!A:K,11,0)+VLOOKUP('תפוקה מצטברת מול אשתקד'!A26,הראל!A:K,11,0)+VLOOKUP('תפוקה מצטברת מול אשתקד'!A26,הפניקס!A:K,11,0)+VLOOKUP('תפוקה מצטברת מול אשתקד'!A26,כלל!A:K,11,0)+VLOOKUP('תפוקה מצטברת מול אשתקד'!A26,מור!A:K,11,0)+VLOOKUP('תפוקה מצטברת מול אשתקד'!A26,'אלטשולר שחם'!A:K,11,0)+VLOOKUP('תפוקה מצטברת מול אשתקד'!A26,'מדיהו '!A:K,11,0)+VLOOKUP('תפוקה מצטברת מול אשתקד'!A26,'אנליסט '!A:K,11,0)+VLOOKUP('תפוקה מצטברת מול אשתקד'!A26,'מיטב דש'!A:K,11,0)+VLOOKUP('תפוקה מצטברת מול אשתקד'!A26,אינפניטי!A:K,11,0) -> 1122341.7
A27: שלבי מיסון | B27: ערן גירוני | C27: סוכנים | D27: =IF(H27=0,0%,IF(L27=0,100%,H27/L27-1)) -> 0 | E27: =IF(I27=0,0%,IF(M27=0,100%,I27/M27-1)) -> -0.91150336 | F27: =IF(J27=0,0%,IF(N27=0,100%,J27/N27-1)) -> -0.72796605 | G27: =IF(K27=0,0%,IF(O27=H43,100%,K27/O27-1)) -> 0 | H27: =VLOOKUP(A27,הכשרה!A:G,4,0)+VLOOKUP('תפוקה מצטברת מול אשתקד'!A27,מגדל!A:G,4,0)+VLOOKUP('תפוקה מצטברת מול אשתקד'!A27,מנורה!A:G,4,0)+VLOOKUP('תפוקה מצטברת מול אשתקד'!A27,איילון!A:G,4,0)+VLOOKUP('תפוקה מצטברת מול אשתקד'!A27,הראל!A:G,4,0)+VLOOKUP('תפוקה מצטברת מול אשתקד'!A27,הפניקס!A:G,4,0)+VLOOKUP('תפוקה מצטברת מול אשתקד'!A27,כלל!A:G,4,0)+VLOOKUP('תפוקה מצטברת מול אשתקד'!A27,מור!A:G,4,0)+VLOOKUP('תפוקה מצטברת מול אשתקד'!A27,'אלטשולר שחם'!A:G,4,0)+VLOOKUP('תפוקה מצטברת מול אשתקד'!A27,'מדיהו '!A:G,4,0)+VLOOKUP('תפוקה מצטברת מול אשתקד'!A27,'אנליסט '!A:G,4,0)+VLOOKUP('תפוקה מצטברת מול אשתקד'!A27,'מיטב דש'!A:G,4,0)+VLOOKUP('תפוקה מצטברת מול אשתקד'!A27,אינפניטי!A:G,4,0) -> 0 | I27: =VLOOKUP(A27,הכשרה!A:G,5,0)+VLOOKUP('תפוקה מצטברת מול אשתקד'!A27,מגדל!A:G,5,0)+VLOOKUP('תפוקה מצטברת מול אשתקד'!A27,מנורה!A:G,5,0)+VLOOKUP('תפוקה מצטברת מול אשתקד'!A27,איילון!A:G,5,0)+VLOOKUP('תפוקה מצטברת מול אשתקד'!A27,הראל!A:G,5,0)+VLOOKUP('תפוקה מצטברת מול אשתקד'!A27,הפניקס!A:G,5,0)+VLOOKUP('תפוקה מצטברת מול אשתקד'!A27,כלל!A:G,5,0)+VLOOKUP('תפוקה מצטברת מול אשתקד'!A27,מור!A:G,5,0)+VLOOKUP('תפוקה מצטברת מול אשתקד'!A27,'אלטשולר שחם'!A:G,5,0)+VLOOKUP('תפוקה מצטברת מול אשתקד'!A27,'מדיהו '!A:G,5,0)+VLOOKUP('תפוקה מצטברת מול אשתקד'!A27,'אנליסט '!A:G,5,0)+VLOOKUP('תפוקה מצטברת מול אשתקד'!A27,'מיטב דש'!A:G,5,0)+VLOOKUP('תפוקה מצטברת מול אשתקד'!A27,אינפניטי!A:G,5,0) -> 6905.0642 | J27: =VLOOKUP(A27,הכשרה!A:G,6,0)+VLOOKUP('תפוקה מצטברת מול אשתקד'!A27,מגדל!A:G,6,0)+VLOOKUP('תפוקה מצטברת מול אשתקד'!A27,מנורה!A:G,6,0)+VLOOKUP('תפוקה מצטברת מול אשתקד'!A27,איילון!A:G,6,0)+VLOOKUP(A27,הראל!A:G,6,0)+VLOOKUP('תפוקה מצטברת מול אשתקד'!A27,הפניקס!A:G,6,0)+VLOOKUP('תפוקה מצטברת מול אשתקד'!A27,כלל!A:G,6,0)+VLOOKUP('תפוקה מצטברת מול אשתקד'!A27,מור!A:G,6,0)+VLOOKUP('תפוקה מצטברת מול אשתקד'!A27,'אלטשולר שחם'!A:G,6,0)+VLOOKUP('תפוקה מצטברת מול אשתקד'!A27,'מדיהו '!A:G,6,0)+VLOOKUP('תפוקה מצטברת מול אשתקד'!A27,'אנליסט '!A:G,6,0)+VLOOKUP('תפוקה מצטברת מול אשתקד'!A27,'מיטב דש'!A:G,6,0)+VLOOKUP('תפוקה מצטברת מול אשתקד'!A27,אינפניטי!A:G,6,0) -> 25843.53 | K27: =VLOOKUP(A27,הכשרה!A:G,7,0)+VLOOKUP('תפוקה מצטברת מול אשתקד'!A27,מגדל!A:G,7,0)+VLOOKUP('תפוקה מצטברת מול אשתקד'!A27,מנורה!A:G,7,0)+VLOOKUP('תפוקה מצטברת מול אשתקד'!A27,איילון!A:G,7,0)+VLOOKUP('תפוקה מצטברת מול אשתקד'!A27,הראל!A:G,7,0)+VLOOKUP('תפוקה מצטברת מול אשתקד'!A27,הפניקס!A:G,7,0)+VLOOKUP('תפוקה מצטברת מול אשתקד'!A27,כלל!A:G,7,0)+VLOOKUP('תפוקה מצטברת מול אשתקד'!A27,מור!A:G,7,0)+VLOOKUP('תפוקה מצטברת מול אשתקד'!A27,'אלטשולר שחם'!A:G,7,0)+VLOOKUP('תפוקה מצטברת מול אשתקד'!A27,'מדיהו '!A:K,7,0)+VLOOKUP(A27,'אנליסט '!A:G,7,0)+VLOOKUP('תפוקה מצטברת מול אשתקד'!A27,'מיטב דש'!A:G,7,0)+VLOOKUP('תפוקה מצטברת מול אשתקד'!A27,אינפניטי!A:G,7,0) -> 0 | L27: =VLOOKUP(A27,הכשרה!A:K,8,0)+VLOOKUP('תפוקה מצטברת מול אשתקד'!A27,מגדל!A:K,8,0)+VLOOKUP('תפוקה מצטברת מול אשתקד'!A27,מנורה!A:K,8,0)+VLOOKUP('תפוקה מצטברת מול אשתקד'!A27,איילון!A:K,8,0)+VLOOKUP('תפוקה מצטברת מול אשתקד'!A27,הראל!A:K,8,0)+VLOOKUP('תפוקה מצטברת מול אשתקד'!A27,הפניקס!A:K,8,0)+VLOOKUP('תפוקה מצטברת מול אשתקד'!A27,כלל!A:K,8,0)+VLOOKUP('תפוקה מצטברת מול אשתקד'!A27,מור!A:K,8,0)+VLOOKUP('תפוקה מצטברת מול אשתקד'!A27,'אלטשולר שחם'!A:K,8,0)+VLOOKUP('תפוקה מצטברת מול אשתקד'!A27,'מדיהו '!A:K,8,0)+VLOOKUP('תפוקה מצטברת מול אשתקד'!A27,'אנליסט '!A:K,8,0)+VLOOKUP('תפוקה מצטברת מול אשתקד'!A27,'מיטב דש'!A:K,8,0)+VLOOKUP('תפוקה מצטברת מול אשתקד'!A27,אינפניטי!A:K,8,0) -> 100290.03 | M27: =VLOOKUP(A27,הכשרה!A:K,9,0)+VLOOKUP('תפוקה מצטברת מול אשתקד'!A27,מגדל!A:K,9,0)+VLOOKUP('תפוקה מצטברת מול אשתקד'!A27,מנורה!A:K,9,0)+VLOOKUP('תפוקה מצטברת מול אשתקד'!A27,איילון!A:K,9,0)+VLOOKUP('תפוקה מצטברת מול אשתקד'!A27,הראל!A:K,9,0)+VLOOKUP('תפוקה מצטברת מול אשתקד'!A27,הפניקס!A:K,9,0)+VLOOKUP('תפוקה מצטברת מול אשתקד'!A27,כלל!A:K,9,0)+VLOOKUP('תפוקה מצטברת מול אשתקד'!A27,מור!A:K,9,0)+VLOOKUP('תפוקה מצטברת מול אשתקד'!A27,'אלטשולר שחם'!A:K,9,0)+VLOOKUP('תפוקה מצטברת מול אשתקד'!A27,'מדיהו '!A:K,9,0)+VLOOKUP('תפוקה מצטברת מול אשתקד'!A27,'אנליסט '!A:K,9,0)+VLOOKUP('תפוקה מצטברת מול אשתקד'!A27,'מיטב דש'!A:K,9,0)+VLOOKUP('תפוקה מצטברת מול אשתקד'!A27,אינפניטי!A:K,9,0) -> 78026.284 | N27: =VLOOKUP(A27,הכשרה!A:K,10,0)+VLOOKUP('תפוקה מצטברת מול אשתקד'!A27,מגדל!A:K,10,0)+VLOOKUP('תפוקה מצטברת מול אשתקד'!A27,מנורה!A:K,10,0)+VLOOKUP('תפוקה מצטברת מול אשתקד'!A27,איילון!A:K,10,0)+VLOOKUP('תפוקה מצטברת מול אשתקד'!A27,הראל!A:K,10,0)+VLOOKUP('תפוקה מצטברת מול אשתקד'!A27,הפניקס!A:K,10,0)+VLOOKUP('תפוקה מצטברת מול אשתקד'!A27,כלל!A:K,10,0)+VLOOKUP('תפוקה מצטברת מול אשתקד'!A27,מור!A:K,10,0)+VLOOKUP('תפוקה מצטברת מול אשתקד'!A27,'אלטשולר שחם'!A:K,10,0)+VLOOKUP('תפוקה מצטברת מול אשתקד'!A27,'מדיהו '!A:K,10,0)+VLOOKUP('תפוקה מצטברת מול אשתקד'!A27,'אנליסט '!A:K,10,0)+VLOOKUP('תפוקה מצטברת מול אשתקד'!A27,'מיטב דש'!A:K,10,0)+VLOOKUP('תפוקה מצטברת מול אשתקד'!A27,אינפניטי!A:K,10,0) -> 95001.12 | O27: =VLOOKUP(A27,הכשרה!A:K,11,0)+VLOOKUP('תפוקה מצטברת מול אשתקד'!A27,מגדל!A:K,11,0)+VLOOKUP('תפוקה מצטברת מול אשתקד'!A27,מנורה!A:K,11,0)+VLOOKUP('תפוקה מצטברת מול אשתקד'!A27,איילון!A:K,11,0)+VLOOKUP('תפוקה מצטברת מול אשתקד'!A27,הראל!A:K,11,0)+VLOOKUP('תפוקה מצטברת מול אשתקד'!A27,הפניקס!A:K,11,0)+VLOOKUP('תפוקה מצטברת מול אשתקד'!A27,כלל!A:K,11,0)+VLOOKUP('תפוקה מצטברת מול אשתקד'!A27,מור!A:K,11,0)+VLOOKUP('תפוקה מצטברת מול אשתקד'!A27,'אלטשולר שחם'!A:K,11,0)+VLOOKUP('תפוקה מצטברת מול אשתקד'!A27,'מדיהו '!A:K,11,0)+VLOOKUP('תפוקה מצטברת מול אשתקד'!A27,'אנליסט '!A:K,11,0)+VLOOKUP('תפוקה מצטברת מול אשתקד'!A27,'מיטב דש'!A:K,11,0)+VLOOKUP('תפוקה מצטברת מול אשתקד'!A27,אינפניטי!A:K,11,0) -> 310614.69
A28: בחוס יוסף | B28: ערן גירוני | C28: סוכנים | D28: =IF(H28=0,0%,IF(L28=0,100%,H28/L28-1)) -> -0.95944885 | E28: =IF(I28=0,0%,IF(M28=0,100%,I28/M28-1)) -> -0.81649796 | F28: =IF(J28=0,0%,IF(N28=0,100%,J28/N28-1)) -> -0.91458793 | G28: =IF(K28=0,0%,IF(O28=H44,100%,K28/O28-1)) -> -0.97382956 | H28: =VLOOKUP(A28,הכשרה!A:G,4,0)+VLOOKUP('תפוקה מצטברת מול אשתקד'!A28,מגדל!A:G,4,0)+VLOOKUP('תפוקה מצטברת מול אשתקד'!A28,מנורה!A:G,4,0)+VLOOKUP('תפוקה מצטברת מול אשתקד'!A28,איילון!A:G,4,0)+VLOOKUP('תפוקה מצטברת מול אשתקד'!A28,הראל!A:G,4,0)+VLOOKUP('תפוקה מצטברת מול אשתקד'!A28,הפניקס!A:G,4,0)+VLOOKUP('תפוקה מצטברת מול אשתקד'!A28,כלל!A:G,4,0)+VLOOKUP('תפוקה מצטברת מול אשתקד'!A28,מור!A:G,4,0)+VLOOKUP('תפוקה מצטברת מול אשתקד'!A28,'אלטשולר שחם'!A:G,4,0)+VLOOKUP('תפוקה מצטברת מול אשתקד'!A28,'מדיהו '!A:G,4,0)+VLOOKUP('תפוקה מצטברת מול אשתקד'!A28,'אנליסט '!A:G,4,0)+VLOOKUP('תפוקה מצטברת מול אשתקד'!A28,'מיטב דש'!A:G,4,0)+VLOOKUP('תפוקה מצטברת מול אשתקד'!A28,אינפניטי!A:G,4,0) -> 62408.653 | I28: =VLOOKUP(A28,הכשרה!A:G,5,0)+VLOOKUP('תפוקה מצטברת מול אשתקד'!A28,מגדל!A:G,5,0)+VLOOKUP('תפוקה מצטברת מול אשתקד'!A28,מנורה!A:G,5,0)+VLOOKUP('תפוקה מצטברת מול אשתקד'!A28,איילון!A:G,5,0)+VLOOKUP('תפוקה מצטברת מול אשתקד'!A28,הראל!A:G,5,0)+VLOOKUP('תפוקה מצטברת מול אשתקד'!A28,הפניקס!A:G,5,0)+VLOOKUP('תפוקה מצטברת מול אשתקד'!A28,כלל!A:G,5,0)+VLOOKUP('תפוקה מצטברת מול אשתקד'!A28,מור!A:G,5,0)+VLOOKUP('תפוקה מצטברת מול אשתקד'!A28,'אלטשולר שחם'!A:G,5,0)+VLOOKUP('תפוקה מצטברת מול אשתקד'!A28,'מדיהו '!A:G,5,0)+VLOOKUP('תפוקה מצטברת מול אשתקד'!A28,'אנליסט '!A:G,5,0)+VLOOKUP('תפוקה מצטברת מול אשתקד'!A28,'מיטב דש'!A:G,5,0)+VLOOKUP('תפוקה מצטברת מול אשתקד'!A28,אינפניטי!A:G,5,0) -> 19038.466 | J28: =VLOOKUP(A28,הכשרה!A:G,6,0)+VLOOKUP('תפוקה מצטברת מול אשתקד'!A28,מגדל!A:G,6,0)+VLOOKUP('תפוקה מצטברת מול אשתקד'!A28,מנורה!A:G,6,0)+VLOOKUP('תפוקה מצטברת מול אשתקד'!A28,איילון!A:G,6,0)+VLOOKUP(A28,הראל!A:G,6,0)+VLOOKUP('תפוקה מצטברת מול אשתקד'!A28,הפניקס!A:G,6,0)+VLOOKUP('תפוקה מצטברת מול אשתקד'!A28,כלל!A:G,6,0)+VLOOKUP('תפוקה מצטברת מול אשתקד'!A28,מור!A:G,6,0)+VLOOKUP('תפוקה מצטברת מול אשתקד'!A28,'אלטשולר שחם'!A:G,6,0)+VLOOKUP('תפוקה מצטברת מול אשתקד'!A28,'מדיהו '!A:G,6,0)+VLOOKUP('תפוקה מצטברת מול אשתקד'!A28,'אנליסט '!A:G,6,0)+VLOOKUP('תפוקה מצטברת מול אשתקד'!A28,'מיטב דש'!A:G,6,0)+VLOOKUP('תפוקה מצטברת מול אשתקד'!A28,אינפניטי!A:G,6,0) -> 204001.93 | K28: =VLOOKUP(A28,הכשרה!A:G,7,0)+VLOOKUP('תפוקה מצטברת מול אשתקד'!A28,מגדל!A:G,7,0)+VLOOKUP('תפוקה מצטברת מול אשתקד'!A28,מנורה!A:G,7,0)+VLOOKUP('תפוקה מצטברת מול אשתקד'!A28,איילון!A:G,7,0)+VLOOKUP('תפוקה מצטברת מול אשתקד'!A28,הראל!A:G,7,0)+VLOOKUP('תפוקה מצטברת מול אשתקד'!A28,הפניקס!A:G,7,0)+VLOOKUP('תפוקה מצטברת מול אשתקד'!A28,כלל!A:G,7,0)+VLOOKUP('תפוקה מצטברת מול אשתקד'!A28,מור!A:G,7,0)+VLOOKUP('תפוקה מצטברת מול אשתקד'!A28,'אלטשולר שחם'!A:G,7,0)+VLOOKUP('תפוקה מצטברת מול אשתקד'!A28,'מדיהו '!A:K,7,0)+VLOOKUP(A28,'אנליסט '!A:G,7,0)+VLOOKUP('תפוקה מצטברת מול אשתקד'!A28,'מיטב דש'!A:G,7,0)+VLOOKUP('תפוקה מצטברת מול אשתקד'!A28,אינפניטי!A:G,7,0) -> 191596.57 | L28: =VLOOKUP(A28,הכשרה!A:K,8,0)+VLOOKUP('תפוקה מצטברת מול אשתקד'!A28,מגדל!A:K,8,0)+VLOOKUP('תפוקה מצטברת מול אשתקד'!A28,מנורה!A:K,8,0)+VLOOKUP('תפוקה מצטברת מול אשתקד'!A28,איילון!A:K,8,0)+VLOOKUP('תפוקה מצטברת מול אשתקד'!A28,הראל!A:K,8,0)+VLOOKUP('תפוקה מצטברת מול אשתקד'!A28,הפניקס!A:K,8,0)+VLOOKUP('תפוקה מצטברת מול אשתקד'!A28,כלל!A:K,8,0)+VLOOKUP('תפוקה מצטברת מול אשתקד'!A28,מור!A:K,8,0)+VLOOKUP('תפוקה מצטברת מול אשתקד'!A28,'אלטשולר שחם'!A:K,8,0)+VLOOKUP('תפוקה מצטברת מול אשתקד'!A28,'מדיהו '!A:K,8,0)+VLOOKUP('תפוקה מצטברת מול אשתקד'!A28,'אנליסט '!A:K,8,0)+VLOOKUP('תפוקה מצטברת מול אשתקד'!A28,'מיטב דש'!A:K,8,0)+VLOOKUP('תפוקה מצטברת מול אשתקד'!A28,אינפניטי!A:K,8,0) -> 1539010.6 | M28: =VLOOKUP(A28,הכשרה!A:K,9,0)+VLOOKUP('תפוקה מצטברת מול אשתקד'!A28,מגדל!A:K,9,0)+VLOOKUP('תפוקה מצטברת מול אשתקד'!A28,מנורה!A:K,9,0)+VLOOKUP('תפוקה מצטברת מול אשתקד'!A28,איילון!A:K,9,0)+VLOOKUP('תפוקה מצטברת מול אשתקד'!A28,הראל!A:K,9,0)+VLOOKUP('תפוקה מצטברת מול אשתקד'!A28,הפניקס!A:K,9,0)+VLOOKUP('תפוקה מצטברת מול אשתקד'!A28,כלל!A:K,9,0)+VLOOKUP('תפוקה מצטברת מול אשתקד'!A28,מור!A:K,9,0)+VLOOKUP('תפוקה מצטברת מול אשתקד'!A28,'אלטשולר שחם'!A:K,9,0)+VLOOKUP('תפוקה מצטברת מול אשתקד'!A28,'מדיהו '!A:K,9,0)+VLOOKUP('תפוקה מצטברת מול אשתקד'!A28,'אנליסט '!A:K,9,0)+VLOOKUP('תפוקה מצטברת מול אשתקד'!A28,'מיטב דש'!A:K,9,0)+VLOOKUP('תפוקה מצטברת מול אשתקד'!A28,אינפניטי!A:K,9,0) -> 103750.71 | N28: =VLOOKUP(A28,הכשרה!A:K,10,0)+VLOOKUP('תפוקה מצטברת מול אשתקד'!A28,מגדל!A:K,10,0)+VLOOKUP('תפוקה מצטברת מול אשתקד'!A28,מנורה!A:K,10,0)+VLOOKUP('תפוקה מצטברת מול אשתקד'!A28,איילון!A:K,10,0)+VLOOKUP('תפוקה מצטברת מול אשתקד'!A28,הראל!A:K,10,0)+VLOOKUP('תפוקה מצטברת מול אשתקד'!A28,הפניקס!A:K,10,0)+VLOOKUP('תפוקה מצטברת מול אשתקד'!A28,כלל!A:K,10,0)+VLOOKUP('תפוקה מצטברת מול אשתקד'!A28,מור!A:K,10,0)+VLOOKUP('תפוקה מצטברת מול אשתקד'!A28,'אלטשולר שחם'!A:K,10,0)+VLOOKUP('תפוקה מצטברת מול אשתקד'!A28,'מדיהו '!A:K,10,0)+VLOOKUP('תפוקה מצטברת מול אשתקד'!A28,'אנליסט '!A:K,10,0)+VLOOKUP('תפוקה מצטברת מול אשתקד'!A28,'מיטב דש'!A:K,10,0)+VLOOKUP('תפוקה מצטברת מול אשתקד'!A28,אינפניטי!A:K,10,0) -> 2388443.6 | O28: =VLOOKUP(A28,הכשרה!A:K,11,0)+VLOOKUP('תפוקה מצטברת מול אשתקד'!A28,מגדל!A:K,11,0)+VLOOKUP('תפוקה מצטברת מול אשתקד'!A28,מנורה!A:K,11,0)+VLOOKUP('תפוקה מצטברת מול אשתקד'!A28,איילון!A:K,11,0)+VLOOKUP('תפוקה מצטברת מול אשתקד'!A28,הראל!A:K,11,0)+VLOOKUP('תפוקה מצטברת מול אשתקד'!A28,הפניקס!A:K,11,0)+VLOOKUP('תפוקה מצטברת מול אשתקד'!A28,כלל!A:K,11,0)+VLOOKUP('תפוקה מצטברת מול אשתקד'!A28,מור!A:K,11,0)+VLOOKUP('תפוקה מצטברת מול אשתקד'!A28,'אלטשולר שחם'!A:K,11,0)+VLOOKUP('תפוקה מצטברת מול אשתקד'!A28,'מדיהו '!A:K,11,0)+VLOOKUP('תפוקה מצטברת מול אשתקד'!A28,'אנליסט '!A:K,11,0)+VLOOKUP('תפוקה מצטברת מול אשתקד'!A28,'מיטב דש'!A:K,11,0)+VLOOKUP('תפוקה מצטברת מול אשתקד'!A28,אינפניטי!A:K,11,0) -> 7321106.9
A29: קליין סיון | B29: ערן גירוני | C29: סוכנים | D29: =IF(H29=0,0%,IF(L29=0,100%,H29/L29-1)) -> -0.91771493 | E29: =IF(I29=0,0%,IF(M29=0,100%,I29/M29-1)) -> -0.83342557 | F29: =IF(J29=0,0%,IF(N29=0,100%,J29/N29-1)) -> -0.78452516 | G29: =IF(K29=0,0%,IF(O29=#REF!,100%,K29/O29-1)) -> #REF! | H29: =VLOOKUP(A29,הכשרה!A:G,4,0)+VLOOKUP('תפוקה מצטברת מול אשתקד'!A29,מגדל!A:G,4,0)+VLOOKUP('תפוקה מצטברת מול אשתקד'!A29,מנורה!A:G,4,0)+VLOOKUP('תפוקה מצטברת מול אשתקד'!A29,איילון!A:G,4,0)+VLOOKUP('תפוקה מצטברת מול אשתקד'!A29,הראל!A:G,4,0)+VLOOKUP('תפוקה מצטברת מול אשתקד'!A29,הפניקס!A:G,4,0)+VLOOKUP('תפוקה מצטברת מול אשתקד'!A29,כלל!A:G,4,0)+VLOOKUP('תפוקה מצטברת מול אשתקד'!A29,מור!A:G,4,0)+VLOOKUP('תפוקה מצטברת מול אשתקד'!A29,'אלטשולר שחם'!A:G,4,0)+VLOOKUP('תפוקה מצטברת מול אשתקד'!A29,'מדיהו '!A:G,4,0)+VLOOKUP('תפוקה מצטברת מול אשתקד'!A29,'אנליסט '!A:G,4,0)+VLOOKUP('תפוקה מצטברת מול אשתקד'!A29,'מיטב דש'!A:G,4,0)+VLOOKUP('תפוקה מצטברת מול אשתקד'!A29,אינפניטי!A:G,4,0) -> 59137.558 | I29: =VLOOKUP(A29,הכשרה!A:G,5,0)+VLOOKUP('תפוקה מצטברת מול אשתקד'!A29,מגדל!A:G,5,0)+VLOOKUP('תפוקה מצטברת מול אשתקד'!A29,מנורה!A:G,5,0)+VLOOKUP('תפוקה מצטברת מול אשתקד'!A29,איילון!A:G,5,0)+VLOOKUP('תפוקה מצטברת מול אשתקד'!A29,הראל!A:G,5,0)+VLOOKUP('תפוקה מצטברת מול אשתקד'!A29,הפניקס!A:G,5,0)+VLOOKUP('תפוקה מצטברת מול אשתקד'!A29,כלל!A:G,5,0)+VLOOKUP('תפוקה מצטברת מול אשתקד'!A29,מור!A:G,5,0)+VLOOKUP('תפוקה מצטברת מול אשתקד'!A29,'אלטשולר שחם'!A:G,5,0)+VLOOKUP('תפוקה מצטברת מול אשתקד'!A29,'מדיהו '!A:G,5,0)+VLOOKUP('תפוקה מצטברת מול אשתקד'!A29,'אנליסט '!A:G,5,0)+VLOOKUP('תפוקה מצטברת מול אשתקד'!A29,'מיטב דש'!A:G,5,0)+VLOOKUP('תפוקה מצטברת מול אשתקד'!A29,אינפניטי!A:G,5,0) -> 24372.951 | J29: =VLOOKUP(A29,הכשרה!A:G,6,0)+VLOOKUP('תפוקה מצטברת מול אשתקד'!A29,מגדל!A:G,6,0)+VLOOKUP('תפוקה מצטברת מול אשתקד'!A29,מנורה!A:G,6,0)+VLOOKUP('תפוקה מצטברת מול אשתקד'!A29,איילון!A:G,6,0)+VLOOKUP(A29,הראל!A:G,6,0)+VLOOKUP('תפוקה מצטברת מול אשתקד'!A29,הפניקס!A:G,6,0)+VLOOKUP('תפוקה מצטברת מול אשתקד'!A29,כלל!A:G,6,0)+VLOOKUP('תפוקה מצטברת מול אשתקד'!A29,מור!A:G,6,0)+VLOOKUP('תפוקה מצטברת מול אשתקד'!A29,'אלטשולר שחם'!A:G,6,0)+VLOOKUP('תפוקה מצטברת מול אשתקד'!A29,'מדיהו '!A:G,6,0)+VLOOKUP('תפוקה מצטברת מול אשתקד'!A29,'אנליסט '!A:G,6,0)+VLOOKUP('תפוקה מצטברת מול אשתקד'!A29,'מיטב דש'!A:G,6,0)+VLOOKUP('תפוקה מצטברת מול אשתקד'!A29,אינפניטי!A:G,6,0) -> 137032.51 | K29: =VLOOKUP(A29,הכשרה!A:G,7,0)+VLOOKUP('תפוקה מצטברת מול אשתקד'!A29,מגדל!A:G,7,0)+VLOOKUP('תפוקה מצטברת מול אשתקד'!A29,מנורה!A:G,7,0)+VLOOKUP('תפוקה מצטברת מול אשתקד'!A29,איילון!A:G,7,0)+VLOOKUP('תפוקה מצטברת מול אשתקד'!A29,הראל!A:G,7,0)+VLOOKUP('תפוקה מצטברת מול אשתקד'!A29,הפניקס!A:G,7,0)+VLOOKUP('תפוקה מצטברת מול אשתקד'!A29,כלל!A:G,7,0)+VLOOKUP('תפוקה מצטברת מול אשתקד'!A29,מור!A:G,7,0)+VLOOKUP('תפוקה מצטברת מול אשתקד'!A29,'אלטשולר שחם'!A:G,7,0)+VLOOKUP('תפוקה מצטברת מול אשתקד'!A29,'מדיהו '!A:K,7,0)+VLOOKUP(A29,'אנליסט '!A:G,7,0)+VLOOKUP('תפוקה מצטברת מול אשתקד'!A29,'מיטב דש'!A:G,7,0)+VLOOKUP('תפוקה מצטברת מול אשתקד'!A29,אינפניטי!A:G,7,0) -> 665289.8 | L29: =VLOOKUP(A29,הכשרה!A:K,8,0)+VLOOKUP('תפוקה מצטברת מול אשתקד'!A29,מגדל!A:K,8,0)+VLOOKUP('תפוקה מצטברת מול אשתקד'!A29,מנורה!A:K,8,0)+VLOOKUP('תפוקה מצטברת מול אשתקד'!A29,איילון!A:K,8,0)+VLOOKUP('תפוקה מצטברת מול אשתקד'!A29,הראל!A:K,8,0)+VLOOKUP('תפוקה מצטברת מול אשתקד'!A29,הפניקס!A:K,8,0)+VLOOKUP('תפוקה מצטברת מול אשתקד'!A29,כלל!A:K,8,0)+VLOOKUP('תפוקה מצטברת מול אשתקד'!A29,מור!A:K,8,0)+VLOOKUP('תפוקה מצטברת מול אשתקד'!A29,'אלטשולר שחם'!A:K,8,0)+VLOOKUP('תפוקה מצטברת מול אשתקד'!A29,'מדיהו '!A:K,8,0)+VLOOKUP('תפוקה מצטברת מול אשתקד'!A29,'אנליסט '!A:K,8,0)+VLOOKUP('תפוקה מצטברת מול אשתקד'!A29,'מיטב דש'!A:K,8,0)+VLOOKUP('תפוקה מצטברת מול אשתקד'!A29,אינפניטי!A:K,8,0) -> 718691.24 | M29: =VLOOKUP(A29,הכשרה!A:K,9,0)+VLOOKUP('תפוקה מצטברת מול אשתקד'!A29,מגדל!A:K,9,0)+VLOOKUP('תפוקה מצטברת מול אשתקד'!A29,מנורה!A:K,9,0)+VLOOKUP('תפוקה מצטברת מול אשתקד'!A29,איילון!A:K,9,0)+VLOOKUP('תפוקה מצטברת מול אשתקד'!A29,הראל!A:K,9,0)+VLOOKUP('תפוקה מצטברת מול אשתקד'!A29,הפניקס!A:K,9,0)+VLOOKUP('תפוקה מצטברת מול אשתקד'!A29,כלל!A:K,9,0)+VLOOKUP('תפוקה מצטברת מול אשתקד'!A29,מור!A:K,9,0)+VLOOKUP('תפוקה מצטברת מול אשתקד'!A29,'אלטשולר שחם'!A:K,9,0)+VLOOKUP('תפוקה מצטברת מול אשתקד'!A29,'מדיהו '!A:K,9,0)+VLOOKUP('תפוקה מצטברת מול אשתקד'!A29,'אנליסט '!A:K,9,0)+VLOOKUP('תפוקה מצטברת מול אשתקד'!A29,'מיטב דש'!A:K,9,0)+VLOOKUP('תפוקה מצטברת מול אשתקד'!A29,אינפניטי!A:K,9,0) -> 146318.68 | N29: =VLOOKUP(A29,הכשרה!A:K,10,0)+VLOOKUP('תפוקה מצטברת מול אשתקד'!A29,מגדל!A:K,10,0)+VLOOKUP('תפוקה מצטברת מול אשתקד'!A29,מנורה!A:K,10,0)+VLOOKUP('תפוקה מצטברת מול אשתקד'!A29,איילון!A:K,10,0)+VLOOKUP('תפוקה מצטברת מול אשתקד'!A29,הראל!A:K,10,0)+VLOOKUP('תפוקה מצטברת מול אשתקד'!A29,הפניקס!A:K,10,0)+VLOOKUP('תפוקה מצטברת מול אשתקד'!A29,כלל!A:K,10,0)+VLOOKUP('תפוקה מצטברת מול אשתקד'!A29,מור!A:K,10,0)+VLOOKUP('תפוקה מצטברת מול אשתקד'!A29,'אלטשולר שחם'!A:K,10,0)+VLOOKUP('תפוקה מצטברת מול אשתקד'!A29,'מדיהו '!A:K,10,0)+VLOOKUP('תפוקה מצטברת מול אשתקד'!A29,'אנליסט '!A:K,10,0)+VLOOKUP('תפוקה מצטברת מול אשתקד'!A29,'מיטב דש'!A:K,10,0)+VLOOKUP('תפוקה מצטברת מול אשתקד'!A29,אינפניטי!A:K,10,0) -> 635955.97 | O29: =VLOOKUP(A29,הכשרה!A:K,11,0)+VLOOKUP('תפוקה מצטברת מול אשתקד'!A29,מגדל!A:K,11,0)+VLOOKUP('תפוקה מצטברת מול אשתקד'!A29,מנורה!A:K,11,0)+VLOOKUP('תפוקה מצטברת מול אשתקד'!A29,איילון!A:K,11,0)+VLOOKUP('תפוקה מצטברת מול אשתקד'!A29,הראל!A:K,11,0)+VLOOKUP('תפוקה מצטברת מול אשתקד'!A29,הפניקס!A:K,11,0)+VLOOKUP('תפוקה מצטברת מול אשתקד'!A29,כלל!A:K,11,0)+VLOOKUP('תפוקה מצטברת מול אשתקד'!A29,מור!A:K,11,0)+VLOOKUP('תפוקה מצטברת מול אשתקד'!A29,'אלטשולר שחם'!A:K,11,0)+VLOOKUP('תפוקה מצטברת מול אשתקד'!A29,'מדיהו '!A:K,11,0)+VLOOKUP('תפוקה מצטברת מול אשתקד'!A29,'אנליסט '!A:K,11,0)+VLOOKUP('תפוקה מצטברת מול אשתקד'!A29,'מיטב דש'!A:K,11,0)+VLOOKUP('תפוקה מצטברת מול אשתקד'!A29,אינפניטי!A:K,11,0) -> 2108457.2
A30: צקותאי אורי | B30: ערן גירוני | C30: סוכנים | D30: =IF(H30=0,0%,IF(L30=0,100%,H30/L30-1)) -> 1 | E30: =IF(I30=0,0%,IF(M30=0,100%,I30/M30-1)) -> 0.18024691 | F30: =IF(J30=0,0%,IF(N30=0,100%,J30/N30-1)) -> 0 | G30: =IF(K30=0,0%,IF(O30=H45,100%,K30/O30-1)) -> 0 | H30: =VLOOKUP(A30,הכשרה!A:G,4,0)+VLOOKUP('תפוקה מצטברת מול אשתקד'!A30,מגדל!A:G,4,0)+VLOOKUP('תפוקה מצטברת מול אשתקד'!A30,מנורה!A:G,4,0)+VLOOKUP('תפוקה מצטברת מול אשתקד'!A30,איילון!A:G,4,0)+VLOOKUP('תפוקה מצטברת מול אשתקד'!A30,הראל!A:G,4,0)+VLOOKUP('תפוקה מצטברת מול אשתקד'!A30,הפניקס!A:G,4,0)+VLOOKUP('תפוקה מצטברת מול אשתקד'!A30,כלל!A:G,4,0)+VLOOKUP('תפוקה מצטברת מול אשתקד'!A30,מור!A:G,4,0)+VLOOKUP('תפוקה מצטברת מול אשתקד'!A30,'אלטשולר שחם'!A:G,4,0)+VLOOKUP('תפוקה מצטברת מול אשתקד'!A30,'מדיהו '!A:G,4,0)+VLOOKUP('תפוקה מצטברת מול אשתקד'!A30,'אנליסט '!A:G,4,0)+VLOOKUP('תפוקה מצטברת מול אשתקד'!A30,'מיטב דש'!A:G,4,0)+VLOOKUP('תפוקה מצטברת מול אשתקד'!A30,אינפניטי!A:G,4,0) -> 4487.67 | I30: =VLOOKUP(A30,הכשרה!A:G,5,0)+VLOOKUP('תפוקה מצטברת מול אשתקד'!A30,מגדל!A:G,5,0)+VLOOKUP('תפוקה מצטברת מול אשתקד'!A30,מנורה!A:G,5,0)+VLOOKUP('תפוקה מצטברת מול אשתקד'!A30,איילון!A:G,5,0)+VLOOKUP('תפוקה מצטברת מול אשתקד'!A30,הראל!A:G,5,0)+VLOOKUP('תפוקה מצטברת מול אשתקד'!A30,הפניקס!A:G,5,0)+VLOOKUP('תפוקה מצטברת מול אשתקד'!A30,כלל!A:G,5,0)+VLOOKUP('תפוקה מצטברת מול אשתקד'!A30,מור!A:G,5,0)+VLOOKUP('תפוקה מצטברת מול אשתקד'!A30,'אלטשולר שחם'!A:G,5,0)+VLOOKUP('תפוקה מצטברת מול אשתקד'!A30,'מדיהו '!A:G,5,0)+VLOOKUP('תפוקה מצטברת מול אשתקד'!A30,'אנליסט '!A:G,5,0)+VLOOKUP('תפוקה מצטברת מול אשתקד'!A30,'מיטב דש'!A:G,5,0)+VLOOKUP('תפוקה מצטברת מול אשתקד'!A30,אינפניטי!A:G,5,0) -> 9.56 | J30: =VLOOKUP(A30,הכשרה!A:G,6,0)+VLOOKUP('תפוקה מצטברת מול אשתקד'!A30,מגדל!A:G,6,0)+VLOOKUP('תפוקה מצטברת מול אשתקד'!A30,מנורה!A:G,6,0)+VLOOKUP('תפוקה מצטברת מול אשתקד'!A30,איילון!A:G,6,0)+VLOOKUP(A30,הראל!A:G,6,0)+VLOOKUP('תפוקה מצטברת מול אשתקד'!A30,הפניקס!A:G,6,0)+VLOOKUP('תפוקה מצטברת מול אשתקד'!A30,כלל!A:G,6,0)+VLOOKUP('תפוקה מצטברת מול אשתקד'!A30,מור!A:G,6,0)+VLOOKUP('תפוקה מצטברת מול אשתקד'!A30,'אלטשולר שחם'!A:G,6,0)+VLOOKUP('תפוקה מצטברת מול אשתקד'!A30,'מדיהו '!A:G,6,0)+VLOOKUP('תפוקה מצטברת מול אשתקד'!A30,'אנליסט '!A:G,6,0)+VLOOKUP('תפוקה מצטברת מול אשתקד'!A30,'מיטב דש'!A:G,6,0)+VLOOKUP('תפוקה מצטברת מול אשתקד'!A30,אינפניטי!A:G,6,0) -> 0 | K30: =VLOOKUP(A30,הכשרה!A:G,7,0)+VLOOKUP('תפוקה מצטברת מול אשתקד'!A30,מגדל!A:G,7,0)+VLOOKUP('תפוקה מצטברת מול אשתקד'!A30,מנורה!A:G,7,0)+VLOOKUP('תפוקה מצטברת מול אשתקד'!A30,איילון!A:G,7,0)+VLOOKUP('תפוקה מצטברת מול אשתקד'!A30,הראל!A:G,7,0)+VLOOKUP('תפוקה מצטברת מול אשתקד'!A30,הפניקס!A:G,7,0)+VLOOKUP('תפוקה מצטברת מול אשתקד'!A30,כלל!A:G,7,0)+VLOOKUP('תפוקה מצטברת מול אשתקד'!A30,מור!A:G,7,0)+VLOOKUP('תפוקה מצטברת מול אשתקד'!A30,'אלטשולר שחם'!A:G,7,0)+VLOOKUP('תפוקה מצטברת מול אשתקד'!A30,'מדיהו '!A:K,7,0)+VLOOKUP(A30,'אנליסט '!A:G,7,0)+VLOOKUP('תפוקה מצטברת מול אשתקד'!A30,'מיטב דש'!A:G,7,0)+VLOOKUP('תפוקה מצטברת מול אשתקד'!A30,אינפניטי!A:G,7,0) -> 0 | L30: =VLOOKUP(A30,הכשרה!A:K,8,0)+VLOOKUP('תפוקה מצטברת מול אשתקד'!A30,מגדל!A:K,8,0)+VLOOKUP('תפוקה מצטברת מול אשתקד'!A30,מנורה!A:K,8,0)+VLOOKUP('תפוקה מצטברת מול אשתקד'!A30,איילון!A:K,8,0)+VLOOKUP('תפוקה מצטברת מול אשתקד'!A30,הראל!A:K,8,0)+VLOOKUP('תפוקה מצטברת מול אשתקד'!A30,הפניקס!A:K,8,0)+VLOOKUP('תפוקה מצטברת מול אשתקד'!A30,כלל!A:K,8,0)+VLOOKUP('תפוקה מצטברת מול אשתקד'!A30,מור!A:K,8,0)+VLOOKUP('תפוקה מצטברת מול אשתקד'!A30,'אלטשולר שחם'!A:K,8,0)+VLOOKUP('תפוקה מצטברת מול אשתקד'!A30,'מדיהו '!A:K,8,0)+VLOOKUP('תפוקה מצטברת מול אשתקד'!A30,'אנליסט '!A:K,8,0)+VLOOKUP('תפוקה מצטברת מול אשתקד'!A30,'מיטב דש'!A:K,8,0)+VLOOKUP('תפוקה מצטברת מול אשתקד'!A30,אינפניטי!A:K,8,0) -> 0 | M30: =VLOOKUP(A30,הכשרה!A:K,9,0)+VLOOKUP('תפוקה מצטברת מול אשתקד'!A30,מגדל!A:K,9,0)+VLOOKUP('תפוקה מצטברת מול אשתקד'!A30,מנורה!A:K,9,0)+VLOOKUP('תפוקה מצטברת מול אשתקד'!A30,איילון!A:K,9,0)+VLOOKUP('תפוקה מצטברת מול אשתקד'!A30,הראל!A:K,9,0)+VLOOKUP('תפוקה מצטברת מול אשתקד'!A30,הפניקס!A:K,9,0)+VLOOKUP('תפוקה מצטברת מול אשתקד'!A30,כלל!A:K,9,0)+VLOOKUP('תפוקה מצטברת מול אשתקד'!A30,מור!A:K,9,0)+VLOOKUP('תפוקה מצטברת מול אשתקד'!A30,'אלטשולר שחם'!A:K,9,0)+VLOOKUP('תפוקה מצטברת מול אשתקד'!A30,'מדיהו '!A:K,9,0)+VLOOKUP('תפוקה מצטברת מול אשתקד'!A30,'אנליסט '!A:K,9,0)+VLOOKUP('תפוקה מצטברת מול אשתקד'!A30,'מיטב דש'!A:K,9,0)+VLOOKUP('תפוקה מצטברת מול אשתקד'!A30,אינפניטי!A:K,9,0) -> 8.1 | N30: =VLOOKUP(A30,הכשרה!A:K,10,0)+VLOOKUP('תפוקה מצטברת מול אשתקד'!A30,מגדל!A:K,10,0)+VLOOKUP('תפוקה מצטברת מול אשתקד'!A30,מנורה!A:K,10,0)+VLOOKUP('תפוקה מצטברת מול אשתקד'!A30,איילון!A:K,10,0)+VLOOKUP('תפוקה מצטברת מול אשתקד'!A30,הראל!A:K,10,0)+VLOOKUP('תפוקה מצטברת מול אשתקד'!A30,הפניקס!A:K,10,0)+VLOOKUP('תפוקה מצטברת מול אשתקד'!A30,כלל!A:K,10,0)+VLOOKUP('תפוקה מצטברת מול אשתקד'!A30,מור!A:K,10,0)+VLOOKUP('תפוקה מצטברת מול אשתקד'!A30,'אלטשולר שחם'!A:K,10,0)+VLOOKUP('תפוקה מצטברת מול אשתקד'!A30,'מדיהו '!A:K,10,0)+VLOOKUP('תפוקה מצטברת מול אשתקד'!A30,'אנליסט '!A:K,10,0)+VLOOKUP('תפוקה מצטברת מול אשתקד'!A30,'מיטב דש'!A:K,10,0)+VLOOKUP('תפוקה מצטברת מול אשתקד'!A30,אינפניטי!A:K,10,0) -> 14500.7 | O30: =VLOOKUP(A30,הכשרה!A:K,11,0)+VLOOKUP('תפוקה מצטברת מול אשתקד'!A30,מגדל!A:K,11,0)+VLOOKUP('תפוקה מצטברת מול אשתקד'!A30,מנורה!A:K,11,0)+VLOOKUP('תפוקה מצטברת מול אשתקד'!A30,איילון!A:K,11,0)+VLOOKUP('תפוקה מצטברת מול אשתקד'!A30,הראל!A:K,11,0)+VLOOKUP('תפוקה מצטברת מול אשתקד'!A30,הפניקס!A:K,11,0)+VLOOKUP('תפוקה מצטברת מול אשתקד'!A30,כלל!A:K,11,0)+VLOOKUP('תפוקה מצטברת מול אשתקד'!A30,מור!A:K,11,0)+VLOOKUP('תפוקה מצטברת מול אשתקד'!A30,'אלטשולר שחם'!A:K,11,0)+VLOOKUP('תפוקה מצטברת מול אשתקד'!A30,'מדיהו '!A:K,11,0)+VLOOKUP('תפוקה מצטברת מול אשתקד'!A30,'אנליסט '!A:K,11,0)+VLOOKUP('תפוקה מצטברת מול אשתקד'!A30,'מיטב דש'!A:K,11,0)+VLOOKUP('תפוקה מצטברת מול אשתקד'!A30,אינפניטי!A:K,11,0) -> 0
A31: סמיר בלאן | B31: ערן גירוני | C31: סוכנים | D31: =IF(H31=0,0%,IF(L31=0,100%,H31/L31-1)) -> 0 | E31: =IF(I31=0,0%,IF(M31=0,100%,I31/M31-1)) -> 0 | F31: =IF(J31=0,0%,IF(N31=0,100%,J31/N31-1)) -> 0 | G31: =IF(K31=0,0%,IF(O31=H46,100%,K31/O31-1)) -> 0 | H31: =VLOOKUP(A31,הכשרה!A:G,4,0)+VLOOKUP('תפוקה מצטברת מול אשתקד'!A31,מגדל!A:G,4,0)+VLOOKUP('תפוקה מצטברת מול אשתקד'!A31,מנורה!A:G,4,0)+VLOOKUP('תפוקה מצטברת מול אשתקד'!A31,איילון!A:G,4,0)+VLOOKUP('תפוקה מצטברת מול אשתקד'!A31,הראל!A:G,4,0)+VLOOKUP('תפוקה מצטברת מול אשתקד'!A31,הפניקס!A:G,4,0)+VLOOKUP('תפוקה מצטברת מול אשתקד'!A31,כלל!A:G,4,0)+VLOOKUP('תפוקה מצטברת מול אשתקד'!A31,מור!A:G,4,0)+VLOOKUP('תפוקה מצטברת מול אשתקד'!A31,'אלטשולר שחם'!A:G,4,0)+VLOOKUP('תפוקה מצטברת מול אשתקד'!A31,'מדיהו '!A:G,4,0)+VLOOKUP('תפוקה מצטברת מול אשתקד'!A31,'אנליסט '!A:G,4,0)+VLOOKUP('תפוקה מצטברת מול אשתקד'!A31,'מיטב דש'!A:G,4,0)+VLOOKUP('תפוקה מצטברת מול אשתקד'!A31,אינפניטי!A:G,4,0) -> 0 | I31: =VLOOKUP(A31,הכשרה!A:G,5,0)+VLOOKUP('תפוקה מצטברת מול אשתקד'!A31,מגדל!A:G,5,0)+VLOOKUP('תפוקה מצטברת מול אשתקד'!A31,מנורה!A:G,5,0)+VLOOKUP('תפוקה מצטברת מול אשתקד'!A31,איילון!A:G,5,0)+VLOOKUP('תפוקה מצטברת מול אשתקד'!A31,הראל!A:G,5,0)+VLOOKUP('תפוקה מצטברת מול אשתקד'!A31,הפניקס!A:G,5,0)+VLOOKUP('תפוקה מצטברת מול אשתקד'!A31,כלל!A:G,5,0)+VLOOKUP('תפוקה מצטברת מול אשתקד'!A31,מור!A:G,5,0)+VLOOKUP('תפוקה מצטברת מול אשתקד'!A31,'אלטשולר שחם'!A:G,5,0)+VLOOKUP('תפוקה מצטברת מול אשתקד'!A31,'מדיהו '!A:G,5,0)+VLOOKUP('תפוקה מצטברת מול אשתקד'!A31,'אנליסט '!A:G,5,0)+VLOOKUP('תפוקה מצטברת מול אשתקד'!A31,'מיטב דש'!A:G,5,0)+VLOOKUP('תפוקה מצטברת מול אשתקד'!A31,אינפניטי!A:G,5,0) -> 0 | J31: =VLOOKUP(A31,הכשרה!A:G,6,0)+VLOOKUP('תפוקה מצטברת מול אשתקד'!A31,מגדל!A:G,6,0)+VLOOKUP('תפוקה מצטברת מול אשתקד'!A31,מנורה!A:G,6,0)+VLOOKUP('תפוקה מצטברת מול אשתקד'!A31,איילון!A:G,6,0)+VLOOKUP(A31,הראל!A:G,6,0)+VLOOKUP('תפוקה מצטברת מול אשתקד'!A31,הפניקס!A:G,6,0)+VLOOKUP('תפוקה מצטברת מול אשתקד'!A31,כלל!A:G,6,0)+VLOOKUP('תפוקה מצטברת מול אשתקד'!A31,מור!A:G,6,0)+VLOOKUP('תפוקה מצטברת מול אשתקד'!A31,'אלטשולר שחם'!A:G,6,0)+VLOOKUP('תפוקה מצטברת מול אשתקד'!A31,'מדיהו '!A:G,6,0)+VLOOKUP('תפוקה מצטברת מול אשתקד'!A31,'אנליסט '!A:G,6,0)+VLOOKUP('תפוקה מצטברת מול אשתקד'!A31,'מיטב דש'!A:G,6,0)+VLOOKUP('תפוקה מצטברת מול אשתקד'!A31,אינפניטי!A:G,6,0) -> 0 | K31: =VLOOKUP(A31,הכשרה!A:G,7,0)+VLOOKUP('תפוקה מצטברת מול אשתקד'!A31,מגדל!A:G,7,0)+VLOOKUP('תפוקה מצטברת מול אשתקד'!A31,מנורה!A:G,7,0)+VLOOKUP('תפוקה מצטברת מול אשתקד'!A31,איילון!A:G,7,0)+VLOOKUP('תפוקה מצטברת מול אשתקד'!A31,הראל!A:G,7,0)+VLOOKUP('תפוקה מצטברת מול אשתקד'!A31,הפניקס!A:G,7,0)+VLOOKUP('תפוקה מצטברת מול אשתקד'!A31,כלל!A:G,7,0)+VLOOKUP('תפוקה מצטברת מול אשתקד'!A31,מור!A:G,7,0)+VLOOKUP('תפוקה מצטברת מול אשתקד'!A31,'אלטשולר שחם'!A:G,7,0)+VLOOKUP('תפוקה מצטברת מול אשתקד'!A31,'מדיהו '!A:K,7,0)+VLOOKUP(A31,'אנליסט '!A:G,7,0)+VLOOKUP('תפוקה מצטברת מול אשתקד'!A31,'מיטב דש'!A:G,7,0)+VLOOKUP('תפוקה מצטברת מול אשתקד'!A31,אינפניטי!A:G,7,0) -> 0 | L31: =VLOOKUP(A31,הכשרה!A:K,8,0)+VLOOKUP('תפוקה מצטברת מול אשתקד'!A31,מגדל!A:K,8,0)+VLOOKUP('תפוקה מצטברת מול אשתקד'!A31,מנורה!A:K,8,0)+VLOOKUP('תפוקה מצטברת מול אשתקד'!A31,איילון!A:K,8,0)+VLOOKUP('תפוקה מצטברת מול אשתקד'!A31,הראל!A:K,8,0)+VLOOKUP('תפוקה מצטברת מול אשתקד'!A31,הפניקס!A:K,8,0)+VLOOKUP('תפוקה מצטברת מול אשתקד'!A31,כלל!A:K,8,0)+VLOOKUP('תפוקה מצטברת מול אשתקד'!A31,מור!A:K,8,0)+VLOOKUP('תפוקה מצטברת מול אשתקד'!A31,'אלטשולר שחם'!A:K,8,0)+VLOOKUP('תפוקה מצטברת מול אשתקד'!A31,'מדיהו '!A:K,8,0)+VLOOKUP('תפוקה מצטברת מול אשתקד'!A31,'אנליסט '!A:K,8,0)+VLOOKUP('תפוקה מצטברת מול אשתקד'!A31,'מיטב דש'!A:K,8,0)+VLOOKUP('תפוקה מצטברת מול אשתקד'!A31,אינפניטי!A:K,8,0) -> 1040.89 | M31: =VLOOKUP(A31,הכשרה!A:K,9,0)+VLOOKUP('תפוקה מצטברת מול אשתקד'!A31,מגדל!A:K,9,0)+VLOOKUP('תפוקה מצטברת מול אשתקד'!A31,מנורה!A:K,9,0)+VLOOKUP('תפוקה מצטברת מול אשתקד'!A31,איילון!A:K,9,0)+VLOOKUP('תפוקה מצטברת מול אשתקד'!A31,הראל!A:K,9,0)+VLOOKUP('תפוקה מצטברת מול אשתקד'!A31,הפניקס!A:K,9,0)+VLOOKUP('תפוקה מצטברת מול אשתקד'!A31,כלל!A:K,9,0)+VLOOKUP('תפוקה מצטברת מול אשתקד'!A31,מור!A:K,9,0)+VLOOKUP('תפוקה מצטברת מול אשתקד'!A31,'אלטשולר שחם'!A:K,9,0)+VLOOKUP('תפוקה מצטברת מול אשתקד'!A31,'מדיהו '!A:K,9,0)+VLOOKUP('תפוקה מצטברת מול אשתקד'!A31,'אנליסט '!A:K,9,0)+VLOOKUP('תפוקה מצטברת מול אשתקד'!A31,'מיטב דש'!A:K,9,0)+VLOOKUP('תפוקה מצטברת מול אשתקד'!A31,אינפניטי!A:K,9,0) -> 3674.18 | N31: =VLOOKUP(A31,הכשרה!A:K,10,0)+VLOOKUP('תפוקה מצטברת מול אשתקד'!A31,מגדל!A:K,10,0)+VLOOKUP('תפוקה מצטברת מול אשתקד'!A31,מנורה!A:K,10,0)+VLOOKUP('תפוקה מצטברת מול אשתקד'!A31,איילון!A:K,10,0)+VLOOKUP('תפוקה מצטברת מול אשתקד'!A31,הראל!A:K,10,0)+VLOOKUP('תפוקה מצטברת מול אשתקד'!A31,הפניקס!A:K,10,0)+VLOOKUP('תפוקה מצטברת מול אשתקד'!A31,כלל!A:K,10,0)+VLOOKUP('תפוקה מצטברת מול אשתקד'!A31,מור!A:K,10,0)+VLOOKUP('תפוקה מצטברת מול אשתקד'!A31,'אלטשולר שחם'!A:K,10,0)+VLOOKUP('תפוקה מצטברת מול אשתקד'!A31,'מדיהו '!A:K,10,0)+VLOOKUP('תפוקה מצטברת מול אשתקד'!A31,'אנליסט '!A:K,10,0)+VLOOKUP('תפוקה מצטברת מול אשתקד'!A31,'מיטב דש'!A:K,10,0)+VLOOKUP('תפוקה מצטברת מול אשתקד'!A31,אינפניטי!A:K,10,0) -> 31086.42 | O31: =VLOOKUP(A31,הכשרה!A:K,11,0)+VLOOKUP('תפוקה מצטברת מול אשתקד'!A31,מגדל!A:K,11,0)+VLOOKUP('תפוקה מצטברת מול אשתקד'!A31,מנורה!A:K,11,0)+VLOOKUP('תפוקה מצטברת מול אשתקד'!A31,איילון!A:K,11,0)+VLOOKUP('תפוקה מצטברת מול אשתקד'!A31,הראל!A:K,11,0)+VLOOKUP('תפוקה מצטברת מול אשתקד'!A31,הפניקס!A:K,11,0)+VLOOKUP('תפוקה מצטברת מול אשתקד'!A31,כלל!A:K,11,0)+VLOOKUP('תפוקה מצטברת מול אשתקד'!A31,מור!A:K,11,0)+VLOOKUP('תפוקה מצטברת מול אשתקד'!A31,'אלטשולר שחם'!A:K,11,0)+VLOOKUP('תפוקה מצטברת מול אשתקד'!A31,'מדיהו '!A:K,11,0)+VLOOKUP('תפוקה מצטברת מול אשתקד'!A31,'אנליסט '!A:K,11,0)+VLOOKUP('תפוקה מצטברת מול אשתקד'!A31,'מיטב דש'!A:K,11,0)+VLOOKUP('תפוקה מצטברת מול אשתקד'!A31,אינפניטי!A:K,11,0) -> 0
A32: רן בסין | B32: ערן גירוני | C32: סוכנים | D32: =IF(H32=0,0%,IF(L32=0,100%,H32/L32-1)) -> 0 | E32: =IF(I32=0,0%,IF(M32=0,100%,I32/M32-1)) -> 0 | F32: =IF(J32=0,0%,IF(N32=0,100%,J32/N32-1)) -> 0 | G32: =IF(K32=0,0%,IF(O32=H59,100%,K32/O32-1)) -> 0 | H32: =VLOOKUP(A32,הכשרה!A:G,4,0)+VLOOKUP('תפוקה מצטברת מול אשתקד'!A32,מגדל!A:G,4,0)+VLOOKUP('תפוקה מצטברת מול אשתקד'!A32,מנורה!A:G,4,0)+VLOOKUP('תפוקה מצטברת מול אשתקד'!A32,איילון!A:G,4,0)+VLOOKUP('תפוקה מצטברת מול אשתקד'!A32,הראל!A:G,4,0)+VLOOKUP('תפוקה מצטברת מול אשתקד'!A32,הפניקס!A:G,4,0)+VLOOKUP('תפוקה מצטברת מול אשתקד'!A32,כלל!A:G,4,0)+VLOOKUP('תפוקה מצטברת מול אשתקד'!A32,מור!A:G,4,0)+VLOOKUP('תפוקה מצטברת מול אשתקד'!A32,'אלטשולר שחם'!A:G,4,0)+VLOOKUP('תפוקה מצטברת מול אשתקד'!A32,'מדיהו '!A:G,4,0)+VLOOKUP('תפוקה מצטברת מול אשתקד'!A32,'אנליסט '!A:G,4,0)+VLOOKUP('תפוקה מצטברת מול אשתקד'!A32,'מיטב דש'!A:G,4,0)+VLOOKUP('תפוקה מצטברת מול אשתקד'!A32,אינפניטי!A:G,4,0) -> 0 | I32: =VLOOKUP(A32,הכשרה!A:G,5,0)+VLOOKUP('תפוקה מצטברת מול אשתקד'!A32,מגדל!A:G,5,0)+VLOOKUP('תפוקה מצטברת מול אשתקד'!A32,מנורה!A:G,5,0)+VLOOKUP('תפוקה מצטברת מול אשתקד'!A32,איילון!A:G,5,0)+VLOOKUP('תפוקה מצטברת מול אשתקד'!A32,הראל!A:G,5,0)+VLOOKUP('תפוקה מצטברת מול אשתקד'!A32,הפניקס!A:G,5,0)+VLOOKUP('תפוקה מצטברת מול אשתקד'!A32,כלל!A:G,5,0)+VLOOKUP('תפוקה מצטברת מול אשתקד'!A32,מור!A:G,5,0)+VLOOKUP('תפוקה מצטברת מול אשתקד'!A32,'אלטשולר שחם'!A:G,5,0)+VLOOKUP('תפוקה מצטברת מול אשתקד'!A32,'מדיהו '!A:G,5,0)+VLOOKUP('תפוקה מצטברת מול אשתקד'!A32,'אנליסט '!A:G,5,0)+VLOOKUP('תפוקה מצטברת מול אשתקד'!A32,'מיטב דש'!A:G,5,0)+VLOOKUP('תפוקה מצטברת מול אשתקד'!A32,אינפניטי!A:G,5,0) -> 0 | J32: =VLOOKUP(A32,הכשרה!A:G,6,0)+VLOOKUP('תפוקה מצטברת מול אשתקד'!A32,מגדל!A:G,6,0)+VLOOKUP('תפוקה מצטברת מול אשתקד'!A32,מנורה!A:G,6,0)+VLOOKUP('תפוקה מצטברת מול אשתקד'!A32,איילון!A:G,6,0)+VLOOKUP(A32,הראל!A:G,6,0)+VLOOKUP('תפוקה מצטברת מול אשתקד'!A32,הפניקס!A:G,6,0)+VLOOKUP('תפוקה מצטברת מול אשתקד'!A32,כלל!A:G,6,0)+VLOOKUP('תפוקה מצטברת מול אשתקד'!A32,מור!A:G,6,0)+VLOOKUP('תפוקה מצטברת מול אשתקד'!A32,'אלטשולר שחם'!A:G,6,0)+VLOOKUP('תפוקה מצטברת מול אשתקד'!A32,'מדיהו '!A:G,6,0)+VLOOKUP('תפוקה מצטברת מול אשתקד'!A32,'אנליסט '!A:G,6,0)+VLOOKUP('תפוקה מצטברת מול אשתקד'!A32,'מיטב דש'!A:G,6,0)+VLOOKUP('תפוקה מצטברת מול אשתקד'!A32,אינפניטי!A:G,6,0) -> 0 | K32: =VLOOKUP(A32,הכשרה!A:G,7,0)+VLOOKUP('תפוקה מצטברת מול אשתקד'!A32,מגדל!A:G,7,0)+VLOOKUP('תפוקה מצטברת מול אשתקד'!A32,מנורה!A:G,7,0)+VLOOKUP('תפוקה מצטברת מול אשתקד'!A32,איילון!A:G,7,0)+VLOOKUP('תפוקה מצטברת מול אשתקד'!A32,הראל!A:G,7,0)+VLOOKUP('תפוקה מצטברת מול אשתקד'!A32,הפניקס!A:G,7,0)+VLOOKUP('תפוקה מצטברת מול אשתקד'!A32,כלל!A:G,7,0)+VLOOKUP('תפוקה מצטברת מול אשתקד'!A32,מור!A:G,7,0)+VLOOKUP('תפוקה מצטברת מול אשתקד'!A32,'אלטשולר שחם'!A:G,7,0)+VLOOKUP('תפוקה מצטברת מול אשתקד'!A32,'מדיהו '!A:K,7,0)+VLOOKUP(A32,'אנליסט '!A:G,7,0)+VLOOKUP('תפוקה מצטברת מול אשתקד'!A32,'מיטב דש'!A:G,7,0)+VLOOKUP('תפוקה מצטברת מול אשתקד'!A32,אינפניטי!A:G,7,0) -> 0 | L32: =VLOOKUP(A32,הכשרה!A:K,8,0)+VLOOKUP('תפוקה מצטברת מול אשתקד'!A32,מגדל!A:K,8,0)+VLOOKUP('תפוקה מצטברת מול אשתקד'!A32,מנורה!A:K,8,0)+VLOOKUP('תפוקה מצטברת מול אשתקד'!A32,איילון!A:K,8,0)+VLOOKUP('תפוקה מצטברת מול אשתקד'!A32,הראל!A:K,8,0)+VLOOKUP('תפוקה מצטברת מול אשתקד'!A32,הפניקס!A:K,8,0)+VLOOKUP('תפוקה מצטברת מול אשתקד'!A32,כלל!A:K,8,0)+VLOOKUP('תפוקה מצטברת מול אשתקד'!A32,מור!A:K,8,0)+VLOOKUP('תפוקה מצטברת מול אשתקד'!A32,'אלטשולר שחם'!A:K,8,0)+VLOOKUP('תפוקה מצטברת מול אשתקד'!A32,'מדיהו '!A:K,8,0)+VLOOKUP('תפוקה מצטברת מול אשתקד'!A32,'אנליסט '!A:K,8,0)+VLOOKUP('תפוקה מצטברת מול אשתקד'!A32,'מיטב דש'!A:K,8,0)+VLOOKUP('תפוקה מצטברת מול אשתקד'!A32,אינפניטי!A:K,8,0) -> 0 | M32: =VLOOKUP(A32,הכשרה!A:K,9,0)+VLOOKUP('תפוקה מצטברת מול אשתקד'!A32,מגדל!A:K,9,0)+VLOOKUP('תפוקה מצטברת מול אשתקד'!A32,מנורה!A:K,9,0)+VLOOKUP('תפוקה מצטברת מול אשתקד'!A32,איילון!A:K,9,0)+VLOOKUP('תפוקה מצטברת מול אשתקד'!A32,הראל!A:K,9,0)+VLOOKUP('תפוקה מצטברת מול אשתקד'!A32,הפניקס!A:K,9,0)+VLOOKUP('תפוקה מצטברת מול אשתקד'!A32,כלל!A:K,9,0)+VLOOKUP('תפוקה מצטברת מול אשתקד'!A32,מור!A:K,9,0)+VLOOKUP('תפוקה מצטברת מול אשתקד'!A32,'אלטשולר שחם'!A:K,9,0)+VLOOKUP('תפוקה מצטברת מול אשתקד'!A32,'מדיהו '!A:K,9,0)+VLOOKUP('תפוקה מצטברת מול אשתקד'!A32,'אנליסט '!A:K,9,0)+VLOOKUP('תפוקה מצטברת מול אשתקד'!A32,'מיטב דש'!A:K,9,0)+VLOOKUP('תפוקה מצטברת מול אשתקד'!A32,אינפניטי!A:K,9,0) -> 876.88 | N32: =VLOOKUP(A32,הכשרה!A:K,10,0)+VLOOKUP('תפוקה מצטברת מול אשתקד'!A32,מגדל!A:K,10,0)+VLOOKUP('תפוקה מצטברת מול אשתקד'!A32,מנורה!A:K,10,0)+VLOOKUP('תפוקה מצטברת מול אשתקד'!A32,איילון!A:K,10,0)+VLOOKUP('תפוקה מצטברת מול אשתקד'!A32,הראל!A:K,10,0)+VLOOKUP('תפוקה מצטברת מול אשתקד'!A32,הפניקס!A:K,10,0)+VLOOKUP('תפוקה מצטברת מול אשתקד'!A32,כלל!A:K,10,0)+VLOOKUP('תפוקה מצטברת מול אשתקד'!A32,מור!A:K,10,0)+VLOOKUP('תפוקה מצטברת מול אשתקד'!A32,'אלטשולר שחם'!A:K,10,0)+VLOOKUP('תפוקה מצטברת מול אשתקד'!A32,'מדיהו '!A:K,10,0)+VLOOKUP('תפוקה מצטברת מול אשתקד'!A32,'אנליסט '!A:K,10,0)+VLOOKUP('תפוקה מצטברת מול אשתקד'!A32,'מיטב דש'!A:K,10,0)+VLOOKUP('תפוקה מצטברת מול אשתקד'!A32,אינפניטי!A:K,10,0) -> 0 | O32: =VLOOKUP(A32,הכשרה!A:K,11,0)+VLOOKUP('תפוקה מצטברת מול אשתקד'!A32,מגדל!A:K,11,0)+VLOOKUP('תפוקה מצטברת מול אשתקד'!A32,מנורה!A:K,11,0)+VLOOKUP('תפוקה מצטברת מול אשתקד'!A32,איילון!A:K,11,0)+VLOOKUP('תפוקה מצטברת מול אשתקד'!A32,הראל!A:K,11,0)+VLOOKUP('תפוקה מצטברת מול אשתקד'!A32,הפניקס!A:K,11,0)+VLOOKUP('תפוקה מצטברת מול אשתקד'!A32,כלל!A:K,11,0)+VLOOKUP('תפוקה מצטברת מול אשתקד'!A32,מור!A:K,11,0)+VLOOKUP('תפוקה מצטברת מול אשתקד'!A32,'אלטשולר שחם'!A:K,11,0)+VLOOKUP('תפוקה מצטברת מול אשתקד'!A32,'מדיהו '!A:K,11,0)+VLOOKUP('תפוקה מצטברת מול אשתקד'!A32,'אנליסט '!A:K,11,0)+VLOOKUP('תפוקה מצטברת מול אשתקד'!A32,'מיטב דש'!A:K,11,0)+VLOOKUP('תפוקה מצטברת מול אשתקד'!A32,אינפניטי!A:K,11,0) -> 0
A33: אלקרינאוי ראוף | B33: ערן גירוני | C33: סוכנים | D33: =IF(H33=0,0%,IF(L33=0,100%,H33/L33-1)) -> 0 | E33: =IF(I33=0,0%,IF(M33=0,100%,I33/M33-1)) -> -0.82091127 | F33: =IF(J33=0,0%,IF(N33=0,100%,J33/N33-1)) -> 0 | G33: =IF(K33=0,0%,IF(O33=H48,100%,K33/O33-1)) -> 0 | H33: =VLOOKUP(A33,הכשרה!A:G,4,0)+VLOOKUP('תפוקה מצטברת מול אשתקד'!A33,מגדל!A:G,4,0)+VLOOKUP('תפוקה מצטברת מול אשתקד'!A33,מנורה!A:G,4,0)+VLOOKUP('תפוקה מצטברת מול אשתקד'!A33,איילון!A:G,4,0)+VLOOKUP('תפוקה מצטברת מול אשתקד'!A33,הראל!A:G,4,0)+VLOOKUP('תפוקה מצטברת מול אשתקד'!A33,הפניקס!A:G,4,0)+VLOOKUP('תפוקה מצטברת מול אשתקד'!A33,כלל!A:G,4,0)+VLOOKUP('תפוקה מצטברת מול אשתקד'!A33,מור!A:G,4,0)+VLOOKUP('תפוקה מצטברת מול אשתקד'!A33,'אלטשולר שחם'!A:G,4,0)+VLOOKUP('תפוקה מצטברת מול אשתקד'!A33,'מדיהו '!A:G,4,0)+VLOOKUP('תפוקה מצטברת מול אשתקד'!A33,'אנליסט '!A:G,4,0)+VLOOKUP('תפוקה מצטברת מול אשתקד'!A33,'מיטב דש'!A:G,4,0)+VLOOKUP('תפוקה מצטברת מול אשתקד'!A33,אינפניטי!A:G,4,0) -> 0 | I33: =VLOOKUP(A33,הכשרה!A:G,5,0)+VLOOKUP('תפוקה מצטברת מול אשתקד'!A33,מגדל!A:G,5,0)+VLOOKUP('תפוקה מצטברת מול אשתקד'!A33,מנורה!A:G,5,0)+VLOOKUP('תפוקה מצטברת מול אשתקד'!A33,איילון!A:G,5,0)+VLOOKUP('תפוקה מצטברת מול אשתקד'!A33,הראל!A:G,5,0)+VLOOKUP('תפוקה מצטברת מול אשתקד'!A33,הפניקס!A:G,5,0)+VLOOKUP('תפוקה מצטברת מול אשתקד'!A33,כלל!A:G,5,0)+VLOOKUP('תפוקה מצטברת מול אשתקד'!A33,מור!A:G,5,0)+VLOOKUP('תפוקה מצטברת מול אשתקד'!A33,'אלטשולר שחם'!A:G,5,0)+VLOOKUP('תפוקה מצטברת מול אשתקד'!A33,'מדיהו '!A:G,5,0)+VLOOKUP('תפוקה מצטברת מול אשתקד'!A33,'אנליסט '!A:G,5,0)+VLOOKUP('תפוקה מצטברת מול אשתקד'!A33,'מיטב דש'!A:G,5,0)+VLOOKUP('תפוקה מצטברת מול אשתקד'!A33,אינפניטי!A:G,5,0) -> 3036.31 | J33: =VLOOKUP(A33,הכשרה!A:G,6,0)+VLOOKUP('תפוקה מצטברת מול אשתקד'!A33,מגדל!A:G,6,0)+VLOOKUP('תפוקה מצטברת מול אשתקד'!A33,מנורה!A:G,6,0)+VLOOKUP('תפוקה מצטברת מול אשתקד'!A33,איילון!A:G,6,0)+VLOOKUP(A33,הראל!A:G,6,0)+VLOOKUP('תפוקה מצטברת מול אשתקד'!A33,הפניקס!A:G,6,0)+VLOOKUP('תפוקה מצטברת מול אשתקד'!A33,כלל!A:G,6,0)+VLOOKUP('תפוקה מצטברת מול אשתקד'!A33,מור!A:G,6,0)+VLOOKUP('תפוקה מצטברת מול אשתקד'!A33,'אלטשולר שחם'!A:G,6,0)+VLOOKUP('תפוקה מצטברת מול אשתקד'!A33,'מדיהו '!A:G,6,0)+VLOOKUP('תפוקה מצטברת מול אשתקד'!A33,'אנליסט '!A:G,6,0)+VLOOKUP('תפוקה מצטברת מול אשתקד'!A33,'מיטב דש'!A:G,6,0)+VLOOKUP('תפוקה מצטברת מול אשתקד'!A33,אינפניטי!A:G,6,0) -> 0 | K33: =VLOOKUP(A33,הכשרה!A:G,7,0)+VLOOKUP('תפוקה מצטברת מול אשתקד'!A33,מגדל!A:G,7,0)+VLOOKUP('תפוקה מצטברת מול אשתקד'!A33,מנורה!A:G,7,0)+VLOOKUP('תפוקה מצטברת מול אשתקד'!A33,איילון!A:G,7,0)+VLOOKUP('תפוקה מצטברת מול אשתקד'!A33,הראל!A:G,7,0)+VLOOKUP('תפוקה מצטברת מול אשתקד'!A33,הפניקס!A:G,7,0)+VLOOKUP('תפוקה מצטברת מול אשתקד'!A33,כלל!A:G,7,0)+VLOOKUP('תפוקה מצטברת מול אשתקד'!A33,מור!A:G,7,0)+VLOOKUP('תפוקה מצטברת מול אשתקד'!A33,'אלטשולר שחם'!A:G,7,0)+VLOOKUP('תפוקה מצטברת מול אשתקד'!A33,'מדיהו '!A:K,7,0)+VLOOKUP(A33,'אנליסט '!A:G,7,0)+VLOOKUP('תפוקה מצטברת מול אשתקד'!A33,'מיטב דש'!A:G,7,0)+VLOOKUP('תפוקה מצטברת מול אשתקד'!A33,אינפניטי!A:G,7,0) -> 0 | L33: =VLOOKUP(A33,הכשרה!A:K,8,0)+VLOOKUP('תפוקה מצטברת מול אשתקד'!A33,מגדל!A:K,8,0)+VLOOKUP('תפוקה מצטברת מול אשתקד'!A33,מנורה!A:K,8,0)+VLOOKUP('תפוקה מצטברת מול אשתקד'!A33,איילון!A:K,8,0)+VLOOKUP('תפוקה מצטברת מול אשתקד'!A33,הראל!A:K,8,0)+VLOOKUP('תפוקה מצטברת מול אשתקד'!A33,הפניקס!A:K,8,0)+VLOOKUP('תפוקה מצטברת מול אשתקד'!A33,כלל!A:K,8,0)+VLOOKUP('תפוקה מצטברת מול אשתקד'!A33,מור!A:K,8,0)+VLOOKUP('תפוקה מצטברת מול אשתקד'!A33,'אלטשולר שחם'!A:K,8,0)+VLOOKUP('תפוקה מצטברת מול אשתקד'!A33,'מדיהו '!A:K,8,0)+VLOOKUP('תפוקה מצטברת מול אשתקד'!A33,'אנליסט '!A:K,8,0)+VLOOKUP('תפוקה מצטברת מול אשתקד'!A33,'מיטב דש'!A:K,8,0)+VLOOKUP('תפוקה מצטברת מול אשתקד'!A33,אינפניטי!A:K,8,0) -> 0 | M33: =VLOOKUP(A33,הכשרה!A:K,9,0)+VLOOKUP('תפוקה מצטברת מול אשתקד'!A33,מגדל!A:K,9,0)+VLOOKUP('תפוקה מצטברת מול אשתקד'!A33,מנורה!A:K,9,0)+VLOOKUP('תפוקה מצטברת מול אשתקד'!A33,איילון!A:K,9,0)+VLOOKUP('תפוקה מצטברת מול אשתקד'!A33,הראל!A:K,9,0)+VLOOKUP('תפוקה מצטברת מול אשתקד'!A33,הפניקס!A:K,9,0)+VLOOKUP('תפוקה מצטברת מול אשתקד'!A33,כלל!A:K,9,0)+VLOOKUP('תפוקה מצטברת מול אשתקד'!A33,מור!A:K,9,0)+VLOOKUP('תפוקה מצטברת מול אשתקד'!A33,'אלטשולר שחם'!A:K,9,0)+VLOOKUP('תפוקה מצטברת מול אשתקד'!A33,'מדיהו '!A:K,9,0)+VLOOKUP('תפוקה מצטברת מול אשתקד'!A33,'אנליסט '!A:K,9,0)+VLOOKUP('תפוקה מצטברת מול אשתקד'!A33,'מיטב דש'!A:K,9,0)+VLOOKUP('תפוקה מצטברת מול אשתקד'!A33,אינפניטי!A:K,9,0) -> 16954.221 | N33: =VLOOKUP(A33,הכשרה!A:K,10,0)+VLOOKUP('תפוקה מצטברת מול אשתקד'!A33,מגדל!A:K,10,0)+VLOOKUP('תפוקה מצטברת מול אשתקד'!A33,מנורה!A:K,10,0)+VLOOKUP('תפוקה מצטברת מול אשתקד'!A33,איילון!A:K,10,0)+VLOOKUP('תפוקה מצטברת מול אשתקד'!A33,הראל!A:K,10,0)+VLOOKUP('תפוקה מצטברת מול אשתקד'!A33,הפניקס!A:K,10,0)+VLOOKUP('תפוקה מצטברת מול אשתקד'!A33,כלל!A:K,10,0)+VLOOKUP('תפוקה מצטברת מול אשתקד'!A33,מור!A:K,10,0)+VLOOKUP('תפוקה מצטברת מול אשתקד'!A33,'אלטשולר שחם'!A:K,10,0)+VLOOKUP('תפוקה מצטברת מול אשתקד'!A33,'מדיהו '!A:K,10,0)+VLOOKUP('תפוקה מצטברת מול אשתקד'!A33,'אנליסט '!A:K,10,0)+VLOOKUP('תפוקה מצטברת מול אשתקד'!A33,'מיטב דש'!A:K,10,0)+VLOOKUP('תפוקה מצטברת מול אשתקד'!A33,אינפניטי!A:K,10,0) -> 0 | O33: =VLOOKUP(A33,הכשרה!A:K,11,0)+VLOOKUP('תפוקה מצטברת מול אשתקד'!A33,מגדל!A:K,11,0)+VLOOKUP('תפוקה מצטברת מול אשתקד'!A33,מנורה!A:K,11,0)+VLOOKUP('תפוקה מצטברת מול אשתקד'!A33,איילון!A:K,11,0)+VLOOKUP('תפוקה מצטברת מול אשתקד'!A33,הראל!A:K,11,0)+VLOOKUP('תפוקה מצטברת מול אשתקד'!A33,הפניקס!A:K,11,0)+VLOOKUP('תפוקה מצטברת מול אשתקד'!A33,כלל!A:K,11,0)+VLOOKUP('תפוקה מצטברת מול אשתקד'!A33,מור!A:K,11,0)+VLOOKUP('תפוקה מצטברת מול אשתקד'!A33,'אלטשולר שחם'!A:K,11,0)+VLOOKUP('תפוקה מצטברת מול אשתקד'!A33,'מדיהו '!A:K,11,0)+VLOOKUP('תפוקה מצטברת מול אשתקד'!A33,'אנליסט '!A:K,11,0)+VLOOKUP('תפוקה מצטברת מול אשתקד'!A33,'מיטב דש'!A:K,11,0)+VLOOKUP('תפוקה מצטברת מול אשתקד'!A33,אינפניטי!A:K,11,0) -> 0
A34: דאי גדי | B34: ערן גירוני | C34: סוכנים | D34: =IF(H34=0,0%,IF(L34=0,100%,H34/L34-1)) -> -0.55934771 | E34: =IF(I34=0,0%,IF(M34=0,100%,I34/M34-1)) -> -0.57417025 | F34: =IF(J34=0,0%,IF(N34=0,100%,J34/N34-1)) -> -0.70340392 | G34: =IF(K34=0,0%,IF(O34=H49,100%,K34/O34-1)) -> 0 | H34: =VLOOKUP(A34,הכשרה!A:G,4,0)+VLOOKUP('תפוקה מצטברת מול אשתקד'!A34,מגדל!A:G,4,0)+VLOOKUP('תפוקה מצטברת מול אשתקד'!A34,מנורה!A:G,4,0)+VLOOKUP('תפוקה מצטברת מול אשתקד'!A34,איילון!A:G,4,0)+VLOOKUP('תפוקה מצטברת מול אשתקד'!A34,הראל!A:G,4,0)+VLOOKUP('תפוקה מצטברת מול אשתקד'!A34,הפניקס!A:G,4,0)+VLOOKUP('תפוקה מצטברת מול אשתקד'!A34,כלל!A:G,4,0)+VLOOKUP('תפוקה מצטברת מול אשתקד'!A34,מור!A:G,4,0)+VLOOKUP('תפוקה מצטברת מול אשתקד'!A34,'אלטשולר שחם'!A:G,4,0)+VLOOKUP('תפוקה מצטברת מול אשתקד'!A34,'מדיהו '!A:G,4,0)+VLOOKUP('תפוקה מצטברת מול אשתקד'!A34,'אנליסט '!A:G,4,0)+VLOOKUP('תפוקה מצטברת מול אשתקד'!A34,'מיטב דש'!A:G,4,0)+VLOOKUP('תפוקה מצטברת מול אשתקד'!A34,אינפניטי!A:G,4,0) -> 215049.87 | I34: =VLOOKUP(A34,הכשרה!A:G,5,0)+VLOOKUP('תפוקה מצטברת מול אשתקד'!A34,מגדל!A:G,5,0)+VLOOKUP('תפוקה מצטברת מול אשתקד'!A34,מנורה!A:G,5,0)+VLOOKUP('תפוקה מצטברת מול אשתקד'!A34,איילון!A:G,5,0)+VLOOKUP('תפוקה מצטברת מול אשתקד'!A34,הראל!A:G,5,0)+VLOOKUP('תפוקה מצטברת מול אשתקד'!A34,הפניקס!A:G,5,0)+VLOOKUP('תפוקה מצטברת מול אשתקד'!A34,כלל!A:G,5,0)+VLOOKUP('תפוקה מצטברת מול אשתקד'!A34,מור!A:G,5,0)+VLOOKUP('תפוקה מצטברת מול אשתקד'!A34,'אלטשולר שחם'!A:G,5,0)+VLOOKUP('תפוקה מצטברת מול אשתקד'!A34,'מדיהו '!A:G,5,0)+VLOOKUP('תפוקה מצטברת מול אשתקד'!A34,'אנליסט '!A:G,5,0)+VLOOKUP('תפוקה מצטברת מול אשתקד'!A34,'מיטב דש'!A:G,5,0)+VLOOKUP('תפוקה מצטברת מול אשתקד'!A34,אינפניטי!A:G,5,0) -> 10267.085 | J34: =VLOOKUP(A34,הכשרה!A:G,6,0)+VLOOKUP('תפוקה מצטברת מול אשתקד'!A34,מגדל!A:G,6,0)+VLOOKUP('תפוקה מצטברת מול אשתקד'!A34,מנורה!A:G,6,0)+VLOOKUP('תפוקה מצטברת מול אשתקד'!A34,איילון!A:G,6,0)+VLOOKUP(A34,הראל!A:G,6,0)+VLOOKUP('תפוקה מצטברת מול אשתקד'!A34,הפניקס!A:G,6,0)+VLOOKUP('תפוקה מצטברת מול אשתקד'!A34,כלל!A:G,6,0)+VLOOKUP('תפוקה מצטברת מול אשתקד'!A34,מור!A:G,6,0)+VLOOKUP('תפוקה מצטברת מול אשתקד'!A34,'אלטשולר שחם'!A:G,6,0)+VLOOKUP('תפוקה מצטברת מול אשתקד'!A34,'מדיהו '!A:G,6,0)+VLOOKUP('תפוקה מצטברת מול אשתקד'!A34,'אנליסט '!A:G,6,0)+VLOOKUP('תפוקה מצטברת מול אשתקד'!A34,'מיטב דש'!A:G,6,0)+VLOOKUP('תפוקה מצטברת מול אשתקד'!A34,אינפניטי!A:G,6,0) -> 751975.26 | K34: =VLOOKUP(A34,הכשרה!A:G,7,0)+VLOOKUP('תפוקה מצטברת מול אשתקד'!A34,מגדל!A:G,7,0)+VLOOKUP('תפוקה מצטברת מול אשתקד'!A34,מנורה!A:G,7,0)+VLOOKUP('תפוקה מצטברת מול אשתקד'!A34,איילון!A:G,7,0)+VLOOKUP('תפוקה מצטברת מול אשתקד'!A34,הראל!A:G,7,0)+VLOOKUP('תפוקה מצטברת מול אשתקד'!A34,הפניקס!A:G,7,0)+VLOOKUP('תפוקה מצטברת מול אשתקד'!A34,כלל!A:G,7,0)+VLOOKUP('תפוקה מצטברת מול אשתקד'!A34,מור!A:G,7,0)+VLOOKUP('תפוקה מצטברת מול אשתקד'!A34,'אלטשולר שחם'!A:G,7,0)+VLOOKUP('תפוקה מצטברת מול אשתקד'!A34,'מדיהו '!A:K,7,0)+VLOOKUP(A34,'אנליסט '!A:G,7,0)+VLOOKUP('תפוקה מצטברת מול אשתקד'!A34,'מיטב דש'!A:G,7,0)+VLOOKUP('תפוקה מצטברת מול אשתקד'!A34,אינפניטי!A:G,7,0) -> 0 | L34: =VLOOKUP(A34,הכשרה!A:K,8,0)+VLOOKUP('תפוקה מצטברת מול אשתקד'!A34,מגדל!A:K,8,0)+VLOOKUP('תפוקה מצטברת מול אשתקד'!A34,מנורה!A:K,8,0)+VLOOKUP('תפוקה מצטברת מול אשתקד'!A34,איילון!A:K,8,0)+VLOOKUP('תפוקה מצטברת מול אשתקד'!A34,הראל!A:K,8,0)+VLOOKUP('תפוקה מצטברת מול אשתקד'!A34,הפניקס!A:K,8,0)+VLOOKUP('תפוקה מצטברת מול אשתקד'!A34,כלל!A:K,8,0)+VLOOKUP('תפוקה מצטברת מול אשתקד'!A34,מור!A:K,8,0)+VLOOKUP('תפוקה מצטברת מול אשתקד'!A34,'אלטשולר שחם'!A:K,8,0)+VLOOKUP('תפוקה מצטברת מול אשתקד'!A34,'מדיהו '!A:K,8,0)+VLOOKUP('תפוקה מצטברת מול אשתקד'!A34,'אנליסט '!A:K,8,0)+VLOOKUP('תפוקה מצטברת מול אשתקד'!A34,'מיטב דש'!A:K,8,0)+VLOOKUP('תפוקה מצטברת מול אשתקד'!A34,אינפניטי!A:K,8,0) -> 488026.22 | M34: =VLOOKUP(A34,הכשרה!A:K,9,0)+VLOOKUP('תפוקה מצטברת מול אשתקד'!A34,מגדל!A:K,9,0)+VLOOKUP('תפוקה מצטברת מול אשתקד'!A34,מנורה!A:K,9,0)+VLOOKUP('תפוקה מצטברת מול אשתקד'!A34,איילון!A:K,9,0)+VLOOKUP('תפוקה מצטברת מול אשתקד'!A34,הראל!A:K,9,0)+VLOOKUP('תפוקה מצטברת מול אשתקד'!A34,הפניקס!A:K,9,0)+VLOOKUP('תפוקה מצטברת מול אשתקד'!A34,כלל!A:K,9,0)+VLOOKUP('תפוקה מצטברת מול אשתקד'!A34,מור!A:K,9,0)+VLOOKUP('תפוקה מצטברת מול אשתקד'!A34,'אלטשולר שחם'!A:K,9,0)+VLOOKUP('תפוקה מצטברת מול אשתקד'!A34,'מדיהו '!A:K,9,0)+VLOOKUP('תפוקה מצטברת מול אשתקד'!A34,'אנליסט '!A:K,9,0)+VLOOKUP('תפוקה מצטברת מול אשתקד'!A34,'מיטב דש'!A:K,9,0)+VLOOKUP('תפוקה מצטברת מול אשתקד'!A34,אינפניטי!A:K,9,0) -> 24110.774 | N34: =VLOOKUP(A34,הכשרה!A:K,10,0)+VLOOKUP('תפוקה מצטברת מול אשתקד'!A34,מגדל!A:K,10,0)+VLOOKUP('תפוקה מצטברת מול אשתקד'!A34,מנורה!A:K,10,0)+VLOOKUP('תפוקה מצטברת מול אשתקד'!A34,איילון!A:K,10,0)+VLOOKUP('תפוקה מצטברת מול אשתקד'!A34,הראל!A:K,10,0)+VLOOKUP('תפוקה מצטברת מול אשתקד'!A34,הפניקס!A:K,10,0)+VLOOKUP('תפוקה מצטברת מול אשתקד'!A34,כלל!A:K,10,0)+VLOOKUP('תפוקה מצטברת מול אשתקד'!A34,מור!A:K,10,0)+VLOOKUP('תפוקה מצטברת מול אשתקד'!A34,'אלטשולר שחם'!A:K,10,0)+VLOOKUP('תפוקה מצטברת מול אשתקד'!A34,'מדיהו '!A:K,10,0)+VLOOKUP('תפוקה מצטברת מול אשתקד'!A34,'אנליסט '!A:K,10,0)+VLOOKUP('תפוקה מצטברת מול אשתקד'!A34,'מיטב דש'!A:K,10,0)+VLOOKUP('תפוקה מצטברת מול אשתקד'!A34,אינפניטי!A:K,10,0) -> 2535351.3 | O34: =VLOOKUP(A34,הכשרה!A:K,11,0)+VLOOKUP('תפוקה מצטברת מול אשתקד'!A34,מגדל!A:K,11,0)+VLOOKUP('תפוקה מצטברת מול אשתקד'!A34,מנורה!A:K,11,0)+VLOOKUP('תפוקה מצטברת מול אשתקד'!A34,איילון!A:K,11,0)+VLOOKUP('תפוקה מצטברת מול אשתקד'!A34,הראל!A:K,11,0)+VLOOKUP('תפוקה מצטברת מול אשתקד'!A34,הפניקס!A:K,11,0)+VLOOKUP('תפוקה מצטברת מול אשתקד'!A34,כלל!A:K,11,0)+VLOOKUP('תפוקה מצטברת מול אשתקד'!A34,מור!A:K,11,0)+VLOOKUP('תפוקה מצטברת מול אשתקד'!A34,'אלטשולר שחם'!A:K,11,0)+VLOOKUP('תפוקה מצטברת מול אשתקד'!A34,'מדיהו '!A:K,11,0)+VLOOKUP('תפוקה מצטברת מול אשתקד'!A34,'אנליסט '!A:K,11,0)+VLOOKUP('תפוקה מצטברת מול אשתקד'!A34,'מיטב דש'!A:K,11,0)+VLOOKUP('תפוקה מצטברת מול אשתקד'!A34,אינפניטי!A:K,11,0) -> 4417544.9
A35: מילאד אבו שקארה | B35: ערן גירוני | C35: סוכנים | D35: =IF(H35=0,0%,IF(L35=0,100%,H35/L35-1)) -> 0 | E35: =IF(I35=0,0%,IF(M35=0,100%,I35/M35-1)) -> 0 | F35: =IF(J35=0,0%,IF(N35=0,100%,J35/N35-1)) -> 0 | G35: =IF(K35=0,0%,IF(O35=H50,100%,K35/O35-1)) -> 0 | H35: =VLOOKUP(A35,הכשרה!A:G,4,0)+VLOOKUP('תפוקה מצטברת מול אשתקד'!A35,מגדל!A:G,4,0)+VLOOKUP('תפוקה מצטברת מול אשתקד'!A35,מנורה!A:G,4,0)+VLOOKUP('תפוקה מצטברת מול אשתקד'!A35,איילון!A:G,4,0)+VLOOKUP('תפוקה מצטברת מול אשתקד'!A35,הראל!A:G,4,0)+VLOOKUP('תפוקה מצטברת מול אשתקד'!A35,הפניקס!A:G,4,0)+VLOOKUP('תפוקה מצטברת מול אשתקד'!A35,כלל!A:G,4,0)+VLOOKUP('תפוקה מצטברת מול אשתקד'!A35,מור!A:G,4,0)+VLOOKUP('תפוקה מצטברת מול אשתקד'!A35,'אלטשולר שחם'!A:G,4,0)+VLOOKUP('תפוקה מצטברת מול אשתקד'!A35,'מדיהו '!A:G,4,0)+VLOOKUP('תפוקה מצטברת מול אשתקד'!A35,'אנליסט '!A:G,4,0)+VLOOKUP('תפוקה מצטברת מול אשתקד'!A35,'מיטב דש'!A:G,4,0)+VLOOKUP('תפוקה מצטברת מול אשתקד'!A35,אינפניטי!A:G,4,0) -> 0 | I35: =VLOOKUP(A35,הכשרה!A:G,5,0)+VLOOKUP('תפוקה מצטברת מול אשתקד'!A35,מגדל!A:G,5,0)+VLOOKUP('תפוקה מצטברת מול אשתקד'!A35,מנורה!A:G,5,0)+VLOOKUP('תפוקה מצטברת מול אשתקד'!A35,איילון!A:G,5,0)+VLOOKUP('תפוקה מצטברת מול אשתקד'!A35,הראל!A:G,5,0)+VLOOKUP('תפוקה מצטברת מול אשתקד'!A35,הפניקס!A:G,5,0)+VLOOKUP('תפוקה מצטברת מול אשתקד'!A35,כלל!A:G,5,0)+VLOOKUP('תפוקה מצטברת מול אשתקד'!A35,מור!A:G,5,0)+VLOOKUP('תפוקה מצטברת מול אשתקד'!A35,'אלטשולר שחם'!A:G,5,0)+VLOOKUP('תפוקה מצטברת מול אשתקד'!A35,'מדיהו '!A:G,5,0)+VLOOKUP('תפוקה מצטברת מול אשתקד'!A35,'אנליסט '!A:G,5,0)+VLOOKUP('תפוקה מצטברת מול אשתקד'!A35,'מיטב דש'!A:G,5,0)+VLOOKUP('תפוקה מצטברת מול אשתקד'!A35,אינפניטי!A:G,5,0) -> 0 | J35: =VLOOKUP(A35,הכשרה!A:G,6,0)+VLOOKUP('תפוקה מצטברת מול אשתקד'!A35,מגדל!A:G,6,0)+VLOOKUP('תפוקה מצטברת מול אשתקד'!A35,מנורה!A:G,6,0)+VLOOKUP('תפוקה מצטברת מול אשתקד'!A35,איילון!A:G,6,0)+VLOOKUP(A35,הראל!A:G,6,0)+VLOOKUP('תפוקה מצטברת מול אשתקד'!A35,הפניקס!A:G,6,0)+VLOOKUP('תפוקה מצטברת מול אשתקד'!A35,כלל!A:G,6,0)+VLOOKUP('תפוקה מצטברת מול אשתקד'!A35,מור!A:G,6,0)+VLOOKUP('תפוקה מצטברת מול אשתקד'!A35,'אלטשולר שחם'!A:G,6,0)+VLOOKUP('תפוקה מצטברת מול אשתקד'!A35,'מדיהו '!A:G,6,0)+VLOOKUP('תפוקה מצטברת מול אשתקד'!A35,'אנליסט '!A:G,6,0)+VLOOKUP('תפוקה מצטברת מול אשתקד'!A35,'מיטב דש'!A:G,6,0)+VLOOKUP('תפוקה מצטברת מול אשתקד'!A35,אינפניטי!A:G,6,0) -> 0 | K35: =VLOOKUP(A35,הכשרה!A:G,7,0)+VLOOKUP('תפוקה מצטברת מול אשתקד'!A35,מגדל!A:G,7,0)+VLOOKUP('תפוקה מצטברת מול אשתקד'!A35,מנורה!A:G,7,0)+VLOOKUP('תפוקה מצטברת מול אשתקד'!A35,איילון!A:G,7,0)+VLOOKUP('תפוקה מצטברת מול אשתקד'!A35,הראל!A:G,7,0)+VLOOKUP('תפוקה מצטברת מול אשתקד'!A35,הפניקס!A:G,7,0)+VLOOKUP('תפוקה מצטברת מול אשתקד'!A35,כלל!A:G,7,0)+VLOOKUP('תפוקה מצטברת מול אשתקד'!A35,מור!A:G,7,0)+VLOOKUP('תפוקה מצטברת מול אשתקד'!A35,'אלטשולר שחם'!A:G,7,0)+VLOOKUP('תפוקה מצטברת מול אשתקד'!A35,'מדיהו '!A:K,7,0)+VLOOKUP(A35,'אנליסט '!A:G,7,0)+VLOOKUP('תפוקה מצטברת מול אשתקד'!A35,'מיטב דש'!A:G,7,0)+VLOOKUP('תפוקה מצטברת מול אשתקד'!A35,אינפניטי!A:G,7,0) -> 0 | L35: =VLOOKUP(A35,הכשרה!A:K,8,0)+VLOOKUP('תפוקה מצטברת מול אשתקד'!A35,מגדל!A:K,8,0)+VLOOKUP('תפוקה מצטברת מול אשתקד'!A35,מנורה!A:K,8,0)+VLOOKUP('תפוקה מצטברת מול אשתקד'!A35,איילון!A:K,8,0)+VLOOKUP('תפוקה מצטברת מול אשתקד'!A35,הראל!A:K,8,0)+VLOOKUP('תפוקה מצטברת מול אשתקד'!A35,הפניקס!A:K,8,0)+VLOOKUP('תפוקה מצטברת מול אשתקד'!A35,כלל!A:K,8,0)+VLOOKUP('תפוקה מצטברת מול אשתקד'!A35,מור!A:K,8,0)+VLOOKUP('תפוקה מצטברת מול אשתקד'!A35,'אלטשולר שחם'!A:K,8,0)+VLOOKUP('תפוקה מצטברת מול אשתקד'!A35,'מדיהו '!A:K,8,0)+VLOOKUP('תפוקה מצטברת מול אשתקד'!A35,'אנליסט '!A:K,8,0)+VLOOKUP('תפוקה מצטברת מול אשתקד'!A35,'מיטב דש'!A:K,8,0)+VLOOKUP('תפוקה מצטברת מול אשתקד'!A35,אינפניטי!A:K,8,0) -> 4623.51 | M35: =VLOOKUP(A35,הכשרה!A:K,9,0)+VLOOKUP('תפוקה מצטברת מול אשתקד'!A35,מגדל!A:K,9,0)+VLOOKUP('תפוקה מצטברת מול אשתקד'!A35,מנורה!A:K,9,0)+VLOOKUP('תפוקה מצטברת מול אשתקד'!A35,איילון!A:K,9,0)+VLOOKUP('תפוקה מצטברת מול אשתקד'!A35,הראל!A:K,9,0)+VLOOKUP('תפוקה מצטברת מול אשתקד'!A35,הפניקס!A:K,9,0)+VLOOKUP('תפוקה מצטברת מול אשתקד'!A35,כלל!A:K,9,0)+VLOOKUP('תפוקה מצטברת מול אשתקד'!A35,מור!A:K,9,0)+VLOOKUP('תפוקה מצטברת מול אשתקד'!A35,'אלטשולר שחם'!A:K,9,0)+VLOOKUP('תפוקה מצטברת מול אשתקד'!A35,'מדיהו '!A:K,9,0)+VLOOKUP('תפוקה מצטברת מול אשתקד'!A35,'אנליסט '!A:K,9,0)+VLOOKUP('תפוקה מצטברת מול אשתקד'!A35,'מיטב דש'!A:K,9,0)+VLOOKUP('תפוקה מצטברת מול אשתקד'!A35,אינפניטי!A:K,9,0) -> 2433.31 | N35: =VLOOKUP(A35,הכשרה!A:K,10,0)+VLOOKUP('תפוקה מצטברת מול אשתקד'!A35,מגדל!A:K,10,0)+VLOOKUP('תפוקה מצטברת מול אשתקד'!A35,מנורה!A:K,10,0)+VLOOKUP('תפוקה מצטברת מול אשתקד'!A35,איילון!A:K,10,0)+VLOOKUP('תפוקה מצטברת מול אשתקד'!A35,הראל!A:K,10,0)+VLOOKUP('תפוקה מצטברת מול אשתקד'!A35,הפניקס!A:K,10,0)+VLOOKUP('תפוקה מצטברת מול אשתקד'!A35,כלל!A:K,10,0)+VLOOKUP('תפוקה מצטברת מול אשתקד'!A35,מור!A:K,10,0)+VLOOKUP('תפוקה מצטברת מול אשתקד'!A35,'אלטשולר שחם'!A:K,10,0)+VLOOKUP('תפוקה מצטברת מול אשתקד'!A35,'מדיהו '!A:K,10,0)+VLOOKUP('תפוקה מצטברת מול אשתקד'!A35,'אנליסט '!A:K,10,0)+VLOOKUP('תפוקה מצטברת מול אשתקד'!A35,'מיטב דש'!A:K,10,0)+VLOOKUP('תפוקה מצטברת מול אשתקד'!A35,אינפניטי!A:K,10,0) -> 0 | O35: =VLOOKUP(A35,הכשרה!A:K,11,0)+VLOOKUP('תפוקה מצטברת מול אשתקד'!A35,מגדל!A:K,11,0)+VLOOKUP('תפוקה מצטברת מול אשתקד'!A35,מנורה!A:K,11,0)+VLOOKUP('תפוקה מצטברת מול אשתקד'!A35,איילון!A:K,11,0)+VLOOKUP('תפוקה מצטברת מול אשתקד'!A35,הראל!A:K,11,0)+VLOOKUP('תפוקה מצטברת מול אשתקד'!A35,הפניקס!A:K,11,0)+VLOOKUP('תפוקה מצטברת מול אשתקד'!A35,כלל!A:K,11,0)+VLOOKUP('תפוקה מצטברת מול אשתקד'!A35,מור!A:K,11,0)+VLOOKUP('תפוקה מצטברת מול אשתקד'!A35,'אלטשולר שחם'!A:K,11,0)+VLOOKUP('תפוקה מצטברת מול אשתקד'!A35,'מדיהו '!A:K,11,0)+VLOOKUP('תפוקה מצטברת מול אשתקד'!A35,'אנליסט '!A:K,11,0)+VLOOKUP('תפוקה מצטברת מול אשתקד'!A35,'מיטב דש'!A:K,11,0)+VLOOKUP('תפוקה מצטברת מול אשתקד'!A35,אינפניטי!A:K,11,0) -> 0
