Workbook

Sheet דוח הנהלה
A2: תפוקה חודשית לפי קבוצות | O2: עולים בולטים
A3: קבוצה | B3: תפוקה חודשית 02/2025 | F3: השגת יעדים חודשי % | O3: סוכן | P3: שינוי % מול תקופה חופפת אשתקד | Q3: עליה מול תקופה חופפת אשתקד | R3: תפוקה מצטברת - 2025
B4: פנסיוני | C4: סיכונים | D4: פיננסים | E4: ניודי פנסיה | F4: פנסיוני | G4: סיכונים | H4: פיננסים | I4: ניודי פנסיה
A5: ישירים | B5: ='תפוקה מול יעד חודשי'!L8 -> 4523633.4 | C5: ='תפוקה מול יעד חודשי'!M8 -> 101250.46 | D5: ='תפוקה מול יעד חודשי'!N8 -> #VALUE! | E5: ='תפוקה מול יעד חודשי'!O8 -> 12763310 | F5: ='תפוקה מול יעד חודשי'!D5 -> 0 | G5: ='תפוקה מול יעד חודשי'!E5 -> -0.62233228 | H5: ='תפוקה מול יעד חודשי'!F5 -> 0 | I5: ='תפוקה מול יעד חודשי'!G5 -> 0
A6: חברות בת | B6: ='תפוקה מול יעד חודשי'!L8 -> 4523633.4 | C6: ='תפוקה מול יעד חודשי'!M21 -> 208214.47 | D6: ='תפוקה מול יעד חודשי'!N21 -> 3700558.7 | E6: ='תפוקה מול יעד חודשי'!O21 -> 1049038.4 | F6: ='תפוקה מול יעד חודשי'!D13 -> 0 | G6: ='תפוקה מול יעד חודשי'!E13 -> -0.82042379 | H6: ='תפוקה מול יעד חודשי'!F13 -> 0 | I6: ='תפוקה מול יעד חודשי'!G13 -> 0
A7: סוכני פרימיום | B7: ='תפוקה מול יעד חודשי'!L71 -> 1633988.4 | C7: ='תפוקה מול יעד חודשי'!M71 -> 354410.19 | D7: ='תפוקה מול יעד חודשי'!N71 -> 7826366.9 | E7: ='תפוקה מול יעד חודשי'!O71 -> 5886428.8 | F7: ='תפוקה מול יעד חודשי'!D70 -> -0.19134767 | G7: ='תפוקה מול יעד חודשי'!E70 -> -0.59457825 | H7: ='תפוקה מול יעד חודשי'!F70 -> 0 | I7: ='תפוקה מול יעד חודשי'!G70 -> 0
A8: סוכנים ערן | B8: ='תפוקה מול יעד חודשי'!L54 -> 1170745.6 | C8: ='תפוקה מול יעד חודשי'!M54 -> 161329.83 | D8: ='תפוקה מול יעד חודשי'!N54 -> 3185106.1 | E8: ='תפוקה מול יעד חודשי'!O54 -> 1368862.9 | F8: ='תפוקה מול יעד חודשי'!D71 -> 0.60194945 | G8: ='תפוקה מול יעד חודשי'!E71 -> 1.8697182 | H8: ='תפוקה מול יעד חודשי'!F71 -> 0.15740416 | I8: ='תפוקה מול יעד חודשי'!G71 -> 0.70621124
A9: סוכנים איתי | B9: ='תפוקה מול יעד חודשי'!L62 -> 479457.35 | C9: ='תפוקה מול יעד חודשי'!M62 -> 36763.605 | D9: ='תפוקה מול יעד חודשי'!N62 -> 2601598.4 | E9: ='תפוקה מול יעד חודשי'!O62 -> 1524051.4 | F9: ='תפוקה מול יעד חודשי'!D72 -> 0.016721709 | G9: ='תפוקה מול יעד חודשי'!E72 -> 0.02755982 | H9: ='תפוקה מול יעד חודשי'!F72 -> #VALUE! | I9: ='תפוקה מול יעד חודשי'!G72 -> -0.24139059
A10: סה"כ מכירות | B10: =SUM(B5:B8) -> 11852001 | C10: =SUM(C5:C8) -> 825204.95 | D10: =SUM(D5:D8) -> #VALUE! | E10: =SUM(E5:E8) -> 21067640 | F10: ='תפוקה מול יעד חודשי'!D71 -> 0.60194945 | G10: ='תפוקה מול יעד חודשי'!E71 -> 1.8697182 | H10: ='תפוקה מול יעד חודשי'!F71 -> 0.15740416 | I10: ='תפוקה מול יעד חודשי'!G71 -> 0.70621124
A14: תפוקה מצטברת לפי קבוצות | O14: יורדים בולטים
A15: קבוצה | B15: תפוקה מצטברת 02/2025 | F15: שינוי מול אשתקד % | J15: השגת יעדים מצטבר % | O15: סוכן | P15: שינוי % מול תקופה חופפת אשתקד | Q15: ירידה מול תקופה חופפת אשתקד | R15: תפוקה מצטברת - 2025
B16: פנסיוני | C16: סיכונים | D16: פיננסים | E16: ניודי פנסיה | F16: פנסיוני | G16: סיכונים | H16: פיננסים | I16: ניודי פנסיה | J16: פנסיוני | K16: סיכונים | L16: פיננסים | M16: ניודי פנסיה
A17: ישירים | B17: ='תפוקה מצטברת מול אשתקד'!H8 -> 4523633.4 | C17: ='תפוקה מצטברת מול אשתקד'!I8 -> 101644.53 | D17: ='תפוקה מצטברת מול אשתקד'!J8 -> #VALUE! | E17: ='תפוקה מצטברת מול אשתקד'!K8 -> 12763310 | F17: ='תפוקה מצטברת מול אשתקד'!D8 -> 28.730437 | G17: ='תפוקה מצטברת מול אשתקד'!E8 -> -0.24073706 | H17: ='תפוקה מצטברת מול אשתקד'!F8 -> #VALUE! | I17: ='תפוקה מצטברת מול אשתקד'!G8 -> 26.05112 | J17: ='תפוקה מצטברת מול יעד מצטבר'!D8 -> -0.7680188 | K17: ='תפוקה מצטברת מול יעד מצטבר'!E8 -> -0.92211503 | L17: ='תפוקה מצטברת מול יעד מצטבר'!F8 -> #VALUE! | M17: ='תפוקה מצטברת מול יעד מצטבר'!G8 -> 8.8179309
A18: חברות בת | B18: ='תפוקה מצטברת מול אשתקד'!H21 -> 604530.73 | C18: ='תפוקה מצטברת מול אשתקד'!I21 -> 208214.47 | D18: ='תפוקה מצטברת מול אשתקד'!J21 -> 3700558.7 | E18: ='תפוקה מצטברת מול אשתקד'!K21 -> 1049038.4 | F18: ='תפוקה מצטברת מול אשתקד'!D21 -> 15.119026 | G18: ='תפוקה מצטברת מול אשתקד'!E21 -> 1.9064375 | H18: ='תפוקה מצטברת מול אשתקד'!F21 -> 0.56557977 | I18: ='תפוקה מצטברת מול אשתקד'!G21 -> -4.9173303 | J18: ='תפוקה מצטברת מול יעד מצטבר'!D21 -> -0.92249606 | K18: ='תפוקה מצטברת מול יעד מצטבר'!E21 -> -0.9214285 | L18: ='תפוקה מצטברת מול יעד מצטבר'!F21 -> -0.93780574 | M18: ='תפוקה מצטברת מול יעד מצטבר'!G21 -> -0.63826263
A19: סוכני פרימיום | B19: ='תפוקה מצטברת מול אשתקד'!H71 -> 9047266.7 | C19: ='תפוקה מצטברת מול אשתקד'!I71 -> 203289.06 | D19: ='תפוקה מצטברת מול אשתקד'!J71 -> #VALUE! | E19: ='תפוקה מצטברת מול אשתקד'!K71 -> 25526620 | F19: ='תפוקה מצטברת מול אשתקד'!D71 -> 28.730437 | G19: ='תפוקה מצטברת מול אשתקד'!E71 -> -0.24073706 | H19: ='תפוקה מצטברת מול אשתקד'!F71 -> #VALUE! | I19: ='תפוקה מצטברת מול אשתקד'!G62 -> -0.066498251 | J19: ='תפוקה מצטברת מול יעד מצטבר'!D62 -> -0.99982408 | K19: ='תפוקה מצטברת מול יעד מצטבר'!E62 -> -0.96209938 | L19: ='תפוקה מצטברת מול יעד מצטבר'!F62 -> -0.90708577 | M19: ='תפוקה מצטברת מול יעד מצטבר'!G62 -> 0.57118697
A20: סוכנים ערן | B20: ='תפוקה מצטברת מול אשתקד'!H54 -> 1170745.6 | C20: ='תפוקה מצטברת מול אשתקד'!I54 -> 161329.83 | D20: ='תפוקה מצטברת מול אשתקד'!J54 -> 3185106.1 | E20: ='תפוקה מצטברת מול אשתקד'!K54 -> 1368862.9 | F20: ='תפוקה מצטברת מול אשתקד'!D72 -> 6.8334606 | G20: ='תפוקה מצטברת מול אשתקד'!E72 -> -0.096915818 | H20: ='תפוקה מצטברת מול אשתקד'!F72 -> #VALUE! | I20: ='תפוקה מצטברת מול אשתקד'!G71 -> 26.05112 | J20: ='תפוקה מצטברת מול יעד מצטבר'!D71 -> -0.80776607 | K20: ='תפוקה מצטברת מול יעד מצטבר'!E71 -> -0.72737677 | L20: ='תפוקה מצטברת מול יעד מצטבר'!F71 -> -0.84502244 | M20: ='תפוקה מצטברת מול יעד מצטבר'!G71 -> 3.5280221
A21: סוכנים איתי | B21: ='תפוקה מצטברת מול אשתקד'!H62 -> 479457.35 | C21: ='תפוקה מצטברת מול אשתקד'!I62 -> 36763.605 | D21: ='תפוקה מצטברת מול אשתקד'!J62 -> 2601598.4 | E21: ='תפוקה מצטברת מול אשתקד'!K62 -> 1524051.4 | F21: ='תפוקה מצטברת מול אשתקד'!D73 -> 0 | G21: ='תפוקה מצטברת מול אשתקד'!E73 -> 0 | H21: ='תפוקה מצטברת מול אשתקד'!F73 -> 0 | I21: ='תפוקה מצטברת מול אשתקד'!G72 -> 4.2786102 | J21: ='תפוקה מצטברת מול יעד מצטבר'!D72 -> -0.99418317 | K21: ='תפוקה מצטברת מול יעד מצטבר'!E72 -> -0.89755854 | L21: ='תפוקה מצטברת מול יעד מצטבר'!F72 -> #VALUE! | M21: ='תפוקה מצטברת מול יעד מצטבר'!G72 -> 4.5786932
A22: סה"כ מכירות | B22: =SUM(B17:B21) -> 15825634 | C22: =SUM(C17:C21) -> 711241.49 | D22: =SUM(D17:D20) -> #VALUE! | E22: =SUM(E17:E20) -> 40707832 | F22: ='תפוקה מצטברת מול אשתקד'!D72 -> 6.8334606 | G22: ='תפוקה מצטברת מול אשתקד'!E72 -> -0.096915818 | H22: ='תפוקה מצטברת מול אשתקד'!F72 -> #VALUE! | I22: ='תפוקה מצטברת מול יעד מצטבר'!D71 -> -0.80776607 | J22: ='תפוקה מצטברת מול יעד מצטבר'!D72 -> -0.99418317 | K22: ='תפוקה מצטברת מול יעד מצטבר'!E72 -> -0.89755854 | L22: ='תפוקה מצטברת מול יעד מצטבר'!F72 -> #VALUE! | M22: ='תפוקה מצטברת מול יעד מצטבר'!G72 -> 4.5786932
A25: תפוקה מצטברת לפי מפקחים
A26: מפקח | B26: תפוקה מצטברת 02/2025 | F26: שינוי מול אשתקד % | J26: השגת יעדים מצטבר % | N26: תפוקה מצטברת 02/2024 | R26: יעדים מצטבר
B27: פנסיוני | C27: סיכונים | D27: פיננסים | E27: ניודי פנסיה | F27: פנסיוני | G27: סיכונים | H27: פיננסים | I27: ניודי פנסיה | J27: פנסיוני | K27: סיכונים | L27: פיננסים | M27: ניודי פנסיה | N27: פנסיוני | O27: סיכונים | P27: פיננסים | Q27: ניודי פנסיה | R27: פנסיוני | S27: סיכונים | T27: פיננסים | U27: ניודי פנסיה
A28: ערן גירוני | B28: =SUMIF('תפוקה מצטברת מול אשתקד'!$B:$B,'דוח הנהלה'!A28,'תפוקה מצטברת מול אשתקד'!$H:$H) -> 2790102.8 | C28: =SUMIF('תפוקה מצטברת מול אשתקד'!$B:$B,'דוח הנהלה'!B28,'תפוקה מצטברת מול אשתקד'!$H:$H) -> 0 | D28: =SUMIF('תפוקה מצטברת מול אשתקד'!$B:$B,'דוח הנהלה'!C28,'תפוקה מצטברת מול אשתקד'!$H:$H) -> 0 | E28: =SUMIF('תפוקה מצטברת מול אשתקד'!$B:$B,'דוח הנהלה'!D28,'תפוקה מצטברת מול אשתקד'!$H:$H) -> 0 | F28: =(B28-N28)/N28 -> 0.80782666 | G28: =(C28-O28)/O28 -> #DIV/0! | H28: =(D28-P28)/P28 -> #DIV/0! | I28: =(E28-Q28)/Q28 -> #DIV/0! | J28: =(B28-R28)/R28 -> #VALUE! | K28: =(C28-S28)/S28 -> #VALUE! | L28: =(D28-T28)/T28 -> #VALUE! | M28: =(E28-U28)/U28 -> #VALUE! | N28: =SUMIF('תפוקה מצטברת מול אשתקד'!$B:$B,'דוח הנהלה'!A28,'תפוקה מצטברת מול אשתקד'!$L:$L) -> 1543346.4 | R28: =SUMIF([1]גיליון1!$B:$B,A28,[1]גיליון1!$I:$I) -> #VALUE! | S28: =SUMIF([1]גיליון1!$B:$B,A28,[1]גיליון1!$J:$J) -> #VALUE! | T28: =SUMIF([1]גיליון1!$B:$B,A28,[1]גיליון1!$K:$K) -> #VALUE! | U28: =SUMIF([1]גיליון1!$B:$B,A28,[1]גיליון1!$L:$L) -> #VALUE!
A29: לא מפוקחים | B29: =SUMIF('תפוקה מצטברת מול אשתקד'!B:B,'דוח הנהלה'!A29,'תפוקה מצטברת מול אשתקד'!H:H) -> 18.82 | C29: =SUMIF('תפוקה מצטברת מול אשתקד'!C:C,'דוח הנהלה'!B29,'תפוקה מצטברת מול אשתקד'!I:I) -> 0 | F29: =(B29-N29)/N29 -> #DIV/0! | G29: =(C29-O29)/O29 -> #DIV/0! | H29: =(D29-P29)/P29 -> #DIV/0! | I29: =(E29-Q29)/Q29 -> #DIV/0! | J29: =(B29-R29)/R29 -> #VALUE! | K29: =(C29-S29)/S29 -> #VALUE! | L29: =(D29-T29)/T29 -> #VALUE! | M29: =(E29-U29)/U29 -> #VALUE! | N29: =SUMIF('תפוקה מצטברת מול אשתקד'!$B:$B,'דוח הנהלה'!A29,'תפוקה מצטברת מול אשתקד'!$L:$L) -> 0 | O29: =SUMIF('תפוקה מצטברת מול אשתקד'!$B:$B,'דוח הנהלה'!B29,'תפוקה מצטברת מול אשתקד'!$L:$L) -> 0 | P29: =SUMIF('תפוקה מצטברת מול אשתקד'!$B:$B,'דוח הנהלה'!C29,'תפוקה מצטברת מול אשתקד'!$L:$L) -> 0 | Q29: =SUMIF('תפוקה מצטברת מול אשתקד'!$B:$B,'דוח הנהלה'!D29,'תפוקה מצטברת מול אשתקד'!$L:$L) -> 0 | R29: =SUMIF([1]גיליון1!$B:$B,A29,[1]גיליון1!$I:$I) -> #VALUE! | S29: =SUMIF([1]גיליון1!$B:$B,A29,[1]גיליון1!$J:$J) -> #VALUE! | T29: =SUMIF([1]גיליון1!$B:$B,A29,[1]גיליון1!$K:$K) -> #VALUE! | U29: =SUMIF([1]גיליון1!$B:$B,A29,[1]גיליון1!$L:$L) -> #VALUE!
A30: יוסי אביב | B30: =SUMIF('תפוקה מצטברת מול אשתקד'!B:B,'דוח הנהלה'!A30,'תפוקה מצטברת מול אשתקד'!H:H) -> 5142776.5 | C30: =SUMIF('תפוקה מצטברת מול אשתקד'!C:C,'דוח הנהלה'!B30,'תפוקה מצטברת מול אשתקד'!I:I) -> 0 | F30: =(B30-N30)/N30 -> 19.286627 | G30: =(C30-O30)/O30 -> #DIV/0! | H30: =(D30-P30)/P30 -> #DIV/0! | I30: =(E30-Q30)/Q30 -> #DIV/0! | J30: =(B30-R30)/R30 -> #VALUE! | K30: =(C30-S30)/S30 -> #VALUE! | L30: =(D30-T30)/T30 -> #VALUE! | M30: =(E30-U30)/U30 -> #VALUE! | N30: =SUMIF('תפוקה מצטברת מול אשתקד'!$B:$B,'דוח הנהלה'!A30,'תפוקה מצטברת מול אשתקד'!$L:$L) -> 253505.75 | O30: =SUMIF('תפוקה מצטברת מול אשתקד'!$B:$B,'דוח הנהלה'!B30,'תפוקה מצטברת מול אשתקד'!$L:$L) -> 0 | P30: =SUMIF('תפוקה מצטברת מול אשתקד'!$B:$B,'דוח הנהלה'!C30,'תפוקה מצטברת מול אשתקד'!$L:$L) -> 0 | Q30: =SUMIF('תפוקה מצטברת מול אשתקד'!$B:$B,'דוח הנהלה'!D30,'תפוקה מצטברת מול אשתקד'!$L:$L) -> 0 | R30: =SUMIF([1]גיליון1!$B:$B,A30,[1]גיליון1!$I:$I) -> #VALUE! | S30: =SUMIF([1]גיליון1!$B:$B,A30,[1]גיליון1!$J:$J) -> #VALUE! | T30: =SUMIF([1]גיליון1!$B:$B,A30,[1]גיליון1!$K:$K) -> #VALUE! | U30: =SUMIF([1]גיליון1!$B:$B,A30,[1]גיליון1!$L:$L) -> #VALUE!
A31: איתי אדן | B31: =SUMIF('תפוקה מצטברת מול אשתקד'!B:B,'דוח הנהלה'!A31,'תפוקה מצטברת מול אשתקד'!H:H) -> 479457.35 | C31: =SUMIF('תפוקה מצטברת מול אשתקד'!C:C,'דוח הנהלה'!B31,'תפוקה מצטברת מול אשתקד'!I:I) -> 0 | F31: =(B31-N31)/N31 -> 2.7191778 | G31: =(C31-O31)/O31 -> #DIV/0! | H31: =(D31-P31)/P31 -> #DIV/0! | I31: =(E31-Q31)/Q31 -> #DIV/0! | J31: =(B31-R31)/R31 -> #VALUE! | K31: =(C31-S31)/S31 -> #VALUE! | L31: =(D31-T31)/T31 -> #VALUE! | M31: =(E31-U31)/U31 -> #VALUE! | N31: =SUMIF('תפוקה מצטברת מול אשתקד'!$B:$B,'דוח הנהלה'!A31,'תפוקה מצטברת מול אשתקד'!$L:$L) -> 128914.88 | O31: =SUMIF('תפוקה מצטברת מול אשתקד'!$B:$B,'דוח הנהלה'!B31,'תפוקה מצטברת מול אשתקד'!$L:$L) -> 0 | P31: =SUMIF('תפוקה מצטברת מול אשתקד'!$B:$B,'דוח הנהלה'!C31,'תפוקה מצטברת מול אשתקד'!$L:$L) -> 0 | Q31: =SUMIF('תפוקה מצטברת מול אשתקד'!$B:$B,'דוח הנהלה'!D31,'תפוקה מצטברת מול אשתקד'!$L:$L) -> 0 | R31: =SUMIF([1]גיליון1!$B:$B,A31,[1]גיליון1!$I:$I) -> #VALUE! | S31: =SUMIF([1]גיליון1!$B:$B,A31,[1]גיליון1!$J:$J) -> #VALUE! | T31: =SUMIF([1]גיליון1!$B:$B,A31,[1]גיליון1!$K:$K) -> #VALUE! | U31: =SUMIF([1]גיליון1!$B:$B,A31,[1]גיליון1!$L:$L) -> #VALUE!
B32: =SUM(B28:B30) -> 7932898.1 | C32: =SUM(C28:C30) -> 0 | D32: =SUM(D28:D30) -> 0 | E32: =SUM(E28:E30) -> 0 | F32: =(B32-N32)/N32 -> 3.4148863 | G32: =(C32-O32)/O32 -> #DIV/0! | H32: =(D32-P32)/P32 -> #DIV/0! | I32: =(B32-R32)/R32 -> #VALUE! | J32: =(B32-R32)/R32 -> #VALUE! | K32: =(C32-S32)/S32 -> #VALUE! | L32: =(D32-T32)/T32 -> #VALUE! | M32: =(E32-U32)/U32 -> #VALUE! | N32: =SUM(N28:N30) -> 1796852.2 | O32: =SUM(O28:O30) -> 0 | P32: =SUM(P28:P30) -> 0 | Q32: =SUM(Q28:Q30) -> 0 | R32: =SUM(R28:R30) -> #VALUE! | S32: =SUM(S28:S30) -> #VALUE! | T32: =SUM(T28:T30) -> #VALUE! | U32: =SUM(U28:U30) -> #VALUE!
A36: תפוקה מצטברת לפי חברות
A37: קבוצה | B37: תפוקה מצטברת 02/2025 | F37: שינוי מול אשתקד %
B38: פנסיוני | C38: סיכונים | D38: פיננסים | E38: ניודי פנסיה | F38: פנסיוני | G38: סיכונים | H38: פיננסים | I38: ניודי פנסיה
A39: מנורה | B39: =מנורה!D72 -> 1025410.5 | C39: =מנורה!E72 -> 175481.88 | D39: =מנורה!F72 -> 1259568.6 | E39: =מנורה!G72 -> 0 | F39: =מנורה!D72/מנורה!H72-1 -> -0.10619961 | G39: =מנורה!E72/מנורה!I72-1 -> 0.15443236 | H39: =מנורה!F72/מנורה!J72-1 -> -0.76713184 | I39: =מנורה!G72/מנורה!K72-1 -> -1
A40: מגדל | B40: =מגדל!D72 -> 3593862.5 | C40: =מגדל!E72 -> 190669.33 | D40: =מגדל!F72 -> 12313198 | E40: =מגדל!G72 -> 22591692 | F40: =מגדל!D72/מגדל!H72-1 -> -41.138474 | G40: =מגדל!E72/מגדל!I72-1 -> -0.11671208 | H40: =מגדל!F72/מגדל!J72-1 -> -242.1764 | I40: =מגדל!G72/מגדל!K72-1 -> -33.504025
A41: כלל | B41: =כלל!D72 -> 0 | C41: =כלל!E72 -> 0 | D41: =כלל!F72 -> 0 | E41: =כלל!G72 -> 0 | F41: =כלל!D72/כלל!H72-1 -> #DIV/0! | G41: =כלל!E72/כלל!I72-1 -> #DIV/0! | H41: =כלל!F72/כלל!J72-1 -> #DIV/0! | I41: =מגדל!#REF!/מגדל!#REF!-1 -> #REF!
A42: אלטשולר שחם | B42: ='אלטשולר שחם'!D72 -> 0 | C42: ='אלטשולר שחם'!E72 -> 0 | D42: ='אלטשולר שחם'!F72 -> 0 | E42: ='אלטשולר שחם'!G72 -> 0 | F42: ='אלטשולר שחם'!D72/'אלטשולר שחם'!H72-1 -> #DIV/0! | G42: 0 | H42: ='אלטשולר שחם'!F72/'אלטשולר שחם'!J72-1 -> #DIV/0! | I42: 0
A43: מור | B43: =מור!D72 -> 0 | C43: =מור!E72 -> 0 | D43: =מור!F72 -> 654025.8 | E43: =מור!G72 -> 0 | F43: 0 | G43: 0 | H43: =מור!F72/מור!J72-1 -> -0.2335425 | I43: 0
A44: הראל | B44: =הראל!D72 -> 346294 | C44: =הראל!E72 -> 62427 | D44: =הראל!F72 -> 425167 | E44: =הראל!G72 -> 0 | F44: =הראל!D72/הראל!H72-1 -> -0.57264019 | G44: =הראל!E72/הראל!I72-1 -> -0.68416884 | H44: =הראל!F72/הראל!J72-1 -> -0.55430939 | I44: =הראל!G72/הראל!K72-1 -> -1
A45: הפניקס | B45: =הפניקס!D72 -> 3446788.4 | C45: =הפניקס!E72 -> 383484.82 | D45: =הפניקס!F72 -> 6057156.5 | E45: =הפניקס!G72 -> 0 | F45: =הפניקס!D72/הפניקס!H72-1 -> 58.689117 | G45: =הפניקס!E72/הפניקס!I72-1 -> 20.356328 | H45: =הפניקס!F72/הפניקס!J72-1 -> 0.84985443 | I45: =הפניקס!G72/הפניקס!K72-1 -> -1
A46: איילון | B46: =איילון!D72 -> 0 | C46: =איילון!E72 -> 34901.83 | D46: =איילון!F72 -> 0 | E46: =איילון!G72 -> 0 | F46: 1 | G46: =איילון!E72/איילון!I72-1 -> -0.0099021613 | H46: 0 | I46: 0
A47: הכשרה | B47: =הכשרה!D72 -> 0 | C47: =הכשרה!E72 -> 0 | D47: =הכשרה!F72 -> 0 | E47: =הכשרה!G72 -> 0 | F47: 0 | G47: =הכשרה!E72/הכשרה!I72-1 -> #DIV/0! | H47: 1 | I47: 0
A48: מדיהו | B48: ='מדיהו '!D72 -> 0 | C48: ='מדיהו '!E72 -> 2699 | D48: ='מדיהו '!F72 -> 0 | E48: ='מדיהו '!G72 -> 0 | F48: 0 | G48: ='מדיהו '!E72/'מדיהו '!I72-1 -> -50.981481 | H48: 0%0 | I48: 0
A49: אנליסט | B49: ='אנליסט '!D72 -> 0 | C49: ='אנליסט '!E72 -> 0 | D49: ='אנליסט '!F72 -> 521281.47 | E49: ='אנליסט '!G72 -> 0 | F49: 0 | G49: 0 | H49: 0 | I49: 0
A50: מיטב דש | B50: ='מיטב דש'!D72 -> 0 | C50: ='מיטב דש'!E72 -> 0 | D50: ='מיטב דש'!F72 -> 0 | E50: ='מיטב דש'!G72 -> 0 | F50: 0 | G50: 0 | H50: 0 | I50: 0
A51: אינפניטי | B51: =אינפניטי!D72 -> 0 | C51: =אינפניטי!E72 -> 0 | D51: =אינפניטי!F72 -> 0 | E51: =אינפניטי!G72 -> 0 | F51: 0 | G51: 0 | H51: 0 | I51: 0
A52: סה"כ | B52: =SUM(B39:B47) -> 8412355.4 | C52: =SUM(C39:C47) -> 846964.87 | D52: =SUM(D39:D47) -> 20709116 | E52: =SUM(E39:E47) -> 22591692 | F52: =('תפוקה מצטברת מול אשתקד'!H72-'תפוקה מצטברת מול אשתקד'!L72)/'תפוקה מצטברת מול אשתקד'!L72 -> 6.8334606 | G52: =('תפוקה מצטברת מול אשתקד'!I72-'תפוקה מצטברת מול אשתקד'!M72)/'תפוקה מצטברת מול אשתקד'!M72 -> -0.096915818 | H52: =('תפוקה מצטברת מול אשתקד'!J72-'תפוקה מצטברת מול אשתקד'!N72)/'תפוקה מצטברת מול אשתקד'!N72 -> #VALUE! | I52: =('תפוקה מצטברת מול אשתקד'!K72-'תפוקה מצטברת מול אשתקד'!O72)/'תפוקה מצטברת מול אשתקד'!O72 -> 4.2786102

Sheet תפוקה מצטברת מול אשתקד
D1: שינוי מול אשתקד % | H1: תפוקה מצטברת 02/2025 | L1: תפוקה מצטברת 02/2024
A2: שם סוכן | B2: מפקח | C2: מחלקה | D2: פנסיוני | E2: סיכונים | F2: פיננסים | G2: ניודי פנסיה | H2: פנסיוני | I2: סיכונים | J2: פיננסים | K2: ניודי פנסיה | L2: פנסיוני | M2: סיכונים | N2: פיננסים | O2: ניודי פנסיה
A3: גל אלמגור סוכ | B3: יוסי אביב | C3: ישירים | D3: =IF(H3=0,0%,IF(L3=0,100%,H3/L3-1)) -> 29.362022 | E3: =IF(I3=0,0%,IF(M3=0,100%,I3/M3-1)) -> -0.33281701 | F3: =IF(J3=0,0%,IF(N3=G28,100%,J3/N3-1)) -> 8.4234271 | G3: =IF(K3=0,0%,IF(O3=H28,100%,K3/O3-1)) -> -130.35516 | H3: =VLOOKUP(A3,הכשרה!A:G,4,0)+VLOOKUP('תפוקה מצטברת מול אשתקד'!A3,מגדל!A:G,4,0)+VLOOKUP('תפוקה מצטברת מול אשתקד'!A3,מנורה!A:G,4,0)+VLOOKUP('תפוקה מצטברת מול אשתקד'!A3,איילון!A:G,4,0)+VLOOKUP('תפוקה מצטברת מול אשתקד'!A3,הראל!A:G,4,0)+VLOOKUP('תפוקה מצטברת מול אשתקד'!A3,הפניקס!A:G,4,0)+VLOOKUP('תפוקה מצטברת מול אשתקד'!A3,כלל!A:G,4,0)+VLOOKUP('תפוקה מצטברת מול אשתקד'!A3,מור!A:G,4,0)+VLOOKUP('תפוקה מצטברת מול אשתקד'!A3,'אלטשולר שחם'!A:G,4,0)+VLOOKUP('תפוקה מצטברת מול אשתקד'!A3,'מדיהו '!A:G,4,0)+VLOOKUP('תפוקה מצטברת מול אשתקד'!A3,'אנליסט '!A:G,4,0)+VLOOKUP('תפוקה מצטברת מול אשתקד'!A3,'מיטב דש'!A:G,4,0)+VLOOKUP('תפוקה מצטברת מול אשתקד'!A3,אינפניטי!A:G,4,0) -> 4286891.5 | I3: =VLOOKUP(A3,הכשרה!A:G,5,0)+VLOOKUP('תפוקה מצטברת מול אשתקד'!A3,מגדל!A:G,5,0)+VLOOKUP('תפוקה מצטברת מול אשתקד'!A3,מנורה!A:G,5,0)+VLOOKUP('תפוקה מצטברת מול אשתקד'!A3,איילון!A:G,5,0)+VLOOKUP('תפוקה מצטברת מול אשתקד'!A3,הראל!A:G,5,0)+VLOOKUP('תפוקה מצטברת מול אשתקד'!A3,הפניקס!A:G,5,0)+VLOOKUP('תפוקה מצטברת מול אשתקד'!A3,כלל!A:G,5,0)+VLOOKUP('תפוקה מצטברת מול אשתקד'!A3,מור!A:G,5,0)+VLOOKUP('תפוקה מצטברת מול אשתקד'!A3,'אלטשולר שחם'!A:G,5,0)+VLOOKUP('תפוקה מצטברת מול אשתקד'!A3,'מדיהו '!A:G,5,0)+VLOOKUP('תפוקה מצטברת מול אשתקד'!A3,'אנליסט '!A:G,5,0)+VLOOKUP('תפוקה מצטברת מול אשתקד'!A3,'מיטב דש'!A:G,5,0)+VLOOKUP('תפוקה מצטברת מול אשתקד'!A3,אינפניטי!A:G,5,0) -> 81842.698 | J3: =VLOOKUP(A3,הכשרה!A:G,6,0)+VLOOKUP('תפוקה מצטברת מול אשתקד'!A3,מגדל!A:G,6,0)+VLOOKUP('תפוקה מצטברת מול אשתקד'!A3,מנורה!A:G,6,0)+VLOOKUP('תפוקה מצטברת מול אשתקד'!A3,איילון!A:G,6,0)+VLOOKUP(A3,הראל!A:G,6,0)+VLOOKUP('תפוקה מצטברת מול אשתקד'!A3,הפניקס!A:G,6,0)+VLOOKUP('תפוקה מצטברת מול אשתקד'!A3,כלל!A:G,6,0)+VLOOKUP('תפוקה מצטברת מול אשתקד'!A3,מור!A:G,6,0)+VLOOKUP('תפוקה מצטברת מול אשתקד'!A3,'אלטשולר שחם'!A:G,6,0)+VLOOKUP('תפוקה מצטברת מול אשתקד'!A3,'מדיהו '!A:G,6,0)+VLOOKUP('תפוקה מצטברת מול אשתקד'!A3,'אנליסט '!A:G,6,0)+VLOOKUP('תפוקה מצטברת מול אשתקד'!A3,'מיטב דש'!A:G,6,0)+VLOOKUP('תפוקה מצטברת מול אשתקד'!A3,אינפניטי!A:G,6,0) -> 3320734.5 | K3: =VLOOKUP(A3,הכשרה!A:G,7,0)+VLOOKUP('תפוקה מצטברת מול אשתקד'!A3,מגדל!A:G,7,0)+VLOOKUP('תפוקה מצטברת מול אשתקד'!A3,מנורה!A:G,7,0)+VLOOKUP('תפוקה מצטברת מול אשתקד'!A3,איילון!A:G,7,0)+VLOOKUP('תפוקה מצטברת מול אשתקד'!A3,הראל!A:G,7,0)+VLOOKUP('תפוקה מצטברת מול אשתקד'!A3,הפניקס!A:G,7,0)+VLOOKUP('תפוקה מצטברת מול אשתקד'!A3,כלל!A:G,7,0)+VLOOKUP('תפוקה מצטברת מול אשתקד'!A3,מור!A:G,7,0)+VLOOKUP('תפוקה מצטברת מול אשתקד'!A3,'אלטשולר שחם'!A:G,7,0)+VLOOKUP('תפוקה מצטברת מול אשתקד'!A3,'מדיהו '!A:K,7,0)+VLOOKUP(A3,'אנליסט '!A:G,7,0)+VLOOKUP('תפוקה מצטברת מול אשתקד'!A3,'מיטב דש'!A:G,7,0)+VLOOKUP('תפוקה מצטברת מול אשתקד'!A3,אינפניטי!A:G,7,0) -> 12277220 | L3: =VLOOKUP(A3,הכשרה!A:K,8,0)+VLOOKUP('תפוקה מצטברת מול אשתקד'!A3,מגדל!A:K,8,0)+VLOOKUP('תפוקה מצטברת מול אשתקד'!A3,מנורה!A:K,8,0)+VLOOKUP('תפוקה מצטברת מול אשתקד'!A3,איילון!A:K,8,0)+VLOOKUP('תפוקה מצטברת מול אשתקד'!A3,הראל!A:K,8,0)+VLOOKUP('תפוקה מצטברת מול אשתקד'!A3,הפניקס!A:K,8,0)+VLOOKUP('תפוקה מצטברת מול אשתקד'!A3,כלל!A:K,8,0)+VLOOKUP('תפוקה מצטברת מול אשתקד'!A3,מור!A:K,8,0)+VLOOKUP('תפוקה מצטברת מול אשתקד'!A3,'אלטשולר שחם'!A:K,8,0)+VLOOKUP('תפוקה מצטברת מול אשתקד'!A3,'מדיהו '!A:K,8,0)+VLOOKUP('תפוקה מצטברת מול אשתקד'!A3,'אנליסט '!A:K,8,0)+VLOOKUP('תפוקה מצטברת מול אשתקד'!A3,'מיטב דש'!A:K,8,0)+VLOOKUP('תפוקה מצטברת מול אשתקד'!A3,אינפניטי!A:K,8,0) -> 141192.55 | M3: =VLOOKUP(A3,הכשרה!A:K,9,0)+VLOOKUP('תפוקה מצטברת מול אשתקד'!A3,מגדל!A:K,9,0)+VLOOKUP('תפוקה מצטברת מול אשתקד'!A3,מנורה!A:K,9,0)+VLOOKUP('תפוקה מצטברת מול אשתקד'!A3,איילון!A:K,9,0)+VLOOKUP('תפוקה מצטברת מול אשתקד'!A3,הראל!A:K,9,0)+VLOOKUP('תפוקה מצטברת מול אשתקד'!A3,הפניקס!A:K,9,0)+VLOOKUP('תפוקה מצטברת מול אשתקד'!A3,כלל!A:K,9,0)+VLOOKUP('תפוקה מצטברת מול אשתקד'!A3,מור!A:K,9,0)+VLOOKUP('תפוקה מצטברת מול אשתקד'!A3,'אלטשולר שחם'!A:K,9,0)+VLOOKUP('תפוקה מצטברת מול אשתקד'!A3,'מדיהו '!A:K,9,0)+VLOOKUP('תפוקה מצטברת מול אשתקד'!A3,'אנליסט '!A:K,9,0)+VLOOKUP('תפוקה מצטברת מול אשתקד'!A3,'מיטב דש'!A:K,9,0)+VLOOKUP('תפוקה מצטברת מול אשתקד'!A3,אינפניטי!A:K,9,0) -> 122669.04 | N3: =VLOOKUP(A3,הכשרה!A:K,10,0)+VLOOKUP('תפוקה מצטברת מול אשתקד'!A3,מגדל!A:K,10,0)+VLOOKUP('תפוקה מצטברת מול אשתקד'!A3,מנורה!A:K,10,0)+VLOOKUP('תפוקה מצטברת מול אשתקד'!A3,איילון!A:K,10,0)+VLOOKUP('תפוקה מצטברת מול אשתקד'!A3,הראל!A:K,10,0)+VLOOKUP('תפוקה מצטברת מול אשתקד'!A3,הפניקס!A:K,10,0)+VLOOKUP('תפוקה מצטברת מול אשתקד'!A3,כלל!A:K,10,0)+VLOOKUP('תפוקה מצטברת מול אשתקד'!A3,מור!A:K,10,0)+VLOOKUP('תפוקה מצטברת מול אשתקד'!A3,'אלטשולר שחם'!A:K,10,0)+VLOOKUP('תפוקה מצטברת מול אשתקד'!A3,'מדיהו '!A:K,10,0)+VLOOKUP('תפוקה מצטברת מול אשתקד'!A3,'אנליסט '!A:K,10,0)+VLOOKUP('תפוקה מצטברת מול אשתקד'!A3,'מיטב דש'!A:K,10,0)+VLOOKUP('תפוקה מצטברת מול אשתקד'!A3,אינפניטי!A:K,10,0) -> 352391.38 | O3: =VLOOKUP(A3,הכשרה!A:K,11,0)+VLOOKUP('תפוקה מצטברת מול אשתקד'!A3,מגדל!A:K,11,0)+VLOOKUP('תפוקה מצטברת מול אשתקד'!A3,מנורה!A:K,11,0)+VLOOKUP('תפוקה מצטברת מול אשתקד'!A3,איילון!A:K,11,0)+VLOOKUP('תפוקה מצטברת מול אשתקד'!A3,הראל!A:K,11,0)+VLOOKUP('תפוקה מצטברת מול אשתקד'!A3,הפניקס!A:K,11,0)+VLOOKUP('תפוקה מצטברת מול אשתקד'!A3,כלל!A:K,11,0)+VLOOKUP('תפוקה מצטברת מול אשתקד'!A3,מור!A:K,11,0)+VLOOKUP('תפוקה מצטברת מול אשתקד'!A3,'אלטשולר שחם'!A:K,11,0)+VLOOKUP('תפוקה מצטברת מול אשתקד'!A3,'מדיהו '!A:K,11,0)+VLOOKUP('תפוקה מצטברת מול אשתקד'!A3,'אנליסט '!A:K,11,0)+VLOOKUP('תפוקה מצטברת מול אשתקד'!A3,'מיטב דש'!A:K,11,0)+VLOOKUP('תפוקה מצטברת מול אשתקד'!A3,אינפניטי!A:K,11,0) -> -94910.94
A4: דניאלה אביב | B4: יוסי אביב | C4: ישירים | D4: =IF(H4=0,0%,IF(L4=0,100%,H4/L4-1)) -> 4.2580327 | E4: =IF(I4=0,0%,IF(M4=0,100%,I4/M4-1)) -> 1 | F4: =IF(J4=0,0%,IF(N4=0,100%,J4/N4-1)) -> #VALUE! | G4: =IF(K4=0,0%,IF(O4=H29,100%,K4/O4-1)) -> -0.21496913 | H4: =VLOOKUP(A4,הכשרה!A:G,4,0)+VLOOKUP('תפוקה מצטברת מול אשתקד'!A4,מגדל!A:G,4,0)+VLOOKUP('תפוקה מצטברת מול אשתקד'!A4,מנורה!A:G,4,0)+VLOOKUP('תפוקה מצטברת מול אשתקד'!A4,איילון!A:G,4,0)+VLOOKUP('תפוקה מצטברת מול אשתקד'!A4,הראל!A:G,4,0)+VLOOKUP('תפוקה מצטברת מול אשתקד'!A4,הפניקס!A:G,4,0)+VLOOKUP('תפוקה מצטברת מול אשתקד'!A4,כלל!A:G,4,0)+VLOOKUP('תפוקה מצטברת מול אשתקד'!A4,מור!A:G,4,0)+VLOOKUP('תפוקה מצטברת מול אשתקד'!A4,'אלטשולר שחם'!A:G,4,0)+VLOOKUP('תפוקה מצטברת מול אשתקד'!A4,'מדיהו '!A:G,4,0)+VLOOKUP('תפוקה מצטברת מול אשתקד'!A4,'אנליסט '!A:G,4,0)+VLOOKUP('תפוקה מצטברת מול אשתקד'!A4,'מיטב דש'!A:G,4,0)+VLOOKUP('תפוקה מצטברת מול אשתקד'!A4,אינפניטי!A:G,4,0) -> 58602.12 | I4: =VLOOKUP(A4,הכשרה!A:G,5,0)+VLOOKUP('תפוקה מצטברת מול אשתקד'!A4,מגדל!A:G,5,0)+VLOOKUP('תפוקה מצטברת מול אשתקד'!A4,מנורה!A:G,5,0)+VLOOKUP('תפוקה מצטברת מול אשתקד'!A4,איילון!A:G,5,0)+VLOOKUP('תפוקה מצטברת מול אשתקד'!A4,הראל!A:G,5,0)+VLOOKUP('תפוקה מצטברת מול אשתקד'!A4,הפניקס!A:G,5,0)+VLOOKUP('תפוקה מצטברת מול אשתקד'!A4,כלל!A:G,5,0)+VLOOKUP('תפוקה מצטברת מול אשתקד'!A4,מור!A:G,5,0)+VLOOKUP('תפוקה מצטברת מול אשתקד'!A4,'אלטשולר שחם'!A:G,5,0)+VLOOKUP('תפוקה מצטברת מול אשתקד'!A4,'מדיהו '!A:G,5,0)+VLOOKUP('תפוקה מצטברת מול אשתקד'!A4,'אנליסט '!A:G,5,0)+VLOOKUP('תפוקה מצטברת מול אשתקד'!A4,'מיטב דש'!A:G,5,0)+VLOOKUP('תפוקה מצטברת מול אשתקד'!A4,אינפניטי!A:G,5,0) -> 6.26 | J4: =VLOOKUP(A4,הכשרה!A:G,6,0)+VLOOKUP('תפוקה מצטברת מול אשתקד'!A4,מגדל!A:G,6,0)+VLOOKUP('תפוקה מצטברת מול אשתקד'!A4,מנורה!A:G,6,0)+VLOOKUP('תפוקה מצטברת מול אשתקד'!A4,איילון!A:G,6,0)+VLOOKUP(A4,הראל!A:G,6,0)+VLOOKUP('תפוקה מצטברת מול אשתקד'!A4,הפניקס!A:G,6,0)+VLOOKUP('תפוקה מצטברת מול אשתקד'!A4,כלל!A:G,6,0)+VLOOKUP('תפוקה מצטברת מול אשתקד'!A4,מור!A:G,6,0)+VLOOKUP('תפוקה מצטברת מול אשתקד'!A4,'אלטשולר שחם'!A:G,6,0)+VLOOKUP('תפוקה מצטברת מול אשתקד'!A4,'מדיהו '!A:G,6,0)+VLOOKUP('תפוקה מצטברת מול אשתקד'!A4,'אנליסט '!A:G,6,0)+VLOOKUP('תפוקה מצטברת מול אשתקד'!A4,'מיטב דש'!A:G,6,0)+VLOOKUP('תפוקה מצטברת מול אשתקד'!A4,אינפניטי!A:G,6,0) -> #VALUE! | K4: =VLOOKUP(A4,הכשרה!A:G,7,0)+VLOOKUP('תפוקה מצטברת מול אשתקד'!A4,מגדל!A:G,7,0)+VLOOKUP('תפוקה מצטברת מול אשתקד'!A4,מנורה!A:G,7,0)+VLOOKUP('תפוקה מצטברת מול אשתקד'!A4,איילון!A:G,7,0)+VLOOKUP('תפוקה מצטברת מול אשתקד'!A4,הראל!A:G,7,0)+VLOOKUP('תפוקה מצטברת מול אשתקד'!A4,הפניקס!A:G,7,0)+VLOOKUP('תפוקה מצטברת מול אשתקד'!A4,כלל!A:G,7,0)+VLOOKUP('תפוקה מצטברת מול אשתקד'!A4,מור!A:G,7,0)+VLOOKUP('תפוקה מצטברת מול אשתקד'!A4,'אלטשולר שחם'!A:G,7,0)+VLOOKUP('תפוקה מצטברת מול אשתקד'!A4,'מדיהו '!A:K,7,0)+VLOOKUP(A4,'אנליסט '!A:G,7,0)+VLOOKUP('תפוקה מצטברת מול אשתקד'!A4,'מיטב דש'!A:G,7,0)+VLOOKUP('תפוקה מצטברת מול אשתקד'!A4,אינפניטי!A:G,7,0) -> 444902.75 | L4: =VLOOKUP(A4,הכשרה!A:K,8,0)+VLOOKUP('תפוקה מצטברת מול אשתקד'!A4,מגדל!A:K,8,0)+VLOOKUP('תפוקה מצטברת מול אשתקד'!A4,מנורה!A:K,8,0)+VLOOKUP('תפוקה מצטברת מול אשתקד'!A4,איילון!A:K,8,0)+VLOOKUP('תפוקה מצטברת מול אשתקד'!A4,הראל!A:K,8,0)+VLOOKUP('תפוקה מצטברת מול אשתקד'!A4,הפניקס!A:K,8,0)+VLOOKUP('תפוקה מצטברת מול אשתקד'!A4,כלל!A:K,8,0)+VLOOKUP('תפוקה מצטברת מול אשתקד'!A4,מור!A:K,8,0)+VLOOKUP('תפוקה מצטברת מול אשתקד'!A4,'אלטשולר שחם'!A:K,8,0)+VLOOKUP('תפוקה מצטברת מול אשתקד'!A4,'מדיהו '!A:K,8,0)+VLOOKUP('תפוקה מצטברת מול אשתקד'!A4,'אנליסט '!A:K,8,0)+VLOOKUP('תפוקה מצטברת מול אשתקד'!A4,'מיטב דש'!A:K,8,0)+VLOOKUP('תפוקה מצטברת מול אשתקד'!A4,אינפניטי!A:K,8,0) -> 11145.256 | M4: =VLOOKUP(A4,הכשרה!A:K,9,0)+VLOOKUP('תפוקה מצטברת מול אשתקד'!A4,מגדל!A:K,9,0)+VLOOKUP('תפוקה מצטברת מול אשתקד'!A4,מנורה!A:K,9,0)+VLOOKUP('תפוקה מצטברת מול אשתקד'!A4,איילון!A:K,9,0)+VLOOKUP('תפוקה מצטברת מול אשתקד'!A4,הראל!A:K,9,0)+VLOOKUP('תפוקה מצטברת מול אשתקד'!A4,הפניקס!A:K,9,0)+VLOOKUP('תפוקה מצטברת מול אשתקד'!A4,כלל!A:K,9,0)+VLOOKUP('תפוקה מצטברת מול אשתקד'!A4,מור!A:K,9,0)+VLOOKUP('תפוקה מצטברת מול אשתקד'!A4,'אלטשולר שחם'!A:K,9,0)+VLOOKUP('תפוקה מצטברת מול אשתקד'!A4,'מדיהו '!A:K,9,0)+VLOOKUP('תפוקה מצטברת מול אשתקד'!A4,'אנליסט '!A:K,9,0)+VLOOKUP('תפוקה מצטברת מול אשתקד'!A4,'מיטב דש'!A:K,9,0)+VLOOKUP('תפוקה מצטברת מול אשתקד'!A4,אינפניטי!A:K,9,0) -> 0 | N4: =VLOOKUP(A4,הכשרה!A:K,10,0)+VLOOKUP('תפוקה מצטברת מול אשתקד'!A4,מגדל!A:K,10,0)+VLOOKUP('תפוקה מצטברת מול אשתקד'!A4,מנורה!A:K,10,0)+VLOOKUP('תפוקה מצטברת מול אשתקד'!A4,איילון!A:K,10,0)+VLOOKUP('תפוקה מצטברת מול אשתקד'!A4,הראל!A:K,10,0)+VLOOKUP('תפוקה מצטברת מול אשתקד'!A4,הפניקס!A:K,10,0)+VLOOKUP('תפוקה מצטברת מול אשתקד'!A4,כלל!A:K,10,0)+VLOOKUP('תפוקה מצטברת מול אשתקד'!A4,מור!A:K,10,0)+VLOOKUP('תפוקה מצטברת מול אשתקד'!A4,'אלטשולר שחם'!A:K,10,0)+VLOOKUP('תפוקה מצטברת מול אשתקד'!A4,'מדיהו '!A:K,10,0)+VLOOKUP('תפוקה מצטברת מול אשתקד'!A4,'אנליסט '!A:K,10,0)+VLOOKUP('תפוקה מצטברת מול אשתקד'!A4,'מיטב דש'!A:K,10,0)+VLOOKUP('תפוקה מצטברת מול אשתקד'!A4,אינפניטי!A:K,10,0) -> 621131.62 | O4: =VLOOKUP(A4,הכשרה!A:K,11,0)+VLOOKUP('תפוקה מצטברת מול אשתקד'!A4,מגדל!A:K,11,0)+VLOOKUP('תפוקה מצטברת מול אשתקד'!A4,מנורה!A:K,11,0)+VLOOKUP('תפוקה מצטברת מול אשתקד'!A4,איילון!A:K,11,0)+VLOOKUP('תפוקה מצטברת מול אשתקד'!A4,הראל!A:K,11,0)+VLOOKUP('תפוקה מצטברת מול אשתקד'!A4,הפניקס!A:K,11,0)+VLOOKUP('תפוקה מצטברת מול אשתקד'!A4,כלל!A:K,11,0)+VLOOKUP('תפוקה מצטברת מול אשתקד'!A4,מור!A:K,11,0)+VLOOKUP('תפוקה מצטברת מול אשתקד'!A4,'אלטשולר שחם'!A:K,11,0)+VLOOKUP('תפוקה מצטברת מול אשתקד'!A4,'מדיהו '!A:K,11,0)+VLOOKUP('תפוקה מצטברת מול אשתקד'!A4,'אנליסט '!A:K,11,0)+VLOOKUP('תפוקה מצטברת מול אשתקד'!A4,'מיטב דש'!A:K,11,0)+VLOOKUP('תפוקה מצטברת מול אשתקד'!A4,אינפניטי!A:K,11,0) -> 566732.81
A5: רותי | B5: יוסי אביב | C5: ישירים | D5: =IF(H5=0,0%,IF(L5=0,100%,H5/L5-1)) -> 0 | E5: =IF(I5=0,0%,IF(M5=0,100%,I5/M5-1)) -> 1 | F5: =IF(J5=0,0%,IF(N5=0,100%,J5/N5-1)) -> 0 | G5: =IF(K5=0,0%,IF(O5=H30,100%,K5/O5-1)) -> 0 | H5: =VLOOKUP(A5,הכשרה!A:G,4,0)+VLOOKUP('תפוקה מצטברת מול אשתקד'!A5,מגדל!A:G,4,0)+VLOOKUP('תפוקה מצטברת מול אשתקד'!A5,מנורה!A:G,4,0)+VLOOKUP('תפוקה מצטברת מול אשתקד'!A5,איילון!A:G,4,0)+VLOOKUP('תפוקה מצטברת מול אשתקד'!A5,הראל!A:G,4,0)+VLOOKUP('תפוקה מצטברת מול אשתקד'!A5,הפניקס!A:G,4,0)+VLOOKUP('תפוקה מצטברת מול אשתקד'!A5,כלל!A:G,4,0)+VLOOKUP('תפוקה מצטברת מול אשתקד'!A5,מור!A:G,4,0)+VLOOKUP('תפוקה מצטברת מול אשתקד'!A5,'אלטשולר שחם'!A:G,4,0)+VLOOKUP('תפוקה מצטברת מול אשתקד'!A5,'מדיהו '!A:G,4,0)+VLOOKUP('תפוקה מצטברת מול אשתקד'!A5,'אנליסט '!A:G,4,0)+VLOOKUP('תפוקה מצטברת מול אשתקד'!A5,'מיטב דש'!A:G,4,0)+VLOOKUP('תפוקה מצטברת מול אשתקד'!A5,אינפניטי!A:G,4,0) -> 0 | I5: =VLOOKUP(A5,הכשרה!A:G,5,0)+VLOOKUP('תפוקה מצטברת מול אשתקד'!A5,מגדל!A:G,5,0)+VLOOKUP('תפוקה מצטברת מול אשתקד'!A5,מנורה!A:G,5,0)+VLOOKUP('תפוקה מצטברת מול אשתקד'!A5,איילון!A:G,5,0)+VLOOKUP('תפוקה מצטברת מול אשתקד'!A5,הראל!A:G,5,0)+VLOOKUP('תפוקה מצטברת מול אשתקד'!A5,הפניקס!A:G,5,0)+VLOOKUP('תפוקה מצטברת מול אשתקד'!A5,כלל!A:G,5,0)+VLOOKUP('תפוקה מצטברת מול אשתקד'!A5,מור!A:G,5,0)+VLOOKUP('תפוקה מצטברת מול אשתקד'!A5,'אלטשולר שחם'!A:G,5,0)+VLOOKUP('תפוקה מצטברת מול אשתקד'!A5,'מדיהו '!A:G,5,0)+VLOOKUP('תפוקה מצטברת מול אשתקד'!A5,'אנליסט '!A:G,5,0)+VLOOKUP('תפוקה מצטברת מול אשתקד'!A5,'מיטב דש'!A:G,5,0)+VLOOKUP('תפוקה מצטברת מול אשתקד'!A5,אינפניטי!A:G,5,0) -> 10763.53 | J5: =VLOOKUP(A5,הכשרה!A:G,6,0)+VLOOKUP('תפוקה מצטברת מול אשתקד'!A5,מגדל!A:G,6,0)+VLOOKUP('תפוקה מצטברת מול אשתקד'!A5,מנורה!A:G,6,0)+VLOOKUP('תפוקה מצטברת מול אשתקד'!A5,איילון!A:G,6,0)+VLOOKUP(A5,הראל!A:G,6,0)+VLOOKUP('תפוקה מצטברת מול אשתקד'!A5,הפניקס!A:G,6,0)+VLOOKUP('תפוקה מצטברת מול אשתקד'!A5,כלל!A:G,6,0)+VLOOKUP('תפוקה מצטברת מול אשתקד'!A5,מור!A:G,6,0)+VLOOKUP('תפוקה מצטברת מול אשתקד'!A5,'אלטשולר שחם'!A:G,6,0)+VLOOKUP('תפוקה מצטברת מול אשתקד'!A5,'מדיהו '!A:G,6,0)+VLOOKUP('תפוקה מצטברת מול אשתקד'!A5,'אנליסט '!A:G,6,0)+VLOOKUP('תפוקה מצטברת מול אשתקד'!A5,'מיטב דש'!A:G,6,0)+VLOOKUP('תפוקה מצטברת מול אשתקד'!A5,אינפניטי!A:G,6,0) -> 0 | K5: =VLOOKUP(A5,הכשרה!A:G,7,0)+VLOOKUP('תפוקה מצטברת מול אשתקד'!A5,מגדל!A:G,7,0)+VLOOKUP('תפוקה מצטברת מול אשתקד'!A5,מנורה!A:G,7,0)+VLOOKUP('תפוקה מצטברת מול אשתקד'!A5,איילון!A:G,7,0)+VLOOKUP('תפוקה מצטברת מול אשתקד'!A5,הראל!A:G,7,0)+VLOOKUP('תפוקה מצטברת מול אשתקד'!A5,הפניקס!A:G,7,0)+VLOOKUP('תפוקה מצטברת מול אשתקד'!A5,כלל!A:G,7,0)+VLOOKUP('תפוקה מצטברת מול אשתקד'!A5,מור!A:G,7,0)+VLOOKUP('תפוקה מצטברת מול אשתקד'!A5,'אלטשולר שחם'!A:G,7,0)+VLOOKUP('תפוקה מצטברת מול אשתקד'!A5,'מדיהו '!A:K,7,0)+VLOOKUP(A5,'אנליסט '!A:G,7,0)+VLOOKUP('תפוקה מצטברת מול אשתקד'!A5,'מיטב דש'!A:G,7,0)+VLOOKUP('תפוקה מצטברת מול אשתקד'!A5,אינפניטי!A:G,7,0) -> 0 | L5: =VLOOKUP(A5,הכשרה!A:K,8,0)+VLOOKUP('תפוקה מצטברת מול אשתקד'!A5,מגדל!A:K,8,0)+VLOOKUP('תפוקה מצטברת מול אשתקד'!A5,מנורה!A:K,8,0)+VLOOKUP('תפוקה מצטברת מול אשתקד'!A5,איילון!A:K,8,0)+VLOOKUP('תפוקה מצטברת מול אשתקד'!A5,הראל!A:K,8,0)+VLOOKUP('תפוקה מצטברת מול אשתקד'!A5,הפניקס!A:K,8,0)+VLOOKUP('תפוקה מצטברת מול אשתקד'!A5,כלל!A:K,8,0)+VLOOKUP('תפוקה מצטברת מול אשתקד'!A5,מור!A:K,8,0)+VLOOKUP('תפוקה מצטברת מול אשתקד'!A5,'אלטשולר שחם'!A:K,8,0)+VLOOKUP('תפוקה מצטברת מול אשתקד'!A5,'מדיהו '!A:K,8,0)+VLOOKUP('תפוקה מצטברת מול אשתקד'!A5,'אנליסט '!A:K,8,0)+VLOOKUP('תפוקה מצטברת מול אשתקד'!A5,'מיטב דש'!A:K,8,0)+VLOOKUP('תפוקה מצטברת מול אשתקד'!A5,אינפניטי!A:K,8,0) -> 0 | M5: =VLOOKUP(A5,הכשרה!A:K,9,0)+VLOOKUP('תפוקה מצטברת מול אשתקד'!A5,מגדל!A:K,9,0)+VLOOKUP('תפוקה מצטברת מול אשתקד'!A5,מנורה!A:K,9,0)+VLOOKUP('תפוקה מצטברת מול אשתקד'!A5,איילון!A:K,9,0)+VLOOKUP('תפוקה מצטברת מול אשתקד'!A5,הראל!A:K,9,0)+VLOOKUP('תפוקה מצטברת מול אשתקד'!A5,הפניקס!A:K,9,0)+VLOOKUP('תפוקה מצטברת מול אשתקד'!A5,כלל!A:K,9,0)+VLOOKUP('תפוקה מצטברת מול אשתקד'!A5,מור!A:K,9,0)+VLOOKUP('תפוקה מצטברת מול אשתקד'!A5,'אלטשולר שחם'!A:K,9,0)+VLOOKUP('תפוקה מצטברת מול אשתקד'!A5,'מדיהו '!A:K,9,0)+VLOOKUP('תפוקה מצטברת מול אשתקד'!A5,'אנליסט '!A:K,9,0)+VLOOKUP('תפוקה מצטברת מול אשתקד'!A5,'מיטב דש'!A:K,9,0)+VLOOKUP('תפוקה מצטברת מול אשתקד'!A5,אינפניטי!A:K,9,0) -> 0 | N5: =VLOOKUP(A5,הכשרה!A:K,10,0)+VLOOKUP('תפוקה מצטברת מול אשתקד'!A5,מגדל!A:K,10,0)+VLOOKUP('תפוקה מצטברת מול אשתקד'!A5,מנורה!A:K,10,0)+VLOOKUP('תפוקה מצטברת מול אשתקד'!A5,איילון!A:K,10,0)+VLOOKUP('תפוקה מצטברת מול אשתקד'!A5,הראל!A:K,10,0)+VLOOKUP('תפוקה מצטברת מול אשתקד'!A5,הפניקס!A:K,10,0)+VLOOKUP('תפוקה מצטברת מול אשתקד'!A5,כלל!A:K,10,0)+VLOOKUP('תפוקה מצטברת מול אשתקד'!A5,מור!A:K,10,0)+VLOOKUP('תפוקה מצטברת מול אשתקד'!A5,'אלטשולר שחם'!A:K,10,0)+VLOOKUP('תפוקה מצטברת מול אשתקד'!A5,'מדיהו '!A:K,10,0)+VLOOKUP('תפוקה מצטברת מול אשתקד'!A5,'אנליסט '!A:K,10,0)+VLOOKUP('תפוקה מצטברת מול אשתקד'!A5,'מיטב דש'!A:K,10,0)+VLOOKUP('תפוקה מצטברת מול אשתקד'!A5,אינפניטי!A:K,10,0) -> 0 | O5: =VLOOKUP(A5,הכשרה!A:K,11,0)+VLOOKUP('תפוקה מצטברת מול אשתקד'!A5,מגדל!A:K,11,0)+VLOOKUP('תפוקה מצטברת מול אשתקד'!A5,מנורה!A:K,11,0)+VLOOKUP('תפוקה מצטברת מול אשתקד'!A5,איילון!A:K,11,0)+VLOOKUP('תפוקה מצטברת מול אשתקד'!A5,הראל!A:K,11,0)+VLOOKUP('תפוקה מצטברת מול אשתקד'!A5,הפניקס!A:K,11,0)+VLOOKUP('תפוקה מצטברת מול אשתקד'!A5,כלל!A:K,11,0)+VLOOKUP('תפוקה מצטברת מול אשתקד'!A5,מור!A:K,11,0)+VLOOKUP('תפוקה מצטברת מול אשתקד'!A5,'אלטשולר שחם'!A:K,11,0)+VLOOKUP('תפוקה מצטברת מול אשתקד'!A5,'מדיהו '!A:K,11,0)+VLOOKUP('תפוקה מצטברת מול אשתקד'!A5,'אנליסט '!A:K,11,0)+VLOOKUP('תפוקה מצטברת מול אשתקד'!A5,'מיטב דש'!A:K,11,0)+VLOOKUP('תפוקה מצטברת מול אשתקד'!A5,אינפניטי!A:K,11,0) -> 0
A6: אילנית | B6: יוסי אביב | C6: ישירים | D6: =IF(H6=0,0%,IF(L6=0,100%,H6/L6-1)) -> -975.23992 | E6: =IF(I6=0,0%,IF(M6=0,100%,I6/M6-1)) -> -0.17269541 | F6: =IF(J6=0,0%,IF(N6=0,100%,J6/N6-1)) -> 1 | G6: =IF(K6=0,0%,IF(O6=H31,100%,K6/O6-1)) -> #DIV/0! | H6: =VLOOKUP(A6,הכשרה!A:G,4,0)+VLOOKUP('תפוקה מצטברת מול אשתקד'!A6,מגדל!A:G,4,0)+VLOOKUP('תפוקה מצטברת מול אשתקד'!A6,מנורה!A:G,4,0)+VLOOKUP('תפוקה מצטברת מול אשתקד'!A6,איילון!A:G,4,0)+VLOOKUP('תפוקה מצטברת מול אשתקד'!A6,הראל!A:G,4,0)+VLOOKUP('תפוקה מצטברת מול אשתקד'!A6,הפניקס!A:G,4,0)+VLOOKUP('תפוקה מצטברת מול אשתקד'!A6,כלל!A:G,4,0)+VLOOKUP('תפוקה מצטברת מול אשתקד'!A6,מור!A:G,4,0)+VLOOKUP('תפוקה מצטברת מול אשתקד'!A6,'אלטשולר שחם'!A:G,4,0)+VLOOKUP('תפוקה מצטברת מול אשתקד'!A6,'מדיהו '!A:G,4,0)+VLOOKUP('תפוקה מצטברת מול אשתקד'!A6,'אנליסט '!A:G,4,0)+VLOOKUP('תפוקה מצטברת מול אשתקד'!A6,'מיטב דש'!A:G,4,0)+VLOOKUP('תפוקה מצטברת מול אשתקד'!A6,אינפניטי!A:G,4,0) -> 178139.77 | I6: =VLOOKUP(A6,הכשרה!A:G,5,0)+VLOOKUP('תפוקה מצטברת מול אשתקד'!A6,מגדל!A:G,5,0)+VLOOKUP('תפוקה מצטברת מול אשתקד'!A6,מנורה!A:G,5,0)+VLOOKUP('תפוקה מצטברת מול אשתקד'!A6,איילון!A:G,5,0)+VLOOKUP('תפוקה מצטברת מול אשתקד'!A6,הראל!A:G,5,0)+VLOOKUP('תפוקה מצטברת מול אשתקד'!A6,הפניקס!A:G,5,0)+VLOOKUP('תפוקה מצטברת מול אשתקד'!A6,כלל!A:G,5,0)+VLOOKUP('תפוקה מצטברת מול אשתקד'!A6,מור!A:G,5,0)+VLOOKUP('תפוקה מצטברת מול אשתקד'!A6,'אלטשולר שחם'!A:G,5,0)+VLOOKUP('תפוקה מצטברת מול אשתקד'!A6,'מדיהו '!A:G,5,0)+VLOOKUP('תפוקה מצטברת מול אשתקד'!A6,'אנליסט '!A:G,5,0)+VLOOKUP('תפוקה מצטברת מול אשתקד'!A6,'מיטב דש'!A:G,5,0)+VLOOKUP('תפוקה מצטברת מול אשתקד'!A6,אינפניטי!A:G,5,0) -> 8637.97 | J6: =VLOOKUP(A6,הכשרה!A:G,6,0)+VLOOKUP('תפוקה מצטברת מול אשתקד'!A6,מגדל!A:G,6,0)+VLOOKUP('תפוקה מצטברת מול אשתקד'!A6,מנורה!A:G,6,0)+VLOOKUP('תפוקה מצטברת מול אשתקד'!A6,איילון!A:G,6,0)+VLOOKUP(A6,הראל!A:G,6,0)+VLOOKUP('תפוקה מצטברת מול אשתקד'!A6,הפניקס!A:G,6,0)+VLOOKUP('תפוקה מצטברת מול אשתקד'!A6,כלל!A:G,6,0)+VLOOKUP('תפוקה מצטברת מול אשתקד'!A6,מור!A:G,6,0)+VLOOKUP('תפוקה מצטברת מול אשתקד'!A6,'אלטשולר שחם'!A:G,6,0)+VLOOKUP('תפוקה מצטברת מול אשתקד'!A6,'מדיהו '!A:G,6,0)+VLOOKUP('תפוקה מצטברת מול אשתקד'!A6,'אנליסט '!A:G,6,0)+VLOOKUP('תפוקה מצטברת מול אשתקד'!A6,'מיטב דש'!A:G,6,0)+VLOOKUP('תפוקה מצטברת מול אשתקד'!A6,אינפניטי!A:G,6,0) -> 240809.92 | K6: =VLOOKUP(A6,הכשרה!A:G,7,0)+VLOOKUP('תפוקה מצטברת מול אשתקד'!A6,מגדל!A:G,7,0)+VLOOKUP('תפוקה מצטברת מול אשתקד'!A6,מנורה!A:G,7,0)+VLOOKUP('תפוקה מצטברת מול אשתקד'!A6,איילון!A:G,7,0)+VLOOKUP('תפוקה מצטברת מול אשתקד'!A6,הראל!A:G,7,0)+VLOOKUP('תפוקה מצטברת מול אשתקד'!A6,הפניקס!A:G,7,0)+VLOOKUP('תפוקה מצטברת מול אשתקד'!A6,כלל!A:G,7,0)+VLOOKUP('תפוקה מצטברת מול אשתקד'!A6,מור!A:G,7,0)+VLOOKUP('תפוקה מצטברת מול אשתקד'!A6,'אלטשולר שחם'!A:G,7,0)+VLOOKUP('תפוקה מצטברת מול אשתקד'!A6,'מדיהו '!A:K,7,0)+VLOOKUP(A6,'אנליסט '!A:G,7,0)+VLOOKUP('תפוקה מצטברת מול אשתקד'!A6,'מיטב דש'!A:G,7,0)+VLOOKUP('תפוקה מצטברת מול אשתקד'!A6,אינפניטי!A:G,7,0) -> 41187.59 | L6: =VLOOKUP(A6,הכשרה!A:K,8,0)+VLOOKUP('תפוקה מצטברת מול אשתקד'!A6,מגדל!A:K,8,0)+VLOOKUP('תפוקה מצטברת מול אשתקד'!A6,מנורה!A:K,8,0)+VLOOKUP('תפוקה מצטברת מול אשתקד'!A6,איילון!A:K,8,0)+VLOOKUP('תפוקה מצטברת מול אשתקד'!A6,הראל!A:K,8,0)+VLOOKUP('תפוקה מצטברת מול אשתקד'!A6,הפניקס!A:K,8,0)+VLOOKUP('תפוקה מצטברת מול אשתקד'!A6,כלל!A:K,8,0)+VLOOKUP('תפוקה מצטברת מול אשתקד'!A6,מור!A:K,8,0)+VLOOKUP('תפוקה מצטברת מול אשתקד'!A6,'אלטשולר שחם'!A:K,8,0)+VLOOKUP('תפוקה מצטברת מול אשתקד'!A6,'מדיהו '!A:K,8,0)+VLOOKUP('תפוקה מצטברת מול אשתקד'!A6,'אנליסט '!A:K,8,0)+VLOOKUP('תפוקה מצטברת מול אשתקד'!A6,'מיטב דש'!A:K,8,0)+VLOOKUP('תפוקה מצטברת מול אשתקד'!A6,אינפניטי!A:K,8,0) -> -182.85 | M6: =VLOOKUP(A6,הכשרה!A:K,9,0)+VLOOKUP('תפוקה מצטברת מול אשתקד'!A6,מגדל!A:K,9,0)+VLOOKUP('תפוקה מצטברת מול אשתקד'!A6,מנורה!A:K,9,0)+VLOOKUP('תפוקה מצטברת מול אשתקד'!A6,איילון!A:K,9,0)+VLOOKUP('תפוקה מצטברת מול אשתקד'!A6,הראל!A:K,9,0)+VLOOKUP('תפוקה מצטברת מול אשתקד'!A6,הפניקס!A:K,9,0)+VLOOKUP('תפוקה מצטברת מול אשתקד'!A6,כלל!A:K,9,0)+VLOOKUP('תפוקה מצטברת מול אשתקד'!A6,מור!A:K,9,0)+VLOOKUP('תפוקה מצטברת מול אשתקד'!A6,'אלטשולר שחם'!A:K,9,0)+VLOOKUP('תפוקה מצטברת מול אשתקד'!A6,'מדיהו '!A:K,9,0)+VLOOKUP('תפוקה מצטברת מול אשתקד'!A6,'אנליסט '!A:K,9,0)+VLOOKUP('תפוקה מצטברת מול אשתקד'!A6,'מיטב דש'!A:K,9,0)+VLOOKUP('תפוקה מצטברת מול אשתקד'!A6,אינפניטי!A:K,9,0) -> 10441.1 | N6: =VLOOKUP(A6,הכשרה!A:K,10,0)+VLOOKUP('תפוקה מצטברת מול אשתקד'!A6,מגדל!A:K,10,0)+VLOOKUP('תפוקה מצטברת מול אשתקד'!A6,מנורה!A:K,10,0)+VLOOKUP('תפוקה מצטברת מול אשתקד'!A6,איילון!A:K,10,0)+VLOOKUP('תפוקה מצטברת מול אשתקד'!A6,הראל!A:K,10,0)+VLOOKUP('תפוקה מצטברת מול אשתקד'!A6,הפניקס!A:K,10,0)+VLOOKUP('תפוקה מצטברת מול אשתקד'!A6,כלל!A:K,10,0)+VLOOKUP('תפוקה מצטברת מול אשתקד'!A6,מור!A:K,10,0)+VLOOKUP('תפוקה מצטברת מול אשתקד'!A6,'אלטשולר שחם'!A:K,10,0)+VLOOKUP('תפוקה מצטברת מול אשתקד'!A6,'מדיהו '!A:K,10,0)+VLOOKUP('תפוקה מצטברת מול אשתקד'!A6,'אנליסט '!A:K,10,0)+VLOOKUP('תפוקה מצטברת מול אשתקד'!A6,'מיטב דש'!A:K,10,0)+VLOOKUP('תפוקה מצטברת מול אשתקד'!A6,אינפניטי!A:K,10,0) -> 0 | O6: =VLOOKUP(A6,הכשרה!A:K,11,0)+VLOOKUP('תפוקה מצטברת מול אשתקד'!A6,מגדל!A:K,11,0)+VLOOKUP('תפוקה מצטברת מול אשתקד'!A6,מנורה!A:K,11,0)+VLOOKUP('תפוקה מצטברת מול אשתקד'!A6,איילון!A:K,11,0)+VLOOKUP('תפוקה מצטברת מול אשתקד'!A6,הראל!A:K,11,0)+VLOOKUP('תפוקה מצטברת מול אשתקד'!A6,הפניקס!A:K,11,0)+VLOOKUP('תפוקה מצטברת מול אשתקד'!A6,כלל!A:K,11,0)+VLOOKUP('תפוקה מצטברת מול אשתקד'!A6,מור!A:K,11,0)+VLOOKUP('תפוקה מצטברת מול אשתקד'!A6,'אלטשולר שחם'!A:K,11,0)+VLOOKUP('תפוקה מצטברת מול אשתקד'!A6,'מדיהו '!A:K,11,0)+VLOOKUP('תפוקה מצטברת מול אשתקד'!A6,'אנליסט '!A:K,11,0)+VLOOKUP('תפוקה מצטברת מול אשתקד'!A6,'מיטב דש'!A:K,11,0)+VLOOKUP('תפוקה מצטברת מול אשתקד'!A6,אינפניטי!A:K,11,0) -> 0
A7: דני פחימה | B7: יוסי אביב | C7: ישירים | D7: =IF(H7=0,0%,IF(L7=0,100%,H7/L7-1)) -> 0 | E7: =IF(I7=0,0%,IF(M7=0,100%,I7/M7-1)) -> -0.48318011 | F7: =IF(J7=0,0%,IF(N7=0,100%,J7/N7-1)) -> 0 | G7: =IF(K7=0,0%,IF(O7=H70,100%,K7/O7-1)) -> 0 | H7: =VLOOKUP(A7,הכשרה!A:G,4,0)+VLOOKUP('תפוקה מצטברת מול אשתקד'!A7,מגדל!A:G,4,0)+VLOOKUP('תפוקה מצטברת מול אשתקד'!A7,מנורה!A:G,4,0)+VLOOKUP('תפוקה מצטברת מול אשתקד'!A7,איילון!A:G,4,0)+VLOOKUP('תפוקה מצטברת מול אשתקד'!A7,הראל!A:G,4,0)+VLOOKUP('תפוקה מצטברת מול אשתקד'!A7,הפניקס!A:G,4,0)+VLOOKUP('תפוקה מצטברת מול אשתקד'!A7,כלל!A:G,4,0)+VLOOKUP('תפוקה מצטברת מול אשתקד'!A7,מור!A:G,4,0)+VLOOKUP('תפוקה מצטברת מול אשתקד'!A7,'אלטשולר שחם'!A:G,4,0)+VLOOKUP('תפוקה מצטברת מול אשתקד'!A7,'מדיהו '!A:G,4,0)+VLOOKUP('תפוקה מצטברת מול אשתקד'!A7,'אנליסט '!A:G,4,0)+VLOOKUP('תפוקה מצטברת מול אשתקד'!A7,'מיטב דש'!A:G,4,0)+VLOOKUP('תפוקה מצטברת מול אשתקד'!A7,אינפניטי!A:G,4,0) -> 0 | I7: =VLOOKUP(A7,הכשרה!A:G,5,0)+VLOOKUP('תפוקה מצטברת מול אשתקד'!A7,מגדל!A:G,5,0)+VLOOKUP('תפוקה מצטברת מול אשתקד'!A7,מנורה!A:G,5,0)+VLOOKUP('תפוקה מצטברת מול אשתקד'!A7,איילון!A:G,5,0)+VLOOKUP('תפוקה מצטברת מול אשתקד'!A7,הראל!A:G,5,0)+VLOOKUP('תפוקה מצטברת מול אשתקד'!A7,הפניקס!A:G,5,0)+VLOOKUP('תפוקה מצטברת מול אשתקד'!A7,כלל!A:G,5,0)+VLOOKUP('תפוקה מצטברת מול אשתקד'!A7,מור!A:G,5,0)+VLOOKUP('תפוקה מצטברת מול אשתקד'!A7,'אלטשולר שחם'!A:G,5,0)+VLOOKUP('תפוקה מצטברת מול אשתקד'!A7,'מדיהו '!A:G,5,0)+VLOOKUP('תפוקה מצטברת מול אשתקד'!A7,'אנליסט '!A:G,5,0)+VLOOKUP('תפוקה מצטברת מול אשתקד'!A7,'מיטב דש'!A:G,5,0)+VLOOKUP('תפוקה מצטברת מול אשתקד'!A7,אינפניטי!A:G,5,0) -> 394.07 | J7: =VLOOKUP(A7,הכשרה!A:G,6,0)+VLOOKUP('תפוקה מצטברת מול אשתקד'!A7,מגדל!A:G,6,0)+VLOOKUP('תפוקה מצטברת מול אשתקד'!A7,מנורה!A:G,6,0)+VLOOKUP('תפוקה מצטברת מול אשתקד'!A7,איילון!A:G,6,0)+VLOOKUP(A7,הראל!A:G,6,0)+VLOOKUP('תפוקה מצטברת מול אשתקד'!A7,הפניקס!A:G,6,0)+VLOOKUP('תפוקה מצטברת מול אשתקד'!A7,כלל!A:G,6,0)+VLOOKUP('תפוקה מצטברת מול אשתקד'!A7,מור!A:G,6,0)+VLOOKUP('תפוקה מצטברת מול אשתקד'!A7,'אלטשולר שחם'!A:G,6,0)+VLOOKUP('תפוקה מצטברת מול אשתקד'!A7,'מדיהו '!A:G,6,0)+VLOOKUP('תפוקה מצטברת מול אשתקד'!A7,'אנליסט '!A:G,6,0)+VLOOKUP('תפוקה מצטברת מול אשתקד'!A7,'מיטב דש'!A:G,6,0)+VLOOKUP('תפוקה מצטברת מול אשתקד'!A7,אינפניטי!A:G,6,0) -> 0 | K7: =VLOOKUP(A7,הכשרה!A:G,7,0)+VLOOKUP('תפוקה מצטברת מול אשתקד'!A7,מגדל!A:G,7,0)+VLOOKUP('תפוקה מצטברת מול אשתקד'!A7,מנורה!A:G,7,0)+VLOOKUP('תפוקה מצטברת מול אשתקד'!A7,איילון!A:G,7,0)+VLOOKUP('תפוקה מצטברת מול אשתקד'!A7,הראל!A:G,7,0)+VLOOKUP('תפוקה מצטברת מול אשתקד'!A7,הפניקס!A:G,7,0)+VLOOKUP('תפוקה מצטברת מול אשתקד'!A7,כלל!A:G,7,0)+VLOOKUP('תפוקה מצטברת מול אשתקד'!A7,מור!A:G,7,0)+VLOOKUP('תפוקה מצטברת מול אשתקד'!A7,'אלטשולר שחם'!A:G,7,0)+VLOOKUP('תפוקה מצטברת מול אשתקד'!A7,'מדיהו '!A:K,7,0)+VLOOKUP(A7,'אנליסט '!A:G,7,0)+VLOOKUP('תפוקה מצטברת מול אשתקד'!A7,'מיטב דש'!A:G,7,0)+VLOOKUP('תפוקה מצטברת מול אשתקד'!A7,אינפניטי!A:G,7,0) -> 0 | L7: =VLOOKUP(A7,הכשרה!A:K,8,0)+VLOOKUP('תפוקה מצטברת מול אשתקד'!A7,מגדל!A:K,8,0)+VLOOKUP('תפוקה מצטברת מול אשתקד'!A7,מנורה!A:K,8,0)+VLOOKUP('תפוקה מצטברת מול אשתקד'!A7,איילון!A:K,8,0)+VLOOKUP('תפוקה מצטברת מול אשתקד'!A7,הראל!A:K,8,0)+VLOOKUP('תפוקה מצטברת מול אשתקד'!A7,הפניקס!A:K,8,0)+VLOOKUP('תפוקה מצטברת מול אשתקד'!A7,כלל!A:K,8,0)+VLOOKUP('תפוקה מצטברת מול אשתקד'!A7,מור!A:K,8,0)+VLOOKUP('תפוקה מצטברת מול אשתקד'!A7,'אלטשולר שחם'!A:K,8,0)+VLOOKUP('תפוקה מצטברת מול אשתקד'!A7,'מדיהו '!A:K,8,0)+VLOOKUP('תפוקה מצטברת מול אשתקד'!A7,'אנליסט '!A:K,8,0)+VLOOKUP('תפוקה מצטברת מול אשתקד'!A7,'מיטב דש'!A:K,8,0)+VLOOKUP('תפוקה מצטברת מול אשתקד'!A7,אינפניטי!A:K,8,0) -> 0 | M7: =VLOOKUP(A7,הכשרה!A:K,9,0)+VLOOKUP('תפוקה מצטברת מול אשתקד'!A7,מגדל!A:K,9,0)+VLOOKUP('תפוקה מצטברת מול אשתקד'!A7,מנורה!A:K,9,0)+VLOOKUP('תפוקה מצטברת מול אשתקד'!A7,איילון!A:K,9,0)+VLOOKUP('תפוקה מצטברת מול אשתקד'!A7,הראל!A:K,9,0)+VLOOKUP('תפוקה מצטברת מול אשתקד'!A7,הפניקס!A:K,9,0)+VLOOKUP('תפוקה מצטברת מול אשתקד'!A7,כלל!A:K,9,0)+VLOOKUP('תפוקה מצטברת מול אשתקד'!A7,מור!A:K,9,0)+VLOOKUP('תפוקה מצטברת מול אשתקד'!A7,'אלטשולר שחם'!A:K,9,0)+VLOOKUP('תפוקה מצטברת מול אשתקד'!A7,'מדיהו '!A:K,9,0)+VLOOKUP('תפוקה מצטברת מול אשתקד'!A7,'אנליסט '!A:K,9,0)+VLOOKUP('תפוקה מצטברת מול אשתקד'!A7,'מיטב דש'!A:K,9,0)+VLOOKUP('תפוקה מצטברת מול אשתקד'!A7,אינפניטי!A:K,9,0) -> 762.49 | N7: =VLOOKUP(A7,הכשרה!A:K,10,0)+VLOOKUP('תפוקה מצטברת מול אשתקד'!A7,מגדל!A:K,10,0)+VLOOKUP('תפוקה מצטברת מול אשתקד'!A7,מנורה!A:K,10,0)+VLOOKUP('תפוקה מצטברת מול אשתקד'!A7,איילון!A:K,10,0)+VLOOKUP('תפוקה מצטברת מול אשתקד'!A7,הראל!A:K,10,0)+VLOOKUP('תפוקה מצטברת מול אשתקד'!A7,הפניקס!A:K,10,0)+VLOOKUP('תפוקה מצטברת מול אשתקד'!A7,כלל!A:K,10,0)+VLOOKUP('תפוקה מצטברת מול אשתקד'!A7,מור!A:K,10,0)+VLOOKUP('תפוקה מצטברת מול אשתקד'!A7,'אלטשולר שחם'!A:K,10,0)+VLOOKUP('תפוקה מצטברת מול אשתקד'!A7,'מדיהו '!A:K,10,0)+VLOOKUP('תפוקה מצטברת מול אשתקד'!A7,'אנליסט '!A:K,10,0)+VLOOKUP('תפוקה מצטברת מול אשתקד'!A7,'מיטב דש'!A:K,10,0)+VLOOKUP('תפוקה מצטברת מול אשתקד'!A7,אינפניטי!A:K,10,0) -> 0 | O7: =VLOOKUP(A7,הכשרה!A:K,11,0)+VLOOKUP('תפוקה מצטברת מול אשתקד'!A7,מגדל!A:K,11,0)+VLOOKUP('תפוקה מצטברת מול אשתקד'!A7,מנורה!A:K,11,0)+VLOOKUP('תפוקה מצטברת מול אשתקד'!A7,איילון!A:K,11,0)+VLOOKUP('תפוקה מצטברת מול אשתקד'!A7,הראל!A:K,11,0)+VLOOKUP('תפוקה מצטברת מול אשתקד'!A7,הפניקס!A:K,11,0)+VLOOKUP('תפוקה מצטברת מול אשתקד'!A7,כלל!A:K,11,0)+VLOOKUP('תפוקה מצטברת מול אשתקד'!A7,מור!A:K,11,0)+VLOOKUP('תפוקה מצטברת מול אשתקד'!A7,'אלטשולר שחם'!A:K,11,0)+VLOOKUP('תפוקה מצטברת מול אשתקד'!A7,'מדיהו '!A:K,11,0)+VLOOKUP('תפוקה מצטברת מול אשתקד'!A7,'אנליסט '!A:K,11,0)+VLOOKUP('תפוקה מצטברת מול אשתקד'!A7,'מיטב דש'!A:K,11,0)+VLOOKUP('תפוקה מצטברת מול אשתקד'!A7,אינפניטי!A:K,11,0) -> 0
A8: סה"כ ישיר | D8: =IF(H8=0,0%,IF(L8=0,100%,H8/L8-1)) -> 28.730437 | E8: =IF(I8=0,0%,IF(M8=0,100%,I8/M8-1)) -> -0.24073706 | F8: =IF(J8=0,0%,IF(N8=0,100%,J8/N8-1)) -> #VALUE! | G8: =IF(K8=0,0%,IF(O8=H71,100%,K8/O8-1)) -> 26.05112 | H8: =VLOOKUP(A8,הכשרה!A:G,4,0)+VLOOKUP('תפוקה מצטברת מול אשתקד'!A8,מגדל!A:G,4,0)+VLOOKUP('תפוקה מצטברת מול אשתקד'!A8,מנורה!A:G,4,0)+VLOOKUP('תפוקה מצטברת מול אשתקד'!A8,איילון!A:G,4,0)+VLOOKUP('תפוקה מצטברת מול אשתקד'!A8,הראל!A:G,4,0)+VLOOKUP('תפוקה מצטברת מול אשתקד'!A8,הפניקס!A:G,4,0)+VLOOKUP('תפוקה מצטברת מול אשתקד'!A8,כלל!A:G,4,0)+VLOOKUP('תפוקה מצטברת מול אשתקד'!A8,מור!A:G,4,0)+VLOOKUP('תפוקה מצטברת מול אשתקד'!A8,'אלטשולר שחם'!A:G,4,0)+VLOOKUP('תפוקה מצטברת מול אשתקד'!A8,'מדיהו '!A:G,4,0)+VLOOKUP('תפוקה מצטברת מול אשתקד'!A8,'אנליסט '!A:G,4,0)+VLOOKUP('תפוקה מצטברת מול אשתקד'!A8,'מיטב דש'!A:G,4,0)+VLOOKUP('תפוקה מצטברת מול אשתקד'!A8,אינפניטי!A:G,4,0) -> 4523633.4 | I8: =SUM(I3:I7) -> 101644.53 | J8: =SUM(J3:J7) -> #VALUE! | K8: =SUM(K3:K7) -> 12763310 | L8: =SUM(L3:L7) -> 152154.96 | M8: =SUM(M3:M7) -> 133872.63 | N8: =SUM(N3:N7) -> 973523 | O8: =SUM(O3:O7) -> 471821.87
A9: בראשית סוכנות לביטוח | B9: יוסי אביב | C9: שותפים | D9: =IF(H9=0,0%,IF(L9=0,100%,H9/L9-1)) -> 7.301609 | E9: =IF(I9=0,0%,IF(M9=0,100%,I9/M9-1)) -> -0.66334165 | F9: =IF(J9=0,0%,IF(N9=0,100%,J9/N9-1)) -> 0 | G9: =IF(K9=0,0%,IF(O9=H32,100%,K9/O9-1)) -> 0 | H9: =VLOOKUP(A9,הכשרה!A:G,4,0)+VLOOKUP('תפוקה מצטברת מול אשתקד'!A9,מגדל!A:G,4,0)+VLOOKUP('תפוקה מצטברת מול אשתקד'!A9,מנורה!A:G,4,0)+VLOOKUP('תפוקה מצטברת מול אשתקד'!A9,איילון!A:G,4,0)+VLOOKUP('תפוקה מצטברת מול אשתקד'!A9,הראל!A:G,4,0)+VLOOKUP('תפוקה מצטברת מול אשתקד'!A9,הפניקס!A:G,4,0)+VLOOKUP('תפוקה מצטברת מול אשתקד'!A9,כלל!A:G,4,0)+VLOOKUP('תפוקה מצטברת מול אשתקד'!A9,מור!A:G,4,0)+VLOOKUP('תפוקה מצטברת מול אשתקד'!A9,'אלטשולר שחם'!A:G,4,0)+VLOOKUP('תפוקה מצטברת מול אשתקד'!A9,'מדיהו '!A:G,4,0)+VLOOKUP('תפוקה מצטברת מול אשתקד'!A9,'אנליסט '!A:G,4,0)+VLOOKUP('תפוקה מצטברת מול אשתקד'!A9,'מיטב דש'!A:G,4,0)+VLOOKUP('תפוקה מצטברת מול אשתקד'!A9,אינפניטי!A:G,4,0) -> 20048.622 | I9: =VLOOKUP(A9,הכשרה!A:G,5,0)+VLOOKUP('תפוקה מצטברת מול אשתקד'!A9,מגדל!A:G,5,0)+VLOOKUP('תפוקה מצטברת מול אשתקד'!A9,מנורה!A:G,5,0)+VLOOKUP('תפוקה מצטברת מול אשתקד'!A9,איילון!A:G,5,0)+VLOOKUP('תפוקה מצטברת מול אשתקד'!A9,הראל!A:G,5,0)+VLOOKUP('תפוקה מצטברת מול אשתקד'!A9,הפניקס!A:G,5,0)+VLOOKUP('תפוקה מצטברת מול אשתקד'!A9,כלל!A:G,5,0)+VLOOKUP('תפוקה מצטברת מול אשתקד'!A9,מור!A:G,5,0)+VLOOKUP('תפוקה מצטברת מול אשתקד'!A9,'אלטשולר שחם'!A:G,5,0)+VLOOKUP('תפוקה מצטברת מול אשתקד'!A9,'מדיהו '!A:G,5,0)+VLOOKUP('תפוקה מצטברת מול אשתקד'!A9,'אנליסט '!A:G,5,0)+VLOOKUP('תפוקה מצטברת מול אשתקד'!A9,'מיטב דש'!A:G,5,0)+VLOOKUP('תפוקה מצטברת מול אשתקד'!A9,אינפניטי!A:G,5,0) -> 27 | J9: =VLOOKUP(A9,הכשרה!A:G,6,0)+VLOOKUP('תפוקה מצטברת מול אשתקד'!A9,מגדל!A:G,6,0)+VLOOKUP('תפוקה מצטברת מול אשתקד'!A9,מנורה!A:G,6,0)+VLOOKUP('תפוקה מצטברת מול אשתקד'!A9,איילון!A:G,6,0)+VLOOKUP(A9,הראל!A:G,6,0)+VLOOKUP('תפוקה מצטברת מול אשתקד'!A9,הפניקס!A:G,6,0)+VLOOKUP('תפוקה מצטברת מול אשתקד'!A9,כלל!A:G,6,0)+VLOOKUP('תפוקה מצטברת מול אשתקד'!A9,מור!A:G,6,0)+VLOOKUP('תפוקה מצטברת מול אשתקד'!A9,'אלטשולר שחם'!A:G,6,0)+VLOOKUP('תפוקה מצטברת מול אשתקד'!A9,'מדיהו '!A:G,6,0)+VLOOKUP('תפוקה מצטברת מול אשתקד'!A9,'אנליסט '!A:G,6,0)+VLOOKUP('תפוקה מצטברת מול אשתקד'!A9,'מיטב דש'!A:G,6,0)+VLOOKUP('תפוקה מצטברת מול אשתקד'!A9,אינפניטי!A:G,6,0) -> 0 | K9: =VLOOKUP(A9,הכשרה!A:G,7,0)+VLOOKUP('תפוקה מצטברת מול אשתקד'!A9,מגדל!A:G,7,0)+VLOOKUP('תפוקה מצטברת מול אשתקד'!A9,מנורה!A:G,7,0)+VLOOKUP('תפוקה מצטברת מול אשתקד'!A9,איילון!A:G,7,0)+VLOOKUP('תפוקה מצטברת מול אשתקד'!A9,הראל!A:G,7,0)+VLOOKUP('תפוקה מצטברת מול אשתקד'!A9,הפניקס!A:G,7,0)+VLOOKUP('תפוקה מצטברת מול אשתקד'!A9,כלל!A:G,7,0)+VLOOKUP('תפוקה מצטברת מול אשתקד'!A9,מור!A:G,7,0)+VLOOKUP('תפוקה מצטברת מול אשתקד'!A9,'אלטשולר שחם'!A:G,7,0)+VLOOKUP('תפוקה מצטברת מול אשתקד'!A9,'מדיהו '!A:K,7,0)+VLOOKUP(A9,'אנליסט '!A:G,7,0)+VLOOKUP('תפוקה מצטברת מול אשתקד'!A9,'מיטב דש'!A:G,7,0)+VLOOKUP('תפוקה מצטברת מול אשתקד'!A9,אינפניטי!A:G,7,0) -> 0 | L9: =VLOOKUP(A9,הכשרה!A:K,8,0)+VLOOKUP('תפוקה מצטברת מול אשתקד'!A9,מגדל!A:K,8,0)+VLOOKUP('תפוקה מצטברת מול אשתקד'!A9,מנורה!A:K,8,0)+VLOOKUP('תפוקה מצטברת מול אשתקד'!A9,איילון!A:K,8,0)+VLOOKUP('תפוקה מצטברת מול אשתקד'!A9,הראל!A:K,8,0)+VLOOKUP('תפוקה מצטברת מול אשתקד'!A9,הפניקס!A:K,8,0)+VLOOKUP('תפוקה מצטברת מול אשתקד'!A9,כלל!A:K,8,0)+VLOOKUP('תפוקה מצטברת מול אשתקד'!A9,מור!A:K,8,0)+VLOOKUP('תפוקה מצטברת מול אשתקד'!A9,'אלטשולר שחם'!A:K,8,0)+VLOOKUP('תפוקה מצטברת מול אשתקד'!A9,'מדיהו '!A:K,8,0)+VLOOKUP('תפוקה מצטברת מול אשתקד'!A9,'אנליסט '!A:K,8,0)+VLOOKUP('תפוקה מצטברת מול אשתקד'!A9,'מיטב דש'!A:K,8,0)+VLOOKUP('תפוקה מצטברת מול אשתקד'!A9,אינפניטי!A:K,8,0) -> 2415.0285 | M9: =VLOOKUP(A9,הכשרה!A:K,9,0)+VLOOKUP('תפוקה מצטברת מול אשתקד'!A9,מגדל!A:K,9,0)+VLOOKUP('תפוקה מצטברת מול אשתקד'!A9,מנורה!A:K,9,0)+VLOOKUP('תפוקה מצטברת מול אשתקד'!A9,איילון!A:K,9,0)+VLOOKUP('תפוקה מצטברת מול אשתקד'!A9,הראל!A:K,9,0)+VLOOKUP('תפוקה מצטברת מול אשתקד'!A9,הפניקס!A:K,9,0)+VLOOKUP('תפוקה מצטברת מול אשתקד'!A9,כלל!A:K,9,0)+VLOOKUP('תפוקה מצטברת מול אשתקד'!A9,מור!A:K,9,0)+VLOOKUP('תפוקה מצטברת מול אשתקד'!A9,'אלטשולר שחם'!A:K,9,0)+VLOOKUP('תפוקה מצטברת מול אשתקד'!A9,'מדיהו '!A:K,9,0)+VLOOKUP('תפוקה מצטברת מול אשתקד'!A9,'אנליסט '!A:K,9,0)+VLOOKUP('תפוקה מצטברת מול אשתקד'!A9,'מיטב דש'!A:K,9,0)+VLOOKUP('תפוקה מצטברת מול אשתקד'!A9,אינפניטי!A:K,9,0) -> 80.2 | N9: =VLOOKUP(A9,הכשרה!A:K,10,0)+VLOOKUP('תפוקה מצטברת מול אשתקד'!A9,מגדל!A:K,10,0)+VLOOKUP('תפוקה מצטברת מול אשתקד'!A9,מנורה!A:K,10,0)+VLOOKUP('תפוקה מצטברת מול אשתקד'!A9,איילון!A:K,10,0)+VLOOKUP('תפוקה מצטברת מול אשתקד'!A9,הראל!A:K,10,0)+VLOOKUP('תפוקה מצטברת מול אשתקד'!A9,הפניקס!A:K,10,0)+VLOOKUP('תפוקה מצטברת מול אשתקד'!A9,כלל!A:K,10,0)+VLOOKUP('תפוקה מצטברת מול אשתקד'!A9,מור!A:K,10,0)+VLOOKUP('תפוקה מצטברת מול אשתקד'!A9,'אלטשולר שחם'!A:K,10,0)+VLOOKUP('תפוקה מצטברת מול אשתקד'!A9,'מדיהו '!A:K,10,0)+VLOOKUP('תפוקה מצטברת מול אשתקד'!A9,'אנליסט '!A:K,10,0)+VLOOKUP('תפוקה מצטברת מול אשתקד'!A9,'מיטב דש'!A:K,10,0)+VLOOKUP('תפוקה מצטברת מול אשתקד'!A9,אינפניטי!A:K,10,0) -> 0 | O9: =VLOOKUP(A9,הכשרה!A:K,11,0)+VLOOKUP('תפוקה מצטברת מול אשתקד'!A9,מגדל!A:K,11,0)+VLOOKUP('תפוקה מצטברת מול אשתקד'!A9,מנורה!A:K,11,0)+VLOOKUP('תפוקה מצטברת מול אשתקד'!A9,איילון!A:K,11,0)+VLOOKUP('תפוקה מצטברת מול אשתקד'!A9,הראל!A:K,11,0)+VLOOKUP('תפוקה מצטברת מול אשתקד'!A9,הפניקס!A:K,11,0)+VLOOKUP('תפוקה מצטברת מול אשתקד'!A9,כלל!A:K,11,0)+VLOOKUP('תפוקה מצטברת מול אשתקד'!A9,מור!A:K,11,0)+VLOOKUP('תפוקה מצטברת מול אשתקד'!A9,'אלטשולר שחם'!A:K,11,0)+VLOOKUP('תפוקה מצטברת מול אשתקד'!A9,'מדיהו '!A:K,11,0)+VLOOKUP('תפוקה מצטברת מול אשתקד'!A9,'אנליסט '!A:K,11,0)+VLOOKUP('תפוקה מצטברת מול אשתקד'!A9,'מיטב דש'!A:K,11,0)+VLOOKUP('תפוקה מצטברת מול אשתקד'!A9,אינפניטי!A:K,11,0) -> 0
A10: גל אלמגור דאוד סוכ' לב | B10: יוסי אביב | C10: שותפים | D10: =IF(H10=0,0%,IF(L10=0,100%,H10/L10-1)) -> -0.88955126 | E10: =IF(I10=0,0%,IF(M10=0,100%,I10/M10-1)) -> 1.5080716 | F10: =IF(J10=0,0%,IF(N10=0,100%,J10/N10-1)) -> 0 | G10: =IF(K10=0,0%,IF(O10=H33,100%,K10/O10-1)) -> 0 | H10: =VLOOKUP(A10,הכשרה!A:G,4,0)+VLOOKUP('תפוקה מצטברת מול אשתקד'!A10,מגדל!A:G,4,0)+VLOOKUP('תפוקה מצטברת מול אשתקד'!A10,מנורה!A:G,4,0)+VLOOKUP('תפוקה מצטברת מול אשתקד'!A10,איילון!A:G,4,0)+VLOOKUP('תפוקה מצטברת מול אשתקד'!A10,הראל!A:G,4,0)+VLOOKUP('תפוקה מצטברת מול אשתקד'!A10,הפניקס!A:G,4,0)+VLOOKUP('תפוקה מצטברת מול אשתקד'!A10,כלל!A:G,4,0)+VLOOKUP('תפוקה מצטברת מול אשתקד'!A10,מור!A:G,4,0)+VLOOKUP('תפוקה מצטברת מול אשתקד'!A10,'אלטשולר שחם'!A:G,4,0)+VLOOKUP('תפוקה מצטברת מול אשתקד'!A10,'מדיהו '!A:G,4,0)+VLOOKUP('תפוקה מצטברת מול אשתקד'!A10,'אנליסט '!A:G,4,0)+VLOOKUP('תפוקה מצטברת מול אשתקד'!A10,'מיטב דש'!A:G,4,0)+VLOOKUP('תפוקה מצטברת מול אשתקד'!A10,אינפניטי!A:G,4,0) -> -1626.9634 | I10: =VLOOKUP(A10,הכשרה!A:G,5,0)+VLOOKUP('תפוקה מצטברת מול אשתקד'!A10,מגדל!A:G,5,0)+VLOOKUP('תפוקה מצטברת מול אשתקד'!A10,מנורה!A:G,5,0)+VLOOKUP('תפוקה מצטברת מול אשתקד'!A10,איילון!A:G,5,0)+VLOOKUP('תפוקה מצטברת מול אשתקד'!A10,הראל!A:G,5,0)+VLOOKUP('תפוקה מצטברת מול אשתקד'!A10,הפניקס!A:G,5,0)+VLOOKUP('תפוקה מצטברת מול אשתקד'!A10,כלל!A:G,5,0)+VLOOKUP('תפוקה מצטברת מול אשתקד'!A10,מור!A:G,5,0)+VLOOKUP('תפוקה מצטברת מול אשתקד'!A10,'אלטשולר שחם'!A:G,5,0)+VLOOKUP('תפוקה מצטברת מול אשתקד'!A10,'מדיהו '!A:G,5,0)+VLOOKUP('תפוקה מצטברת מול אשתקד'!A10,'אנליסט '!A:G,5,0)+VLOOKUP('תפוקה מצטברת מול אשתקד'!A10,'מיטב דש'!A:G,5,0)+VLOOKUP('תפוקה מצטברת מול אשתקד'!A10,אינפניטי!A:G,5,0) -> 60333.98 | J10: =VLOOKUP(A10,הכשרה!A:G,6,0)+VLOOKUP('תפוקה מצטברת מול אשתקד'!A10,מגדל!A:G,6,0)+VLOOKUP('תפוקה מצטברת מול אשתקד'!A10,מנורה!A:G,6,0)+VLOOKUP('תפוקה מצטברת מול אשתקד'!A10,איילון!A:G,6,0)+VLOOKUP(A10,הראל!A:G,6,0)+VLOOKUP('תפוקה מצטברת מול אשתקד'!A10,הפניקס!A:G,6,0)+VLOOKUP('תפוקה מצטברת מול אשתקד'!A10,כלל!A:G,6,0)+VLOOKUP('תפוקה מצטברת מול אשתקד'!A10,מור!A:G,6,0)+VLOOKUP('תפוקה מצטברת מול אשתקד'!A10,'אלטשולר שחם'!A:G,6,0)+VLOOKUP('תפוקה מצטברת מול אשתקד'!A10,'מדיהו '!A:G,6,0)+VLOOKUP('תפוקה מצטברת מול אשתקד'!A10,'אנליסט '!A:G,6,0)+VLOOKUP('תפוקה מצטברת מול אשתקד'!A10,'מיטב דש'!A:G,6,0)+VLOOKUP('תפוקה מצטברת מול אשתקד'!A10,אינפניטי!A:G,6,0) -> 0 | K10: =VLOOKUP(A10,הכשרה!A:G,7,0)+VLOOKUP('תפוקה מצטברת מול אשתקד'!A10,מגדל!A:G,7,0)+VLOOKUP('תפוקה מצטברת מול אשתקד'!A10,מנורה!A:G,7,0)+VLOOKUP('תפוקה מצטברת מול אשתקד'!A10,איילון!A:G,7,0)+VLOOKUP('תפוקה מצטברת מול אשתקד'!A10,הראל!A:G,7,0)+VLOOKUP('תפוקה מצטברת מול אשתקד'!A10,הפניקס!A:G,7,0)+VLOOKUP('תפוקה מצטברת מול אשתקד'!A10,כלל!A:G,7,0)+VLOOKUP('תפוקה מצטברת מול אשתקד'!A10,מור!A:G,7,0)+VLOOKUP('תפוקה מצטברת מול אשתקד'!A10,'אלטשולר שחם'!A:G,7,0)+VLOOKUP('תפוקה מצטברת מול אשתקד'!A10,'מדיהו '!A:K,7,0)+VLOOKUP(A10,'אנליסט '!A:G,7,0)+VLOOKUP('תפוקה מצטברת מול אשתקד'!A10,'מיטב דש'!A:G,7,0)+VLOOKUP('תפוקה מצטברת מול אשתקד'!A10,אינפניטי!A:G,7,0) -> 0 | L10: =VLOOKUP(A10,הכשרה!A:K,8,0)+VLOOKUP('תפוקה מצטברת מול אשתקד'!A10,מגדל!A:K,8,0)+VLOOKUP('תפוקה מצטברת מול אשתקד'!A10,מנורה!A:K,8,0)+VLOOKUP('תפוקה מצטברת מול אשתקד'!A10,איילון!A:K,8,0)+VLOOKUP('תפוקה מצטברת מול אשתקד'!A10,הראל!A:K,8,0)+VLOOKUP('תפוקה מצטברת מול אשתקד'!A10,הפניקס!A:K,8,0)+VLOOKUP('תפוקה מצטברת מול אשתקד'!A10,כלל!A:K,8,0)+VLOOKUP('תפוקה מצטברת מול אשתקד'!A10,מור!A:K,8,0)+VLOOKUP('תפוקה מצטברת מול אשתקד'!A10,'אלטשולר שחם'!A:K,8,0)+VLOOKUP('תפוקה מצטברת מול אשתקד'!A10,'מדיהו '!A:K,8,0)+VLOOKUP('תפוקה מצטברת מול אשתקד'!A10,'אנליסט '!A:K,8,0)+VLOOKUP('תפוקה מצטברת מול אשתקד'!A10,'מיטב דש'!A:K,8,0)+VLOOKUP('תפוקה מצטברת מול אשתקד'!A10,אינפניטי!A:K,8,0) -> -14730.485 | M10: =VLOOKUP(A10,הכשרה!A:K,9,0)+VLOOKUP('תפוקה מצטברת מול אשתקד'!A10,מגדל!A:K,9,0)+VLOOKUP('תפוקה מצטברת מול אשתקד'!A10,מנורה!A:K,9,0)+VLOOKUP('תפוקה מצטברת מול אשתקד'!A10,איילון!A:K,9,0)+VLOOKUP('תפוקה מצטברת מול אשתקד'!A10,הראל!A:K,9,0)+VLOOKUP('תפוקה מצטברת מול אשתקד'!A10,הפניקס!A:K,9,0)+VLOOKUP('תפוקה מצטברת מול אשתקד'!A10,כלל!A:K,9,0)+VLOOKUP('תפוקה מצטברת מול אשתקד'!A10,מור!A:K,9,0)+VLOOKUP('תפוקה מצטברת מול אשתקד'!A10,'אלטשולר שחם'!A:K,9,0)+VLOOKUP('תפוקה מצטברת מול אשתקד'!A10,'מדיהו '!A:K,9,0)+VLOOKUP('תפוקה מצטברת מול אשתקד'!A10,'אנליסט '!A:K,9,0)+VLOOKUP('תפוקה מצטברת מול אשתקד'!A10,'מיטב דש'!A:K,9,0)+VLOOKUP('תפוקה מצטברת מול אשתקד'!A10,אינפניטי!A:K,9,0) -> 24055.924 | N10: =VLOOKUP(A10,הכשרה!A:K,10,0)+VLOOKUP('תפוקה מצטברת מול אשתקד'!A10,מגדל!A:K,10,0)+VLOOKUP('תפוקה מצטברת מול אשתקד'!A10,מנורה!A:K,10,0)+VLOOKUP('תפוקה מצטברת מול אשתקד'!A10,איילון!A:K,10,0)+VLOOKUP('תפוקה מצטברת מול אשתקד'!A10,הראל!A:K,10,0)+VLOOKUP('תפוקה מצטברת מול אשתקד'!A10,הפניקס!A:K,10,0)+VLOOKUP('תפוקה מצטברת מול אשתקד'!A10,כלל!A:K,10,0)+VLOOKUP('תפוקה מצטברת מול אשתקד'!A10,מור!A:K,10,0)+VLOOKUP('תפוקה מצטברת מול אשתקד'!A10,'אלטשולר שחם'!A:K,10,0)+VLOOKUP('תפוקה מצטברת מול אשתקד'!A10,'מדיהו '!A:K,10,0)+VLOOKUP('תפוקה מצטברת מול אשתקד'!A10,'אנליסט '!A:K,10,0)+VLOOKUP('תפוקה מצטברת מול אשתקד'!A10,'מיטב דש'!A:K,10,0)+VLOOKUP('תפוקה מצטברת מול אשתקד'!A10,אינפניטי!A:K,10,0) -> 4895.04 | O10: =VLOOKUP(A10,הכשרה!A:K,11,0)+VLOOKUP('תפוקה מצטברת מול אשתקד'!A10,מגדל!A:K,11,0)+VLOOKUP('תפוקה מצטברת מול אשתקד'!A10,מנורה!A:K,11,0)+VLOOKUP('תפוקה מצטברת מול אשתקד'!A10,איילון!A:K,11,0)+VLOOKUP('תפוקה מצטברת מול אשתקד'!A10,הראל!A:K,11,0)+VLOOKUP('תפוקה מצטברת מול אשתקד'!A10,הפניקס!A:K,11,0)+VLOOKUP('תפוקה מצטברת מול אשתקד'!A10,כלל!A:K,11,0)+VLOOKUP('תפוקה מצטברת מול אשתקד'!A10,מור!A:K,11,0)+VLOOKUP('תפוקה מצטברת מול אשתקד'!A10,'אלטשולר שחם'!A:K,11,0)+VLOOKUP('תפוקה מצטברת מול אשתקד'!A10,'מדיהו '!A:K,11,0)+VLOOKUP('תפוקה מצטברת מול אשתקד'!A10,'אנליסט '!A:K,11,0)+VLOOKUP('תפוקה מצטברת מול אשתקד'!A10,'מיטב דש'!A:K,11,0)+VLOOKUP('תפוקה מצטברת מול אשתקד'!A10,אינפניטי!A:K,11,0) -> 8305.62
A11: גל אלמגור -וייס סוכנות | B11: יוסי אביב | C11: שותפים | D11: =IF(H11=0,0%,IF(L11=0,100%,H11/L11-1)) -> -8.8019873 | E11: =IF(I11=0,0%,IF(M11=0,100%,I11/M11-1)) -> -0.32122603 | F11: =IF(J11=0,0%,IF(N11=0,100%,J11/N11-1)) -> 1 | G11: =IF(K11=0,0%,IF(O11=H34,100%,K11/O11-1)) -> -1.4522367 | H11: =VLOOKUP(A11,הכשרה!A:G,4,0)+VLOOKUP('תפוקה מצטברת מול אשתקד'!A11,מגדל!A:G,4,0)+VLOOKUP('תפוקה מצטברת מול אשתקד'!A11,מנורה!A:G,4,0)+VLOOKUP('תפוקה מצטברת מול אשתקד'!A11,איילון!A:G,4,0)+VLOOKUP('תפוקה מצטברת מול אשתקד'!A11,הראל!A:G,4,0)+VLOOKUP('תפוקה מצטברת מול אשתקד'!A11,הפניקס!A:G,4,0)+VLOOKUP('תפוקה מצטברת מול אשתקד'!A11,כלל!A:G,4,0)+VLOOKUP('תפוקה מצטברת מול אשתקד'!A11,מור!A:G,4,0)+VLOOKUP('תפוקה מצטברת מול אשתקד'!A11,'אלטשולר שחם'!A:G,4,0)+VLOOKUP('תפוקה מצטברת מול אשתקד'!A11,'מדיהו '!A:G,4,0)+VLOOKUP('תפוקה מצטברת מול אשתקד'!A11,'אנליסט '!A:G,4,0)+VLOOKUP('תפוקה מצטברת מול אשתקד'!A11,'מיטב דש'!A:G,4,0)+VLOOKUP('תפוקה מצטברת מול אשתקד'!A11,אינפניטי!A:G,4,0) -> 80636.953 | I11: =VLOOKUP(A11,הכשרה!A:G,5,0)+VLOOKUP('תפוקה מצטברת מול אשתקד'!A11,מגדל!A:G,5,0)+VLOOKUP('תפוקה מצטברת מול אשתקד'!A11,מנורה!A:G,5,0)+VLOOKUP('תפוקה מצטברת מול אשתקד'!A11,איילון!A:G,5,0)+VLOOKUP('תפוקה מצטברת מול אשתקד'!A11,הראל!A:G,5,0)+VLOOKUP('תפוקה מצטברת מול אשתקד'!A11,הפניקס!A:G,5,0)+VLOOKUP('תפוקה מצטברת מול אשתקד'!A11,כלל!A:G,5,0)+VLOOKUP('תפוקה מצטברת מול אשתקד'!A11,מור!A:G,5,0)+VLOOKUP('תפוקה מצטברת מול אשתקד'!A11,'אלטשולר שחם'!A:G,5,0)+VLOOKUP('תפוקה מצטברת מול אשתקד'!A11,'מדיהו '!A:G,5,0)+VLOOKUP('תפוקה מצטברת מול אשתקד'!A11,'אנליסט '!A:G,5,0)+VLOOKUP('תפוקה מצטברת מול אשתקד'!A11,'מיטב דש'!A:G,5,0)+VLOOKUP('תפוקה מצטברת מול אשתקד'!A11,אינפניטי!A:G,5,0) -> 2286.9809 | J11: =VLOOKUP(A11,הכשרה!A:G,6,0)+VLOOKUP('תפוקה מצטברת מול אשתקד'!A11,מגדל!A:G,6,0)+VLOOKUP('תפוקה מצטברת מול אשתקד'!A11,מנורה!A:G,6,0)+VLOOKUP('תפוקה מצטברת מול אשתקד'!A11,איילון!A:G,6,0)+VLOOKUP(A11,הראל!A:G,6,0)+VLOOKUP('תפוקה מצטברת מול אשתקד'!A11,הפניקס!A:G,6,0)+VLOOKUP('תפוקה מצטברת מול אשתקד'!A11,כלל!A:G,6,0)+VLOOKUP('תפוקה מצטברת מול אשתקד'!A11,מור!A:G,6,0)+VLOOKUP('תפוקה מצטברת מול אשתקד'!A11,'אלטשולר שחם'!A:G,6,0)+VLOOKUP('תפוקה מצטברת מול אשתקד'!A11,'מדיהו '!A:G,6,0)+VLOOKUP('תפוקה מצטברת מול אשתקד'!A11,'אנליסט '!A:G,6,0)+VLOOKUP('תפוקה מצטברת מול אשתקד'!A11,'מיטב דש'!A:G,6,0)+VLOOKUP('תפוקה מצטברת מול אשתקד'!A11,אינפניטי!A:G,6,0) -> 275386.16 | K11: =VLOOKUP(A11,הכשרה!A:G,7,0)+VLOOKUP('תפוקה מצטברת מול אשתקד'!A11,מגדל!A:G,7,0)+VLOOKUP('תפוקה מצטברת מול אשתקד'!A11,מנורה!A:G,7,0)+VLOOKUP('תפוקה מצטברת מול אשתקד'!A11,איילון!A:G,7,0)+VLOOKUP('תפוקה מצטברת מול אשתקד'!A11,הראל!A:G,7,0)+VLOOKUP('תפוקה מצטברת מול אשתקד'!A11,הפניקס!A:G,7,0)+VLOOKUP('תפוקה מצטברת מול אשתקד'!A11,כלל!A:G,7,0)+VLOOKUP('תפוקה מצטברת מול אשתקד'!A11,מור!A:G,7,0)+VLOOKUP('תפוקה מצטברת מול אשתקד'!A11,'אלטשולר שחם'!A:G,7,0)+VLOOKUP('תפוקה מצטברת מול אשתקד'!A11,'מדיהו '!A:K,7,0)+VLOOKUP(A11,'אנליסט '!A:G,7,0)+VLOOKUP('תפוקה מצטברת מול אשתקד'!A11,'מיטב דש'!A:G,7,0)+VLOOKUP('תפוקה מצטברת מול אשתקד'!A11,אינפניטי!A:G,7,0) -> 413586.85 | L11: =VLOOKUP(A11,הכשרה!A:K,8,0)+VLOOKUP('תפוקה מצטברת מול אשתקד'!A11,מגדל!A:K,8,0)+VLOOKUP('תפוקה מצטברת מול אשתקד'!A11,מנורה!A:K,8,0)+VLOOKUP('תפוקה מצטברת מול אשתקד'!A11,איילון!A:K,8,0)+VLOOKUP('תפוקה מצטברת מול אשתקד'!A11,הראל!A:K,8,0)+VLOOKUP('תפוקה מצטברת מול אשתקד'!A11,הפניקס!A:K,8,0)+VLOOKUP('תפוקה מצטברת מול אשתקד'!A11,כלל!A:K,8,0)+VLOOKUP('תפוקה מצטברת מול אשתקד'!A11,מור!A:K,8,0)+VLOOKUP('תפוקה מצטברת מול אשתקד'!A11,'אלטשולר שחם'!A:K,8,0)+VLOOKUP('תפוקה מצטברת מול אשתקד'!A11,'מדיהו '!A:K,8,0)+VLOOKUP('תפוקה מצטברת מול אשתקד'!A11,'אנליסט '!A:K,8,0)+VLOOKUP('תפוקה מצטברת מול אשתקד'!A11,'מיטב דש'!A:K,8,0)+VLOOKUP('תפוקה מצטברת מול אשתקד'!A11,אינפניטי!A:K,8,0) -> -10335.438 | M11: =VLOOKUP(A11,הכשרה!A:K,9,0)+VLOOKUP('תפוקה מצטברת מול אשתקד'!A11,מגדל!A:K,9,0)+VLOOKUP('תפוקה מצטברת מול אשתקד'!A11,מנורה!A:K,9,0)+VLOOKUP('תפוקה מצטברת מול אשתקד'!A11,איילון!A:K,9,0)+VLOOKUP('תפוקה מצטברת מול אשתקד'!A11,הראל!A:K,9,0)+VLOOKUP('תפוקה מצטברת מול אשתקד'!A11,הפניקס!A:K,9,0)+VLOOKUP('תפוקה מצטברת מול אשתקד'!A11,כלל!A:K,9,0)+VLOOKUP('תפוקה מצטברת מול אשתקד'!A11,מור!A:K,9,0)+VLOOKUP('תפוקה מצטברת מול אשתקד'!A11,'אלטשולר שחם'!A:K,9,0)+VLOOKUP('תפוקה מצטברת מול אשתקד'!A11,'מדיהו '!A:K,9,0)+VLOOKUP('תפוקה מצטברת מול אשתקד'!A11,'אנליסט '!A:K,9,0)+VLOOKUP('תפוקה מצטברת מול אשתקד'!A11,'מיטב דש'!A:K,9,0)+VLOOKUP('תפוקה מצטברת מול אשתקד'!A11,אינפניטי!A:K,9,0) -> 3369.282 | N11: =VLOOKUP(A11,הכשרה!A:K,10,0)+VLOOKUP('תפוקה מצטברת מול אשתקד'!A11,מגדל!A:K,10,0)+VLOOKUP('תפוקה מצטברת מול אשתקד'!A11,מנורה!A:K,10,0)+VLOOKUP('תפוקה מצטברת מול אשתקד'!A11,איילון!A:K,10,0)+VLOOKUP('תפוקה מצטברת מול אשתקד'!A11,הראל!A:K,10,0)+VLOOKUP('תפוקה מצטברת מול אשתקד'!A11,הפניקס!A:K,10,0)+VLOOKUP('תפוקה מצטברת מול אשתקד'!A11,כלל!A:K,10,0)+VLOOKUP('תפוקה מצטברת מול אשתקד'!A11,מור!A:K,10,0)+VLOOKUP('תפוקה מצטברת מול אשתקד'!A11,'אלטשולר שחם'!A:K,10,0)+VLOOKUP('תפוקה מצטברת מול אשתקד'!A11,'מדיהו '!A:K,10,0)+VLOOKUP('תפוקה מצטברת מול אשתקד'!A11,'אנליסט '!A:K,10,0)+VLOOKUP('תפוקה מצטברת מול אשתקד'!A11,'מיטב דש'!A:K,10,0)+VLOOKUP('תפוקה מצטברת מול אשתקד'!A11,אינפניטי!A:K,10,0) -> 0 | O11: =VLOOKUP(A11,הכשרה!A:K,11,0)+VLOOKUP('תפוקה מצטברת מול אשתקד'!A11,מגדל!A:K,11,0)+VLOOKUP('תפוקה מצטברת מול אשתקד'!A11,מנורה!A:K,11,0)+VLOOKUP('תפוקה מצטברת מול אשתקד'!A11,איילון!A:K,11,0)+VLOOKUP('תפוקה מצטברת מול אשתקד'!A11,הראל!A:K,11,0)+VLOOKUP('תפוקה מצטברת מול אשתקד'!A11,הפניקס!A:K,11,0)+VLOOKUP('תפוקה מצטברת מול אשתקד'!A11,כלל!A:K,11,0)+VLOOKUP('תפוקה מצטברת מול אשתקד'!A11,מור!A:K,11,0)+VLOOKUP('תפוקה מצטברת מול אשתקד'!A11,'אלטשולר שחם'!A:K,11,0)+VLOOKUP('תפוקה מצטברת מול אשתקד'!A11,'מדיהו '!A:K,11,0)+VLOOKUP('תפוקה מצטברת מול אשתקד'!A11,'אנליסט '!A:K,11,0)+VLOOKUP('תפוקה מצטברת מול אשתקד'!A11,'מיטב דש'!A:K,11,0)+VLOOKUP('תפוקה מצטברת מול אשתקד'!A11,אינפניטי!A:K,11,0) -> -914536.28
A12: גל אלמגור דרום סוכ ל | B12: יוסי אביב | C12: שותפים | D12: =IF(H12=0,0%,IF(L12=0,100%,H12/L12-1)) -> 0 | E12: =IF(I12=0,0%,IF(M12=0,100%,I12/M12-1)) -> -0.64626971 | F12: =IF(J12=0,0%,IF(N12=0,100%,J12/N12-1)) -> 0 | G12: =IF(K12=0,0%,IF(O12=H35,100%,K12/O12-1)) -> 0 | H12: =VLOOKUP(A12,הכשרה!A:G,4,0)+VLOOKUP('תפוקה מצטברת מול אשתקד'!A12,מגדל!A:G,4,0)+VLOOKUP('תפוקה מצטברת מול אשתקד'!A12,מנורה!A:G,4,0)+VLOOKUP('תפוקה מצטברת מול אשתקד'!A12,איילון!A:G,4,0)+VLOOKUP('תפוקה מצטברת מול אשתקד'!A12,הראל!A:G,4,0)+VLOOKUP('תפוקה מצטברת מול אשתקד'!A12,הפניקס!A:G,4,0)+VLOOKUP('תפוקה מצטברת מול אשתקד'!A12,כלל!A:G,4,0)+VLOOKUP('תפוקה מצטברת מול אשתקד'!A12,מור!A:G,4,0)+VLOOKUP('תפוקה מצטברת מול אשתקד'!A12,'אלטשולר שחם'!A:G,4,0)+VLOOKUP('תפוקה מצטברת מול אשתקד'!A12,'מדיהו '!A:G,4,0)+VLOOKUP('תפוקה מצטברת מול אשתקד'!A12,'אנליסט '!A:G,4,0)+VLOOKUP('תפוקה מצטברת מול אשתקד'!A12,'מיטב דש'!A:G,4,0)+VLOOKUP('תפוקה מצטברת מול אשתקד'!A12,אינפניטי!A:G,4,0) -> 0 | I12: =VLOOKUP(A12,הכשרה!A:G,5,0)+VLOOKUP('תפוקה מצטברת מול אשתקד'!A12,מגדל!A:G,5,0)+VLOOKUP('תפוקה מצטברת מול אשתקד'!A12,מנורה!A:G,5,0)+VLOOKUP('תפוקה מצטברת מול אשתקד'!A12,איילון!A:G,5,0)+VLOOKUP('תפוקה מצטברת מול אשתקד'!A12,הראל!A:G,5,0)+VLOOKUP('תפוקה מצטברת מול אשתקד'!A12,הפניקס!A:G,5,0)+VLOOKUP('תפוקה מצטברת מול אשתקד'!A12,כלל!A:G,5,0)+VLOOKUP('תפוקה מצטברת מול אשתקד'!A12,מור!A:G,5,0)+VLOOKUP('תפוקה מצטברת מול אשתקד'!A12,'אלטשולר שחם'!A:G,5,0)+VLOOKUP('תפוקה מצטברת מול אשתקד'!A12,'מדיהו '!A:G,5,0)+VLOOKUP('תפוקה מצטברת מול אשתקד'!A12,'אנליסט '!A:G,5,0)+VLOOKUP('תפוקה מצטברת מול אשתקד'!A12,'מיטב דש'!A:G,5,0)+VLOOKUP('תפוקה מצטברת מול אשתקד'!A12,אינפניטי!A:G,5,0) -> 60.12 | J12: =VLOOKUP(A12,הכשרה!A:G,6,0)+VLOOKUP('תפוקה מצטברת מול אשתקד'!A12,מגדל!A:G,6,0)+VLOOKUP('תפוקה מצטברת מול אשתקד'!A12,מנורה!A:G,6,0)+VLOOKUP('תפוקה מצטברת מול אשתקד'!A12,איילון!A:G,6,0)+VLOOKUP(A12,הראל!A:G,6,0)+VLOOKUP('תפוקה מצטברת מול אשתקד'!A12,הפניקס!A:G,6,0)+VLOOKUP('תפוקה מצטברת מול אשתקד'!A12,כלל!A:G,6,0)+VLOOKUP('תפוקה מצטברת מול אשתקד'!A12,מור!A:G,6,0)+VLOOKUP('תפוקה מצטברת מול אשתקד'!A12,'אלטשולר שחם'!A:G,6,0)+VLOOKUP('תפוקה מצטברת מול אשתקד'!A12,'מדיהו '!A:G,6,0)+VLOOKUP('תפוקה מצטברת מול אשתקד'!A12,'אנליסט '!A:G,6,0)+VLOOKUP('תפוקה מצטברת מול אשתקד'!A12,'מיטב דש'!A:G,6,0)+VLOOKUP('תפוקה מצטברת מול אשתקד'!A12,אינפניטי!A:G,6,0) -> 0 | K12: =VLOOKUP(A12,הכשרה!A:G,7,0)+VLOOKUP('תפוקה מצטברת מול אשתקד'!A12,מגדל!A:G,7,0)+VLOOKUP('תפוקה מצטברת מול אשתקד'!A12,מנורה!A:G,7,0)+VLOOKUP('תפוקה מצטברת מול אשתקד'!A12,איילון!A:G,7,0)+VLOOKUP('תפוקה מצטברת מול אשתקד'!A12,הראל!A:G,7,0)+VLOOKUP('תפוקה מצטברת מול אשתקד'!A12,הפניקס!A:G,7,0)+VLOOKUP('תפוקה מצטברת מול אשתקד'!A12,כלל!A:G,7,0)+VLOOKUP('תפוקה מצטברת מול אשתקד'!A12,מור!A:G,7,0)+VLOOKUP('תפוקה מצטברת מול אשתקד'!A12,'אלטשולר שחם'!A:G,7,0)+VLOOKUP('תפוקה מצטברת מול אשתקד'!A12,'מדיהו '!A:K,7,0)+VLOOKUP(A12,'אנליסט '!A:G,7,0)+VLOOKUP('תפוקה מצטברת מול אשתקד'!A12,'מיטב דש'!A:G,7,0)+VLOOKUP('תפוקה מצטברת מול אשתקד'!A12,אינפניטי!A:G,7,0) -> 0 | L12: =VLOOKUP(A12,הכשרה!A:K,8,0)+VLOOKUP('תפוקה מצטברת מול אשתקד'!A12,מגדל!A:K,8,0)+VLOOKUP('תפוקה מצטברת מול אשתקד'!A12,מנורה!A:K,8,0)+VLOOKUP('תפוקה מצטברת מול אשתקד'!A12,איילון!A:K,8,0)+VLOOKUP('תפוקה מצטברת מול אשתקד'!A12,הראל!A:K,8,0)+VLOOKUP('תפוקה מצטברת מול אשתקד'!A12,הפניקס!A:K,8,0)+VLOOKUP('תפוקה מצטברת מול אשתקד'!A12,כלל!A:K,8,0)+VLOOKUP('תפוקה מצטברת מול אשתקד'!A12,מור!A:K,8,0)+VLOOKUP('תפוקה מצטברת מול אשתקד'!A12,'אלטשולר שחם'!A:K,8,0)+VLOOKUP('תפוקה מצטברת מול אשתקד'!A12,'מדיהו '!A:K,8,0)+VLOOKUP('תפוקה מצטברת מול אשתקד'!A12,'אנליסט '!A:K,8,0)+VLOOKUP('תפוקה מצטברת מול אשתקד'!A12,'מיטב דש'!A:K,8,0)+VLOOKUP('תפוקה מצטברת מול אשתקד'!A12,אינפניטי!A:K,8,0) -> 0 | M12: =VLOOKUP(A12,הכשרה!A:K,9,0)+VLOOKUP('תפוקה מצטברת מול אשתקד'!A12,מגדל!A:K,9,0)+VLOOKUP('תפוקה מצטברת מול אשתקד'!A12,מנורה!A:K,9,0)+VLOOKUP('תפוקה מצטברת מול אשתקד'!A12,איילון!A:K,9,0)+VLOOKUP('תפוקה מצטברת מול אשתקד'!A12,הראל!A:K,9,0)+VLOOKUP('תפוקה מצטברת מול אשתקד'!A12,הפניקס!A:K,9,0)+VLOOKUP('תפוקה מצטברת מול אשתקד'!A12,כלל!A:K,9,0)+VLOOKUP('תפוקה מצטברת מול אשתקד'!A12,מור!A:K,9,0)+VLOOKUP('תפוקה מצטברת מול אשתקד'!A12,'אלטשולר שחם'!A:K,9,0)+VLOOKUP('תפוקה מצטברת מול אשתקד'!A12,'מדיהו '!A:K,9,0)+VLOOKUP('תפוקה מצטברת מול אשתקד'!A12,'אנליסט '!A:K,9,0)+VLOOKUP('תפוקה מצטברת מול אשתקד'!A12,'מיטב דש'!A:K,9,0)+VLOOKUP('תפוקה מצטברת מול אשתקד'!A12,אינפניטי!A:K,9,0) -> 169.96 | N12: =VLOOKUP(A12,הכשרה!A:K,10,0)+VLOOKUP('תפוקה מצטברת מול אשתקד'!A12,מגדל!A:K,10,0)+VLOOKUP('תפוקה מצטברת מול אשתקד'!A12,מנורה!A:K,10,0)+VLOOKUP('תפוקה מצטברת מול אשתקד'!A12,איילון!A:K,10,0)+VLOOKUP('תפוקה מצטברת מול אשתקד'!A12,הראל!A:K,10,0)+VLOOKUP('תפוקה מצטברת מול אשתקד'!A12,הפניקס!A:K,10,0)+VLOOKUP('תפוקה מצטברת מול אשתקד'!A12,כלל!A:K,10,0)+VLOOKUP('תפוקה מצטברת מול אשתקד'!A12,מור!A:K,10,0)+VLOOKUP('תפוקה מצטברת מול אשתקד'!A12,'אלטשולר שחם'!A:K,10,0)+VLOOKUP('תפוקה מצטברת מול אשתקד'!A12,'מדיהו '!A:K,10,0)+VLOOKUP('תפוקה מצטברת מול אשתקד'!A12,'אנליסט '!A:K,10,0)+VLOOKUP('תפוקה מצטברת מול אשתקד'!A12,'מיטב דש'!A:K,10,0)+VLOOKUP('תפוקה מצטברת מול אשתקד'!A12,אינפניטי!A:K,10,0) -> 0 | O12: =VLOOKUP(A12,הכשרה!A:K,11,0)+VLOOKUP('תפוקה מצטברת מול אשתקד'!A12,מגדל!A:K,11,0)+VLOOKUP('תפוקה מצטברת מול אשתקד'!A12,מנורה!A:K,11,0)+VLOOKUP('תפוקה מצטברת מול אשתקד'!A12,איילון!A:K,11,0)+VLOOKUP('תפוקה מצטברת מול אשתקד'!A12,הראל!A:K,11,0)+VLOOKUP('תפוקה מצטברת מול אשתקד'!A12,הפניקס!A:K,11,0)+VLOOKUP('תפוקה מצטברת מול אשתקד'!A12,כלל!A:K,11,0)+VLOOKUP('תפוקה מצטברת מול אשתקד'!A12,מור!A:K,11,0)+VLOOKUP('תפוקה מצטברת מול אשתקד'!A12,'אלטשולר שחם'!A:K,11,0)+VLOOKUP('תפוקה מצטברת מול אשתקד'!A12,'מדיהו '!A:K,11,0)+VLOOKUP('תפוקה מצטברת מול אשתקד'!A12,'אנליסט '!A:K,11,0)+VLOOKUP('תפוקה מצטברת מול אשתקד'!A12,'מיטב דש'!A:K,11,0)+VLOOKUP('תפוקה מצטברת מול אשתקד'!A12,אינפניטי!A:K,11,0) -> 0
A13: משה שטרן גל אלמגור | B13: יוסי אביב | C13: שותפים | D13: =IF(H13=0,0%,IF(L13=0,100%,H13/L13-1)) -> 0 | E13: =IF(I13=0,0%,IF(M13=0,100%,I13/M13-1)) -> -0.55043145 | F13: =IF(J13=0,0%,IF(N13=0,100%,J13/N13-1)) -> 0 | G13: =IF(K13=0,0%,IF(O13=H36,100%,K13/O13-1)) -> 0 | H13: =VLOOKUP(A13,הכשרה!A:G,4,0)+VLOOKUP('תפוקה מצטברת מול אשתקד'!A13,מגדל!A:G,4,0)+VLOOKUP('תפוקה מצטברת מול אשתקד'!A13,מנורה!A:G,4,0)+VLOOKUP('תפוקה מצטברת מול אשתקד'!A13,איילון!A:G,4,0)+VLOOKUP('תפוקה מצטברת מול אשתקד'!A13,הראל!A:G,4,0)+VLOOKUP('תפוקה מצטברת מול אשתקד'!A13,הפניקס!A:G,4,0)+VLOOKUP('תפוקה מצטברת מול אשתקד'!A13,כלל!A:G,4,0)+VLOOKUP('תפוקה מצטברת מול אשתקד'!A13,מור!A:G,4,0)+VLOOKUP('תפוקה מצטברת מול אשתקד'!A13,'אלטשולר שחם'!A:G,4,0)+VLOOKUP('תפוקה מצטברת מול אשתקד'!A13,'מדיהו '!A:G,4,0)+VLOOKUP('תפוקה מצטברת מול אשתקד'!A13,'אנליסט '!A:G,4,0)+VLOOKUP('תפוקה מצטברת מול אשתקד'!A13,'מיטב דש'!A:G,4,0)+VLOOKUP('תפוקה מצטברת מול אשתקד'!A13,אינפניטי!A:G,4,0) -> 0 | I13: =VLOOKUP(A13,הכשרה!A:G,5,0)+VLOOKUP('תפוקה מצטברת מול אשתקד'!A13,מגדל!A:G,5,0)+VLOOKUP('תפוקה מצטברת מול אשתקד'!A13,מנורה!A:G,5,0)+VLOOKUP('תפוקה מצטברת מול אשתקד'!A13,איילון!A:G,5,0)+VLOOKUP('תפוקה מצטברת מול אשתקד'!A13,הראל!A:G,5,0)+VLOOKUP('תפוקה מצטברת מול אשתקד'!A13,הפניקס!A:G,5,0)+VLOOKUP('תפוקה מצטברת מול אשתקד'!A13,כלל!A:G,5,0)+VLOOKUP('תפוקה מצטברת מול אשתקד'!A13,מור!A:G,5,0)+VLOOKUP('תפוקה מצטברת מול אשתקד'!A13,'אלטשולר שחם'!A:G,5,0)+VLOOKUP('תפוקה מצטברת מול אשתקד'!A13,'מדיהו '!A:G,5,0)+VLOOKUP('תפוקה מצטברת מול אשתקד'!A13,'אנליסט '!A:G,5,0)+VLOOKUP('תפוקה מצטברת מול אשתקד'!A13,'מיטב דש'!A:G,5,0)+VLOOKUP('תפוקה מצטברת מול אשתקד'!A13,אינפניטי!A:G,5,0) -> 10235.844 | J13: =VLOOKUP(A13,הכשרה!A:G,6,0)+VLOOKUP('תפוקה מצטברת מול אשתקד'!A13,מגדל!A:G,6,0)+VLOOKUP('תפוקה מצטברת מול אשתקד'!A13,מנורה!A:G,6,0)+VLOOKUP('תפוקה מצטברת מול אשתקד'!A13,איילון!A:G,6,0)+VLOOKUP(A13,הראל!A:G,6,0)+VLOOKUP('תפוקה מצטברת מול אשתקד'!A13,הפניקס!A:G,6,0)+VLOOKUP('תפוקה מצטברת מול אשתקד'!A13,כלל!A:G,6,0)+VLOOKUP('תפוקה מצטברת מול אשתקד'!A13,מור!A:G,6,0)+VLOOKUP('תפוקה מצטברת מול אשתקד'!A13,'אלטשולר שחם'!A:G,6,0)+VLOOKUP('תפוקה מצטברת מול אשתקד'!A13,'מדיהו '!A:G,6,0)+VLOOKUP('תפוקה מצטברת מול אשתקד'!A13,'אנליסט '!A:G,6,0)+VLOOKUP('תפוקה מצטברת מול אשתקד'!A13,'מיטב דש'!A:G,6,0)+VLOOKUP('תפוקה מצטברת מול אשתקד'!A13,אינפניטי!A:G,6,0) -> 0 | K13: =VLOOKUP(A13,הכשרה!A:G,7,0)+VLOOKUP('תפוקה מצטברת מול אשתקד'!A13,מגדל!A:G,7,0)+VLOOKUP('תפוקה מצטברת מול אשתקד'!A13,מנורה!A:G,7,0)+VLOOKUP('תפוקה מצטברת מול אשתקד'!A13,איילון!A:G,7,0)+VLOOKUP('תפוקה מצטברת מול אשתקד'!A13,הראל!A:G,7,0)+VLOOKUP('תפוקה מצטברת מול אשתקד'!A13,הפניקס!A:G,7,0)+VLOOKUP('תפוקה מצטברת מול אשתקד'!A13,כלל!A:G,7,0)+VLOOKUP('תפוקה מצטברת מול אשתקד'!A13,מור!A:G,7,0)+VLOOKUP('תפוקה מצטברת מול אשתקד'!A13,'אלטשולר שחם'!A:G,7,0)+VLOOKUP('תפוקה מצטברת מול אשתקד'!A13,'מדיהו '!A:K,7,0)+VLOOKUP(A13,'אנליסט '!A:G,7,0)+VLOOKUP('תפוקה מצטברת מול אשתקד'!A13,'מיטב דש'!A:G,7,0)+VLOOKUP('תפוקה מצטברת מול אשתקד'!A13,אינפניטי!A:G,7,0) -> 0 | L13: =VLOOKUP(A13,הכשרה!A:K,8,0)+VLOOKUP('תפוקה מצטברת מול אשתקד'!A13,מגדל!A:K,8,0)+VLOOKUP('תפוקה מצטברת מול אשתקד'!A13,מנורה!A:K,8,0)+VLOOKUP('תפוקה מצטברת מול אשתקד'!A13,איילון!A:K,8,0)+VLOOKUP('תפוקה מצטברת מול אשתקד'!A13,הראל!A:K,8,0)+VLOOKUP('תפוקה מצטברת מול אשתקד'!A13,הפניקס!A:K,8,0)+VLOOKUP('תפוקה מצטברת מול אשתקד'!A13,כלל!A:K,8,0)+VLOOKUP('תפוקה מצטברת מול אשתקד'!A13,מור!A:K,8,0)+VLOOKUP('תפוקה מצטברת מול אשתקד'!A13,'אלטשולר שחם'!A:K,8,0)+VLOOKUP('תפוקה מצטברת מול אשתקד'!A13,'מדיהו '!A:K,8,0)+VLOOKUP('תפוקה מצטברת מול אשתקד'!A13,'אנליסט '!A:K,8,0)+VLOOKUP('תפוקה מצטברת מול אשתקד'!A13,'מיטב דש'!A:K,8,0)+VLOOKUP('תפוקה מצטברת מול אשתקד'!A13,אינפניטי!A:K,8,0) -> 0 | M13: =VLOOKUP(A13,הכשרה!A:K,9,0)+VLOOKUP('תפוקה מצטברת מול אשתקד'!A13,מגדל!A:K,9,0)+VLOOKUP('תפוקה מצטברת מול אשתקד'!A13,מנורה!A:K,9,0)+VLOOKUP('תפוקה מצטברת מול אשתקד'!A13,איילון!A:K,9,0)+VLOOKUP('תפוקה מצטברת מול אשתקד'!A13,הראל!A:K,9,0)+VLOOKUP('תפוקה מצטברת מול אשתקד'!A13,הפניקס!A:K,9,0)+VLOOKUP('תפוקה מצטברת מול אשתקד'!A13,כלל!A:K,9,0)+VLOOKUP('תפוקה מצטברת מול אשתקד'!A13,מור!A:K,9,0)+VLOOKUP('תפוקה מצטברת מול אשתקד'!A13,'אלטשולר שחם'!A:K,9,0)+VLOOKUP('תפוקה מצטברת מול אשתקד'!A13,'מדיהו '!A:K,9,0)+VLOOKUP('תפוקה מצטברת מול אשתקד'!A13,'אנליסט '!A:K,9,0)+VLOOKUP('תפוקה מצטברת מול אשתקד'!A13,'מיטב דש'!A:K,9,0)+VLOOKUP('תפוקה מצטברת מול אשתקד'!A13,אינפניטי!A:K,9,0) -> 22768.15 | N13: =VLOOKUP(A13,הכשרה!A:K,10,0)+VLOOKUP('תפוקה מצטברת מול אשתקד'!A13,מגדל!A:K,10,0)+VLOOKUP('תפוקה מצטברת מול אשתקד'!A13,מנורה!A:K,10,0)+VLOOKUP('תפוקה מצטברת מול אשתקד'!A13,איילון!A:K,10,0)+VLOOKUP('תפוקה מצטברת מול אשתקד'!A13,הראל!A:K,10,0)+VLOOKUP('תפוקה מצטברת מול אשתקד'!A13,הפניקס!A:K,10,0)+VLOOKUP('תפוקה מצטברת מול אשתקד'!A13,כלל!A:K,10,0)+VLOOKUP('תפוקה מצטברת מול אשתקד'!A13,מור!A:K,10,0)+VLOOKUP('תפוקה מצטברת מול אשתקד'!A13,'אלטשולר שחם'!A:K,10,0)+VLOOKUP('תפוקה מצטברת מול אשתקד'!A13,'מדיהו '!A:K,10,0)+VLOOKUP('תפוקה מצטברת מול אשתקד'!A13,'אנליסט '!A:K,10,0)+VLOOKUP('תפוקה מצטברת מול אשתקד'!A13,'מיטב דש'!A:K,10,0)+VLOOKUP('תפוקה מצטברת מול אשתקד'!A13,אינפניטי!A:K,10,0) -> 64075.95 | O13: =VLOOKUP(A13,הכשרה!A:K,11,0)+VLOOKUP('תפוקה מצטברת מול אשתקד'!A13,מגדל!A:K,11,0)+VLOOKUP('תפוקה מצטברת מול אשתקד'!A13,מנורה!A:K,11,0)+VLOOKUP('תפוקה מצטברת מול אשתקד'!A13,איילון!A:K,11,0)+VLOOKUP('תפוקה מצטברת מול אשתקד'!A13,הראל!A:K,11,0)+VLOOKUP('תפוקה מצטברת מול אשתקד'!A13,הפניקס!A:K,11,0)+VLOOKUP('תפוקה מצטברת מול אשתקד'!A13,כלל!A:K,11,0)+VLOOKUP('תפוקה מצטברת מול אשתקד'!A13,מור!A:K,11,0)+VLOOKUP('תפוקה מצטברת מול אשתקד'!A13,'אלטשולר שחם'!A:K,11,0)+VLOOKUP('תפוקה מצטברת מול אשתקד'!A13,'מדיהו '!A:K,11,0)+VLOOKUP('תפוקה מצטברת מול אשתקד'!A13,'אנליסט '!A:K,11,0)+VLOOKUP('תפוקה מצטברת מול אשתקד'!A13,'מיטב דש'!A:K,11,0)+VLOOKUP('תפוקה מצטברת מול אשתקד'!A13,אינפניטי!A:K,11,0) -> 266743.92
A14: מקסימום סוכנות לבטוח פ | B14: יוסי אביב | C14: שותפים | D14: =IF(H14=0,0%,IF(L14=0,100%,H14/L14-1)) -> -2.2046552 | E14: =IF(I14=0,0%,IF(M14=0,100%,I14/M14-1)) -> -0.89696031 | F14: =IF(J14=0,0%,IF(N14=0,100%,J14/N14-1)) -> 0 | G14: =IF(K14=0,0%,IF(O14=H37,100%,K14/O14-1)) -> -18.75922 | H14: =VLOOKUP(A14,הכשרה!A:G,4,0)+VLOOKUP('תפוקה מצטברת מול אשתקד'!A14,מגדל!A:G,4,0)+VLOOKUP('תפוקה מצטברת מול אשתקד'!A14,מנורה!A:G,4,0)+VLOOKUP('תפוקה מצטברת מול אשתקד'!A14,איילון!A:G,4,0)+VLOOKUP('תפוקה מצטברת מול אשתקד'!A14,הראל!A:G,4,0)+VLOOKUP('תפוקה מצטברת מול אשתקד'!A14,הפניקס!A:G,4,0)+VLOOKUP('תפוקה מצטברת מול אשתקד'!A14,כלל!A:G,4,0)+VLOOKUP('תפוקה מצטברת מול אשתקד'!A14,מור!A:G,4,0)+VLOOKUP('תפוקה מצטברת מול אשתקד'!A14,'אלטשולר שחם'!A:G,4,0)+VLOOKUP('תפוקה מצטברת מול אשתקד'!A14,'מדיהו '!A:G,4,0)+VLOOKUP('תפוקה מצטברת מול אשתקד'!A14,'אנליסט '!A:G,4,0)+VLOOKUP('תפוקה מצטברת מול אשתקד'!A14,'מיטב דש'!A:G,4,0)+VLOOKUP('תפוקה מצטברת מול אשתקד'!A14,אינפניטי!A:G,4,0) -> 61079.246 | I14: =VLOOKUP(A14,הכשרה!A:G,5,0)+VLOOKUP('תפוקה מצטברת מול אשתקד'!A14,מגדל!A:G,5,0)+VLOOKUP('תפוקה מצטברת מול אשתקד'!A14,מנורה!A:G,5,0)+VLOOKUP('תפוקה מצטברת מול אשתקד'!A14,איילון!A:G,5,0)+VLOOKUP('תפוקה מצטברת מול אשתקד'!A14,הראל!A:G,5,0)+VLOOKUP('תפוקה מצטברת מול אשתקד'!A14,הפניקס!A:G,5,0)+VLOOKUP('תפוקה מצטברת מול אשתקד'!A14,כלל!A:G,5,0)+VLOOKUP('תפוקה מצטברת מול אשתקד'!A14,מור!A:G,5,0)+VLOOKUP('תפוקה מצטברת מול אשתקד'!A14,'אלטשולר שחם'!A:G,5,0)+VLOOKUP('תפוקה מצטברת מול אשתקד'!A14,'מדיהו '!A:G,5,0)+VLOOKUP('תפוקה מצטברת מול אשתקד'!A14,'אנליסט '!A:G,5,0)+VLOOKUP('תפוקה מצטברת מול אשתקד'!A14,'מיטב דש'!A:G,5,0)+VLOOKUP('תפוקה מצטברת מול אשתקד'!A14,אינפניטי!A:G,5,0) -> 245.49 | J14: =VLOOKUP(A14,הכשרה!A:G,6,0)+VLOOKUP('תפוקה מצטברת מול אשתקד'!A14,מגדל!A:G,6,0)+VLOOKUP('תפוקה מצטברת מול אשתקד'!A14,מנורה!A:G,6,0)+VLOOKUP('תפוקה מצטברת מול אשתקד'!A14,איילון!A:G,6,0)+VLOOKUP(A14,הראל!A:G,6,0)+VLOOKUP('תפוקה מצטברת מול אשתקד'!A14,הפניקס!A:G,6,0)+VLOOKUP('תפוקה מצטברת מול אשתקד'!A14,כלל!A:G,6,0)+VLOOKUP('תפוקה מצטברת מול אשתקד'!A14,מור!A:G,6,0)+VLOOKUP('תפוקה מצטברת מול אשתקד'!A14,'אלטשולר שחם'!A:G,6,0)+VLOOKUP('תפוקה מצטברת מול אשתקד'!A14,'מדיהו '!A:G,6,0)+VLOOKUP('תפוקה מצטברת מול אשתקד'!A14,'אנליסט '!A:G,6,0)+VLOOKUP('תפוקה מצטברת מול אשתקד'!A14,'מיטב דש'!A:G,6,0)+VLOOKUP('תפוקה מצטברת מול אשתקד'!A14,אינפניטי!A:G,6,0) -> 0 | K14: =VLOOKUP(A14,הכשרה!A:G,7,0)+VLOOKUP('תפוקה מצטברת מול אשתקד'!A14,מגדל!A:G,7,0)+VLOOKUP('תפוקה מצטברת מול אשתקד'!A14,מנורה!A:G,7,0)+VLOOKUP('תפוקה מצטברת מול אשתקד'!A14,איילון!A:G,7,0)+VLOOKUP('תפוקה מצטברת מול אשתקד'!A14,הראל!A:G,7,0)+VLOOKUP('תפוקה מצטברת מול אשתקד'!A14,הפניקס!A:G,7,0)+VLOOKUP('תפוקה מצטברת מול אשתקד'!A14,כלל!A:G,7,0)+VLOOKUP('תפוקה מצטברת מול אשתקד'!A14,מור!A:G,7,0)+VLOOKUP('תפוקה מצטברת מול אשתקד'!A14,'אלטשולר שחם'!A:G,7,0)+VLOOKUP('תפוקה מצטברת מול אשתקד'!A14,'מדיהו '!A:K,7,0)+VLOOKUP(A14,'אנליסט '!A:G,7,0)+VLOOKUP('תפוקה מצטברת מול אשתקד'!A14,'מיטב דש'!A:G,7,0)+VLOOKUP('תפוקה מצטברת מול אשתקד'!A14,אינפניטי!A:G,7,0) -> 297734.75 | L14: =VLOOKUP(A14,הכשרה!A:K,8,0)+VLOOKUP('תפוקה מצטברת מול אשתקד'!A14,מגדל!A:K,8,0)+VLOOKUP('תפוקה מצטברת מול אשתקד'!A14,מנורה!A:K,8,0)+VLOOKUP('תפוקה מצטברת מול אשתקד'!A14,איילון!A:K,8,0)+VLOOKUP('תפוקה מצטברת מול אשתקד'!A14,הראל!A:K,8,0)+VLOOKUP('תפוקה מצטברת מול אשתקד'!A14,הפניקס!A:K,8,0)+VLOOKUP('תפוקה מצטברת מול אשתקד'!A14,כלל!A:K,8,0)+VLOOKUP('תפוקה מצטברת מול אשתקד'!A14,מור!A:K,8,0)+VLOOKUP('תפוקה מצטברת מול אשתקד'!A14,'אלטשולר שחם'!A:K,8,0)+VLOOKUP('תפוקה מצטברת מול אשתקד'!A14,'מדיהו '!A:K,8,0)+VLOOKUP('תפוקה מצטברת מול אשתקד'!A14,'אנליסט '!A:K,8,0)+VLOOKUP('תפוקה מצטברת מול אשתקד'!A14,'מיטב דש'!A:K,8,0)+VLOOKUP('תפוקה מצטברת מול אשתקד'!A14,אינפניטי!A:K,8,0) -> -50702.677 | M14: =VLOOKUP(A14,הכשרה!A:K,9,0)+VLOOKUP('תפוקה מצטברת מול אשתקד'!A14,מגדל!A:K,9,0)+VLOOKUP('תפוקה מצטברת מול אשתקד'!A14,מנורה!A:K,9,0)+VLOOKUP('תפוקה מצטברת מול אשתקד'!A14,איילון!A:K,9,0)+VLOOKUP('תפוקה מצטברת מול אשתקד'!A14,הראל!A:K,9,0)+VLOOKUP('תפוקה מצטברת מול אשתקד'!A14,הפניקס!A:K,9,0)+VLOOKUP('תפוקה מצטברת מול אשתקד'!A14,כלל!A:K,9,0)+VLOOKUP('תפוקה מצטברת מול אשתקד'!A14,מור!A:K,9,0)+VLOOKUP('תפוקה מצטברת מול אשתקד'!A14,'אלטשולר שחם'!A:K,9,0)+VLOOKUP('תפוקה מצטברת מול אשתקד'!A14,'מדיהו '!A:K,9,0)+VLOOKUP('תפוקה מצטברת מול אשתקד'!A14,'אנליסט '!A:K,9,0)+VLOOKUP('תפוקה מצטברת מול אשתקד'!A14,'מיטב דש'!A:K,9,0)+VLOOKUP('תפוקה מצטברת מול אשתקד'!A14,אינפניטי!A:K,9,0) -> 2382.48 | N14: =VLOOKUP(A14,הכשרה!A:K,10,0)+VLOOKUP('תפוקה מצטברת מול אשתקד'!A14,מגדל!A:K,10,0)+VLOOKUP('תפוקה מצטברת מול אשתקד'!A14,מנורה!A:K,10,0)+VLOOKUP('תפוקה מצטברת מול אשתקד'!A14,איילון!A:K,10,0)+VLOOKUP('תפוקה מצטברת מול אשתקד'!A14,הראל!A:K,10,0)+VLOOKUP('תפוקה מצטברת מול אשתקד'!A14,הפניקס!A:K,10,0)+VLOOKUP('תפוקה מצטברת מול אשתקד'!A14,כלל!A:K,10,0)+VLOOKUP('תפוקה מצטברת מול אשתקד'!A14,מור!A:K,10,0)+VLOOKUP('תפוקה מצטברת מול אשתקד'!A14,'אלטשולר שחם'!A:K,10,0)+VLOOKUP('תפוקה מצטברת מול אשתקד'!A14,'מדיהו '!A:K,10,0)+VLOOKUP('תפוקה מצטברת מול אשתקד'!A14,'אנליסט '!A:K,10,0)+VLOOKUP('תפוקה מצטברת מול אשתקד'!A14,'מיטב דש'!A:K,10,0)+VLOOKUP('תפוקה מצטברת מול אשתקד'!A14,אינפניטי!A:K,10,0) -> 14985.833 | O14: =VLOOKUP(A14,הכשרה!A:K,11,0)+VLOOKUP('תפוקה מצטברת מול אשתקד'!A14,מגדל!A:K,11,0)+VLOOKUP('תפוקה מצטברת מול אשתקד'!A14,מנורה!A:K,11,0)+VLOOKUP('תפוקה מצטברת מול אשתקד'!A14,איילון!A:K,11,0)+VLOOKUP('תפוקה מצטברת מול אשתקד'!A14,הראל!A:K,11,0)+VLOOKUP('תפוקה מצטברת מול אשתקד'!A14,הפניקס!A:K,11,0)+VLOOKUP('תפוקה מצטברת מול אשתקד'!A14,כלל!A:K,11,0)+VLOOKUP('תפוקה מצטברת מול אשתקד'!A14,מור!A:K,11,0)+VLOOKUP('תפוקה מצטברת מול אשתקד'!A14,'אלטשולר שחם'!A:K,11,0)+VLOOKUP('תפוקה מצטברת מול אשתקד'!A14,'מדיהו '!A:K,11,0)+VLOOKUP('תפוקה מצטברת מול אשתקד'!A14,'אנליסט '!A:K,11,0)+VLOOKUP('תפוקה מצטברת מול אשתקד'!A14,'מיטב דש'!A:K,11,0)+VLOOKUP('תפוקה מצטברת מול אשתקד'!A14,אינפניטי!A:K,11,0) -> -16765.08
A15: א.ד. אבידן ביטוחים בע"מ | B15: יוסי אביב | C15: שותפים | D15: =IF(H15=0,0%,IF(L15=0,100%,H15/L15-1)) -> 0 | E15: =IF(I15=0,0%,IF(M15=0,100%,I15/M15-1)) -> 0 | F15: =IF(J15=0,0%,IF(N15=0,100%,J15/N15-1)) -> 1 | G15: =IF(K15=0,0%,IF(O15=#REF!,100%,K15/O15-1)) -> 0 | H15: =VLOOKUP(A15,הכשרה!A:G,4,0)+VLOOKUP('תפוקה מצטברת מול אשתקד'!A15,מגדל!A:G,4,0)+VLOOKUP('תפוקה מצטברת מול אשתקד'!A15,מנורה!A:G,4,0)+VLOOKUP('תפוקה מצטברת מול אשתקד'!A15,איילון!A:G,4,0)+VLOOKUP('תפוקה מצטברת מול אשתקד'!A15,הראל!A:G,4,0)+VLOOKUP('תפוקה מצטברת מול אשתקד'!A15,הפניקס!A:G,4,0)+VLOOKUP('תפוקה מצטברת מול אשתקד'!A15,כלל!A:G,4,0)+VLOOKUP('תפוקה מצטברת מול אשתקד'!A15,מור!A:G,4,0)+VLOOKUP('תפוקה מצטברת מול אשתקד'!A15,'אלטשולר שחם'!A:G,4,0)+VLOOKUP('תפוקה מצטברת מול אשתקד'!A15,'מדיהו '!A:G,4,0)+VLOOKUP('תפוקה מצטברת מול אשתקד'!A15,'אנליסט '!A:G,4,0)+VLOOKUP('תפוקה מצטברת מול אשתקד'!A15,'מיטב דש'!A:G,4,0)+VLOOKUP('תפוקה מצטברת מול אשתקד'!A15,אינפניטי!A:G,4,0) -> 0 | I15: =VLOOKUP(A15,הכשרה!A:G,5,0)+VLOOKUP('תפוקה מצטברת מול אשתקד'!A15,מגדל!A:G,5,0)+VLOOKUP('תפוקה מצטברת מול אשתקד'!A15,מנורה!A:G,5,0)+VLOOKUP('תפוקה מצטברת מול אשתקד'!A15,איילון!A:G,5,0)+VLOOKUP('תפוקה מצטברת מול אשתקד'!A15,הראל!A:G,5,0)+VLOOKUP('תפוקה מצטברת מול אשתקד'!A15,הפניקס!A:G,5,0)+VLOOKUP('תפוקה מצטברת מול אשתקד'!A15,כלל!A:G,5,0)+VLOOKUP('תפוקה מצטברת מול אשתקד'!A15,מור!A:G,5,0)+VLOOKUP('תפוקה מצטברת מול אשתקד'!A15,'אלטשולר שחם'!A:G,5,0)+VLOOKUP('תפוקה מצטברת מול אשתקד'!A15,'מדיהו '!A:G,5,0)+VLOOKUP('תפוקה מצטברת מול אשתקד'!A15,'אנליסט '!A:G,5,0)+VLOOKUP('תפוקה מצטברת מול אשתקד'!A15,'מיטב דש'!A:G,5,0)+VLOOKUP('תפוקה מצטברת מול אשתקד'!A15,אינפניטי!A:G,5,0) -> 0 | J15: =VLOOKUP(A15,הכשרה!A:G,6,0)+VLOOKUP('תפוקה מצטברת מול אשתקד'!A15,מגדל!A:G,6,0)+VLOOKUP('תפוקה מצטברת מול אשתקד'!A15,מנורה!A:G,6,0)+VLOOKUP('תפוקה מצטברת מול אשתקד'!A15,איילון!A:G,6,0)+VLOOKUP(A15,הראל!A:G,6,0)+VLOOKUP('תפוקה מצטברת מול אשתקד'!A15,הפניקס!A:G,6,0)+VLOOKUP('תפוקה מצטברת מול אשתקד'!A15,כלל!A:G,6,0)+VLOOKUP('תפוקה מצטברת מול אשתקד'!A15,מור!A:G,6,0)+VLOOKUP('תפוקה מצטברת מול אשתקד'!A15,'אלטשולר שחם'!A:G,6,0)+VLOOKUP('תפוקה מצטברת מול אשתקד'!A15,'מדיהו '!A:G,6,0)+VLOOKUP('תפוקה מצטברת מול אשתקד'!A15,'אנליסט '!A:G,6,0)+VLOOKUP('תפוקה מצטברת מול אשתקד'!A15,'מיטב דש'!A:G,6,0)+VLOOKUP('תפוקה מצטברת מול אשתקד'!A15,אינפניטי!A:G,6,0) -> 234152.14 | K15: =VLOOKUP(A15,הכשרה!A:G,7,0)+VLOOKUP('תפוקה מצטברת מול אשתקד'!A15,מגדל!A:G,7,0)+VLOOKUP('תפוקה מצטברת מול אשתקד'!A15,מנורה!A:G,7,0)+VLOOKUP('תפוקה מצטברת מול אשתקד'!A15,איילון!A:G,7,0)+VLOOKUP('תפוקה מצטברת מול אשתקד'!A15,הראל!A:G,7,0)+VLOOKUP('תפוקה מצטברת מול אשתקד'!A15,הפניקס!A:G,7,0)+VLOOKUP('תפוקה מצטברת מול אשתקד'!A15,כלל!A:G,7,0)+VLOOKUP('תפוקה מצטברת מול אשתקד'!A15,מור!A:G,7,0)+VLOOKUP('תפוקה מצטברת מול אשתקד'!A15,'אלטשולר שחם'!A:G,7,0)+VLOOKUP('תפוקה מצטברת מול אשתקד'!A15,'מדיהו '!A:K,7,0)+VLOOKUP(A15,'אנליסט '!A:G,7,0)+VLOOKUP('תפוקה מצטברת מול אשתקד'!A15,'מיטב דש'!A:G,7,0)+VLOOKUP('תפוקה מצטברת מול אשתקד'!A15,אינפניטי!A:G,7,0) -> 0 | L15: =VLOOKUP(A15,הכשרה!A:K,8,0)+VLOOKUP('תפוקה מצטברת מול אשתקד'!A15,מגדל!A:K,8,0)+VLOOKUP('תפוקה מצטברת מול אשתקד'!A15,מנורה!A:K,8,0)+VLOOKUP('תפוקה מצטברת מול אשתקד'!A15,איילון!A:K,8,0)+VLOOKUP('תפוקה מצטברת מול אשתקד'!A15,הראל!A:K,8,0)+VLOOKUP('תפוקה מצטברת מול אשתקד'!A15,הפניקס!A:K,8,0)+VLOOKUP('תפוקה מצטברת מול אשתקד'!A15,כלל!A:K,8,0)+VLOOKUP('תפוקה מצטברת מול אשתקד'!A15,מור!A:K,8,0)+VLOOKUP('תפוקה מצטברת מול אשתקד'!A15,'אלטשולר שחם'!A:K,8,0)+VLOOKUP('תפוקה מצטברת מול אשתקד'!A15,'מדיהו '!A:K,8,0)+VLOOKUP('תפוקה מצטברת מול אשתקד'!A15,'אנליסט '!A:K,8,0)+VLOOKUP('תפוקה מצטברת מול אשתקד'!A15,'מיטב דש'!A:K,8,0)+VLOOKUP('תפוקה מצטברת מול אשתקד'!A15,אינפניטי!A:K,8,0) -> 0 | M15: =VLOOKUP(A15,הכשרה!A:K,9,0)+VLOOKUP('תפוקה מצטברת מול אשתקד'!A15,מגדל!A:K,9,0)+VLOOKUP('תפוקה מצטברת מול אשתקד'!A15,מנורה!A:K,9,0)+VLOOKUP('תפוקה מצטברת מול אשתקד'!A15,איילון!A:K,9,0)+VLOOKUP('תפוקה מצטברת מול אשתקד'!A15,הראל!A:K,9,0)+VLOOKUP('תפוקה מצטברת מול אשתקד'!A15,הפניקס!A:K,9,0)+VLOOKUP('תפוקה מצטברת מול אשתקד'!A15,כלל!A:K,9,0)+VLOOKUP('תפוקה מצטברת מול אשתקד'!A15,מור!A:K,9,0)+VLOOKUP('תפוקה מצטברת מול אשתקד'!A15,'אלטשולר שחם'!A:K,9,0)+VLOOKUP('תפוקה מצטברת מול אשתקד'!A15,'מדיהו '!A:K,9,0)+VLOOKUP('תפוקה מצטברת מול אשתקד'!A15,'אנליסט '!A:K,9,0)+VLOOKUP('תפוקה מצטברת מול אשתקד'!A15,'מיטב דש'!A:K,9,0)+VLOOKUP('תפוקה מצטברת מול אשתקד'!A15,אינפניטי!A:K,9,0) -> 0 | N15: =VLOOKUP(A15,הכשרה!A:K,10,0)+VLOOKUP('תפוקה מצטברת מול אשתקד'!A15,מגדל!A:K,10,0)+VLOOKUP('תפוקה מצטברת מול אשתקד'!A15,מנורה!A:K,10,0)+VLOOKUP('תפוקה מצטברת מול אשתקד'!A15,איילון!A:K,10,0)+VLOOKUP('תפוקה מצטברת מול אשתקד'!A15,הראל!A:K,10,0)+VLOOKUP('תפוקה מצטברת מול אשתקד'!A15,הפניקס!A:K,10,0)+VLOOKUP('תפוקה מצטברת מול אשתקד'!A15,כלל!A:K,10,0)+VLOOKUP('תפוקה מצטברת מול אשתקד'!A15,מור!A:K,10,0)+VLOOKUP('תפוקה מצטברת מול אשתקד'!A15,'אלטשולר שחם'!A:K,10,0)+VLOOKUP('תפוקה מצטברת מול אשתקד'!A15,'מדיהו '!A:K,10,0)+VLOOKUP('תפוקה מצטברת מול אשתקד'!A15,'אנליסט '!A:K,10,0)+VLOOKUP('תפוקה מצטברת מול אשתקד'!A15,'מיטב דש'!A:K,10,0)+VLOOKUP('תפוקה מצטברת מול אשתקד'!A15,אינפניטי!A:K,10,0) -> 0 | O15: =VLOOKUP(A15,הכשרה!A:K,11,0)+VLOOKUP('תפוקה מצטברת מול אשתקד'!A15,מגדל!A:K,11,0)+VLOOKUP('תפוקה מצטברת מול אשתקד'!A15,מנורה!A:K,11,0)+VLOOKUP('תפוקה מצטברת מול אשתקד'!A15,איילון!A:K,11,0)+VLOOKUP('תפוקה מצטברת מול אשתקד'!A15,הראל!A:K,11,0)+VLOOKUP('תפוקה מצטברת מול אשתקד'!A15,הפניקס!A:K,11,0)+VLOOKUP('תפוקה מצטברת מול אשתקד'!A15,כלל!A:K,11,0)+VLOOKUP('תפוקה מצטברת מול אשתקד'!A15,מור!A:K,11,0)+VLOOKUP('תפוקה מצטברת מול אשתקד'!A15,'אלטשולר שחם'!A:K,11,0)+VLOOKUP('תפוקה מצטברת מול אשתקד'!A15,'מדיהו '!A:K,11,0)+VLOOKUP('תפוקה מצטברת מול אשתקד'!A15,'אנליסט '!A:K,11,0)+VLOOKUP('תפוקה מצטברת מול אשתקד'!A15,'מיטב דש'!A:K,11,0)+VLOOKUP('תפוקה מצטברת מול אשתקד'!A15,אינפניטי!A:K,11,0) -> 0
A16: גל אלמגור -ראם | B16: יוסי אביב | C16: שותפים | D16: =IF(H16=0,0%,IF(L16=0,100%,H16/L16-1)) -> 1 | E16: =IF(I16=0,0%,IF(M16=0,100%,I16/M16-1)) -> 1 | F16: =IF(J16=0,0%,IF(N16=0,100%,J16/N16-1)) -> 1 | G16: =IF(K16=0,0%,IF(O16=#REF!,100%,K16/O16-1)) -> 0 | H16: =VLOOKUP(A16,הכשרה!A:G,4,0)+VLOOKUP('תפוקה מצטברת מול אשתקד'!A16,מגדל!A:G,4,0)+VLOOKUP('תפוקה מצטברת מול אשתקד'!A16,מנורה!A:G,4,0)+VLOOKUP('תפוקה מצטברת מול אשתקד'!A16,איילון!A:G,4,0)+VLOOKUP('תפוקה מצטברת מול אשתקד'!A16,הראל!A:G,4,0)+VLOOKUP('תפוקה מצטברת מול אשתקד'!A16,הפניקס!A:G,4,0)+VLOOKUP('תפוקה מצטברת מול אשתקד'!A16,כלל!A:G,4,0)+VLOOKUP('תפוקה מצטברת מול אשתקד'!A16,מור!A:G,4,0)+VLOOKUP('תפוקה מצטברת מול אשתקד'!A16,'אלטשולר שחם'!A:G,4,0)+VLOOKUP('תפוקה מצטברת מול אשתקד'!A16,'מדיהו '!A:G,4,0)+VLOOKUP('תפוקה מצטברת מול אשתקד'!A16,'אנליסט '!A:G,4,0)+VLOOKUP('תפוקה מצטברת מול אשתקד'!A16,'מיטב דש'!A:G,4,0)+VLOOKUP('תפוקה מצטברת מול אשתקד'!A16,אינפניטי!A:G,4,0) -> 23351.459 | I16: =VLOOKUP(A16,הכשרה!A:G,5,0)+VLOOKUP('תפוקה מצטברת מול אשתקד'!A16,מגדל!A:G,5,0)+VLOOKUP('תפוקה מצטברת מול אשתקד'!A16,מנורה!A:G,5,0)+VLOOKUP('תפוקה מצטברת מול אשתקד'!A16,איילון!A:G,5,0)+VLOOKUP('תפוקה מצטברת מול אשתקד'!A16,הראל!A:G,5,0)+VLOOKUP('תפוקה מצטברת מול אשתקד'!A16,הפניקס!A:G,5,0)+VLOOKUP('תפוקה מצטברת מול אשתקד'!A16,כלל!A:G,5,0)+VLOOKUP('תפוקה מצטברת מול אשתקד'!A16,מור!A:G,5,0)+VLOOKUP('תפוקה מצטברת מול אשתקד'!A16,'אלטשולר שחם'!A:G,5,0)+VLOOKUP('תפוקה מצטברת מול אשתקד'!A16,'מדיהו '!A:G,5,0)+VLOOKUP('תפוקה מצטברת מול אשתקד'!A16,'אנליסט '!A:G,5,0)+VLOOKUP('תפוקה מצטברת מול אשתקד'!A16,'מיטב דש'!A:G,5,0)+VLOOKUP('תפוקה מצטברת מול אשתקד'!A16,אינפניטי!A:G,5,0) -> 7267.32 | J16: =VLOOKUP(A16,הכשרה!A:G,6,0)+VLOOKUP('תפוקה מצטברת מול אשתקד'!A16,מגדל!A:G,6,0)+VLOOKUP('תפוקה מצטברת מול אשתקד'!A16,מנורה!A:G,6,0)+VLOOKUP('תפוקה מצטברת מול אשתקד'!A16,איילון!A:G,6,0)+VLOOKUP(A16,הראל!A:G,6,0)+VLOOKUP('תפוקה מצטברת מול אשתקד'!A16,הפניקס!A:G,6,0)+VLOOKUP('תפוקה מצטברת מול אשתקד'!A16,כלל!A:G,6,0)+VLOOKUP('תפוקה מצטברת מול אשתקד'!A16,מור!A:G,6,0)+VLOOKUP('תפוקה מצטברת מול אשתקד'!A16,'אלטשולר שחם'!A:G,6,0)+VLOOKUP('תפוקה מצטברת מול אשתקד'!A16,'מדיהו '!A:G,6,0)+VLOOKUP('תפוקה מצטברת מול אשתקד'!A16,'אנליסט '!A:G,6,0)+VLOOKUP('תפוקה מצטברת מול אשתקד'!A16,'מיטב דש'!A:G,6,0)+VLOOKUP('תפוקה מצטברת מול אשתקד'!A16,אינפניטי!A:G,6,0) -> 6017.28 | K16: =VLOOKUP(A16,הכשרה!A:G,7,0)+VLOOKUP('תפוקה מצטברת מול אשתקד'!A16,מגדל!A:G,7,0)+VLOOKUP('תפוקה מצטברת מול אשתקד'!A16,מנורה!A:G,7,0)+VLOOKUP('תפוקה מצטברת מול אשתקד'!A16,איילון!A:G,7,0)+VLOOKUP('תפוקה מצטברת מול אשתקד'!A16,הראל!A:G,7,0)+VLOOKUP('תפוקה מצטברת מול אשתקד'!A16,הפניקס!A:G,7,0)+VLOOKUP('תפוקה מצטברת מול אשתקד'!A16,כלל!A:G,7,0)+VLOOKUP('תפוקה מצטברת מול אשתקד'!A16,מור!A:G,7,0)+VLOOKUP('תפוקה מצטברת מול אשתקד'!A16,'אלטשולר שחם'!A:G,7,0)+VLOOKUP('תפוקה מצטברת מול אשתקד'!A16,'מדיהו '!A:K,7,0)+VLOOKUP(A16,'אנליסט '!A:G,7,0)+VLOOKUP('תפוקה מצטברת מול אשתקד'!A16,'מיטב דש'!A:G,7,0)+VLOOKUP('תפוקה מצטברת מול אשתקד'!A16,אינפניטי!A:G,7,0) -> 0 | L16: =VLOOKUP(A16,הכשרה!A:K,8,0)+VLOOKUP('תפוקה מצטברת מול אשתקד'!A16,מגדל!A:K,8,0)+VLOOKUP('תפוקה מצטברת מול אשתקד'!A16,מנורה!A:K,8,0)+VLOOKUP('תפוקה מצטברת מול אשתקד'!A16,איילון!A:K,8,0)+VLOOKUP('תפוקה מצטברת מול אשתקד'!A16,הראל!A:K,8,0)+VLOOKUP('תפוקה מצטברת מול אשתקד'!A16,הפניקס!A:K,8,0)+VLOOKUP('תפוקה מצטברת מול אשתקד'!A16,כלל!A:K,8,0)+VLOOKUP('תפוקה מצטברת מול אשתקד'!A16,מור!A:K,8,0)+VLOOKUP('תפוקה מצטברת מול אשתקד'!A16,'אלטשולר שחם'!A:K,8,0)+VLOOKUP('תפוקה מצטברת מול אשתקד'!A16,'מדיהו '!A:K,8,0)+VLOOKUP('תפוקה מצטברת מול אשתקד'!A16,'אנליסט '!A:K,8,0)+VLOOKUP('תפוקה מצטברת מול אשתקד'!A16,'מיטב דש'!A:K,8,0)+VLOOKUP('תפוקה מצטברת מול אשתקד'!A16,אינפניטי!A:K,8,0) -> 0 | M16: =VLOOKUP(A16,הכשרה!A:K,9,0)+VLOOKUP('תפוקה מצטברת מול אשתקד'!A16,מגדל!A:K,9,0)+VLOOKUP('תפוקה מצטברת מול אשתקד'!A16,מנורה!A:K,9,0)+VLOOKUP('תפוקה מצטברת מול אשתקד'!A16,איילון!A:K,9,0)+VLOOKUP('תפוקה מצטברת מול אשתקד'!A16,הראל!A:K,9,0)+VLOOKUP('תפוקה מצטברת מול אשתקד'!A16,הפניקס!A:K,9,0)+VLOOKUP('תפוקה מצטברת מול אשתקד'!A16,כלל!A:K,9,0)+VLOOKUP('תפוקה מצטברת מול אשתקד'!A16,מור!A:K,9,0)+VLOOKUP('תפוקה מצטברת מול אשתקד'!A16,'אלטשולר שחם'!A:K,9,0)+VLOOKUP('תפוקה מצטברת מול אשתקד'!A16,'מדיהו '!A:K,9,0)+VLOOKUP('תפוקה מצטברת מול אשתקד'!A16,'אנליסט '!A:K,9,0)+VLOOKUP('תפוקה מצטברת מול אשתקד'!A16,'מיטב דש'!A:K,9,0)+VLOOKUP('תפוקה מצטברת מול אשתקד'!A16,אינפניטי!A:K,9,0) -> 0 | N16: =VLOOKUP(A16,הכשרה!A:K,10,0)+VLOOKUP('תפוקה מצטברת מול אשתקד'!A16,מגדל!A:K,10,0)+VLOOKUP('תפוקה מצטברת מול אשתקד'!A16,מנורה!A:K,10,0)+VLOOKUP('תפוקה מצטברת מול אשתקד'!A16,איילון!A:K,10,0)+VLOOKUP('תפוקה מצטברת מול אשתקד'!A16,הראל!A:K,10,0)+VLOOKUP('תפוקה מצטברת מול אשתקד'!A16,הפניקס!A:K,10,0)+VLOOKUP('תפוקה מצטברת מול אשתקד'!A16,כלל!A:K,10,0)+VLOOKUP('תפוקה מצטברת מול אשתקד'!A16,מור!A:K,10,0)+VLOOKUP('תפוקה מצטברת מול אשתקד'!A16,'אלטשולר שחם'!A:K,10,0)+VLOOKUP('תפוקה מצטברת מול אשתקד'!A16,'מדיהו '!A:K,10,0)+VLOOKUP('תפוקה מצטברת מול אשתקד'!A16,'אנליסט '!A:K,10,0)+VLOOKUP('תפוקה מצטברת מול אשתקד'!A16,'מיטב דש'!A:K,10,0)+VLOOKUP('תפוקה מצטברת מול אשתקד'!A16,אינפניטי!A:K,10,0) -> 0 | O16: =VLOOKUP(A16,הכשרה!A:K,11,0)+VLOOKUP('תפוקה מצטברת מול אשתקד'!A16,מגדל!A:K,11,0)+VLOOKUP('תפוקה מצטברת מול אשתקד'!A16,מנורה!A:K,11,0)+VLOOKUP('תפוקה מצטברת מול אשתקד'!A16,איילון!A:K,11,0)+VLOOKUP('תפוקה מצטברת מול אשתקד'!A16,הראל!A:K,11,0)+VLOOKUP('תפוקה מצטברת מול אשתקד'!A16,הפניקס!A:K,11,0)+VLOOKUP('תפוקה מצטברת מול אשתקד'!A16,כלל!A:K,11,0)+VLOOKUP('תפוקה מצטברת מול אשתקד'!A16,מור!A:K,11,0)+VLOOKUP('תפוקה מצטברת מול אשתקד'!A16,'אלטשולר שחם'!A:K,11,0)+VLOOKUP('תפוקה מצטברת מול אשתקד'!A16,'מדיהו '!A:K,11,0)+VLOOKUP('תפוקה מצטברת מול אשתקד'!A16,'אנליסט '!A:K,11,0)+VLOOKUP('תפוקה מצטברת מול אשתקד'!A16,'מיטב דש'!A:K,11,0)+VLOOKUP('תפוקה מצטברת מול אשתקד'!A16,אינפניטי!A:K,11,0) -> 0
A17: אלרם סוכנות לביטוח | B17: יוסי אביב | C17: שותפים | D17: =IF(H17=0,0%,IF(L17=0,100%,H17/L17-1)) -> 37.018124 | E17: =IF(I17=0,0%,IF(M17=0,100%,I17/M17-1)) -> 2.6450437 | F17: =IF(J17=0,0%,IF(N17=0,100%,J17/N17-1)) -> -0.11577222 | G17: =IF(K17=0,0%,IF(O17=#REF!,100%,K17/O17-1)) -> #REF! | H17: =VLOOKUP(A17,הכשרה!A:G,4,0)+VLOOKUP('תפוקה מצטברת מול אשתקד'!A17,מגדל!A:G,4,0)+VLOOKUP('תפוקה מצטברת מול אשתקד'!A17,מנורה!A:G,4,0)+VLOOKUP('תפוקה מצטברת מול אשתקד'!A17,איילון!A:G,4,0)+VLOOKUP('תפוקה מצטברת מול אשתקד'!A17,הראל!A:G,4,0)+VLOOKUP('תפוקה מצטברת מול אשתקד'!A17,הפניקס!A:G,4,0)+VLOOKUP('תפוקה מצטברת מול אשתקד'!A17,כלל!A:G,4,0)+VLOOKUP('תפוקה מצטברת מול אשתקד'!A17,מור!A:G,4,0)+VLOOKUP('תפוקה מצטברת מול אשתקד'!A17,'אלטשולר שחם'!A:G,4,0)+VLOOKUP('תפוקה מצטברת מול אשתקד'!A17,'מדיהו '!A:G,4,0)+VLOOKUP('תפוקה מצטברת מול אשתקד'!A17,'אנליסט '!A:G,4,0)+VLOOKUP('תפוקה מצטברת מול אשתקד'!A17,'מיטב דש'!A:G,4,0)+VLOOKUP('תפוקה מצטברת מול אשתקד'!A17,אינפניטי!A:G,4,0) -> 275165.17 | I17: =VLOOKUP(A17,הכשרה!A:G,5,0)+VLOOKUP('תפוקה מצטברת מול אשתקד'!A17,מגדל!A:G,5,0)+VLOOKUP('תפוקה מצטברת מול אשתקד'!A17,מנורה!A:G,5,0)+VLOOKUP('תפוקה מצטברת מול אשתקד'!A17,איילון!A:G,5,0)+VLOOKUP('תפוקה מצטברת מול אשתקד'!A17,הראל!A:G,5,0)+VLOOKUP('תפוקה מצטברת מול אשתקד'!A17,הפניקס!A:G,5,0)+VLOOKUP('תפוקה מצטברת מול אשתקד'!A17,כלל!A:G,5,0)+VLOOKUP('תפוקה מצטברת מול אשתקד'!A17,מור!A:G,5,0)+VLOOKUP('תפוקה מצטברת מול אשתקד'!A17,'אלטשולר שחם'!A:G,5,0)+VLOOKUP('תפוקה מצטברת מול אשתקד'!A17,'מדיהו '!A:G,5,0)+VLOOKUP('תפוקה מצטברת מול אשתקד'!A17,'אנליסט '!A:G,5,0)+VLOOKUP('תפוקה מצטברת מול אשתקד'!A17,'מיטב דש'!A:G,5,0)+VLOOKUP('תפוקה מצטברת מול אשתקד'!A17,אינפניטי!A:G,5,0) -> 54408.885 | J17: =VLOOKUP(A17,הכשרה!A:G,6,0)+VLOOKUP('תפוקה מצטברת מול אשתקד'!A17,מגדל!A:G,6,0)+VLOOKUP('תפוקה מצטברת מול אשתקד'!A17,מנורה!A:G,6,0)+VLOOKUP('תפוקה מצטברת מול אשתקד'!A17,איילון!A:G,6,0)+VLOOKUP(A17,הראל!A:G,6,0)+VLOOKUP('תפוקה מצטברת מול אשתקד'!A17,הפניקס!A:G,6,0)+VLOOKUP('תפוקה מצטברת מול אשתקד'!A17,כלל!A:G,6,0)+VLOOKUP('תפוקה מצטברת מול אשתקד'!A17,מור!A:G,6,0)+VLOOKUP('תפוקה מצטברת מול אשתקד'!A17,'אלטשולר שחם'!A:G,6,0)+VLOOKUP('תפוקה מצטברת מול אשתקד'!A17,'מדיהו '!A:G,6,0)+VLOOKUP('תפוקה מצטברת מול אשתקד'!A17,'אנליסט '!A:G,6,0)+VLOOKUP('תפוקה מצטברת מול אשתקד'!A17,'מיטב דש'!A:G,6,0)+VLOOKUP('תפוקה מצטברת מול אשתקד'!A17,אינפניטי!A:G,6,0) -> 681056.58 | K17: =VLOOKUP(A17,הכשרה!A:G,7,0)+VLOOKUP('תפוקה מצטברת מול אשתקד'!A17,מגדל!A:G,7,0)+VLOOKUP('תפוקה מצטברת מול אשתקד'!A17,מנורה!A:G,7,0)+VLOOKUP('תפוקה מצטברת מול אשתקד'!A17,איילון!A:G,7,0)+VLOOKUP('תפוקה מצטברת מול אשתקד'!A17,הראל!A:G,7,0)+VLOOKUP('תפוקה מצטברת מול אשתקד'!A17,הפניקס!A:G,7,0)+VLOOKUP('תפוקה מצטברת מול אשתקד'!A17,כלל!A:G,7,0)+VLOOKUP('תפוקה מצטברת מול אשתקד'!A17,מור!A:G,7,0)+VLOOKUP('תפוקה מצטברת מול אשתקד'!A17,'אלטשולר שחם'!A:G,7,0)+VLOOKUP('תפוקה מצטברת מול אשתקד'!A17,'מדיהו '!A:K,7,0)+VLOOKUP(A17,'אנליסט '!A:G,7,0)+VLOOKUP('תפוקה מצטברת מול אשתקד'!A17,'מיטב דש'!A:G,7,0)+VLOOKUP('תפוקה מצטברת מול אשתקד'!A17,אינפניטי!A:G,7,0) -> 337716.78 | L17: =VLOOKUP(A17,הכשרה!A:K,8,0)+VLOOKUP('תפוקה מצטברת מול אשתקד'!A17,מגדל!A:K,8,0)+VLOOKUP('תפוקה מצטברת מול אשתקד'!A17,מנורה!A:K,8,0)+VLOOKUP('תפוקה מצטברת מול אשתקד'!A17,איילון!A:K,8,0)+VLOOKUP('תפוקה מצטברת מול אשתקד'!A17,הראל!A:K,8,0)+VLOOKUP('תפוקה מצטברת מול אשתקד'!A17,הפניקס!A:K,8,0)+VLOOKUP('תפוקה מצטברת מול אשתקד'!A17,כלל!A:K,8,0)+VLOOKUP('תפוקה מצטברת מול אשתקד'!A17,מור!A:K,8,0)+VLOOKUP('תפוקה מצטברת מול אשתקד'!A17,'אלטשולר שחם'!A:K,8,0)+VLOOKUP('תפוקה מצטברת מול אשתקד'!A17,'מדיהו '!A:K,8,0)+VLOOKUP('תפוקה מצטברת מול אשתקד'!A17,'אנליסט '!A:K,8,0)+VLOOKUP('תפוקה מצטברת מול אשתקד'!A17,'מיטב דש'!A:K,8,0)+VLOOKUP('תפוקה מצטברת מול אשתקד'!A17,אינפניטי!A:K,8,0) -> 7237.7367 | M17: =VLOOKUP(A17,הכשרה!A:K,9,0)+VLOOKUP('תפוקה מצטברת מול אשתקד'!A17,מגדל!A:K,9,0)+VLOOKUP('תפוקה מצטברת מול אשתקד'!A17,מנורה!A:K,9,0)+VLOOKUP('תפוקה מצטברת מול אשתקד'!A17,איילון!A:K,9,0)+VLOOKUP('תפוקה מצטברת מול אשתקד'!A17,הראל!A:K,9,0)+VLOOKUP('תפוקה מצטברת מול אשתקד'!A17,הפניקס!A:K,9,0)+VLOOKUP('תפוקה מצטברת מול אשתקד'!A17,כלל!A:K,9,0)+VLOOKUP('תפוקה מצטברת מול אשתקד'!A17,מור!A:K,9,0)+VLOOKUP('תפוקה מצטברת מול אשתקד'!A17,'אלטשולר שחם'!A:K,9,0)+VLOOKUP('תפוקה מצטברת מול אשתקד'!A17,'מדיהו '!A:K,9,0)+VLOOKUP('תפוקה מצטברת מול אשתקד'!A17,'אנליסט '!A:K,9,0)+VLOOKUP('תפוקה מצטברת מול אשתקד'!A17,'מיטב דש'!A:K,9,0)+VLOOKUP('תפוקה מצטברת מול אשתקד'!A17,אינפניטי!A:K,9,0) -> 14926.813 | N17: =VLOOKUP(A17,הכשרה!A:K,10,0)+VLOOKUP('תפוקה מצטברת מול אשתקד'!A17,מגדל!A:K,10,0)+VLOOKUP('תפוקה מצטברת מול אשתקד'!A17,מנורה!A:K,10,0)+VLOOKUP('תפוקה מצטברת מול אשתקד'!A17,איילון!A:K,10,0)+VLOOKUP('תפוקה מצטברת מול אשתקד'!A17,הראל!A:K,10,0)+VLOOKUP('תפוקה מצטברת מול אשתקד'!A17,הפניקס!A:K,10,0)+VLOOKUP('תפוקה מצטברת מול אשתקד'!A17,כלל!A:K,10,0)+VLOOKUP('תפוקה מצטברת מול אשתקד'!A17,מור!A:K,10,0)+VLOOKUP('תפוקה מצטברת מול אשתקד'!A17,'אלטשולר שחם'!A:K,10,0)+VLOOKUP('תפוקה מצטברת מול אשתקד'!A17,'מדיהו '!A:K,10,0)+VLOOKUP('תפוקה מצטברת מול אשתקד'!A17,'אנליסט '!A:K,10,0)+VLOOKUP('תפוקה מצטברת מול אשתקד'!A17,'מיטב דש'!A:K,10,0)+VLOOKUP('תפוקה מצטברת מול אשתקד'!A17,אינפניטי!A:K,10,0) -> 770227.53 | O17: =VLOOKUP(A17,הכשרה!A:K,11,0)+VLOOKUP('תפוקה מצטברת מול אשתקד'!A17,מגדל!A:K,11,0)+VLOOKUP('תפוקה מצטברת מול אשתקד'!A17,מנורה!A:K,11,0)+VLOOKUP('תפוקה מצטברת מול אשתקד'!A17,איילון!A:K,11,0)+VLOOKUP('תפוקה מצטברת מול אשתקד'!A17,הראל!A:K,11,0)+VLOOKUP('תפוקה מצטברת מול אשתקד'!A17,הפניקס!A:K,11,0)+VLOOKUP('תפוקה מצטברת מול אשתקד'!A17,כלל!A:K,11,0)+VLOOKUP('תפוקה מצטברת מול אשתקד'!A17,מור!A:K,11,0)+VLOOKUP('תפוקה מצטברת מול אשתקד'!A17,'אלטשולר שחם'!A:K,11,0)+VLOOKUP('תפוקה מצטברת מול אשתקד'!A17,'מדיהו '!A:K,11,0)+VLOOKUP('תפוקה מצטברת מול אשתקד'!A17,'אנליסט '!A:K,11,0)+VLOOKUP('תפוקה מצטברת מול אשתקד'!A17,'מיטב דש'!A:K,11,0)+VLOOKUP('תפוקה מצטברת מול אשתקד'!A17,אינפניטי!A:K,11,0) -> 461281.36
A18: רכס אורן | B18: יוסי אביב | C18: שותפים | D18: =IF(H18=0,0%,IF(L18=0,100%,H18/L18-1)) -> 0.40332662 | E18: =IF(I18=0,0%,IF(M18=0,100%,I18/M18-1)) -> 25.148604 | F18: =IF(J18=0,0%,IF(N18=0,100%,J18/N18-1)) -> 0.66848882 | G18: =IF(K18=0,0%,IF(O18=#REF!,100%,K18/O18-1)) -> 0 | H18: =VLOOKUP(A18,הכשרה!A:G,4,0)+VLOOKUP('תפוקה מצטברת מול אשתקד'!A18,מגדל!A:G,4,0)+VLOOKUP('תפוקה מצטברת מול אשתקד'!A18,מנורה!A:G,4,0)+VLOOKUP('תפוקה מצטברת מול אשתקד'!A18,איילון!A:G,4,0)+VLOOKUP('תפוקה מצטברת מול אשתקד'!A18,הראל!A:G,4,0)+VLOOKUP('תפוקה מצטברת מול אשתקד'!A18,הפניקס!A:G,4,0)+VLOOKUP('תפוקה מצטברת מול אשתקד'!A18,כלל!A:G,4,0)+VLOOKUP('תפוקה מצטברת מול אשתקד'!A18,מור!A:G,4,0)+VLOOKUP('תפוקה מצטברת מול אשתקד'!A18,'אלטשולר שחם'!A:G,4,0)+VLOOKUP('תפוקה מצטברת מול אשתקד'!A18,'מדיהו '!A:G,4,0)+VLOOKUP('תפוקה מצטברת מול אשתקד'!A18,'אנליסט '!A:G,4,0)+VLOOKUP('תפוקה מצטברת מול אשתקד'!A18,'מיטב דש'!A:G,4,0)+VLOOKUP('תפוקה מצטברת מול אשתקד'!A18,אינפניטי!A:G,4,0) -> 145412.71 | I18: =VLOOKUP(A18,הכשרה!A:G,5,0)+VLOOKUP('תפוקה מצטברת מול אשתקד'!A18,מגדל!A:G,5,0)+VLOOKUP('תפוקה מצטברת מול אשתקד'!A18,מנורה!A:G,5,0)+VLOOKUP('תפוקה מצטברת מול אשתקד'!A18,איילון!A:G,5,0)+VLOOKUP('תפוקה מצטברת מול אשתקד'!A18,הראל!A:G,5,0)+VLOOKUP('תפוקה מצטברת מול אשתקד'!A18,הפניקס!A:G,5,0)+VLOOKUP('תפוקה מצטברת מול אשתקד'!A18,כלל!A:G,5,0)+VLOOKUP('תפוקה מצטברת מול אשתקד'!A18,מור!A:G,5,0)+VLOOKUP('תפוקה מצטברת מול אשתקד'!A18,'אלטשולר שחם'!A:G,5,0)+VLOOKUP('תפוקה מצטברת מול אשתקד'!A18,'מדיהו '!A:G,5,0)+VLOOKUP('תפוקה מצטברת מול אשתקד'!A18,'אנליסט '!A:G,5,0)+VLOOKUP('תפוקה מצטברת מול אשתקד'!A18,'מיטב דש'!A:G,5,0)+VLOOKUP('תפוקה מצטברת מול אשתקד'!A18,אינפניטי!A:G,5,0) -> 73348.85 | J18: =VLOOKUP(A18,הכשרה!A:G,6,0)+VLOOKUP('תפוקה מצטברת מול אשתקד'!A18,מגדל!A:G,6,0)+VLOOKUP('תפוקה מצטברת מול אשתקד'!A18,מנורה!A:G,6,0)+VLOOKUP('תפוקה מצטברת מול אשתקד'!A18,איילון!A:G,6,0)+VLOOKUP(A18,הראל!A:G,6,0)+VLOOKUP('תפוקה מצטברת מול אשתקד'!A18,הפניקס!A:G,6,0)+VLOOKUP('תפוקה מצטברת מול אשתקד'!A18,כלל!A:G,6,0)+VLOOKUP('תפוקה מצטברת מול אשתקד'!A18,מור!A:G,6,0)+VLOOKUP('תפוקה מצטברת מול אשתקד'!A18,'אלטשולר שחם'!A:G,6,0)+VLOOKUP('תפוקה מצטברת מול אשתקד'!A18,'מדיהו '!A:G,6,0)+VLOOKUP('תפוקה מצטברת מול אשתקד'!A18,'אנליסט '!A:G,6,0)+VLOOKUP('תפוקה מצטברת מול אשתקד'!A18,'מיטב דש'!A:G,6,0)+VLOOKUP('תפוקה מצטברת מול אשתקד'!A18,אינפניטי!A:G,6,0) -> 2503946.5 | K18: =VLOOKUP(A18,הכשרה!A:G,7,0)+VLOOKUP('תפוקה מצטברת מול אשתקד'!A18,מגדל!A:G,7,0)+VLOOKUP('תפוקה מצטברת מול אשתקד'!A18,מנורה!A:G,7,0)+VLOOKUP('תפוקה מצטברת מול אשתקד'!A18,איילון!A:G,7,0)+VLOOKUP('תפוקה מצטברת מול אשתקד'!A18,הראל!A:G,7,0)+VLOOKUP('תפוקה מצטברת מול אשתקד'!A18,הפניקס!A:G,7,0)+VLOOKUP('תפוקה מצטברת מול אשתקד'!A18,כלל!A:G,7,0)+VLOOKUP('תפוקה מצטברת מול אשתקד'!A18,מור!A:G,7,0)+VLOOKUP('תפוקה מצטברת מול אשתקד'!A18,'אלטשולר שחם'!A:G,7,0)+VLOOKUP('תפוקה מצטברת מול אשתקד'!A18,'מדיהו '!A:K,7,0)+VLOOKUP(A18,'אנליסט '!A:G,7,0)+VLOOKUP('תפוקה מצטברת מול אשתקד'!A18,'מיטב דש'!A:G,7,0)+VLOOKUP('תפוקה מצטברת מול אשתקד'!A18,אינפניטי!A:G,7,0) -> 0 | L18: =VLOOKUP(A18,הכשרה!A:K,8,0)+VLOOKUP('תפוקה מצטברת מול אשתקד'!A18,מגדל!A:K,8,0)+VLOOKUP('תפוקה מצטברת מול אשתקד'!A18,מנורה!A:K,8,0)+VLOOKUP('תפוקה מצטברת מול אשתקד'!A18,איילון!A:K,8,0)+VLOOKUP('תפוקה מצטברת מול אשתקד'!A18,הראל!A:K,8,0)+VLOOKUP('תפוקה מצטברת מול אשתקד'!A18,הפניקס!A:K,8,0)+VLOOKUP('תפוקה מצטברת מול אשתקד'!A18,כלל!A:K,8,0)+VLOOKUP('תפוקה מצטברת מול אשתקד'!A18,מור!A:K,8,0)+VLOOKUP('תפוקה מצטברת מול אשתקד'!A18,'אלטשולר שחם'!A:K,8,0)+VLOOKUP('תפוקה מצטברת מול אשתקד'!A18,'מדיהו '!A:K,8,0)+VLOOKUP('תפוקה מצטברת מול אשתקד'!A18,'אנליסט '!A:K,8,0)+VLOOKUP('תפוקה מצטברת מול אשתקד'!A18,'מיטב דש'!A:K,8,0)+VLOOKUP('תפוקה מצטברת מול אשתקד'!A18,אינפניטי!A:K,8,0) -> 103620.01 | M18: =VLOOKUP(A18,הכשרה!A:K,9,0)+VLOOKUP('תפוקה מצטברת מול אשתקד'!A18,מגדל!A:K,9,0)+VLOOKUP('תפוקה מצטברת מול אשתקד'!A18,מנורה!A:K,9,0)+VLOOKUP('תפוקה מצטברת מול אשתקד'!A18,איילון!A:K,9,0)+VLOOKUP('תפוקה מצטברת מול אשתקד'!A18,הראל!A:K,9,0)+VLOOKUP('תפוקה מצטברת מול אשתקד'!A18,הפניקס!A:K,9,0)+VLOOKUP('תפוקה מצטברת מול אשתקד'!A18,כלל!A:K,9,0)+VLOOKUP('תפוקה מצטברת מול אשתקד'!A18,מור!A:K,9,0)+VLOOKUP('תפוקה מצטברת מול אשתקד'!A18,'אלטשולר שחם'!A:K,9,0)+VLOOKUP('תפוקה מצטברת מול אשתקד'!A18,'מדיהו '!A:K,9,0)+VLOOKUP('תפוקה מצטברת מול אשתקד'!A18,'אנליסט '!A:K,9,0)+VLOOKUP('תפוקה מצטברת מול אשתקד'!A18,'מיטב דש'!A:K,9,0)+VLOOKUP('תפוקה מצטברת מול אשתקד'!A18,אינפניטי!A:K,9,0) -> 2805.0771 | N18: =VLOOKUP(A18,הכשרה!A:K,10,0)+VLOOKUP('תפוקה מצטברת מול אשתקד'!A18,מגדל!A:K,10,0)+VLOOKUP('תפוקה מצטברת מול אשתקד'!A18,מנורה!A:K,10,0)+VLOOKUP('תפוקה מצטברת מול אשתקד'!A18,איילון!A:K,10,0)+VLOOKUP('תפוקה מצטברת מול אשתקד'!A18,הראל!A:K,10,0)+VLOOKUP('תפוקה מצטברת מול אשתקד'!A18,הפניקס!A:K,10,0)+VLOOKUP('תפוקה מצטברת מול אשתקד'!A18,כלל!A:K,10,0)+VLOOKUP('תפוקה מצטברת מול אשתקד'!A18,מור!A:K,10,0)+VLOOKUP('תפוקה מצטברת מול אשתקד'!A18,'אלטשולר שחם'!A:K,10,0)+VLOOKUP('תפוקה מצטברת מול אשתקד'!A18,'מדיהו '!A:K,10,0)+VLOOKUP('תפוקה מצטברת מול אשתקד'!A18,'אנליסט '!A:K,10,0)+VLOOKUP('תפוקה מצטברת מול אשתקד'!A18,'מיטב דש'!A:K,10,0)+VLOOKUP('תפוקה מצטברת מול אשתקד'!A18,אינפניטי!A:K,10,0) -> 1500727.2 | O18: =VLOOKUP(A18,הכשרה!A:K,11,0)+VLOOKUP('תפוקה מצטברת מול אשתקד'!A18,מגדל!A:K,11,0)+VLOOKUP('תפוקה מצטברת מול אשתקד'!A18,מנורה!A:K,11,0)+VLOOKUP('תפוקה מצטברת מול אשתקד'!A18,איילון!A:K,11,0)+VLOOKUP('תפוקה מצטברת מול אשתקד'!A18,הראל!A:K,11,0)+VLOOKUP('תפוקה מצטברת מול אשתקד'!A18,הפניקס!A:K,11,0)+VLOOKUP('תפוקה מצטברת מול אשתקד'!A18,כלל!A:K,11,0)+VLOOKUP('תפוקה מצטברת מול אשתקד'!A18,מור!A:K,11,0)+VLOOKUP('תפוקה מצטברת מול אשתקד'!A18,'אלטשולר שחם'!A:K,11,0)+VLOOKUP('תפוקה מצטברת מול אשתקד'!A18,'מדיהו '!A:K,11,0)+VLOOKUP('תפוקה מצטברת מול אשתקד'!A18,'אנליסט '!A:K,11,0)+VLOOKUP('תפוקה מצטברת מול אשתקד'!A18,'מיטב דש'!A:K,11,0)+VLOOKUP('תפוקה מצטברת מול אשתקד'!A18,אינפניטי!A:K,11,0) -> -72823.75
A19: גולדר אבי | B19: יוסי אביב | C19: שותפים | D19: =IF(H19=0,0%,IF(L19=0,100%,H19/L19-1)) -> 1 | E19: =IF(I19=0,0%,IF(M19=0,100%,I19/M19-1)) -> 0 | F19: =IF(J19=0,0%,IF(N19=0,100%,J19/N19-1)) -> 0 | G19: =IF(K19=0,0%,IF(O19=#REF!,100%,K19/O19-1)) -> 0 | H19: =VLOOKUP(A19,הכשרה!A:G,4,0)+VLOOKUP('תפוקה מצטברת מול אשתקד'!A19,מגדל!A:G,4,0)+VLOOKUP('תפוקה מצטברת מול אשתקד'!A19,מנורה!A:G,4,0)+VLOOKUP('תפוקה מצטברת מול אשתקד'!A19,איילון!A:G,4,0)+VLOOKUP('תפוקה מצטברת מול אשתקד'!A19,הראל!A:G,4,0)+VLOOKUP('תפוקה מצטברת מול אשתקד'!A19,הפניקס!A:G,4,0)+VLOOKUP('תפוקה מצטברת מול אשתקד'!A19,כלל!A:G,4,0)+VLOOKUP('תפוקה מצטברת מול אשתקד'!A19,מור!A:G,4,0)+VLOOKUP('תפוקה מצטברת מול אשתקד'!A19,'אלטשולר שחם'!A:G,4,0)+VLOOKUP('תפוקה מצטברת מול אשתקד'!A19,'מדיהו '!A:G,4,0)+VLOOKUP('תפוקה מצטברת מול אשתקד'!A19,'אנליסט '!A:G,4,0)+VLOOKUP('תפוקה מצטברת מול אשתקד'!A19,'מיטב דש'!A:G,4,0)+VLOOKUP('תפוקה מצטברת מול אשתקד'!A19,אינפניטי!A:G,4,0) -> 463.53 | I19: =VLOOKUP(A19,הכשרה!A:G,5,0)+VLOOKUP('תפוקה מצטברת מול אשתקד'!A19,מגדל!A:G,5,0)+VLOOKUP('תפוקה מצטברת מול אשתקד'!A19,מנורה!A:G,5,0)+VLOOKUP('תפוקה מצטברת מול אשתקד'!A19,איילון!A:G,5,0)+VLOOKUP('תפוקה מצטברת מול אשתקד'!A19,הראל!A:G,5,0)+VLOOKUP('תפוקה מצטברת מול אשתקד'!A19,הפניקס!A:G,5,0)+VLOOKUP('תפוקה מצטברת מול אשתקד'!A19,כלל!A:G,5,0)+VLOOKUP('תפוקה מצטברת מול אשתקד'!A19,מור!A:G,5,0)+VLOOKUP('תפוקה מצטברת מול אשתקד'!A19,'אלטשולר שחם'!A:G,5,0)+VLOOKUP('תפוקה מצטברת מול אשתקד'!A19,'מדיהו '!A:G,5,0)+VLOOKUP('תפוקה מצטברת מול אשתקד'!A19,'אנליסט '!A:G,5,0)+VLOOKUP('תפוקה מצטברת מול אשתקד'!A19,'מיטב דש'!A:G,5,0)+VLOOKUP('תפוקה מצטברת מול אשתקד'!A19,אינפניטי!A:G,5,0) -> 0 | J19: =VLOOKUP(A19,הכשרה!A:G,6,0)+VLOOKUP('תפוקה מצטברת מול אשתקד'!A19,מגדל!A:G,6,0)+VLOOKUP('תפוקה מצטברת מול אשתקד'!A19,מנורה!A:G,6,0)+VLOOKUP('תפוקה מצטברת מול אשתקד'!A19,איילון!A:G,6,0)+VLOOKUP(A19,הראל!A:G,6,0)+VLOOKUP('תפוקה מצטברת מול אשתקד'!A19,הפניקס!A:G,6,0)+VLOOKUP('תפוקה מצטברת מול אשתקד'!A19,כלל!A:G,6,0)+VLOOKUP('תפוקה מצטברת מול אשתקד'!A19,מור!A:G,6,0)+VLOOKUP('תפוקה מצטברת מול אשתקד'!A19,'אלטשולר שחם'!A:G,6,0)+VLOOKUP('תפוקה מצטברת מול אשתקד'!A19,'מדיהו '!A:G,6,0)+VLOOKUP('תפוקה מצטברת מול אשתקד'!A19,'אנליסט '!A:G,6,0)+VLOOKUP('תפוקה מצטברת מול אשתקד'!A19,'מיטב דש'!A:G,6,0)+VLOOKUP('תפוקה מצטברת מול אשתקד'!A19,אינפניטי!A:G,6,0) -> 0 | K19: =VLOOKUP(A19,הכשרה!A:G,7,0)+VLOOKUP('תפוקה מצטברת מול אשתקד'!A19,מגדל!A:G,7,0)+VLOOKUP('תפוקה מצטברת מול אשתקד'!A19,מנורה!A:G,7,0)+VLOOKUP('תפוקה מצטברת מול אשתקד'!A19,איילון!A:G,7,0)+VLOOKUP('תפוקה מצטברת מול אשתקד'!A19,הראל!A:G,7,0)+VLOOKUP('תפוקה מצטברת מול אשתקד'!A19,הפניקס!A:G,7,0)+VLOOKUP('תפוקה מצטברת מול אשתקד'!A19,כלל!A:G,7,0)+VLOOKUP('תפוקה מצטברת מול אשתקד'!A19,מור!A:G,7,0)+VLOOKUP('תפוקה מצטברת מול אשתקד'!A19,'אלטשולר שחם'!A:G,7,0)+VLOOKUP('תפוקה מצטברת מול אשתקד'!A19,'מדיהו '!A:K,7,0)+VLOOKUP(A19,'אנליסט '!A:G,7,0)+VLOOKUP('תפוקה מצטברת מול אשתקד'!A19,'מיטב דש'!A:G,7,0)+VLOOKUP('תפוקה מצטברת מול אשתקד'!A19,אינפניטי!A:G,7,0) -> 0 | L19: =VLOOKUP(A19,הכשרה!A:K,8,0)+VLOOKUP('תפוקה מצטברת מול אשתקד'!A19,מגדל!A:K,8,0)+VLOOKUP('תפוקה מצטברת מול אשתקד'!A19,מנורה!A:K,8,0)+VLOOKUP('תפוקה מצטברת מול אשתקד'!A19,איילון!A:K,8,0)+VLOOKUP('תפוקה מצטברת מול אשתקד'!A19,הראל!A:K,8,0)+VLOOKUP('תפוקה מצטברת מול אשתקד'!A19,הפניקס!A:K,8,0)+VLOOKUP('תפוקה מצטברת מול אשתקד'!A19,כלל!A:K,8,0)+VLOOKUP('תפוקה מצטברת מול אשתקד'!A19,מור!A:K,8,0)+VLOOKUP('תפוקה מצטברת מול אשתקד'!A19,'אלטשולר שחם'!A:K,8,0)+VLOOKUP('תפוקה מצטברת מול אשתקד'!A19,'מדיהו '!A:K,8,0)+VLOOKUP('תפוקה מצטברת מול אשתקד'!A19,'אנליסט '!A:K,8,0)+VLOOKUP('תפוקה מצטברת מול אשתקד'!A19,'מיטב דש'!A:K,8,0)+VLOOKUP('תפוקה מצטברת מול אשתקד'!A19,אינפניטי!A:K,8,0) -> 0 | M19: =VLOOKUP(A19,הכשרה!A:K,9,0)+VLOOKUP('תפוקה מצטברת מול אשתקד'!A19,מגדל!A:K,9,0)+VLOOKUP('תפוקה מצטברת מול אשתקד'!A19,מנורה!A:K,9,0)+VLOOKUP('תפוקה מצטברת מול אשתקד'!A19,איילון!A:K,9,0)+VLOOKUP('תפוקה מצטברת מול אשתקד'!A19,הראל!A:K,9,0)+VLOOKUP('תפוקה מצטברת מול אשתקד'!A19,הפניקס!A:K,9,0)+VLOOKUP('תפוקה מצטברת מול אשתקד'!A19,כלל!A:K,9,0)+VLOOKUP('תפוקה מצטברת מול אשתקד'!A19,מור!A:K,9,0)+VLOOKUP('תפוקה מצטברת מול אשתקד'!A19,'אלטשולר שחם'!A:K,9,0)+VLOOKUP('תפוקה מצטברת מול אשתקד'!A19,'מדיהו '!A:K,9,0)+VLOOKUP('תפוקה מצטברת מול אשתקד'!A19,'אנליסט '!A:K,9,0)+VLOOKUP('תפוקה מצטברת מול אשתקד'!A19,'מיטב דש'!A:K,9,0)+VLOOKUP('תפוקה מצטברת מול אשתקד'!A19,אינפניטי!A:K,9,0) -> 0 | N19: =VLOOKUP(A19,הכשרה!A:K,10,0)+VLOOKUP('תפוקה מצטברת מול אשתקד'!A19,מגדל!A:K,10,0)+VLOOKUP('תפוקה מצטברת מול אשתקד'!A19,מנורה!A:K,10,0)+VLOOKUP('תפוקה מצטברת מול אשתקד'!A19,איילון!A:K,10,0)+VLOOKUP('תפוקה מצטברת מול אשתקד'!A19,הראל!A:K,10,0)+VLOOKUP('תפוקה מצטברת מול אשתקד'!A19,הפניקס!A:K,10,0)+VLOOKUP('תפוקה מצטברת מול אשתקד'!A19,כלל!A:K,10,0)+VLOOKUP('תפוקה מצטברת מול אשתקד'!A19,מור!A:K,10,0)+VLOOKUP('תפוקה מצטברת מול אשתקד'!A19,'אלטשולר שחם'!A:K,10,0)+VLOOKUP('תפוקה מצטברת מול אשתקד'!A19,'מדיהו '!A:K,10,0)+VLOOKUP('תפוקה מצטברת מול אשתקד'!A19,'אנליסט '!A:K,10,0)+VLOOKUP('תפוקה מצטברת מול אשתקד'!A19,'מיטב דש'!A:K,10,0)+VLOOKUP('תפוקה מצטברת מול אשתקד'!A19,אינפניטי!A:K,10,0) -> 8787.0409 | O19: =VLOOKUP(A19,הכשרה!A:K,11,0)+VLOOKUP('תפוקה מצטברת מול אשתקד'!A19,מגדל!A:K,11,0)+VLOOKUP('תפוקה מצטברת מול אשתקד'!A19,מנורה!A:K,11,0)+VLOOKUP('תפוקה מצטברת מול אשתקד'!A19,איילון!A:K,11,0)+VLOOKUP('תפוקה מצטברת מול אשתקד'!A19,הראל!A:K,11,0)+VLOOKUP('תפוקה מצטברת מול אשתקד'!A19,הפניקס!A:K,11,0)+VLOOKUP('תפוקה מצטברת מול אשתקד'!A19,כלל!A:K,11,0)+VLOOKUP('תפוקה מצטברת מול אשתקד'!A19,מור!A:K,11,0)+VLOOKUP('תפוקה מצטברת מול אשתקד'!A19,'אלטשולר שחם'!A:K,11,0)+VLOOKUP('תפוקה מצטברת מול אשתקד'!A19,'מדיהו '!A:K,11,0)+VLOOKUP('תפוקה מצטברת מול אשתקד'!A19,'אנליסט '!A:K,11,0)+VLOOKUP('תפוקה מצטברת מול אשתקד'!A19,'מיטב דש'!A:K,11,0)+VLOOKUP('תפוקה מצטברת מול אשתקד'!A19,אינפניטי!A:K,11,0) -> 0
A20: בדר צבי | B20: יוסי אביב | C20: שותפים | D20: =IF(H20=0,0%,IF(L20=0,100%,H20/L20-1)) -> 0 | E20: =IF(I20=0,0%,IF(M20=0,100%,I20/M20-1)) -> 0 | F20: =IF(J20=0,0%,IF(N20=0,100%,J20/N20-1)) -> 0 | G20: =IF(K20=0,0%,IF(O20=#REF!,100%,K20/O20-1)) -> 0 | H20: =VLOOKUP(A20,הכשרה!A:G,4,0)+VLOOKUP('תפוקה מצטברת מול אשתקד'!A20,מגדל!A:G,4,0)+VLOOKUP('תפוקה מצטברת מול אשתקד'!A20,מנורה!A:G,4,0)+VLOOKUP('תפוקה מצטברת מול אשתקד'!A20,איילון!A:G,4,0)+VLOOKUP('תפוקה מצטברת מול אשתקד'!A20,הראל!A:G,4,0)+VLOOKUP('תפוקה מצטברת מול אשתקד'!A20,הפניקס!A:G,4,0)+VLOOKUP('תפוקה מצטברת מול אשתקד'!A20,כלל!A:G,4,0)+VLOOKUP('תפוקה מצטברת מול אשתקד'!A20,מור!A:G,4,0)+VLOOKUP('תפוקה מצטברת מול אשתקד'!A20,'אלטשולר שחם'!A:G,4,0)+VLOOKUP('תפוקה מצטברת מול אשתקד'!A20,'מדיהו '!A:G,4,0)+VLOOKUP('תפוקה מצטברת מול אשתקד'!A20,'אנליסט '!A:G,4,0)+VLOOKUP('תפוקה מצטברת מול אשתקד'!A20,'מיטב דש'!A:G,4,0)+VLOOKUP('תפוקה מצטברת מול אשתקד'!A20,אינפניטי!A:G,4,0) -> 0 | I20: =VLOOKUP(A20,הכשרה!A:G,5,0)+VLOOKUP('תפוקה מצטברת מול אשתקד'!A20,מגדל!A:G,5,0)+VLOOKUP('תפוקה מצטברת מול אשתקד'!A20,מנורה!A:G,5,0)+VLOOKUP('תפוקה מצטברת מול אשתקד'!A20,איילון!A:G,5,0)+VLOOKUP('תפוקה מצטברת מול אשתקד'!A20,הראל!A:G,5,0)+VLOOKUP('תפוקה מצטברת מול אשתקד'!A20,הפניקס!A:G,5,0)+VLOOKUP('תפוקה מצטברת מול אשתקד'!A20,כלל!A:G,5,0)+VLOOKUP('תפוקה מצטברת מול אשתקד'!A20,מור!A:G,5,0)+VLOOKUP('תפוקה מצטברת מול אשתקד'!A20,'אלטשולר שחם'!A:G,5,0)+VLOOKUP('תפוקה מצטברת מול אשתקד'!A20,'מדיהו '!A:G,5,0)+VLOOKUP('תפוקה מצטברת מול אשתקד'!A20,'אנליסט '!A:G,5,0)+VLOOKUP('תפוקה מצטברת מול אשתקד'!A20,'מיטב דש'!A:G,5,0)+VLOOKUP('תפוקה מצטברת מול אשתקד'!A20,אינפניטי!A:G,5,0) -> 0 | J20: =VLOOKUP(A20,הכשרה!A:G,6,0)+VLOOKUP('תפוקה מצטברת מול אשתקד'!A20,מגדל!A:G,6,0)+VLOOKUP('תפוקה מצטברת מול אשתקד'!A20,מנורה!A:G,6,0)+VLOOKUP('תפוקה מצטברת מול אשתקד'!A20,איילון!A:G,6,0)+VLOOKUP(A20,הראל!A:G,6,0)+VLOOKUP('תפוקה מצטברת מול אשתקד'!A20,הפניקס!A:G,6,0)+VLOOKUP('תפוקה מצטברת מול אשתקד'!A20,כלל!A:G,6,0)+VLOOKUP('תפוקה מצטברת מול אשתקד'!A20,מור!A:G,6,0)+VLOOKUP('תפוקה מצטברת מול אשתקד'!A20,'אלטשולר שחם'!A:G,6,0)+VLOOKUP('תפוקה מצטברת מול אשתקד'!A20,'מדיהו '!A:G,6,0)+VLOOKUP('תפוקה מצטברת מול אשתקד'!A20,'אנליסט '!A:G,6,0)+VLOOKUP('תפוקה מצטברת מול אשתקד'!A20,'מיטב דש'!A:G,6,0)+VLOOKUP('תפוקה מצטברת מול אשתקד'!A20,אינפניטי!A:G,6,0) -> 0 | K20: =VLOOKUP(A20,הכשרה!A:G,7,0)+VLOOKUP('תפוקה מצטברת מול אשתקד'!A20,מגדל!A:G,7,0)+VLOOKUP('תפוקה מצטברת מול אשתקד'!A20,מנורה!A:G,7,0)+VLOOKUP('תפוקה מצטברת מול אשתקד'!A20,איילון!A:G,7,0)+VLOOKUP('תפוקה מצטברת מול אשתקד'!A20,הראל!A:G,7,0)+VLOOKUP('תפוקה מצטברת מול אשתקד'!A20,הפניקס!A:G,7,0)+VLOOKUP('תפוקה מצטברת מול אשתקד'!A20,כלל!A:G,7,0)+VLOOKUP('תפוקה מצטברת מול אשתקד'!A20,מור!A:G,7,0)+VLOOKUP('תפוקה מצטברת מול אשתקד'!A20,'אלטשולר שחם'!A:G,7,0)+VLOOKUP('תפוקה מצטברת מול אשתקד'!A20,'מדיהו '!A:K,7,0)+VLOOKUP(A20,'אנליסט '!A:G,7,0)+VLOOKUP('תפוקה מצטברת מול אשתקד'!A20,'מיטב דש'!A:G,7,0)+VLOOKUP('תפוקה מצטברת מול אשתקד'!A20,אינפניטי!A:G,7,0) -> 0 | L20: =VLOOKUP(A20,הכשרה!A:K,8,0)+VLOOKUP('תפוקה מצטברת מול אשתקד'!A20,מגדל!A:K,8,0)+VLOOKUP('תפוקה מצטברת מול אשתקד'!A20,מנורה!A:K,8,0)+VLOOKUP('תפוקה מצטברת מול אשתקד'!A20,איילון!A:K,8,0)+VLOOKUP('תפוקה מצטברת מול אשתקד'!A20,הראל!A:K,8,0)+VLOOKUP('תפוקה מצטברת מול אשתקד'!A20,הפניקס!A:K,8,0)+VLOOKUP('תפוקה מצטברת מול אשתקד'!A20,כלל!A:K,8,0)+VLOOKUP('תפוקה מצטברת מול אשתקד'!A20,מור!A:K,8,0)+VLOOKUP('תפוקה מצטברת מול אשתקד'!A20,'אלטשולר שחם'!A:K,8,0)+VLOOKUP('תפוקה מצטברת מול אשתקד'!A20,'מדיהו '!A:K,8,0)+VLOOKUP('תפוקה מצטברת מול אשתקד'!A20,'אנליסט '!A:K,8,0)+VLOOKUP('תפוקה מצטברת מול אשתקד'!A20,'מיטב דש'!A:K,8,0)+VLOOKUP('תפוקה מצטברת מול אשתקד'!A20,אינפניטי!A:K,8,0) -> 0 | M20: =VLOOKUP(A20,הכשרה!A:K,9,0)+VLOOKUP('תפוקה מצטברת מול אשתקד'!A20,מגדל!A:K,9,0)+VLOOKUP('תפוקה מצטברת מול אשתקד'!A20,מנורה!A:K,9,0)+VLOOKUP('תפוקה מצטברת מול אשתקד'!A20,איילון!A:K,9,0)+VLOOKUP('תפוקה מצטברת מול אשתקד'!A20,הראל!A:K,9,0)+VLOOKUP('תפוקה מצטברת מול אשתקד'!A20,הפניקס!A:K,9,0)+VLOOKUP('תפוקה מצטברת מול אשתקד'!A20,כלל!A:K,9,0)+VLOOKUP('תפוקה מצטברת מול אשתקד'!A20,מור!A:K,9,0)+VLOOKUP('תפוקה מצטברת מול אשתקד'!A20,'אלטשולר שחם'!A:K,9,0)+VLOOKUP('תפוקה מצטברת מול אשתקד'!A20,'מדיהו '!A:K,9,0)+VLOOKUP('תפוקה מצטברת מול אשתקד'!A20,'אנליסט '!A:K,9,0)+VLOOKUP('תפוקה מצטברת מול אשתקד'!A20,'מיטב דש'!A:K,9,0)+VLOOKUP('תפוקה מצטברת מול אשתקד'!A20,אינפניטי!A:K,9,0) -> 1081.18 | N20: =VLOOKUP(A20,הכשרה!A:K,10,0)+VLOOKUP('תפוקה מצטברת מול אשתקד'!A20,מגדל!A:K,10,0)+VLOOKUP('תפוקה מצטברת מול אשתקד'!A20,מנורה!A:K,10,0)+VLOOKUP('תפוקה מצטברת מול אשתקד'!A20,איילון!A:K,10,0)+VLOOKUP('תפוקה מצטברת מול אשתקד'!A20,הראל!A:K,10,0)+VLOOKUP('תפוקה מצטברת מול אשתקד'!A20,הפניקס!A:K,10,0)+VLOOKUP('תפוקה מצטברת מול אשתקד'!A20,כלל!A:K,10,0)+VLOOKUP('תפוקה מצטברת מול אשתקד'!A20,מור!A:K,10,0)+VLOOKUP('תפוקה מצטברת מול אשתקד'!A20,'אלטשולר שחם'!A:K,10,0)+VLOOKUP('תפוקה מצטברת מול אשתקד'!A20,'מדיהו '!A:K,10,0)+VLOOKUP('תפוקה מצטברת מול אשתקד'!A20,'אנליסט '!A:K,10,0)+VLOOKUP('תפוקה מצטברת מול אשתקד'!A20,'מיטב דש'!A:K,10,0)+VLOOKUP('תפוקה מצטברת מול אשתקד'!A20,אינפניטי!A:K,10,0) -> 0 | O20: =VLOOKUP(A20,הכשרה!A:K,11,0)+VLOOKUP('תפוקה מצטברת מול אשתקד'!A20,מגדל!A:K,11,0)+VLOOKUP('תפוקה מצטברת מול אשתקד'!A20,מנורה!A:K,11,0)+VLOOKUP('תפוקה מצטברת מול אשתקד'!A20,איילון!A:K,11,0)+VLOOKUP('תפוקה מצטברת מול אשתקד'!A20,הראל!A:K,11,0)+VLOOKUP('תפוקה מצטברת מול אשתקד'!A20,הפניקס!A:K,11,0)+VLOOKUP('תפוקה מצטברת מול אשתקד'!A20,כלל!A:K,11,0)+VLOOKUP('תפוקה מצטברת מול אשתקד'!A20,מור!A:K,11,0)+VLOOKUP('תפוקה מצטברת מול אשתקד'!A20,'אלטשולר שחם'!A:K,11,0)+VLOOKUP('תפוקה מצטברת מול אשתקד'!A20,'מדיהו '!A:K,11,0)+VLOOKUP('תפוקה מצטברת מול אשתקד'!A20,'אנליסט '!A:K,11,0)+VLOOKUP('תפוקה מצטברת מול אשתקד'!A20,'מיטב דש'!A:K,11,0)+VLOOKUP('תפוקה מצטברת מול אשתקד'!A20,אינפניטי!A:K,11,0) -> 0
A21: סה"כ חברות בנות | D21: =IF(H21=0,0%,IF(L21=0,100%,H21/L21-1)) -> 15.119026 | E21: =IF(I21=0,0%,IF(M21=0,100%,I21/M21-1)) -> 1.9064375 | F21: =IF(J21=0,0%,IF(N21=0,100%,J21/N21-1)) -> 0.56557977 | G21: =IF(K21=0,0%,IF(O21=H55,100%,K21/O21-1)) -> -4.9173303 | H21: =SUM(H9:H20) -> 604530.73 | I21: =SUM(I9:I20) -> 208214.47 | J21: =SUM(J9:J20) -> 3700558.7 | K21: =SUM(K9:K20) -> 1049038.4 | L21: =SUM(L9:L20) -> 37504.172 | M21: =SUM(M9:M20) -> 71639.066 | N21: =SUM(N9:N20) -> 2363698.6 | O21: =SUM(O9:O20) -> -267794.21
A22: מועלם אלפרד | B22: ערן גירוני | C22: סוכנים | D22: =IF(H22=0,0%,IF(L22=0,100%,H22/L22-1)) -> -0.74498323 | E22: =IF(I22=0,0%,IF(M22=0,100%,I22/M22-1)) -> -0.78383757 | F22: =IF(J22=0,0%,IF(N22=0,100%,J22/N22-1)) -> -0.24154712 | G22: =IF(K22=0,0%,IF(O22=H56,100%,K22/O22-1)) -> 0 | H22: =VLOOKUP(A22,הכשרה!A:G,4,0)+VLOOKUP('תפוקה מצטברת מול אשתקד'!A22,מגדל!A:G,4,0)+VLOOKUP('תפוקה מצטברת מול אשתקד'!A22,מנורה!A:G,4,0)+VLOOKUP('תפוקה מצטברת מול אשתקד'!A22,איילון!A:G,4,0)+VLOOKUP('תפוקה מצטברת מול אשתקד'!A22,הראל!A:G,4,0)+VLOOKUP('תפוקה מצטברת מול אשתקד'!A22,הפניקס!A:G,4,0)+VLOOKUP('תפוקה מצטברת מול אשתקד'!A22,כלל!A:G,4,0)+VLOOKUP('תפוקה מצטברת מול אשתקד'!A22,מור!A:G,4,0)+VLOOKUP('תפוקה מצטברת מול אשתקד'!A22,'אלטשולר שחם'!A:G,4,0)+VLOOKUP('תפוקה מצטברת מול אשתקד'!A22,'מדיהו '!A:G,4,0)+VLOOKUP('תפוקה מצטברת מול אשתקד'!A22,'אנליסט '!A:G,4,0)+VLOOKUP('תפוקה מצטברת מול אשתקד'!A22,'מיטב דש'!A:G,4,0)+VLOOKUP('תפוקה מצטברת מול אשתקד'!A22,אינפניטי!A:G,4,0) -> 101923.33 | I22: =VLOOKUP(A22,הכשרה!A:G,5,0)+VLOOKUP('תפוקה מצטברת מול אשתקד'!A22,מגדל!A:G,5,0)+VLOOKUP('תפוקה מצטברת מול אשתקד'!A22,מנורה!A:G,5,0)+VLOOKUP('תפוקה מצטברת מול אשתקד'!A22,איילון!A:G,5,0)+VLOOKUP('תפוקה מצטברת מול אשתקד'!A22,הראל!A:G,5,0)+VLOOKUP('תפוקה מצטברת מול אשתקד'!A22,הפניקס!A:G,5,0)+VLOOKUP('תפוקה מצטברת מול אשתקד'!A22,כלל!A:G,5,0)+VLOOKUP('תפוקה מצטברת מול אשתקד'!A22,מור!A:G,5,0)+VLOOKUP('תפוקה מצטברת מול אשתקד'!A22,'אלטשולר שחם'!A:G,5,0)+VLOOKUP('תפוקה מצטברת מול אשתקד'!A22,'מדיהו '!A:G,5,0)+VLOOKUP('תפוקה מצטברת מול אשתקד'!A22,'אנליסט '!A:G,5,0)+VLOOKUP('תפוקה מצטברת מול אשתקד'!A22,'מיטב דש'!A:G,5,0)+VLOOKUP('תפוקה מצטברת מול אשתקד'!A22,אינפניטי!A:G,5,0) -> 5179.36 | J22: =VLOOKUP(A22,הכשרה!A:G,6,0)+VLOOKUP('תפוקה מצטברת מול אשתקד'!A22,מגדל!A:G,6,0)+VLOOKUP('תפוקה מצטברת מול אשתקד'!A22,מנורה!A:G,6,0)+VLOOKUP('תפוקה מצטברת מול אשתקד'!A22,איילון!A:G,6,0)+VLOOKUP(A22,הראל!A:G,6,0)+VLOOKUP('תפוקה מצטברת מול אשתקד'!A22,הפניקס!A:G,6,0)+VLOOKUP('תפוקה מצטברת מול אשתקד'!A22,כלל!A:G,6,0)+VLOOKUP('תפוקה מצטברת מול אשתקד'!A22,מור!A:G,6,0)+VLOOKUP('תפוקה מצטברת מול אשתקד'!A22,'אלטשולר שחם'!A:G,6,0)+VLOOKUP('תפוקה מצטברת מול אשתקד'!A22,'מדיהו '!A:G,6,0)+VLOOKUP('תפוקה מצטברת מול אשתקד'!A22,'אנליסט '!A:G,6,0)+VLOOKUP('תפוקה מצטברת מול אשתקד'!A22,'מיטב דש'!A:G,6,0)+VLOOKUP('תפוקה מצטברת מול אשתקד'!A22,אינפניטי!A:G,6,0) -> 50045 | K22: =VLOOKUP(A22,הכשרה!A:G,7,0)+VLOOKUP('תפוקה מצטברת מול אשתקד'!A22,מגדל!A:G,7,0)+VLOOKUP('תפוקה מצטברת מול אשתקד'!A22,מנורה!A:G,7,0)+VLOOKUP('תפוקה מצטברת מול אשתקד'!A22,איילון!A:G,7,0)+VLOOKUP('תפוקה מצטברת מול אשתקד'!A22,הראל!A:G,7,0)+VLOOKUP('תפוקה מצטברת מול אשתקד'!A22,הפניקס!A:G,7,0)+VLOOKUP('תפוקה מצטברת מול אשתקד'!A22,כלל!A:G,7,0)+VLOOKUP('תפוקה מצטברת מול אשתקד'!A22,מור!A:G,7,0)+VLOOKUP('תפוקה מצטברת מול אשתקד'!A22,'אלטשולר שחם'!A:G,7,0)+VLOOKUP('תפוקה מצטברת מול אשתקד'!A22,'מדיהו '!A:K,7,0)+VLOOKUP(A22,'אנליסט '!A:G,7,0)+VLOOKUP('תפוקה מצטברת מול אשתקד'!A22,'מיטב דש'!A:G,7,0)+VLOOKUP('תפוקה מצטברת מול אשתקד'!A22,אינפניטי!A:G,7,0) -> 0 | L22: =VLOOKUP(A22,הכשרה!A:K,8,0)+VLOOKUP('תפוקה מצטברת מול אשתקד'!A22,מגדל!A:K,8,0)+VLOOKUP('תפוקה מצטברת מול אשתקד'!A22,מנורה!A:K,8,0)+VLOOKUP('תפוקה מצטברת מול אשתקד'!A22,איילון!A:K,8,0)+VLOOKUP('תפוקה מצטברת מול אשתקד'!A22,הראל!A:K,8,0)+VLOOKUP('תפוקה מצטברת מול אשתקד'!A22,הפניקס!A:K,8,0)+VLOOKUP('תפוקה מצטברת מול אשתקד'!A22,כלל!A:K,8,0)+VLOOKUP('תפוקה מצטברת מול אשתקד'!A22,מור!A:K,8,0)+VLOOKUP('תפוקה מצטברת מול אשתקד'!A22,'אלטשולר שחם'!A:K,8,0)+VLOOKUP('תפוקה מצטברת מול אשתקד'!A22,'מדיהו '!A:K,8,0)+VLOOKUP('תפוקה מצטברת מול אשתקד'!A22,'אנליסט '!A:K,8,0)+VLOOKUP('תפוקה מצטברת מול אשתקד'!A22,'מיטב דש'!A:K,8,0)+VLOOKUP('תפוקה מצטברת מול אשתקד'!A22,אינפניטי!A:K,8,0) -> 399673.05 | M22: =VLOOKUP(A22,הכשרה!A:K,9,0)+VLOOKUP('תפוקה מצטברת מול אשתקד'!A22,מגדל!A:K,9,0)+VLOOKUP('תפוקה מצטברת מול אשתקד'!A22,מנורה!A:K,9,0)+VLOOKUP('תפוקה מצטברת מול אשתקד'!A22,איילון!A:K,9,0)+VLOOKUP('תפוקה מצטברת מול אשתקד'!A22,הראל!A:K,9,0)+VLOOKUP('תפוקה מצטברת מול אשתקד'!A22,הפניקס!A:K,9,0)+VLOOKUP('תפוקה מצטברת מול אשתקד'!A22,כלל!A:K,9,0)+VLOOKUP('תפוקה מצטברת מול אשתקד'!A22,מור!A:K,9,0)+VLOOKUP('תפוקה מצטברת מול אשתקד'!A22,'אלטשולר שחם'!A:K,9,0)+VLOOKUP('תפוקה מצטברת מול אשתקד'!A22,'מדיהו '!A:K,9,0)+VLOOKUP('תפוקה מצטברת מול אשתקד'!A22,'אנליסט '!A:K,9,0)+VLOOKUP('תפוקה מצטברת מול אשתקד'!A22,'מיטב דש'!A:K,9,0)+VLOOKUP('תפוקה מצטברת מול אשתקד'!A22,אינפניטי!A:K,9,0) -> 23960.5 | N22: =VLOOKUP(A22,הכשרה!A:K,10,0)+VLOOKUP('תפוקה מצטברת מול אשתקד'!A22,מגדל!A:K,10,0)+VLOOKUP('תפוקה מצטברת מול אשתקד'!A22,מנורה!A:K,10,0)+VLOOKUP('תפוקה מצטברת מול אשתקד'!A22,איילון!A:K,10,0)+VLOOKUP('תפוקה מצטברת מול אשתקד'!A22,הראל!A:K,10,0)+VLOOKUP('תפוקה מצטברת מול אשתקד'!A22,הפניקס!A:K,10,0)+VLOOKUP('תפוקה מצטברת מול אשתקד'!A22,כלל!A:K,10,0)+VLOOKUP('תפוקה מצטברת מול אשתקד'!A22,מור!A:K,10,0)+VLOOKUP('תפוקה מצטברת מול אשתקד'!A22,'אלטשולר שחם'!A:K,10,0)+VLOOKUP('תפוקה מצטברת מול אשתקד'!A22,'מדיהו '!A:K,10,0)+VLOOKUP('תפוקה מצטברת מול אשתקד'!A22,'אנליסט '!A:K,10,0)+VLOOKUP('תפוקה מצטברת מול אשתקד'!A22,'מיטב דש'!A:K,10,0)+VLOOKUP('תפוקה מצטברת מול אשתקד'!A22,אינפניטי!A:K,10,0) -> 65983.005 | O22: =VLOOKUP(A22,הכשרה!A:K,11,0)+VLOOKUP('תפוקה מצטברת מול אשתקד'!A22,מגדל!A:K,11,0)+VLOOKUP('תפוקה מצטברת מול אשתקד'!A22,מנורה!A:K,11,0)+VLOOKUP('תפוקה מצטברת מול אשתקד'!A22,איילון!A:K,11,0)+VLOOKUP('תפוקה מצטברת מול אשתקד'!A22,הראל!A:K,11,0)+VLOOKUP('תפוקה מצטברת מול אשתקד'!A22,הפניקס!A:K,11,0)+VLOOKUP('תפוקה מצטברת מול אשתקד'!A22,כלל!A:K,11,0)+VLOOKUP('תפוקה מצטברת מול אשתקד'!A22,מור!A:K,11,0)+VLOOKUP('תפוקה מצטברת מול אשתקד'!A22,'אלטשולר שחם'!A:K,11,0)+VLOOKUP('תפוקה מצטברת מול אשתקד'!A22,'מדיהו '!A:K,11,0)+VLOOKUP('תפוקה מצטברת מול אשתקד'!A22,'אנליסט '!A:K,11,0)+VLOOKUP('תפוקה מצטברת מול אשתקד'!A22,'מיטב דש'!A:K,11,0)+VLOOKUP('תפוקה מצטברת מול אשתקד'!A22,אינפניטי!A:K,11,0) -> -47476.13
A23: גרניק בנימין | B23: ערן גירוני | C23: סוכנים | D23: =IF(H23=0,0%,IF(L23=0,100%,H23/L23-1)) -> 0 | E23: =IF(I23=0,0%,IF(M23=0,100%,I23/M23-1)) -> -0.39186916 | F23: =IF(J23=0,0%,IF(N23=0,100%,J23/N23-1)) -> 0 | G23: =IF(K23=0,0%,IF(O23=H40,100%,K23/O23-1)) -> 0 | H23: =VLOOKUP(A23,הכשרה!A:G,4,0)+VLOOKUP('תפוקה מצטברת מול אשתקד'!A23,מגדל!A:G,4,0)+VLOOKUP('תפוקה מצטברת מול אשתקד'!A23,מנורה!A:G,4,0)+VLOOKUP('תפוקה מצטברת מול אשתקד'!A23,איילון!A:G,4,0)+VLOOKUP('תפוקה מצטברת מול אשתקד'!A23,הראל!A:G,4,0)+VLOOKUP('תפוקה מצטברת מול אשתקד'!A23,הפניקס!A:G,4,0)+VLOOKUP('תפוקה מצטברת מול אשתקד'!A23,כלל!A:G,4,0)+VLOOKUP('תפוקה מצטברת מול אשתקד'!A23,מור!A:G,4,0)+VLOOKUP('תפוקה מצטברת מול אשתקד'!A23,'אלטשולר שחם'!A:G,4,0)+VLOOKUP('תפוקה מצטברת מול אשתקד'!A23,'מדיהו '!A:G,4,0)+VLOOKUP('תפוקה מצטברת מול אשתקד'!A23,'אנליסט '!A:G,4,0)+VLOOKUP('תפוקה מצטברת מול אשתקד'!A23,'מיטב דש'!A:G,4,0)+VLOOKUP('תפוקה מצטברת מול אשתקד'!A23,אינפניטי!A:G,4,0) -> 0 | I23: =VLOOKUP(A23,הכשרה!A:G,5,0)+VLOOKUP('תפוקה מצטברת מול אשתקד'!A23,מגדל!A:G,5,0)+VLOOKUP('תפוקה מצטברת מול אשתקד'!A23,מנורה!A:G,5,0)+VLOOKUP('תפוקה מצטברת מול אשתקד'!A23,איילון!A:G,5,0)+VLOOKUP('תפוקה מצטברת מול אשתקד'!A23,הראל!A:G,5,0)+VLOOKUP('תפוקה מצטברת מול אשתקד'!A23,הפניקס!A:G,5,0)+VLOOKUP('תפוקה מצטברת מול אשתקד'!A23,כלל!A:G,5,0)+VLOOKUP('תפוקה מצטברת מול אשתקד'!A23,מור!A:G,5,0)+VLOOKUP('תפוקה מצטברת מול אשתקד'!A23,'אלטשולר שחם'!A:G,5,0)+VLOOKUP('תפוקה מצטברת מול אשתקד'!A23,'מדיהו '!A:G,5,0)+VLOOKUP('תפוקה מצטברת מול אשתקד'!A23,'אנליסט '!A:G,5,0)+VLOOKUP('תפוקה מצטברת מול אשתקד'!A23,'מיטב דש'!A:G,5,0)+VLOOKUP('תפוקה מצטברת מול אשתקד'!A23,אינפניטי!A:G,5,0) -> 3024.2762 | J23: =VLOOKUP(A23,הכשרה!A:G,6,0)+VLOOKUP('תפוקה מצטברת מול אשתקד'!A23,מגדל!A:G,6,0)+VLOOKUP('תפוקה מצטברת מול אשתקד'!A23,מנורה!A:G,6,0)+VLOOKUP('תפוקה מצטברת מול אשתקד'!A23,איילון!A:G,6,0)+VLOOKUP(A23,הראל!A:G,6,0)+VLOOKUP('תפוקה מצטברת מול אשתקד'!A23,הפניקס!A:G,6,0)+VLOOKUP('תפוקה מצטברת מול אשתקד'!A23,כלל!A:G,6,0)+VLOOKUP('תפוקה מצטברת מול אשתקד'!A23,מור!A:G,6,0)+VLOOKUP('תפוקה מצטברת מול אשתקד'!A23,'אלטשולר שחם'!A:G,6,0)+VLOOKUP('תפוקה מצטברת מול אשתקד'!A23,'מדיהו '!A:G,6,0)+VLOOKUP('תפוקה מצטברת מול אשתקד'!A23,'אנליסט '!A:G,6,0)+VLOOKUP('תפוקה מצטברת מול אשתקד'!A23,'מיטב דש'!A:G,6,0)+VLOOKUP('תפוקה מצטברת מול אשתקד'!A23,אינפניטי!A:G,6,0) -> 0 | K23: =VLOOKUP(A23,הכשרה!A:G,7,0)+VLOOKUP('תפוקה מצטברת מול אשתקד'!A23,מגדל!A:G,7,0)+VLOOKUP('תפוקה מצטברת מול אשתקד'!A23,מנורה!A:G,7,0)+VLOOKUP('תפוקה מצטברת מול אשתקד'!A23,איילון!A:G,7,0)+VLOOKUP('תפוקה מצטברת מול אשתקד'!A23,הראל!A:G,7,0)+VLOOKUP('תפוקה מצטברת מול אשתקד'!A23,הפניקס!A:G,7,0)+VLOOKUP('תפוקה מצטברת מול אשתקד'!A23,כלל!A:G,7,0)+VLOOKUP('תפוקה מצטברת מול אשתקד'!A23,מור!A:G,7,0)+VLOOKUP('תפוקה מצטברת מול אשתקד'!A23,'אלטשולר שחם'!A:G,7,0)+VLOOKUP('תפוקה מצטברת מול אשתקד'!A23,'מדיהו '!A:K,7,0)+VLOOKUP(A23,'אנליסט '!A:G,7,0)+VLOOKUP('תפוקה מצטברת מול אשתקד'!A23,'מיטב דש'!A:G,7,0)+VLOOKUP('תפוקה מצטברת מול אשתקד'!A23,אינפניטי!A:G,7,0) -> 0 | L23: =VLOOKUP(A23,הכשרה!A:K,8,0)+VLOOKUP('תפוקה מצטברת מול אשתקד'!A23,מגדל!A:K,8,0)+VLOOKUP('תפוקה מצטברת מול אשתקד'!A23,מנורה!A:K,8,0)+VLOOKUP('תפוקה מצטברת מול אשתקד'!A23,איילון!A:K,8,0)+VLOOKUP('תפוקה מצטברת מול אשתקד'!A23,הראל!A:K,8,0)+VLOOKUP('תפוקה מצטברת מול אשתקד'!A23,הפניקס!A:K,8,0)+VLOOKUP('תפוקה מצטברת מול אשתקד'!A23,כלל!A:K,8,0)+VLOOKUP('תפוקה מצטברת מול אשתקד'!A23,מור!A:K,8,0)+VLOOKUP('תפוקה מצטברת מול אשתקד'!A23,'אלטשולר שחם'!A:K,8,0)+VLOOKUP('תפוקה מצטברת מול אשתקד'!A23,'מדיהו '!A:K,8,0)+VLOOKUP('תפוקה מצטברת מול אשתקד'!A23,'אנליסט '!A:K,8,0)+VLOOKUP('תפוקה מצטברת מול אשתקד'!A23,'מיטב דש'!A:K,8,0)+VLOOKUP('תפוקה מצטברת מול אשתקד'!A23,אינפניטי!A:K,8,0) -> 40093.542 | M23: =VLOOKUP(A23,הכשרה!A:K,9,0)+VLOOKUP('תפוקה מצטברת מול אשתקד'!A23,מגדל!A:K,9,0)+VLOOKUP('תפוקה מצטברת מול אשתקד'!A23,מנורה!A:K,9,0)+VLOOKUP('תפוקה מצטברת מול אשתקד'!A23,איילון!A:K,9,0)+VLOOKUP('תפוקה מצטברת מול אשתקד'!A23,הראל!A:K,9,0)+VLOOKUP('תפוקה מצטברת מול אשתקד'!A23,הפניקס!A:K,9,0)+VLOOKUP('תפוקה מצטברת מול אשתקד'!A23,כלל!A:K,9,0)+VLOOKUP('תפוקה מצטברת מול אשתקד'!A23,מור!A:K,9,0)+VLOOKUP('תפוקה מצטברת מול אשתקד'!A23,'אלטשולר שחם'!A:K,9,0)+VLOOKUP('תפוקה מצטברת מול אשתקד'!A23,'מדיהו '!A:K,9,0)+VLOOKUP('תפוקה מצטברת מול אשתקד'!A23,'אנליסט '!A:K,9,0)+VLOOKUP('תפוקה מצטברת מול אשתקד'!A23,'מיטב דש'!A:K,9,0)+VLOOKUP('תפוקה מצטברת מול אשתקד'!A23,אינפניטי!A:K,9,0) -> 4973.0683 | N23: =VLOOKUP(A23,הכשרה!A:K,10,0)+VLOOKUP('תפוקה מצטברת מול אשתקד'!A23,מגדל!A:K,10,0)+VLOOKUP('תפוקה מצטברת מול אשתקד'!A23,מנורה!A:K,10,0)+VLOOKUP('תפוקה מצטברת מול אשתקד'!A23,איילון!A:K,10,0)+VLOOKUP('תפוקה מצטברת מול אשתקד'!A23,הראל!A:K,10,0)+VLOOKUP('תפוקה מצטברת מול אשתקד'!A23,הפניקס!A:K,10,0)+VLOOKUP('תפוקה מצטברת מול אשתקד'!A23,כלל!A:K,10,0)+VLOOKUP('תפוקה מצטברת מול אשתקד'!A23,מור!A:K,10,0)+VLOOKUP('תפוקה מצטברת מול אשתקד'!A23,'אלטשולר שחם'!A:K,10,0)+VLOOKUP('תפוקה מצטברת מול אשתקד'!A23,'מדיהו '!A:K,10,0)+VLOOKUP('תפוקה מצטברת מול אשתקד'!A23,'אנליסט '!A:K,10,0)+VLOOKUP('תפוקה מצטברת מול אשתקד'!A23,'מיטב דש'!A:K,10,0)+VLOOKUP('תפוקה מצטברת מול אשתקד'!A23,אינפניטי!A:K,10,0) -> 80596.954 | O23: =VLOOKUP(A23,הכשרה!A:K,11,0)+VLOOKUP('תפוקה מצטברת מול אשתקד'!A23,מגדל!A:K,11,0)+VLOOKUP('תפוקה מצטברת מול אשתקד'!A23,מנורה!A:K,11,0)+VLOOKUP('תפוקה מצטברת מול אשתקד'!A23,איילון!A:K,11,0)+VLOOKUP('תפוקה מצטברת מול אשתקד'!A23,הראל!A:K,11,0)+VLOOKUP('תפוקה מצטברת מול אשתקד'!A23,הפניקס!A:K,11,0)+VLOOKUP('תפוקה מצטברת מול אשתקד'!A23,כלל!A:K,11,0)+VLOOKUP('תפוקה מצטברת מול אשתקד'!A23,מור!A:K,11,0)+VLOOKUP('תפוקה מצטברת מול אשתקד'!A23,'אלטשולר שחם'!A:K,11,0)+VLOOKUP('תפוקה מצטברת מול אשתקד'!A23,'מדיהו '!A:K,11,0)+VLOOKUP('תפוקה מצטברת מול אשתקד'!A23,'אנליסט '!A:K,11,0)+VLOOKUP('תפוקה מצטברת מול אשתקד'!A23,'מיטב דש'!A:K,11,0)+VLOOKUP('תפוקה מצטברת מול אשתקד'!A23,אינפניטי!A:K,11,0) -> -118916.78
A24: סאוסן שלבי | B24: ערן גירוני | C24: סוכנים | D24: =IF(H24=0,0%,IF(L24=0,100%,H24/L24-1)) -> 1 | E24: =IF(I24=0,0%,IF(M24=0,100%,I24/M24-1)) -> -0.27367864 | F24: =IF(J24=0,0%,IF(N24=0,100%,J24/N24-1)) -> 0 | G24: =IF(K24=0,0%,IF(O24=H41,100%,K24/O24-1)) -> 0 | H24: =VLOOKUP(A24,הכשרה!A:G,4,0)+VLOOKUP('תפוקה מצטברת מול אשתקד'!A24,מגדל!A:G,4,0)+VLOOKUP('תפוקה מצטברת מול אשתקד'!A24,מנורה!A:G,4,0)+VLOOKUP('תפוקה מצטברת מול אשתקד'!A24,איילון!A:G,4,0)+VLOOKUP('תפוקה מצטברת מול אשתקד'!A24,הראל!A:G,4,0)+VLOOKUP('תפוקה מצטברת מול אשתקד'!A24,הפניקס!A:G,4,0)+VLOOKUP('תפוקה מצטברת מול אשתקד'!A24,כלל!A:G,4,0)+VLOOKUP('תפוקה מצטברת מול אשתקד'!A24,מור!A:G,4,0)+VLOOKUP('תפוקה מצטברת מול אשתקד'!A24,'אלטשולר שחם'!A:G,4,0)+VLOOKUP('תפוקה מצטברת מול אשתקד'!A24,'מדיהו '!A:G,4,0)+VLOOKUP('תפוקה מצטברת מול אשתקד'!A24,'אנליסט '!A:G,4,0)+VLOOKUP('תפוקה מצטברת מול אשתקד'!A24,'מיטב דש'!A:G,4,0)+VLOOKUP('תפוקה מצטברת מול אשתקד'!A24,אינפניטי!A:G,4,0) -> -5815.0659 | I24: =VLOOKUP(A24,הכשרה!A:G,5,0)+VLOOKUP('תפוקה מצטברת מול אשתקד'!A24,מגדל!A:G,5,0)+VLOOKUP('תפוקה מצטברת מול אשתקד'!A24,מנורה!A:G,5,0)+VLOOKUP('תפוקה מצטברת מול אשתקד'!A24,איילון!A:G,5,0)+VLOOKUP('תפוקה מצטברת מול אשתקד'!A24,הראל!A:G,5,0)+VLOOKUP('תפוקה מצטברת מול אשתקד'!A24,הפניקס!A:G,5,0)+VLOOKUP('תפוקה מצטברת מול אשתקד'!A24,כלל!A:G,5,0)+VLOOKUP('תפוקה מצטברת מול אשתקד'!A24,מור!A:G,5,0)+VLOOKUP('תפוקה מצטברת מול אשתקד'!A24,'אלטשולר שחם'!A:G,5,0)+VLOOKUP('תפוקה מצטברת מול אשתקד'!A24,'מדיהו '!A:G,5,0)+VLOOKUP('תפוקה מצטברת מול אשתקד'!A24,'אנליסט '!A:G,5,0)+VLOOKUP('תפוקה מצטברת מול אשתקד'!A24,'מיטב דש'!A:G,5,0)+VLOOKUP('תפוקה מצטברת מול אשתקד'!A24,אינפניטי!A:G,5,0) -> 3005 | J24: =VLOOKUP(A24,הכשרה!A:G,6,0)+VLOOKUP('תפוקה מצטברת מול אשתקד'!A24,מגדל!A:G,6,0)+VLOOKUP('תפוקה מצטברת מול אשתקד'!A24,מנורה!A:G,6,0)+VLOOKUP('תפוקה מצטברת מול אשתקד'!A24,איילון!A:G,6,0)+VLOOKUP(A24,הראל!A:G,6,0)+VLOOKUP('תפוקה מצטברת מול אשתקד'!A24,הפניקס!A:G,6,0)+VLOOKUP('תפוקה מצטברת מול אשתקד'!A24,כלל!A:G,6,0)+VLOOKUP('תפוקה מצטברת מול אשתקד'!A24,מור!A:G,6,0)+VLOOKUP('תפוקה מצטברת מול אשתקד'!A24,'אלטשולר שחם'!A:G,6,0)+VLOOKUP('תפוקה מצטברת מול אשתקד'!A24,'מדיהו '!A:G,6,0)+VLOOKUP('תפוקה מצטברת מול אשתקד'!A24,'אנליסט '!A:G,6,0)+VLOOKUP('תפוקה מצטברת מול אשתקד'!A24,'מיטב דש'!A:G,6,0)+VLOOKUP('תפוקה מצטברת מול אשתקד'!A24,אינפניטי!A:G,6,0) -> 0 | K24: =VLOOKUP(A24,הכשרה!A:G,7,0)+VLOOKUP('תפוקה מצטברת מול אשתקד'!A24,מגדל!A:G,7,0)+VLOOKUP('תפוקה מצטברת מול אשתקד'!A24,מנורה!A:G,7,0)+VLOOKUP('תפוקה מצטברת מול אשתקד'!A24,איילון!A:G,7,0)+VLOOKUP('תפוקה מצטברת מול אשתקד'!A24,הראל!A:G,7,0)+VLOOKUP('תפוקה מצטברת מול אשתקד'!A24,הפניקס!A:G,7,0)+VLOOKUP('תפוקה מצטברת מול אשתקד'!A24,כלל!A:G,7,0)+VLOOKUP('תפוקה מצטברת מול אשתקד'!A24,מור!A:G,7,0)+VLOOKUP('תפוקה מצטברת מול אשתקד'!A24,'אלטשולר שחם'!A:G,7,0)+VLOOKUP('תפוקה מצטברת מול אשתקד'!A24,'מדיהו '!A:K,7,0)+VLOOKUP(A24,'אנליסט '!A:G,7,0)+VLOOKUP('תפוקה מצטברת מול אשתקד'!A24,'מיטב דש'!A:G,7,0)+VLOOKUP('תפוקה מצטברת מול אשתקד'!A24,אינפניטי!A:G,7,0) -> 0 | L24: =VLOOKUP(A24,הכשרה!A:K,8,0)+VLOOKUP('תפוקה מצטברת מול אשתקד'!A24,מגדל!A:K,8,0)+VLOOKUP('תפוקה מצטברת מול אשתקד'!A24,מנורה!A:K,8,0)+VLOOKUP('תפוקה מצטברת מול אשתקד'!A24,איילון!A:K,8,0)+VLOOKUP('תפוקה מצטברת מול אשתקד'!A24,הראל!A:K,8,0)+VLOOKUP('תפוקה מצטברת מול אשתקד'!A24,הפניקס!A:K,8,0)+VLOOKUP('תפוקה מצטברת מול אשתקד'!A24,כלל!A:K,8,0)+VLOOKUP('תפוקה מצטברת מול אשתקד'!A24,מור!A:K,8,0)+VLOOKUP('תפוקה מצטברת מול אשתקד'!A24,'אלטשולר שחם'!A:K,8,0)+VLOOKUP('תפוקה מצטברת מול אשתקד'!A24,'מדיהו '!A:K,8,0)+VLOOKUP('תפוקה מצטברת מול אשתקד'!A24,'אנליסט '!A:K,8,0)+VLOOKUP('תפוקה מצטברת מול אשתקד'!A24,'מיטב דש'!A:K,8,0)+VLOOKUP('תפוקה מצטברת מול אשתקד'!A24,אינפניטי!A:K,8,0) -> 0 | M24: =VLOOKUP(A24,הכשרה!A:K,9,0)+VLOOKUP('תפוקה מצטברת מול אשתקד'!A24,מגדל!A:K,9,0)+VLOOKUP('תפוקה מצטברת מול אשתקד'!A24,מנורה!A:K,9,0)+VLOOKUP('תפוקה מצטברת מול אשתקד'!A24,איילון!A:K,9,0)+VLOOKUP('תפוקה מצטברת מול אשתקד'!A24,הראל!A:K,9,0)+VLOOKUP('תפוקה מצטברת מול אשתקד'!A24,הפניקס!A:K,9,0)+VLOOKUP('תפוקה מצטברת מול אשתקד'!A24,כלל!A:K,9,0)+VLOOKUP('תפוקה מצטברת מול אשתקד'!A24,מור!A:K,9,0)+VLOOKUP('תפוקה מצטברת מול אשתקד'!A24,'אלטשולר שחם'!A:K,9,0)+VLOOKUP('תפוקה מצטברת מול אשתקד'!A24,'מדיהו '!A:K,9,0)+VLOOKUP('תפוקה מצטברת מול אשתקד'!A24,'אנליסט '!A:K,9,0)+VLOOKUP('תפוקה מצטברת מול אשתקד'!A24,'מיטב דש'!A:K,9,0)+VLOOKUP('תפוקה מצטברת מול אשתקד'!A24,אינפניטי!A:K,9,0) -> 4137.2871 | N24: =VLOOKUP(A24,הכשרה!A:K,10,0)+VLOOKUP('תפוקה מצטברת מול אשתקד'!A24,מגדל!A:K,10,0)+VLOOKUP('תפוקה מצטברת מול אשתקד'!A24,מנורה!A:K,10,0)+VLOOKUP('תפוקה מצטברת מול אשתקד'!A24,איילון!A:K,10,0)+VLOOKUP('תפוקה מצטברת מול אשתקד'!A24,הראל!A:K,10,0)+VLOOKUP('תפוקה מצטברת מול אשתקד'!A24,הפניקס!A:K,10,0)+VLOOKUP('תפוקה מצטברת מול אשתקד'!A24,כלל!A:K,10,0)+VLOOKUP('תפוקה מצטברת מול אשתקד'!A24,מור!A:K,10,0)+VLOOKUP('תפוקה מצטברת מול אשתקד'!A24,'אלטשולר שחם'!A:K,10,0)+VLOOKUP('תפוקה מצטברת מול אשתקד'!A24,'מדיהו '!A:K,10,0)+VLOOKUP('תפוקה מצטברת מול אשתקד'!A24,'אנליסט '!A:K,10,0)+VLOOKUP('תפוקה מצטברת מול אשתקד'!A24,'מיטב דש'!A:K,10,0)+VLOOKUP('תפוקה מצטברת מול אשתקד'!A24,אינפניטי!A:K,10,0) -> 11877.249 | O24: =VLOOKUP(A24,הכשרה!A:K,11,0)+VLOOKUP('תפוקה מצטברת מול אשתקד'!A24,מגדל!A:K,11,0)+VLOOKUP('תפוקה מצטברת מול אשתקד'!A24,מנורה!A:K,11,0)+VLOOKUP('תפוקה מצטברת מול אשתקד'!A24,איילון!A:K,11,0)+VLOOKUP('תפוקה מצטברת מול אשתקד'!A24,הראל!A:K,11,0)+VLOOKUP('תפוקה מצטברת מול אשתקד'!A24,הפניקס!A:K,11,0)+VLOOKUP('תפוקה מצטברת מול אשתקד'!A24,כלל!A:K,11,0)+VLOOKUP('תפוקה מצטברת מול אשתקד'!A24,מור!A:K,11,0)+VLOOKUP('תפוקה מצטברת מול אשתקד'!A24,'אלטשולר שחם'!A:K,11,0)+VLOOKUP('תפוקה מצטברת מול אשתקד'!A24,'מדיהו '!A:K,11,0)+VLOOKUP('תפוקה מצטברת מול אשתקד'!A24,'אנליסט '!A:K,11,0)+VLOOKUP('תפוקה מצטברת מול אשתקד'!A24,'מיטב דש'!A:K,11,0)+VLOOKUP('תפוקה מצטברת מול אשתקד'!A24,אינפניטי!A:K,11,0) -> -2249.41
A25: סברא סמיר | B25: ערן גירוני | C25: סוכנים | D25: =IF(H25=0,0%,IF(L25=0,100%,H25/L25-1)) -> -0.87678306 | E25: =IF(I25=0,0%,IF(M25=0,100%,I25/M25-1)) -> -0.33883221 | F25: =IF(J25=0,0%,IF(N25=0,100%,J25/N25-1)) -> 1 | G25: =IF(K25=0,0%,IF(O25=H51,100%,K25/O25-1)) -> 0 | H25: =VLOOKUP(A25,הכשרה!A:G,4,0)+VLOOKUP('תפוקה מצטברת מול אשתקד'!A25,מגדל!A:G,4,0)+VLOOKUP('תפוקה מצטברת מול אשתקד'!A25,מנורה!A:G,4,0)+VLOOKUP('תפוקה מצטברת מול אשתקד'!A25,איילון!A:G,4,0)+VLOOKUP('תפוקה מצטברת מול אשתקד'!A25,הראל!A:G,4,0)+VLOOKUP('תפוקה מצטברת מול אשתקד'!A25,הפניקס!A:G,4,0)+VLOOKUP('תפוקה מצטברת מול אשתקד'!A25,כלל!A:G,4,0)+VLOOKUP('תפוקה מצטברת מול אשתקד'!A25,מור!A:G,4,0)+VLOOKUP('תפוקה מצטברת מול אשתקד'!A25,'אלטשולר שחם'!A:G,4,0)+VLOOKUP('תפוקה מצטברת מול אשתקד'!A25,'מדיהו '!A:G,4,0)+VLOOKUP('תפוקה מצטברת מול אשתקד'!A25,'אנליסט '!A:G,4,0)+VLOOKUP('תפוקה מצטברת מול אשתקד'!A25,'מיטב דש'!A:G,4,0)+VLOOKUP('תפוקה מצטברת מול אשתקד'!A25,אינפניטי!A:G,4,0) -> 5468.12 | I25: =VLOOKUP(A25,הכשרה!A:G,5,0)+VLOOKUP('תפוקה מצטברת מול אשתקד'!A25,מגדל!A:G,5,0)+VLOOKUP('תפוקה מצטברת מול אשתקד'!A25,מנורה!A:G,5,0)+VLOOKUP('תפוקה מצטברת מול אשתקד'!A25,איילון!A:G,5,0)+VLOOKUP('תפוקה מצטברת מול אשתקד'!A25,הראל!A:G,5,0)+VLOOKUP('תפוקה מצטברת מול אשתקד'!A25,הפניקס!A:G,5,0)+VLOOKUP('תפוקה מצטברת מול אשתקד'!A25,כלל!A:G,5,0)+VLOOKUP('תפוקה מצטברת מול אשתקד'!A25,מור!A:G,5,0)+VLOOKUP('תפוקה מצטברת מול אשתקד'!A25,'אלטשולר שחם'!A:G,5,0)+VLOOKUP('תפוקה מצטברת מול אשתקד'!A25,'מדיהו '!A:G,5,0)+VLOOKUP('תפוקה מצטברת מול אשתקד'!A25,'אנליסט '!A:G,5,0)+VLOOKUP('תפוקה מצטברת מול אשתקד'!A25,'מיטב דש'!A:G,5,0)+VLOOKUP('תפוקה מצטברת מול אשתקד'!A25,אינפניטי!A:G,5,0) -> 10283.29 | J25: =VLOOKUP(A25,הכשרה!A:G,6,0)+VLOOKUP('תפוקה מצטברת מול אשתקד'!A25,מגדל!A:G,6,0)+VLOOKUP('תפוקה מצטברת מול אשתקד'!A25,מנורה!A:G,6,0)+VLOOKUP('תפוקה מצטברת מול אשתקד'!A25,איילון!A:G,6,0)+VLOOKUP(A25,הראל!A:G,6,0)+VLOOKUP('תפוקה מצטברת מול אשתקד'!A25,הפניקס!A:G,6,0)+VLOOKUP('תפוקה מצטברת מול אשתקד'!A25,כלל!A:G,6,0)+VLOOKUP('תפוקה מצטברת מול אשתקד'!A25,מור!A:G,6,0)+VLOOKUP('תפוקה מצטברת מול אשתקד'!A25,'אלטשולר שחם'!A:G,6,0)+VLOOKUP('תפוקה מצטברת מול אשתקד'!A25,'מדיהו '!A:G,6,0)+VLOOKUP('תפוקה מצטברת מול אשתקד'!A25,'אנליסט '!A:G,6,0)+VLOOKUP('תפוקה מצטברת מול אשתקד'!A25,'מיטב דש'!A:G,6,0)+VLOOKUP('תפוקה מצטברת מול אשתקד'!A25,אינפניטי!A:G,6,0) -> 61343.93 | K25: =VLOOKUP(A25,הכשרה!A:G,7,0)+VLOOKUP('תפוקה מצטברת מול אשתקד'!A25,מגדל!A:G,7,0)+VLOOKUP('תפוקה מצטברת מול אשתקד'!A25,מנורה!A:G,7,0)+VLOOKUP('תפוקה מצטברת מול אשתקד'!A25,איילון!A:G,7,0)+VLOOKUP('תפוקה מצטברת מול אשתקד'!A25,הראל!A:G,7,0)+VLOOKUP('תפוקה מצטברת מול אשתקד'!A25,הפניקס!A:G,7,0)+VLOOKUP('תפוקה מצטברת מול אשתקד'!A25,כלל!A:G,7,0)+VLOOKUP('תפוקה מצטברת מול אשתקד'!A25,מור!A:G,7,0)+VLOOKUP('תפוקה מצטברת מול אשתקד'!A25,'אלטשולר שחם'!A:G,7,0)+VLOOKUP('תפוקה מצטברת מול אשתקד'!A25,'מדיהו '!A:K,7,0)+VLOOKUP(A25,'אנליסט '!A:G,7,0)+VLOOKUP('תפוקה מצטברת מול אשתקד'!A25,'מיטב דש'!A:G,7,0)+VLOOKUP('תפוקה מצטברת מול אשתקד'!A25,אינפניטי!A:G,7,0) -> 0 | L25: =VLOOKUP(A25,הכשרה!A:K,8,0)+VLOOKUP('תפוקה מצטברת מול אשתקד'!A25,מגדל!A:K,8,0)+VLOOKUP('תפוקה מצטברת מול אשתקד'!A25,מנורה!A:K,8,0)+VLOOKUP('תפוקה מצטברת מול אשתקד'!A25,איילון!A:K,8,0)+VLOOKUP('תפוקה מצטברת מול אשתקד'!A25,הראל!A:K,8,0)+VLOOKUP('תפוקה מצטברת מול אשתקד'!A25,הפניקס!A:K,8,0)+VLOOKUP('תפוקה מצטברת מול אשתקד'!A25,כלל!A:K,8,0)+VLOOKUP('תפוקה מצטברת מול אשתקד'!A25,מור!A:K,8,0)+VLOOKUP('תפוקה מצטברת מול אשתקד'!A25,'אלטשולר שחם'!A:K,8,0)+VLOOKUP('תפוקה מצטברת מול אשתקד'!A25,'מדיהו '!A:K,8,0)+VLOOKUP('תפוקה מצטברת מול אשתקד'!A25,'אנליסט '!A:K,8,0)+VLOOKUP('תפוקה מצטברת מול אשתקד'!A25,'מיטב דש'!A:K,8,0)+VLOOKUP('תפוקה מצטברת מול אשתקד'!A25,אינפניטי!A:K,8,0) -> 44377.99 | M25: =VLOOKUP(A25,הכשרה!A:K,9,0)+VLOOKUP('תפוקה מצטברת מול אשתקד'!A25,מגדל!A:K,9,0)+VLOOKUP('תפוקה מצטברת מול אשתקד'!A25,מנורה!A:K,9,0)+VLOOKUP('תפוקה מצטברת מול אשתקד'!A25,איילון!A:K,9,0)+VLOOKUP('תפוקה מצטברת מול אשתקד'!A25,הראל!A:K,9,0)+VLOOKUP('תפוקה מצטברת מול אשתקד'!A25,הפניקס!A:K,9,0)+VLOOKUP('תפוקה מצטברת מול אשתקד'!A25,כלל!A:K,9,0)+VLOOKUP('תפוקה מצטברת מול אשתקד'!A25,מור!A:K,9,0)+VLOOKUP('תפוקה מצטברת מול אשתקד'!A25,'אלטשולר שחם'!A:K,9,0)+VLOOKUP('תפוקה מצטברת מול אשתקד'!A25,'מדיהו '!A:K,9,0)+VLOOKUP('תפוקה מצטברת מול אשתקד'!A25,'אנליסט '!A:K,9,0)+VLOOKUP('תפוקה מצטברת מול אשתקד'!A25,'מיטב דש'!A:K,9,0)+VLOOKUP('תפוקה מצטברת מול אשתקד'!A25,אינפניטי!A:K,9,0) -> 15553.223 | N25: =VLOOKUP(A25,הכשרה!A:K,10,0)+VLOOKUP('תפוקה מצטברת מול אשתקד'!A25,מגדל!A:K,10,0)+VLOOKUP('תפוקה מצטברת מול אשתקד'!A25,מנורה!A:K,10,0)+VLOOKUP('תפוקה מצטברת מול אשתקד'!A25,איילון!A:K,10,0)+VLOOKUP('תפוקה מצטברת מול אשתקד'!A25,הראל!A:K,10,0)+VLOOKUP('תפוקה מצטברת מול אשתקד'!A25,הפניקס!A:K,10,0)+VLOOKUP('תפוקה מצטברת מול אשתקד'!A25,כלל!A:K,10,0)+VLOOKUP('תפוקה מצטברת מול אשתקד'!A25,מור!A:K,10,0)+VLOOKUP('תפוקה מצטברת מול אשתקד'!A25,'אלטשולר שחם'!A:K,10,0)+VLOOKUP('תפוקה מצטברת מול אשתקד'!A25,'מדיהו '!A:K,10,0)+VLOOKUP('תפוקה מצטברת מול אשתקד'!A25,'אנליסט '!A:K,10,0)+VLOOKUP('תפוקה מצטברת מול אשתקד'!A25,'מיטב דש'!A:K,10,0)+VLOOKUP('תפוקה מצטברת מול אשתקד'!A25,אינפניטי!A:K,10,0) -> 0 | O25: =VLOOKUP(A25,הכשרה!A:K,11,0)+VLOOKUP('תפוקה מצטברת מול אשתקד'!A25,מגדל!A:K,11,0)+VLOOKUP('תפוקה מצטברת מול אשתקד'!A25,מנורה!A:K,11,0)+VLOOKUP('תפוקה מצטברת מול אשתקד'!A25,איילון!A:K,11,0)+VLOOKUP('תפוקה מצטברת מול אשתקד'!A25,הראל!A:K,11,0)+VLOOKUP('תפוקה מצטברת מול אשתקד'!A25,הפניקס!A:K,11,0)+VLOOKUP('תפוקה מצטברת מול אשתקד'!A25,כלל!A:K,11,0)+VLOOKUP('תפוקה מצטברת מול אשתקד'!A25,מור!A:K,11,0)+VLOOKUP('תפוקה מצטברת מול אשתקד'!A25,'אלטשולר שחם'!A:K,11,0)+VLOOKUP('תפוקה מצטברת מול אשתקד'!A25,'מדיהו '!A:K,11,0)+VLOOKUP('תפוקה מצטברת מול אשתקד'!A25,'אנליסט '!A:K,11,0)+VLOOKUP('תפוקה מצטברת מול אשתקד'!A25,'מיטב דש'!A:K,11,0)+VLOOKUP('תפוקה מצטברת מול אשתקד'!A25,אינפניטי!A:K,11,0) -> 194184.29
A26: ריזק חלבי | B26: ערן גירוני | C26: סוכנים | D26: =IF(H26=0,0%,IF(L26=0,100%,H26/L26-1)) -> -0.50059901 | E26: =IF(I26=0,0%,IF(M26=0,100%,I26/M26-1)) -> -0.19168022 | F26: =IF(J26=0,0%,IF(N26=0,100%,J26/N26-1)) -> 1 | G26: =IF(K26=0,0%,IF(O26=H42,100%,K26/O26-1)) -> 0 | H26: =VLOOKUP(A26,הכשרה!A:G,4,0)+VLOOKUP('תפוקה מצטברת מול אשתקד'!A26,מגדל!A:G,4,0)+VLOOKUP('תפוקה מצטברת מול אשתקד'!A26,מנורה!A:G,4,0)+VLOOKUP('תפוקה מצטברת מול אשתקד'!A26,איילון!A:G,4,0)+VLOOKUP('תפוקה מצטברת מול אשתקד'!A26,הראל!A:G,4,0)+VLOOKUP('תפוקה מצטברת מול אשתקד'!A26,הפניקס!A:G,4,0)+VLOOKUP('תפוקה מצטברת מול אשתקד'!A26,כלל!A:G,4,0)+VLOOKUP('תפוקה מצטברת מול אשתקד'!A26,מור!A:G,4,0)+VLOOKUP('תפוקה מצטברת מול אשתקד'!A26,'אלטשולר שחם'!A:G,4,0)+VLOOKUP('תפוקה מצטברת מול אשתקד'!A26,'מדיהו '!A:G,4,0)+VLOOKUP('תפוקה מצטברת מול אשתקד'!A26,'אנליסט '!A:G,4,0)+VLOOKUP('תפוקה מצטברת מול אשתקד'!A26,'מיטב דש'!A:G,4,0)+VLOOKUP('תפוקה מצטברת מול אשתקד'!A26,אינפניטי!A:G,4,0) -> 28883.799 | I26: =VLOOKUP(A26,הכשרה!A:G,5,0)+VLOOKUP('תפוקה מצטברת מול אשתקד'!A26,מגדל!A:G,5,0)+VLOOKUP('תפוקה מצטברת מול אשתקד'!A26,מנורה!A:G,5,0)+VLOOKUP('תפוקה מצטברת מול אשתקד'!A26,איילון!A:G,5,0)+VLOOKUP('תפוקה מצטברת מול אשתקד'!A26,הראל!A:G,5,0)+VLOOKUP('תפוקה מצטברת מול אשתקד'!A26,הפניקס!A:G,5,0)+VLOOKUP('תפוקה מצטברת מול אשתקד'!A26,כלל!A:G,5,0)+VLOOKUP('תפוקה מצטברת מול אשתקד'!A26,מור!A:G,5,0)+VLOOKUP('תפוקה מצטברת מול אשתקד'!A26,'אלטשולר שחם'!A:G,5,0)+VLOOKUP('תפוקה מצטברת מול אשתקד'!A26,'מדיהו '!A:G,5,0)+VLOOKUP('תפוקה מצטברת מול אשתקד'!A26,'אנליסט '!A:G,5,0)+VLOOKUP('תפוקה מצטברת מול אשתקד'!A26,'מיטב דש'!A:G,5,0)+VLOOKUP('תפוקה מצטברת מול אשתקד'!A26,אינפניטי!A:G,5,0) -> 23230.573 | J26: =VLOOKUP(A26,הכשרה!A:G,6,0)+VLOOKUP('תפוקה מצטברת מול אשתקד'!A26,מגדל!A:G,6,0)+VLOOKUP('תפוקה מצטברת מול אשתקד'!A26,מנורה!A:G,6,0)+VLOOKUP('תפוקה מצטברת מול אשתקד'!A26,איילון!A:G,6,0)+VLOOKUP(A26,הראל!A:G,6,0)+VLOOKUP('תפוקה מצטברת מול אשתקד'!A26,הפניקס!A:G,6,0)+VLOOKUP('תפוקה מצטברת מול אשתקד'!A26,כלל!A:G,6,0)+VLOOKUP('תפוקה מצטברת מול אשתקד'!A26,מור!A:G,6,0)+VLOOKUP('תפוקה מצטברת מול אשתקד'!A26,'אלטשולר שחם'!A:G,6,0)+VLOOKUP('תפוקה מצטברת מול אשתקד'!A26,'מדיהו '!A:G,6,0)+VLOOKUP('תפוקה מצטברת מול אשתקד'!A26,'אנליסט '!A:G,6,0)+VLOOKUP('תפוקה מצטברת מול אשתקד'!A26,'מיטב דש'!A:G,6,0)+VLOOKUP('תפוקה מצטברת מול אשתקד'!A26,אינפניטי!A:G,6,0) -> 100000 | K26: =VLOOKUP(A26,הכשרה!A:G,7,0)+VLOOKUP('תפוקה מצטברת מול אשתקד'!A26,מגדל!A:G,7,0)+VLOOKUP('תפוקה מצטברת מול אשתקד'!A26,מנורה!A:G,7,0)+VLOOKUP('תפוקה מצטברת מול אשתקד'!A26,איילון!A:G,7,0)+VLOOKUP('תפוקה מצטברת מול אשתקד'!A26,הראל!A:G,7,0)+VLOOKUP('תפוקה מצטברת מול אשתקד'!A26,הפניקס!A:G,7,0)+VLOOKUP('תפוקה מצטברת מול אשתקד'!A26,כלל!A:G,7,0)+VLOOKUP('תפוקה מצטברת מול אשתקד'!A26,מור!A:G,7,0)+VLOOKUP('תפוקה מצטברת מול אשתקד'!A26,'אלטשולר שחם'!A:G,7,0)+VLOOKUP('תפוקה מצטברת מול אשתקד'!A26,'מדיהו '!A:K,7,0)+VLOOKUP(A26,'אנליסט '!A:G,7,0)+VLOOKUP('תפוקה מצטברת מול אשתקד'!A26,'מיטב דש'!A:G,7,0)+VLOOKUP('תפוקה מצטברת מול אשתקד'!A26,אינפניטי!A:G,7,0) -> 0 | L26: =VLOOKUP(A26,הכשרה!A:K,8,0)+VLOOKUP('תפוקה מצטברת מול אשתקד'!A26,מגדל!A:K,8,0)+VLOOKUP('תפוקה מצטברת מול אשתקד'!A26,מנורה!A:K,8,0)+VLOOKUP('תפוקה מצטברת מול אשתקד'!A26,איילון!A:K,8,0)+VLOOKUP('תפוקה מצטברת מול אשתקד'!A26,הראל!A:K,8,0)+VLOOKUP('תפוקה מצטברת מול אשתקד'!A26,הפניקס!A:K,8,0)+VLOOKUP('תפוקה מצטברת מול אשתקד'!A26,כלל!A:K,8,0)+VLOOKUP('תפוקה מצטברת מול אשתקד'!A26,מור!A:K,8,0)+VLOOKUP('תפוקה מצטברת מול אשתקד'!A26,'אלטשולר שחם'!A:K,8,0)+VLOOKUP('תפוקה מצטברת מול אשתקד'!A26,'מדיהו '!A:K,8,0)+VLOOKUP('תפוקה מצטברת מול אשתקד'!A26,'אנליסט '!A:K,8,0)+VLOOKUP('תפוקה מצטברת מול אשתקד'!A26,'מיטב דש'!A:K,8,0)+VLOOKUP('תפוקה מצטברת מול אשתקד'!A26,אינפניטי!A:K,8,0) -> 57836.887 | M26: =VLOOKUP(A26,הכשרה!A:K,9,0)+VLOOKUP('תפוקה מצטברת מול אשתקד'!A26,מגדל!A:K,9,0)+VLOOKUP('תפוקה מצטברת מול אשתקד'!A26,מנורה!A:K,9,0)+VLOOKUP('תפוקה מצטברת מול אשתקד'!A26,איילון!A:K,9,0)+VLOOKUP('תפוקה מצטברת מול אשתקד'!A26,הראל!A:K,9,0)+VLOOKUP('תפוקה מצטברת מול אשתקד'!A26,הפניקס!A:K,9,0)+VLOOKUP('תפוקה מצטברת מול אשתקד'!A26,כלל!A:K,9,0)+VLOOKUP('תפוקה מצטברת מול אשתקד'!A26,מור!A:K,9,0)+VLOOKUP('תפוקה מצטברת מול אשתקד'!A26,'אלטשולר שחם'!A:K,9,0)+VLOOKUP('תפוקה מצטברת מול אשתקד'!A26,'מדיהו '!A:K,9,0)+VLOOKUP('תפוקה מצטברת מול אשתקד'!A26,'אנליסט '!A:K,9,0)+VLOOKUP('תפוקה מצטברת מול אשתקד'!A26,'מיטב דש'!A:K,9,0)+VLOOKUP('תפוקה מצטברת מול אשתקד'!A26,אינפניטי!A:K,9,0) -> 28739.336 | N26: =VLOOKUP(A26,הכשרה!A:K,10,0)+VLOOKUP('תפוקה מצטברת מול אשתקד'!A26,מגדל!A:K,10,0)+VLOOKUP('תפוקה מצטברת מול אשתקד'!A26,מנורה!A:K,10,0)+VLOOKUP('תפוקה מצטברת מול אשתקד'!A26,איילון!A:K,10,0)+VLOOKUP('תפוקה מצטברת מול אשתקד'!A26,הראל!A:K,10,0)+VLOOKUP('תפוקה מצטברת מול אשתקד'!A26,הפניקס!A:K,10,0)+VLOOKUP('תפוקה מצטברת מול אשתקד'!A26,כלל!A:K,10,0)+VLOOKUP('תפוקה מצטברת מול אשתקד'!A26,מור!A:K,10,0)+VLOOKUP('תפוקה מצטברת מול אשתקד'!A26,'אלטשולר שחם'!A:K,10,0)+VLOOKUP('תפוקה מצטברת מול אשתקד'!A26,'מדיהו '!A:K,10,0)+VLOOKUP('תפוקה מצטברת מול אשתקד'!A26,'אנליסט '!A:K,10,0)+VLOOKUP('תפוקה מצטברת מול אשתקד'!A26,'מיטב דש'!A:K,10,0)+VLOOKUP('תפוקה מצטברת מול אשתקד'!A26,אינפניטי!A:K,10,0) -> 0 | O26: =VLOOKUP(A26,הכשרה!A:K,11,0)+VLOOKUP('תפוקה מצטברת מול אשתקד'!A26,מגדל!A:K,11,0)+VLOOKUP('תפוקה מצטברת מול אשתקד'!A26,מנורה!A:K,11,0)+VLOOKUP('תפוקה מצטברת מול אשתקד'!A26,איילון!A:K,11,0)+VLOOKUP('תפוקה מצטברת מול אשתקד'!A26,הראל!A:K,11,0)+VLOOKUP('תפוקה מצטברת מול אשתקד'!A26,הפניקס!A:K,11,0)+VLOOKUP('תפוקה מצטברת מול אשתקד'!A26,כלל!A:K,11,0)+VLOOKUP('תפוקה מצטברת מול אשתקד'!A26,מור!A:K,11,0)+VLOOKUP('תפוקה מצטברת מול אשתקד'!A26,'אלטשולר שחם'!A:K,11,0)+VLOOKUP('תפוקה מצטברת מול אשתקד'!A26,'מדיהו '!A:K,11,0)+VLOOKUP('תפוקה מצטברת מול אשתקד'!A26,'אנליסט '!A:K,11,0)+VLOOKUP('תפוקה מצטברת מול אשתקד'!A26,'מיטב דש'!A:K,11,0)+VLOOKUP('תפוקה מצטברת מול אשתקד'!A26,אינפניטי!A:K,11,0) -> 108668.26
A27: שלבי מיסון | B27: ערן גירוני | C27: סוכנים | D27: =IF(H27=0,0%,IF(L27=0,100%,H27/L27-1)) -> -30.598858 | E27: =IF(I27=0,0%,IF(M27=0,100%,I27/M27-1)) -> 0.099153949 | F27: =IF(J27=0,0%,IF(N27=0,100%,J27/N27-1)) -> 1 | G27: =IF(K27=0,0%,IF(O27=H43,100%,K27/O27-1)) -> 0 | H27: =VLOOKUP(A27,הכשרה!A:G,4,0)+VLOOKUP('תפוקה מצטברת מול אשתקד'!A27,מגדל!A:G,4,0)+VLOOKUP('תפוקה מצטברת מול אשתקד'!A27,מנורה!A:G,4,0)+VLOOKUP('תפוקה מצטברת מול אשתקד'!A27,איילון!A:G,4,0)+VLOOKUP('תפוקה מצטברת מול אשתקד'!A27,הראל!A:G,4,0)+VLOOKUP('תפוקה מצטברת מול אשתקד'!A27,הפניקס!A:G,4,0)+VLOOKUP('תפוקה מצטברת מול אשתקד'!A27,כלל!A:G,4,0)+VLOOKUP('תפוקה מצטברת מול אשתקד'!A27,מור!A:G,4,0)+VLOOKUP('תפוקה מצטברת מול אשתקד'!A27,'אלטשולר שחם'!A:G,4,0)+VLOOKUP('תפוקה מצטברת מול אשתקד'!A27,'מדיהו '!A:G,4,0)+VLOOKUP('תפוקה מצטברת מול אשתקד'!A27,'אנליסט '!A:G,4,0)+VLOOKUP('תפוקה מצטברת מול אשתקד'!A27,'מיטב דש'!A:G,4,0)+VLOOKUP('תפוקה מצטברת מול אשתקד'!A27,אינפניטי!A:G,4,0) -> 4353.4 | I27: =VLOOKUP(A27,הכשרה!A:G,5,0)+VLOOKUP('תפוקה מצטברת מול אשתקד'!A27,מגדל!A:G,5,0)+VLOOKUP('תפוקה מצטברת מול אשתקד'!A27,מנורה!A:G,5,0)+VLOOKUP('תפוקה מצטברת מול אשתקד'!A27,איילון!A:G,5,0)+VLOOKUP('תפוקה מצטברת מול אשתקד'!A27,הראל!A:G,5,0)+VLOOKUP('תפוקה מצטברת מול אשתקד'!A27,הפניקס!A:G,5,0)+VLOOKUP('תפוקה מצטברת מול אשתקד'!A27,כלל!A:G,5,0)+VLOOKUP('תפוקה מצטברת מול אשתקד'!A27,מור!A:G,5,0)+VLOOKUP('תפוקה מצטברת מול אשתקד'!A27,'אלטשולר שחם'!A:G,5,0)+VLOOKUP('תפוקה מצטברת מול אשתקד'!A27,'מדיהו '!A:G,5,0)+VLOOKUP('תפוקה מצטברת מול אשתקד'!A27,'אנליסט '!A:G,5,0)+VLOOKUP('תפוקה מצטברת מול אשתקד'!A27,'מיטב דש'!A:G,5,0)+VLOOKUP('תפוקה מצטברת מול אשתקד'!A27,אינפניטי!A:G,5,0) -> 21097.14 | J27: =VLOOKUP(A27,הכשרה!A:G,6,0)+VLOOKUP('תפוקה מצטברת מול אשתקד'!A27,מגדל!A:G,6,0)+VLOOKUP('תפוקה מצטברת מול אשתקד'!A27,מנורה!A:G,6,0)+VLOOKUP('תפוקה מצטברת מול אשתקד'!A27,איילון!A:G,6,0)+VLOOKUP(A27,הראל!A:G,6,0)+VLOOKUP('תפוקה מצטברת מול אשתקד'!A27,הפניקס!A:G,6,0)+VLOOKUP('תפוקה מצטברת מול אשתקד'!A27,כלל!A:G,6,0)+VLOOKUP('תפוקה מצטברת מול אשתקד'!A27,מור!A:G,6,0)+VLOOKUP('תפוקה מצטברת מול אשתקד'!A27,'אלטשולר שחם'!A:G,6,0)+VLOOKUP('תפוקה מצטברת מול אשתקד'!A27,'מדיהו '!A:G,6,0)+VLOOKUP('תפוקה מצטברת מול אשתקד'!A27,'אנליסט '!A:G,6,0)+VLOOKUP('תפוקה מצטברת מול אשתקד'!A27,'מיטב דש'!A:G,6,0)+VLOOKUP('תפוקה מצטברת מול אשתקד'!A27,אינפניטי!A:G,6,0) -> 1593.98 | K27: =VLOOKUP(A27,הכשרה!A:G,7,0)+VLOOKUP('תפוקה מצטברת מול אשתקד'!A27,מגדל!A:G,7,0)+VLOOKUP('תפוקה מצטברת מול אשתקד'!A27,מנורה!A:G,7,0)+VLOOKUP('תפוקה מצטברת מול אשתקד'!A27,איילון!A:G,7,0)+VLOOKUP('תפוקה מצטברת מול אשתקד'!A27,הראל!A:G,7,0)+VLOOKUP('תפוקה מצטברת מול אשתקד'!A27,הפניקס!A:G,7,0)+VLOOKUP('תפוקה מצטברת מול אשתקד'!A27,כלל!A:G,7,0)+VLOOKUP('תפוקה מצטברת מול אשתקד'!A27,מור!A:G,7,0)+VLOOKUP('תפוקה מצטברת מול אשתקד'!A27,'אלטשולר שחם'!A:G,7,0)+VLOOKUP('תפוקה מצטברת מול אשתקד'!A27,'מדיהו '!A:K,7,0)+VLOOKUP(A27,'אנליסט '!A:G,7,0)+VLOOKUP('תפוקה מצטברת מול אשתקד'!A27,'מיטב דש'!A:G,7,0)+VLOOKUP('תפוקה מצטברת מול אשתקד'!A27,אינפניטי!A:G,7,0) -> 0 | L27: =VLOOKUP(A27,הכשרה!A:K,8,0)+VLOOKUP('תפוקה מצטברת מול אשתקד'!A27,מגדל!A:K,8,0)+VLOOKUP('תפוקה מצטברת מול אשתקד'!A27,מנורה!A:K,8,0)+VLOOKUP('תפוקה מצטברת מול אשתקד'!A27,איילון!A:K,8,0)+VLOOKUP('תפוקה מצטברת מול אשתקד'!A27,הראל!A:K,8,0)+VLOOKUP('תפוקה מצטברת מול אשתקד'!A27,הפניקס!A:K,8,0)+VLOOKUP('תפוקה מצטברת מול אשתקד'!A27,כלל!A:K,8,0)+VLOOKUP('תפוקה מצטברת מול אשתקד'!A27,מור!A:K,8,0)+VLOOKUP('תפוקה מצטברת מול אשתקד'!A27,'אלטשולר שחם'!A:K,8,0)+VLOOKUP('תפוקה מצטברת מול אשתקד'!A27,'מדיהו '!A:K,8,0)+VLOOKUP('תפוקה מצטברת מול אשתקד'!A27,'אנליסט '!A:K,8,0)+VLOOKUP('תפוקה מצטברת מול אשתקד'!A27,'מיטב דש'!A:K,8,0)+VLOOKUP('תפוקה מצטברת מול אשתקד'!A27,אינפניטי!A:K,8,0) -> -147.08 | M27: =VLOOKUP(A27,הכשרה!A:K,9,0)+VLOOKUP('תפוקה מצטברת מול אשתקד'!A27,מגדל!A:K,9,0)+VLOOKUP('תפוקה מצטברת מול אשתקד'!A27,מנורה!A:K,9,0)+VLOOKUP('תפוקה מצטברת מול אשתקד'!A27,איילון!A:K,9,0)+VLOOKUP('תפוקה מצטברת מול אשתקד'!A27,הראל!A:K,9,0)+VLOOKUP('תפוקה מצטברת מול אשתקד'!A27,הפניקס!A:K,9,0)+VLOOKUP('תפוקה מצטברת מול אשתקד'!A27,כלל!A:K,9,0)+VLOOKUP('תפוקה מצטברת מול אשתקד'!A27,מור!A:K,9,0)+VLOOKUP('תפוקה מצטברת מול אשתקד'!A27,'אלטשולר שחם'!A:K,9,0)+VLOOKUP('תפוקה מצטברת מול אשתקד'!A27,'מדיהו '!A:K,9,0)+VLOOKUP('תפוקה מצטברת מול אשתקד'!A27,'אנליסט '!A:K,9,0)+VLOOKUP('תפוקה מצטברת מול אשתקד'!A27,'מיטב דש'!A:K,9,0)+VLOOKUP('תפוקה מצטברת מול אשתקד'!A27,אינפניטי!A:K,9,0) -> 19193.981 | N27: =VLOOKUP(A27,הכשרה!A:K,10,0)+VLOOKUP('תפוקה מצטברת מול אשתקד'!A27,מגדל!A:K,10,0)+VLOOKUP('תפוקה מצטברת מול אשתקד'!A27,מנורה!A:K,10,0)+VLOOKUP('תפוקה מצטברת מול אשתקד'!A27,איילון!A:K,10,0)+VLOOKUP('תפוקה מצטברת מול אשתקד'!A27,הראל!A:K,10,0)+VLOOKUP('תפוקה מצטברת מול אשתקד'!A27,הפניקס!A:K,10,0)+VLOOKUP('תפוקה מצטברת מול אשתקד'!A27,כלל!A:K,10,0)+VLOOKUP('תפוקה מצטברת מול אשתקד'!A27,מור!A:K,10,0)+VLOOKUP('תפוקה מצטברת מול אשתקד'!A27,'אלטשולר שחם'!A:K,10,0)+VLOOKUP('תפוקה מצטברת מול אשתקד'!A27,'מדיהו '!A:K,10,0)+VLOOKUP('תפוקה מצטברת מול אשתקד'!A27,'אנליסט '!A:K,10,0)+VLOOKUP('תפוקה מצטברת מול אשתקד'!A27,'מיטב דש'!A:K,10,0)+VLOOKUP('תפוקה מצטברת מול אשתקד'!A27,אינפניטי!A:K,10,0) -> 0 | O27: =VLOOKUP(A27,הכשרה!A:K,11,0)+VLOOKUP('תפוקה מצטברת מול אשתקד'!A27,מגדל!A:K,11,0)+VLOOKUP('תפוקה מצטברת מול אשתקד'!A27,מנורה!A:K,11,0)+VLOOKUP('תפוקה מצטברת מול אשתקד'!A27,איילון!A:K,11,0)+VLOOKUP('תפוקה מצטברת מול אשתקד'!A27,הראל!A:K,11,0)+VLOOKUP('תפוקה מצטברת מול אשתקד'!A27,הפניקס!A:K,11,0)+VLOOKUP('תפוקה מצטברת מול אשתקד'!A27,כלל!A:K,11,0)+VLOOKUP('תפוקה מצטברת מול אשתקד'!A27,מור!A:K,11,0)+VLOOKUP('תפוקה מצטברת מול אשתקד'!A27,'אלטשולר שחם'!A:K,11,0)+VLOOKUP('תפוקה מצטברת מול אשתקד'!A27,'מדיהו '!A:K,11,0)+VLOOKUP('תפוקה מצטברת מול אשתקד'!A27,'אנליסט '!A:K,11,0)+VLOOKUP('תפוקה מצטברת מול אשתקד'!A27,'מיטב דש'!A:K,11,0)+VLOOKUP('תפוקה מצטברת מול אשתקד'!A27,אינפניטי!A:K,11,0) -> 0
A28: בחוס יוסף | B28: ערן גירוני | C28: סוכנים | D28: =IF(H28=0,0%,IF(L28=0,100%,H28/L28-1)) -> 2.1286553 | E28: =IF(I28=0,0%,IF(M28=0,100%,I28/M28-1)) -> -0.5915433 | F28: =IF(J28=0,0%,IF(N28=0,100%,J28/N28-1)) -> -19.217989 | G28: =IF(K28=0,0%,IF(O28=H44,100%,K28/O28-1)) -> -1.6905077 | H28: =VLOOKUP(A28,הכשרה!A:G,4,0)+VLOOKUP('תפוקה מצטברת מול אשתקד'!A28,מגדל!A:G,4,0)+VLOOKUP('תפוקה מצטברת מול אשתקד'!A28,מנורה!A:G,4,0)+VLOOKUP('תפוקה מצטברת מול אשתקד'!A28,איילון!A:G,4,0)+VLOOKUP('תפוקה מצטברת מול אשתקד'!A28,הראל!A:G,4,0)+VLOOKUP('תפוקה מצטברת מול אשתקד'!A28,הפניקס!A:G,4,0)+VLOOKUP('תפוקה מצטברת מול אשתקד'!A28,כלל!A:G,4,0)+VLOOKUP('תפוקה מצטברת מול אשתקד'!A28,מור!A:G,4,0)+VLOOKUP('תפוקה מצטברת מול אשתקד'!A28,'אלטשולר שחם'!A:G,4,0)+VLOOKUP('תפוקה מצטברת מול אשתקד'!A28,'מדיהו '!A:G,4,0)+VLOOKUP('תפוקה מצטברת מול אשתקד'!A28,'אנליסט '!A:G,4,0)+VLOOKUP('תפוקה מצטברת מול אשתקד'!A28,'מיטב דש'!A:G,4,0)+VLOOKUP('תפוקה מצטברת מול אשתקד'!A28,אינפניטי!A:G,4,0) -> 119873.8 | I28: =VLOOKUP(A28,הכשרה!A:G,5,0)+VLOOKUP('תפוקה מצטברת מול אשתקד'!A28,מגדל!A:G,5,0)+VLOOKUP('תפוקה מצטברת מול אשתקד'!A28,מנורה!A:G,5,0)+VLOOKUP('תפוקה מצטברת מול אשתקד'!A28,איילון!A:G,5,0)+VLOOKUP('תפוקה מצטברת מול אשתקד'!A28,הראל!A:G,5,0)+VLOOKUP('תפוקה מצטברת מול אשתקד'!A28,הפניקס!A:G,5,0)+VLOOKUP('תפוקה מצטברת מול אשתקד'!A28,כלל!A:G,5,0)+VLOOKUP('תפוקה מצטברת מול אשתקד'!A28,מור!A:G,5,0)+VLOOKUP('תפוקה מצטברת מול אשתקד'!A28,'אלטשולר שחם'!A:G,5,0)+VLOOKUP('תפוקה מצטברת מול אשתקד'!A28,'מדיהו '!A:G,5,0)+VLOOKUP('תפוקה מצטברת מול אשתקד'!A28,'אנליסט '!A:G,5,0)+VLOOKUP('תפוקה מצטברת מול אשתקד'!A28,'מיטב דש'!A:G,5,0)+VLOOKUP('תפוקה מצטברת מול אשתקד'!A28,אינפניטי!A:G,5,0) -> 19453.77 | J28: =VLOOKUP(A28,הכשרה!A:G,6,0)+VLOOKUP('תפוקה מצטברת מול אשתקד'!A28,מגדל!A:G,6,0)+VLOOKUP('תפוקה מצטברת מול אשתקד'!A28,מנורה!A:G,6,0)+VLOOKUP('תפוקה מצטברת מול אשתקד'!A28,איילון!A:G,6,0)+VLOOKUP(A28,הראל!A:G,6,0)+VLOOKUP('תפוקה מצטברת מול אשתקד'!A28,הפניקס!A:G,6,0)+VLOOKUP('תפוקה מצטברת מול אשתקד'!A28,כלל!A:G,6,0)+VLOOKUP('תפוקה מצטברת מול אשתקד'!A28,מור!A:G,6,0)+VLOOKUP('תפוקה מצטברת מול אשתקד'!A28,'אלטשולר שחם'!A:G,6,0)+VLOOKUP('תפוקה מצטברת מול אשתקד'!A28,'מדיהו '!A:G,6,0)+VLOOKUP('תפוקה מצטברת מול אשתקד'!A28,'אנליסט '!A:G,6,0)+VLOOKUP('תפוקה מצטברת מול אשתקד'!A28,'מיטב דש'!A:G,6,0)+VLOOKUP('תפוקה מצטברת מול אשתקד'!A28,אינפניטי!A:G,6,0) -> 531670.52 | K28: =VLOOKUP(A28,הכשרה!A:G,7,0)+VLOOKUP('תפוקה מצטברת מול אשתקד'!A28,מגדל!A:G,7,0)+VLOOKUP('תפוקה מצטברת מול אשתקד'!A28,מנורה!A:G,7,0)+VLOOKUP('תפוקה מצטברת מול אשתקד'!A28,איילון!A:G,7,0)+VLOOKUP('תפוקה מצטברת מול אשתקד'!A28,הראל!A:G,7,0)+VLOOKUP('תפוקה מצטברת מול אשתקד'!A28,הפניקס!A:G,7,0)+VLOOKUP('תפוקה מצטברת מול אשתקד'!A28,כלל!A:G,7,0)+VLOOKUP('תפוקה מצטברת מול אשתקד'!A28,מור!A:G,7,0)+VLOOKUP('תפוקה מצטברת מול אשתקד'!A28,'אלטשולר שחם'!A:G,7,0)+VLOOKUP('תפוקה מצטברת מול אשתקד'!A28,'מדיהו '!A:K,7,0)+VLOOKUP(A28,'אנליסט '!A:G,7,0)+VLOOKUP('תפוקה מצטברת מול אשתקד'!A28,'מיטב דש'!A:G,7,0)+VLOOKUP('תפוקה מצטברת מול אשתקד'!A28,אינפניטי!A:G,7,0) -> 265483.22 | L28: =VLOOKUP(A28,הכשרה!A:K,8,0)+VLOOKUP('תפוקה מצטברת מול אשתקד'!A28,מגדל!A:K,8,0)+VLOOKUP('תפוקה מצטברת מול אשתקד'!A28,מנורה!A:K,8,0)+VLOOKUP('תפוקה מצטברת מול אשתקד'!A28,איילון!A:K,8,0)+VLOOKUP('תפוקה מצטברת מול אשתקד'!A28,הראל!A:K,8,0)+VLOOKUP('תפוקה מצטברת מול אשתקד'!A28,הפניקס!A:K,8,0)+VLOOKUP('תפוקה מצטברת מול אשתקד'!A28,כלל!A:K,8,0)+VLOOKUP('תפוקה מצטברת מול אשתקד'!A28,מור!A:K,8,0)+VLOOKUP('תפוקה מצטברת מול אשתקד'!A28,'אלטשולר שחם'!A:K,8,0)+VLOOKUP('תפוקה מצטברת מול אשתקד'!A28,'מדיהו '!A:K,8,0)+VLOOKUP('תפוקה מצטברת מול אשתקד'!A28,'אנליסט '!A:K,8,0)+VLOOKUP('תפוקה מצטברת מול אשתקד'!A28,'מיטב דש'!A:K,8,0)+VLOOKUP('תפוקה מצטברת מול אשתקד'!A28,אינפניטי!A:K,8,0) -> 38314.8 | M28: =VLOOKUP(A28,הכשרה!A:K,9,0)+VLOOKUP('תפוקה מצטברת מול אשתקד'!A28,מגדל!A:K,9,0)+VLOOKUP('תפוקה מצטברת מול אשתקד'!A28,מנורה!A:K,9,0)+VLOOKUP('תפוקה מצטברת מול אשתקד'!A28,איילון!A:K,9,0)+VLOOKUP('תפוקה מצטברת מול אשתקד'!A28,הראל!A:K,9,0)+VLOOKUP('תפוקה מצטברת מול אשתקד'!A28,הפניקס!A:K,9,0)+VLOOKUP('תפוקה מצטברת מול אשתקד'!A28,כלל!A:K,9,0)+VLOOKUP('תפוקה מצטברת מול אשתקד'!A28,מור!A:K,9,0)+VLOOKUP('תפוקה מצטברת מול אשתקד'!A28,'אלטשולר שחם'!A:K,9,0)+VLOOKUP('תפוקה מצטברת מול אשתקד'!A28,'מדיהו '!A:K,9,0)+VLOOKUP('תפוקה מצטברת מול אשתקד'!A28,'אנליסט '!A:K,9,0)+VLOOKUP('תפוקה מצטברת מול אשתקד'!A28,'מיטב דש'!A:K,9,0)+VLOOKUP('תפוקה מצטברת מול אשתקד'!A28,אינפניטי!A:K,9,0) -> 47627.496 | N28: =VLOOKUP(A28,הכשרה!A:K,10,0)+VLOOKUP('תפוקה מצטברת מול אשתקד'!A28,מגדל!A:K,10,0)+VLOOKUP('תפוקה מצטברת מול אשתקד'!A28,מנורה!A:K,10,0)+VLOOKUP('תפוקה מצטברת מול אשתקד'!A28,איילון!A:K,10,0)+VLOOKUP('תפוקה מצטברת מול אשתקד'!A28,הראל!A:K,10,0)+VLOOKUP('תפוקה מצטברת מול אשתקד'!A28,הפניקס!A:K,10,0)+VLOOKUP('תפוקה מצטברת מול אשתקד'!A28,כלל!A:K,10,0)+VLOOKUP('תפוקה מצטברת מול אשתקד'!A28,מור!A:K,10,0)+VLOOKUP('תפוקה מצטברת מול אשתקד'!A28,'אלטשולר שחם'!A:K,10,0)+VLOOKUP('תפוקה מצטברת מול אשתקד'!A28,'מדיהו '!A:K,10,0)+VLOOKUP('תפוקה מצטברת מול אשתקד'!A28,'אנליסט '!A:K,10,0)+VLOOKUP('תפוקה מצטברת מול אשתקד'!A28,'מיטב דש'!A:K,10,0)+VLOOKUP('תפוקה מצטברת מול אשתקד'!A28,אינפניטי!A:K,10,0) -> -29183.82 | O28: =VLOOKUP(A28,הכשרה!A:K,11,0)+VLOOKUP('תפוקה מצטברת מול אשתקד'!A28,מגדל!A:K,11,0)+VLOOKUP('תפוקה מצטברת מול אשתקד'!A28,מנורה!A:K,11,0)+VLOOKUP('תפוקה מצטברת מול אשתקד'!A28,איילון!A:K,11,0)+VLOOKUP('תפוקה מצטברת מול אשתקד'!A28,הראל!A:K,11,0)+VLOOKUP('תפוקה מצטברת מול אשתקד'!A28,הפניקס!A:K,11,0)+VLOOKUP('תפוקה מצטברת מול אשתקד'!A28,כלל!A:K,11,0)+VLOOKUP('תפוקה מצטברת מול אשתקד'!A28,מור!A:K,11,0)+VLOOKUP('תפוקה מצטברת מול אשתקד'!A28,'אלטשולר שחם'!A:K,11,0)+VLOOKUP('תפוקה מצטברת מול אשתקד'!A28,'מדיהו '!A:K,11,0)+VLOOKUP('תפוקה מצטברת מול אשתקד'!A28,'אנליסט '!A:K,11,0)+VLOOKUP('תפוקה מצטברת מול אשתקד'!A28,'מיטב דש'!A:K,11,0)+VLOOKUP('תפוקה מצטברת מול אשתקד'!A28,אינפניטי!A:K,11,0) -> -384475.39
A29: קליין סיון | B29: ערן גירוני | C29: סוכנים | D29: =IF(H29=0,0%,IF(L29=0,100%,H29/L29-1)) -> 1.1439931 | E29: =IF(I29=0,0%,IF(M29=0,100%,I29/M29-1)) -> 0.11415649 | F29: =IF(J29=0,0%,IF(N29=0,100%,J29/N29-1)) -> -0.3639707 | G29: =IF(K29=0,0%,IF(O29=#REF!,100%,K29/O29-1)) -> #REF! | H29: =VLOOKUP(A29,הכשרה!A:G,4,0)+VLOOKUP('תפוקה מצטברת מול אשתקד'!A29,מגדל!A:G,4,0)+VLOOKUP('תפוקה מצטברת מול אשתקד'!A29,מנורה!A:G,4,0)+VLOOKUP('תפוקה מצטברת מול אשתקד'!A29,איילון!A:G,4,0)+VLOOKUP('תפוקה מצטברת מול אשתקד'!A29,הראל!A:G,4,0)+VLOOKUP('תפוקה מצטברת מול אשתקד'!A29,הפניקס!A:G,4,0)+VLOOKUP('תפוקה מצטברת מול אשתקד'!A29,כלל!A:G,4,0)+VLOOKUP('תפוקה מצטברת מול אשתקד'!A29,מור!A:G,4,0)+VLOOKUP('תפוקה מצטברת מול אשתקד'!A29,'אלטשולר שחם'!A:G,4,0)+VLOOKUP('תפוקה מצטברת מול אשתקד'!A29,'מדיהו '!A:G,4,0)+VLOOKUP('תפוקה מצטברת מול אשתקד'!A29,'אנליסט '!A:G,4,0)+VLOOKUP('תפוקה מצטברת מול אשתקד'!A29,'מיטב דש'!A:G,4,0)+VLOOKUP('תפוקה מצטברת מול אשתקד'!A29,אינפניטי!A:G,4,0) -> 335024.33 | I29: =VLOOKUP(A29,הכשרה!A:G,5,0)+VLOOKUP('תפוקה מצטברת מול אשתקד'!A29,מגדל!A:G,5,0)+VLOOKUP('תפוקה מצטברת מול אשתקד'!A29,מנורה!A:G,5,0)+VLOOKUP('תפוקה מצטברת מול אשתקד'!A29,איילון!A:G,5,0)+VLOOKUP('תפוקה מצטברת מול אשתקד'!A29,הראל!A:G,5,0)+VLOOKUP('תפוקה מצטברת מול אשתקד'!A29,הפניקס!A:G,5,0)+VLOOKUP('תפוקה מצטברת מול אשתקד'!A29,כלל!A:G,5,0)+VLOOKUP('תפוקה מצטברת מול אשתקד'!A29,מור!A:G,5,0)+VLOOKUP('תפוקה מצטברת מול אשתקד'!A29,'אלטשולר שחם'!A:G,5,0)+VLOOKUP('תפוקה מצטברת מול אשתקד'!A29,'מדיהו '!A:G,5,0)+VLOOKUP('תפוקה מצטברת מול אשתקד'!A29,'אנליסט '!A:G,5,0)+VLOOKUP('תפוקה מצטברת מול אשתקד'!A29,'מיטב דש'!A:G,5,0)+VLOOKUP('תפוקה מצטברת מול אשתקד'!A29,אינפניטי!A:G,5,0) -> 10584.784 | J29: =VLOOKUP(A29,הכשרה!A:G,6,0)+VLOOKUP('תפוקה מצטברת מול אשתקד'!A29,מגדל!A:G,6,0)+VLOOKUP('תפוקה מצטברת מול אשתקד'!A29,מנורה!A:G,6,0)+VLOOKUP('תפוקה מצטברת מול אשתקד'!A29,איילון!A:G,6,0)+VLOOKUP(A29,הראל!A:G,6,0)+VLOOKUP('תפוקה מצטברת מול אשתקד'!A29,הפניקס!A:G,6,0)+VLOOKUP('תפוקה מצטברת מול אשתקד'!A29,כלל!A:G,6,0)+VLOOKUP('תפוקה מצטברת מול אשתקד'!A29,מור!A:G,6,0)+VLOOKUP('תפוקה מצטברת מול אשתקד'!A29,'אלטשולר שחם'!A:G,6,0)+VLOOKUP('תפוקה מצטברת מול אשתקד'!A29,'מדיהו '!A:G,6,0)+VLOOKUP('תפוקה מצטברת מול אשתקד'!A29,'אנליסט '!A:G,6,0)+VLOOKUP('תפוקה מצטברת מול אשתקד'!A29,'מיטב דש'!A:G,6,0)+VLOOKUP('תפוקה מצטברת מול אשתקד'!A29,אינפניטי!A:G,6,0) -> 302968 | K29: =VLOOKUP(A29,הכשרה!A:G,7,0)+VLOOKUP('תפוקה מצטברת מול אשתקד'!A29,מגדל!A:G,7,0)+VLOOKUP('תפוקה מצטברת מול אשתקד'!A29,מנורה!A:G,7,0)+VLOOKUP('תפוקה מצטברת מול אשתקד'!A29,איילון!A:G,7,0)+VLOOKUP('תפוקה מצטברת מול אשתקד'!A29,הראל!A:G,7,0)+VLOOKUP('תפוקה מצטברת מול אשתקד'!A29,הפניקס!A:G,7,0)+VLOOKUP('תפוקה מצטברת מול אשתקד'!A29,כלל!A:G,7,0)+VLOOKUP('תפוקה מצטברת מול אשתקד'!A29,מור!A:G,7,0)+VLOOKUP('תפוקה מצטברת מול אשתקד'!A29,'אלטשולר שחם'!A:G,7,0)+VLOOKUP('תפוקה מצטברת מול אשתקד'!A29,'מדיהו '!A:K,7,0)+VLOOKUP(A29,'אנליסט '!A:G,7,0)+VLOOKUP('תפוקה מצטברת מול אשתקד'!A29,'מיטב דש'!A:G,7,0)+VLOOKUP('תפוקה מצטברת מול אשתקד'!A29,אינפניטי!A:G,7,0) -> 738313.1 | L29: =VLOOKUP(A29,הכשרה!A:K,8,0)+VLOOKUP('תפוקה מצטברת מול אשתקד'!A29,מגדל!A:K,8,0)+VLOOKUP('תפוקה מצטברת מול אשתקד'!A29,מנורה!A:K,8,0)+VLOOKUP('תפוקה מצטברת מול אשתקד'!A29,איילון!A:K,8,0)+VLOOKUP('תפוקה מצטברת מול אשתקד'!A29,הראל!A:K,8,0)+VLOOKUP('תפוקה מצטברת מול אשתקד'!A29,הפניקס!A:K,8,0)+VLOOKUP('תפוקה מצטברת מול אשתקד'!A29,כלל!A:K,8,0)+VLOOKUP('תפוקה מצטברת מול אשתקד'!A29,מור!A:K,8,0)+VLOOKUP('תפוקה מצטברת מול אשתקד'!A29,'אלטשולר שחם'!A:K,8,0)+VLOOKUP('תפוקה מצטברת מול אשתקד'!A29,'מדיהו '!A:K,8,0)+VLOOKUP('תפוקה מצטברת מול אשתקד'!A29,'אנליסט '!A:K,8,0)+VLOOKUP('תפוקה מצטברת מול אשתקד'!A29,'מיטב דש'!A:K,8,0)+VLOOKUP('תפוקה מצטברת מול אשתקד'!A29,אינפניטי!A:K,8,0) -> 156261.85 | M29: =VLOOKUP(A29,הכשרה!A:K,9,0)+VLOOKUP('תפוקה מצטברת מול אשתקד'!A29,מגדל!A:K,9,0)+VLOOKUP('תפוקה מצטברת מול אשתקד'!A29,מנורה!A:K,9,0)+VLOOKUP('תפוקה מצטברת מול אשתקד'!A29,איילון!A:K,9,0)+VLOOKUP('תפוקה מצטברת מול אשתקד'!A29,הראל!A:K,9,0)+VLOOKUP('תפוקה מצטברת מול אשתקד'!A29,הפניקס!A:K,9,0)+VLOOKUP('תפוקה מצטברת מול אשתקד'!A29,כלל!A:K,9,0)+VLOOKUP('תפוקה מצטברת מול אשתקד'!A29,מור!A:K,9,0)+VLOOKUP('תפוקה מצטברת מול אשתקד'!A29,'אלטשולר שחם'!A:K,9,0)+VLOOKUP('תפוקה מצטברת מול אשתקד'!A29,'מדיהו '!A:K,9,0)+VLOOKUP('תפוקה מצטברת מול אשתקד'!A29,'אנליסט '!A:K,9,0)+VLOOKUP('תפוקה מצטברת מול אשתקד'!A29,'מיטב דש'!A:K,9,0)+VLOOKUP('תפוקה מצטברת מול אשתקד'!A29,אינפניטי!A:K,9,0) -> 9500.2668 | N29: =VLOOKUP(A29,הכשרה!A:K,10,0)+VLOOKUP('תפוקה מצטברת מול אשתקד'!A29,מגדל!A:K,10,0)+VLOOKUP('תפוקה מצטברת מול אשתקד'!A29,מנורה!A:K,10,0)+VLOOKUP('תפוקה מצטברת מול אשתקד'!A29,איילון!A:K,10,0)+VLOOKUP('תפוקה מצטברת מול אשתקד'!A29,הראל!A:K,10,0)+VLOOKUP('תפוקה מצטברת מול אשתקד'!A29,הפניקס!A:K,10,0)+VLOOKUP('תפוקה מצטברת מול אשתקד'!A29,כלל!A:K,10,0)+VLOOKUP('תפוקה מצטברת מול אשתקד'!A29,מור!A:K,10,0)+VLOOKUP('תפוקה מצטברת מול אשתקד'!A29,'אלטשולר שחם'!A:K,10,0)+VLOOKUP('תפוקה מצטברת מול אשתקד'!A29,'מדיהו '!A:K,10,0)+VLOOKUP('תפוקה מצטברת מול אשתקד'!A29,'אנליסט '!A:K,10,0)+VLOOKUP('תפוקה מצטברת מול אשתקד'!A29,'מיטב דש'!A:K,10,0)+VLOOKUP('תפוקה מצטברת מול אשתקד'!A29,אינפניטי!A:K,10,0) -> 476342.84 | O29: =VLOOKUP(A29,הכשרה!A:K,11,0)+VLOOKUP('תפוקה מצטברת מול אשתקד'!A29,מגדל!A:K,11,0)+VLOOKUP('תפוקה מצטברת מול אשתקד'!A29,מנורה!A:K,11,0)+VLOOKUP('תפוקה מצטברת מול אשתקד'!A29,איילון!A:K,11,0)+VLOOKUP('תפוקה מצטברת מול אשתקד'!A29,הראל!A:K,11,0)+VLOOKUP('תפוקה מצטברת מול אשתקד'!A29,הפניקס!A:K,11,0)+VLOOKUP('תפוקה מצטברת מול אשתקד'!A29,כלל!A:K,11,0)+VLOOKUP('תפוקה מצטברת מול אשתקד'!A29,מור!A:K,11,0)+VLOOKUP('תפוקה מצטברת מול אשתקד'!A29,'אלטשולר שחם'!A:K,11,0)+VLOOKUP('תפוקה מצטברת מול אשתקד'!A29,'מדיהו '!A:K,11,0)+VLOOKUP('תפוקה מצטברת מול אשתקד'!A29,'אנליסט '!A:K,11,0)+VLOOKUP('תפוקה מצטברת מול אשתקד'!A29,'מיטב דש'!A:K,11,0)+VLOOKUP('תפוקה מצטברת מול אשתקד'!A29,אינפניטי!A:K,11,0) -> 152480.21
A30: צקותאי אורי | B30: ערן גירוני | C30: סוכנים | D30: =IF(H30=0,0%,IF(L30=0,100%,H30/L30-1)) -> 0 | E30: =IF(I30=0,0%,IF(M30=0,100%,I30/M30-1)) -> 0 | F30: =IF(J30=0,0%,IF(N30=0,100%,J30/N30-1)) -> 0 | G30: =IF(K30=0,0%,IF(O30=H45,100%,K30/O30-1)) -> 0 | H30: =VLOOKUP(A30,הכשרה!A:G,4,0)+VLOOKUP('תפוקה מצטברת מול אשתקד'!A30,מגדל!A:G,4,0)+VLOOKUP('תפוקה מצטברת מול אשתקד'!A30,מנורה!A:G,4,0)+VLOOKUP('תפוקה מצטברת מול אשתקד'!A30,איילון!A:G,4,0)+VLOOKUP('תפוקה מצטברת מול אשתקד'!A30,הראל!A:G,4,0)+VLOOKUP('תפוקה מצטברת מול אשתקד'!A30,הפניקס!A:G,4,0)+VLOOKUP('תפוקה מצטברת מול אשתקד'!A30,כלל!A:G,4,0)+VLOOKUP('תפוקה מצטברת מול אשתקד'!A30,מור!A:G,4,0)+VLOOKUP('תפוקה מצטברת מול אשתקד'!A30,'אלטשולר שחם'!A:G,4,0)+VLOOKUP('תפוקה מצטברת מול אשתקד'!A30,'מדיהו '!A:G,4,0)+VLOOKUP('תפוקה מצטברת מול אשתקד'!A30,'אנליסט '!A:G,4,0)+VLOOKUP('תפוקה מצטברת מול אשתקד'!A30,'מיטב דש'!A:G,4,0)+VLOOKUP('תפוקה מצטברת מול אשתקד'!A30,אינפניטי!A:G,4,0) -> 0 | I30: =VLOOKUP(A30,הכשרה!A:G,5,0)+VLOOKUP('תפוקה מצטברת מול אשתקד'!A30,מגדל!A:G,5,0)+VLOOKUP('תפוקה מצטברת מול אשתקד'!A30,מנורה!A:G,5,0)+VLOOKUP('תפוקה מצטברת מול אשתקד'!A30,איילון!A:G,5,0)+VLOOKUP('תפוקה מצטברת מול אשתקד'!A30,הראל!A:G,5,0)+VLOOKUP('תפוקה מצטברת מול אשתקד'!A30,הפניקס!A:G,5,0)+VLOOKUP('תפוקה מצטברת מול אשתקד'!A30,כלל!A:G,5,0)+VLOOKUP('תפוקה מצטברת מול אשתקד'!A30,מור!A:G,5,0)+VLOOKUP('תפוקה מצטברת מול אשתקד'!A30,'אלטשולר שחם'!A:G,5,0)+VLOOKUP('תפוקה מצטברת מול אשתקד'!A30,'מדיהו '!A:G,5,0)+VLOOKUP('תפוקה מצטברת מול אשתקד'!A30,'אנליסט '!A:G,5,0)+VLOOKUP('תפוקה מצטברת מול אשתקד'!A30,'מיטב דש'!A:G,5,0)+VLOOKUP('תפוקה מצטברת מול אשתקד'!A30,אינפניטי!A:G,5,0) -> 0 | J30: =VLOOKUP(A30,הכשרה!A:G,6,0)+VLOOKUP('תפוקה מצטברת מול אשתקד'!A30,מגדל!A:G,6,0)+VLOOKUP('תפוקה מצטברת מול אשתקד'!A30,מנורה!A:G,6,0)+VLOOKUP('תפוקה מצטברת מול אשתקד'!A30,איילון!A:G,6,0)+VLOOKUP(A30,הראל!A:G,6,0)+VLOOKUP('תפוקה מצטברת מול אשתקד'!A30,הפניקס!A:G,6,0)+VLOOKUP('תפוקה מצטברת מול אשתקד'!A30,כלל!A:G,6,0)+VLOOKUP('תפוקה מצטברת מול אשתקד'!A30,מור!A:G,6,0)+VLOOKUP('תפוקה מצטברת מול אשתקד'!A30,'אלטשולר שחם'!A:G,6,0)+VLOOKUP('תפוקה מצטברת מול אשתקד'!A30,'מדיהו '!A:G,6,0)+VLOOKUP('תפוקה מצטברת מול אשתקד'!A30,'אנליסט '!A:G,6,0)+VLOOKUP('תפוקה מצטברת מול אשתקד'!A30,'מיטב דש'!A:G,6,0)+VLOOKUP('תפוקה מצטברת מול אשתקד'!A30,אינפניטי!A:G,6,0) -> 0 | K30: =VLOOKUP(A30,הכשרה!A:G,7,0)+VLOOKUP('תפוקה מצטברת מול אשתקד'!A30,מגדל!A:G,7,0)+VLOOKUP('תפוקה מצטברת מול אשתקד'!A30,מנורה!A:G,7,0)+VLOOKUP('תפוקה מצטברת מול אשתקד'!A30,איילון!A:G,7,0)+VLOOKUP('תפוקה מצטברת מול אשתקד'!A30,הראל!A:G,7,0)+VLOOKUP('תפוקה מצטברת מול אשתקד'!A30,הפניקס!A:G,7,0)+VLOOKUP('תפוקה מצטברת מול אשתקד'!A30,כלל!A:G,7,0)+VLOOKUP('תפוקה מצטברת מול אשתקד'!A30,מור!A:G,7,0)+VLOOKUP('תפוקה מצטברת מול אשתקד'!A30,'אלטשולר שחם'!A:G,7,0)+VLOOKUP('תפוקה מצטברת מול אשתקד'!A30,'מדיהו '!A:K,7,0)+VLOOKUP(A30,'אנליסט '!A:G,7,0)+VLOOKUP('תפוקה מצטברת מול אשתקד'!A30,'מיטב דש'!A:G,7,0)+VLOOKUP('תפוקה מצטברת מול אשתקד'!A30,אינפניטי!A:G,7,0) -> 0 | L30: =VLOOKUP(A30,הכשרה!A:K,8,0)+VLOOKUP('תפוקה מצטברת מול אשתקד'!A30,מגדל!A:K,8,0)+VLOOKUP('תפוקה מצטברת מול אשתקד'!A30,מנורה!A:K,8,0)+VLOOKUP('תפוקה מצטברת מול אשתקד'!A30,איילון!A:K,8,0)+VLOOKUP('תפוקה מצטברת מול אשתקד'!A30,הראל!A:K,8,0)+VLOOKUP('תפוקה מצטברת מול אשתקד'!A30,הפניקס!A:K,8,0)+VLOOKUP('תפוקה מצטברת מול אשתקד'!A30,כלל!A:K,8,0)+VLOOKUP('תפוקה מצטברת מול אשתקד'!A30,מור!A:K,8,0)+VLOOKUP('תפוקה מצטברת מול אשתקד'!A30,'אלטשולר שחם'!A:K,8,0)+VLOOKUP('תפוקה מצטברת מול אשתקד'!A30,'מדיהו '!A:K,8,0)+VLOOKUP('תפוקה מצטברת מול אשתקד'!A30,'אנליסט '!A:K,8,0)+VLOOKUP('תפוקה מצטברת מול אשתקד'!A30,'מיטב דש'!A:K,8,0)+VLOOKUP('תפוקה מצטברת מול אשתקד'!A30,אינפניטי!A:K,8,0) -> 0 | M30: =VLOOKUP(A30,הכשרה!A:K,9,0)+VLOOKUP('תפוקה מצטברת מול אשתקד'!A30,מגדל!A:K,9,0)+VLOOKUP('תפוקה מצטברת מול אשתקד'!A30,מנורה!A:K,9,0)+VLOOKUP('תפוקה מצטברת מול אשתקד'!A30,איילון!A:K,9,0)+VLOOKUP('תפוקה מצטברת מול אשתקד'!A30,הראל!A:K,9,0)+VLOOKUP('תפוקה מצטברת מול אשתקד'!A30,הפניקס!A:K,9,0)+VLOOKUP('תפוקה מצטברת מול אשתקד'!A30,כלל!A:K,9,0)+VLOOKUP('תפוקה מצטברת מול אשתקד'!A30,מור!A:K,9,0)+VLOOKUP('תפוקה מצטברת מול אשתקד'!A30,'אלטשולר שחם'!A:K,9,0)+VLOOKUP('תפוקה מצטברת מול אשתקד'!A30,'מדיהו '!A:K,9,0)+VLOOKUP('תפוקה מצטברת מול אשתקד'!A30,'אנליסט '!A:K,9,0)+VLOOKUP('תפוקה מצטברת מול אשתקד'!A30,'מיטב דש'!A:K,9,0)+VLOOKUP('תפוקה מצטברת מול אשתקד'!A30,אינפניטי!A:K,9,0) -> 7.82 | N30: =VLOOKUP(A30,הכשרה!A:K,10,0)+VLOOKUP('תפוקה מצטברת מול אשתקד'!A30,מגדל!A:K,10,0)+VLOOKUP('תפוקה מצטברת מול אשתקד'!A30,מנורה!A:K,10,0)+VLOOKUP('תפוקה מצטברת מול אשתקד'!A30,איילון!A:K,10,0)+VLOOKUP('תפוקה מצטברת מול אשתקד'!A30,הראל!A:K,10,0)+VLOOKUP('תפוקה מצטברת מול אשתקד'!A30,הפניקס!A:K,10,0)+VLOOKUP('תפוקה מצטברת מול אשתקד'!A30,כלל!A:K,10,0)+VLOOKUP('תפוקה מצטברת מול אשתקד'!A30,מור!A:K,10,0)+VLOOKUP('תפוקה מצטברת מול אשתקד'!A30,'אלטשולר שחם'!A:K,10,0)+VLOOKUP('תפוקה מצטברת מול אשתקד'!A30,'מדיהו '!A:K,10,0)+VLOOKUP('תפוקה מצטברת מול אשתקד'!A30,'אנליסט '!A:K,10,0)+VLOOKUP('תפוקה מצטברת מול אשתקד'!A30,'מיטב דש'!A:K,10,0)+VLOOKUP('תפוקה מצטברת מול אשתקד'!A30,אינפניטי!A:K,10,0) -> 0 | O30: =VLOOKUP(A30,הכשרה!A:K,11,0)+VLOOKUP('תפוקה מצטברת מול אשתקד'!A30,מגדל!A:K,11,0)+VLOOKUP('תפוקה מצטברת מול אשתקד'!A30,מנורה!A:K,11,0)+VLOOKUP('תפוקה מצטברת מול אשתקד'!A30,איילון!A:K,11,0)+VLOOKUP('תפוקה מצטברת מול אשתקד'!A30,הראל!A:K,11,0)+VLOOKUP('תפוקה מצטברת מול אשתקד'!A30,הפניקס!A:K,11,0)+VLOOKUP('תפוקה מצטברת מול אשתקד'!A30,כלל!A:K,11,0)+VLOOKUP('תפוקה מצטברת מול אשתקד'!A30,מור!A:K,11,0)+VLOOKUP('תפוקה מצטברת מול אשתקד'!A30,'אלטשולר שחם'!A:K,11,0)+VLOOKUP('תפוקה מצטברת מול אשתקד'!A30,'מדיהו '!A:K,11,0)+VLOOKUP('תפוקה מצטברת מול אשתקד'!A30,'אנליסט '!A:K,11,0)+VLOOKUP('תפוקה מצטברת מול אשתקד'!A30,'מיטב דש'!A:K,11,0)+VLOOKUP('תפוקה מצטברת מול אשתקד'!A30,אינפניטי!A:K,11,0) -> 0
A31: סמיר בלאן | B31: ערן גירוני | C31: סוכנים | D31: =IF(H31=0,0%,IF(L31=0,100%,H31/L31-1)) -> -4.0312845 | E31: =IF(I31=0,0%,IF(M31=0,100%,I31/M31-1)) -> 0 | F31: =IF(J31=0,0%,IF(N31=0,100%,J31/N31-1)) -> 0 | G31: =IF(K31=0,0%,IF(O31=H46,100%,K31/O31-1)) -> 0 | H31: =VLOOKUP(A31,הכשרה!A:G,4,0)+VLOOKUP('תפוקה מצטברת מול אשתקד'!A31,מגדל!A:G,4,0)+VLOOKUP('תפוקה מצטברת מול אשתקד'!A31,מנורה!A:G,4,0)+VLOOKUP('תפוקה מצטברת מול אשתקד'!A31,איילון!A:G,4,0)+VLOOKUP('תפוקה מצטברת מול אשתקד'!A31,הראל!A:G,4,0)+VLOOKUP('תפוקה מצטברת מול אשתקד'!A31,הפניקס!A:G,4,0)+VLOOKUP('תפוקה מצטברת מול אשתקד'!A31,כלל!A:G,4,0)+VLOOKUP('תפוקה מצטברת מול אשתקד'!A31,מור!A:G,4,0)+VLOOKUP('תפוקה מצטברת מול אשתקד'!A31,'אלטשולר שחם'!A:G,4,0)+VLOOKUP('תפוקה מצטברת מול אשתקד'!A31,'מדיהו '!A:G,4,0)+VLOOKUP('תפוקה מצטברת מול אשתקד'!A31,'אנליסט '!A:G,4,0)+VLOOKUP('תפוקה מצטברת מול אשתקד'!A31,'מיטב דש'!A:G,4,0)+VLOOKUP('תפוקה מצטברת מול אשתקד'!A31,אינפניטי!A:G,4,0) -> -109126.24 | I31: =VLOOKUP(A31,הכשרה!A:G,5,0)+VLOOKUP('תפוקה מצטברת מול אשתקד'!A31,מגדל!A:G,5,0)+VLOOKUP('תפוקה מצטברת מול אשתקד'!A31,מנורה!A:G,5,0)+VLOOKUP('תפוקה מצטברת מול אשתקד'!A31,איילון!A:G,5,0)+VLOOKUP('תפוקה מצטברת מול אשתקד'!A31,הראל!A:G,5,0)+VLOOKUP('תפוקה מצטברת מול אשתקד'!A31,הפניקס!A:G,5,0)+VLOOKUP('תפוקה מצטברת מול אשתקד'!A31,כלל!A:G,5,0)+VLOOKUP('תפוקה מצטברת מול אשתקד'!A31,מור!A:G,5,0)+VLOOKUP('תפוקה מצטברת מול אשתקד'!A31,'אלטשולר שחם'!A:G,5,0)+VLOOKUP('תפוקה מצטברת מול אשתקד'!A31,'מדיהו '!A:G,5,0)+VLOOKUP('תפוקה מצטברת מול אשתקד'!A31,'אנליסט '!A:G,5,0)+VLOOKUP('תפוקה מצטברת מול אשתקד'!A31,'מיטב דש'!A:G,5,0)+VLOOKUP('תפוקה מצטברת מול אשתקד'!A31,אינפניטי!A:G,5,0) -> 0 | J31: =VLOOKUP(A31,הכשרה!A:G,6,0)+VLOOKUP('תפוקה מצטברת מול אשתקד'!A31,מגדל!A:G,6,0)+VLOOKUP('תפוקה מצטברת מול אשתקד'!A31,מנורה!A:G,6,0)+VLOOKUP('תפוקה מצטברת מול אשתקד'!A31,איילון!A:G,6,0)+VLOOKUP(A31,הראל!A:G,6,0)+VLOOKUP('תפוקה מצטברת מול אשתקד'!A31,הפניקס!A:G,6,0)+VLOOKUP('תפוקה מצטברת מול אשתקד'!A31,כלל!A:G,6,0)+VLOOKUP('תפוקה מצטברת מול אשתקד'!A31,מור!A:G,6,0)+VLOOKUP('תפוקה מצטברת מול אשתקד'!A31,'אלטשולר שחם'!A:G,6,0)+VLOOKUP('תפוקה מצטברת מול אשתקד'!A31,'מדיהו '!A:G,6,0)+VLOOKUP('תפוקה מצטברת מול אשתקד'!A31,'אנליסט '!A:G,6,0)+VLOOKUP('תפוקה מצטברת מול אשתקד'!A31,'מיטב דש'!A:G,6,0)+VLOOKUP('תפוקה מצטברת מול אשתקד'!A31,אינפניטי!A:G,6,0) -> 0 | K31: =VLOOKUP(A31,הכשרה!A:G,7,0)+VLOOKUP('תפוקה מצטברת מול אשתקד'!A31,מגדל!A:G,7,0)+VLOOKUP('תפוקה מצטברת מול אשתקד'!A31,מנורה!A:G,7,0)+VLOOKUP('תפוקה מצטברת מול אשתקד'!A31,איילון!A:G,7,0)+VLOOKUP('תפוקה מצטברת מול אשתקד'!A31,הראל!A:G,7,0)+VLOOKUP('תפוקה מצטברת מול אשתקד'!A31,הפניקס!A:G,7,0)+VLOOKUP('תפוקה מצטברת מול אשתקד'!A31,כלל!A:G,7,0)+VLOOKUP('תפוקה מצטברת מול אשתקד'!A31,מור!A:G,7,0)+VLOOKUP('תפוקה מצטברת מול אשתקד'!A31,'אלטשולר שחם'!A:G,7,0)+VLOOKUP('תפוקה מצטברת מול אשתקד'!A31,'מדיהו '!A:K,7,0)+VLOOKUP(A31,'אנליסט '!A:G,7,0)+VLOOKUP('תפוקה מצטברת מול אשתקד'!A31,'מיטב דש'!A:G,7,0)+VLOOKUP('תפוקה מצטברת מול אשתקד'!A31,אינפניטי!A:G,7,0) -> 0 | L31: =VLOOKUP(A31,הכשרה!A:K,8,0)+VLOOKUP('תפוקה מצטברת מול אשתקד'!A31,מגדל!A:K,8,0)+VLOOKUP('תפוקה מצטברת מול אשתקד'!A31,מנורה!A:K,8,0)+VLOOKUP('תפוקה מצטברת מול אשתקד'!A31,איילון!A:K,8,0)+VLOOKUP('תפוקה מצטברת מול אשתקד'!A31,הראל!A:K,8,0)+VLOOKUP('תפוקה מצטברת מול אשתקד'!A31,הפניקס!A:K,8,0)+VLOOKUP('תפוקה מצטברת מול אשתקד'!A31,כלל!A:K,8,0)+VLOOKUP('תפוקה מצטברת מול אשתקד'!A31,מור!A:K,8,0)+VLOOKUP('תפוקה מצטברת מול אשתקד'!A31,'אלטשולר שחם'!A:K,8,0)+VLOOKUP('תפוקה מצטברת מול אשתקד'!A31,'מדיהו '!A:K,8,0)+VLOOKUP('תפוקה מצטברת מול אשתקד'!A31,'אנליסט '!A:K,8,0)+VLOOKUP('תפוקה מצטברת מול אשתקד'!A31,'מיטב דש'!A:K,8,0)+VLOOKUP('תפוקה מצטברת מול אשתקד'!A31,אינפניטי!A:K,8,0) -> 36000 | M31: =VLOOKUP(A31,הכשרה!A:K,9,0)+VLOOKUP('תפוקה מצטברת מול אשתקד'!A31,מגדל!A:K,9,0)+VLOOKUP('תפוקה מצטברת מול אשתקד'!A31,מנורה!A:K,9,0)+VLOOKUP('תפוקה מצטברת מול אשתקד'!A31,איילון!A:K,9,0)+VLOOKUP('תפוקה מצטברת מול אשתקד'!A31,הראל!A:K,9,0)+VLOOKUP('תפוקה מצטברת מול אשתקד'!A31,הפניקס!A:K,9,0)+VLOOKUP('תפוקה מצטברת מול אשתקד'!A31,כלל!A:K,9,0)+VLOOKUP('תפוקה מצטברת מול אשתקד'!A31,מור!A:K,9,0)+VLOOKUP('תפוקה מצטברת מול אשתקד'!A31,'אלטשולר שחם'!A:K,9,0)+VLOOKUP('תפוקה מצטברת מול אשתקד'!A31,'מדיהו '!A:K,9,0)+VLOOKUP('תפוקה מצטברת מול אשתקד'!A31,'אנליסט '!A:K,9,0)+VLOOKUP('תפוקה מצטברת מול אשתקד'!A31,'מיטב דש'!A:K,9,0)+VLOOKUP('תפוקה מצטברת מול אשתקד'!A31,אינפניטי!A:K,9,0) -> 2397.5 | N31: =VLOOKUP(A31,הכשרה!A:K,10,0)+VLOOKUP('תפוקה מצטברת מול אשתקד'!A31,מגדל!A:K,10,0)+VLOOKUP('תפוקה מצטברת מול אשתקד'!A31,מנורה!A:K,10,0)+VLOOKUP('תפוקה מצטברת מול אשתקד'!A31,איילון!A:K,10,0)+VLOOKUP('תפוקה מצטברת מול אשתקד'!A31,הראל!A:K,10,0)+VLOOKUP('תפוקה מצטברת מול אשתקד'!A31,הפניקס!A:K,10,0)+VLOOKUP('תפוקה מצטברת מול אשתקד'!A31,כלל!A:K,10,0)+VLOOKUP('תפוקה מצטברת מול אשתקד'!A31,מור!A:K,10,0)+VLOOKUP('תפוקה מצטברת מול אשתקד'!A31,'אלטשולר שחם'!A:K,10,0)+VLOOKUP('תפוקה מצטברת מול אשתקד'!A31,'מדיהו '!A:K,10,0)+VLOOKUP('תפוקה מצטברת מול אשתקד'!A31,'אנליסט '!A:K,10,0)+VLOOKUP('תפוקה מצטברת מול אשתקד'!A31,'מיטב דש'!A:K,10,0)+VLOOKUP('תפוקה מצטברת מול אשתקד'!A31,אינפניטי!A:K,10,0) -> 42546.799 | O31: =VLOOKUP(A31,הכשרה!A:K,11,0)+VLOOKUP('תפוקה מצטברת מול אשתקד'!A31,מגדל!A:K,11,0)+VLOOKUP('תפוקה מצטברת מול אשתקד'!A31,מנורה!A:K,11,0)+VLOOKUP('תפוקה מצטברת מול אשתקד'!A31,איילון!A:K,11,0)+VLOOKUP('תפוקה מצטברת מול אשתקד'!A31,הראל!A:K,11,0)+VLOOKUP('תפוקה מצטברת מול אשתקד'!A31,הפניקס!A:K,11,0)+VLOOKUP('תפוקה מצטברת מול אשתקד'!A31,כלל!A:K,11,0)+VLOOKUP('תפוקה מצטברת מול אשתקד'!A31,מור!A:K,11,0)+VLOOKUP('תפוקה מצטברת מול אשתקד'!A31,'אלטשולר שחם'!A:K,11,0)+VLOOKUP('תפוקה מצטברת מול אשתקד'!A31,'מדיהו '!A:K,11,0)+VLOOKUP('תפוקה מצטברת מול אשתקד'!A31,'אנליסט '!A:K,11,0)+VLOOKUP('תפוקה מצטברת מול אשתקד'!A31,'מיטב דש'!A:K,11,0)+VLOOKUP('תפוקה מצטברת מול אשתקד'!A31,אינפניטי!A:K,11,0) -> 0
A32: רן בסין | B32: ערן גירוני | C32: סוכנים | D32: =IF(H32=0,0%,IF(L32=0,100%,H32/L32-1)) -> 0 | E32: =IF(I32=0,0%,IF(M32=0,100%,I32/M32-1)) -> 0 | F32: =IF(J32=0,0%,IF(N32=0,100%,J32/N32-1)) -> 0 | G32: =IF(K32=0,0%,IF(O32=H59,100%,K32/O32-1)) -> 0 | H32: =VLOOKUP(A32,הכשרה!A:G,4,0)+VLOOKUP('תפוקה מצטברת מול אשתקד'!A32,מגדל!A:G,4,0)+VLOOKUP('תפוקה מצטברת מול אשתקד'!A32,מנורה!A:G,4,0)+VLOOKUP('תפוקה מצטברת מול אשתקד'!A32,איילון!A:G,4,0)+VLOOKUP('תפוקה מצטברת מול אשתקד'!A32,הראל!A:G,4,0)+VLOOKUP('תפוקה מצטברת מול אשתקד'!A32,הפניקס!A:G,4,0)+VLOOKUP('תפוקה מצטברת מול אשתקד'!A32,כלל!A:G,4,0)+VLOOKUP('תפוקה מצטברת מול אשתקד'!A32,מור!A:G,4,0)+VLOOKUP('תפוקה מצטברת מול אשתקד'!A32,'אלטשולר שחם'!A:G,4,0)+VLOOKUP('תפוקה מצטברת מול אשתקד'!A32,'מדיהו '!A:G,4,0)+VLOOKUP('תפוקה מצטברת מול אשתקד'!A32,'אנליסט '!A:G,4,0)+VLOOKUP('תפוקה מצטברת מול אשתקד'!A32,'מיטב דש'!A:G,4,0)+VLOOKUP('תפוקה מצטברת מול אשתקד'!A32,אינפניטי!A:G,4,0) -> 0 | I32: =VLOOKUP(A32,הכשרה!A:G,5,0)+VLOOKUP('תפוקה מצטברת מול אשתקד'!A32,מגדל!A:G,5,0)+VLOOKUP('תפוקה מצטברת מול אשתקד'!A32,מנורה!A:G,5,0)+VLOOKUP('תפוקה מצטברת מול אשתקד'!A32,איילון!A:G,5,0)+VLOOKUP('תפוקה מצטברת מול אשתקד'!A32,הראל!A:G,5,0)+VLOOKUP('תפוקה מצטברת מול אשתקד'!A32,הפניקס!A:G,5,0)+VLOOKUP('תפוקה מצטברת מול אשתקד'!A32,כלל!A:G,5,0)+VLOOKUP('תפוקה מצטברת מול אשתקד'!A32,מור!A:G,5,0)+VLOOKUP('תפוקה מצטברת מול אשתקד'!A32,'אלטשולר שחם'!A:G,5,0)+VLOOKUP('תפוקה מצטברת מול אשתקד'!A32,'מדיהו '!A:G,5,0)+VLOOKUP('תפוקה מצטברת מול אשתקד'!A32,'אנליסט '!A:G,5,0)+VLOOKUP('תפוקה מצטברת מול אשתקד'!A32,'מיטב דש'!A:G,5,0)+VLOOKUP('תפוקה מצטברת מול אשתקד'!A32,אינפניטי!A:G,5,0) -> 0 | J32: =VLOOKUP(A32,הכשרה!A:G,6,0)+VLOOKUP('תפוקה מצטברת מול אשתקד'!A32,מגדל!A:G,6,0)+VLOOKUP('תפוקה מצטברת מול אשתקד'!A32,מנורה!A:G,6,0)+VLOOKUP('תפוקה מצטברת מול אשתקד'!A32,איילון!A:G,6,0)+VLOOKUP(A32,הראל!A:G,6,0)+VLOOKUP('תפוקה מצטברת מול אשתקד'!A32,הפניקס!A:G,6,0)+VLOOKUP('תפוקה מצטברת מול אשתקד'!A32,כלל!A:G,6,0)+VLOOKUP('תפוקה מצטברת מול אשתקד'!A32,מור!A:G,6,0)+VLOOKUP('תפוקה מצטברת מול אשתקד'!A32,'אלטשולר שחם'!A:G,6,0)+VLOOKUP('תפוקה מצטברת מול אשתקד'!A32,'מדיהו '!A:G,6,0)+VLOOKUP('תפוקה מצטברת מול אשתקד'!A32,'אנליסט '!A:G,6,0)+VLOOKUP('תפוקה מצטברת מול אשתקד'!A32,'מיטב דש'!A:G,6,0)+VLOOKUP('תפוקה מצטברת מול אשתקד'!A32,אינפניטי!A:G,6,0) -> 0 | K32: =VLOOKUP(A32,הכשרה!A:G,7,0)+VLOOKUP('תפוקה מצטברת מול אשתקד'!A32,מגדל!A:G,7,0)+VLOOKUP('תפוקה מצטברת מול אשתקד'!A32,מנורה!A:G,7,0)+VLOOKUP('תפוקה מצטברת מול אשתקד'!A32,איילון!A:G,7,0)+VLOOKUP('תפוקה מצטברת מול אשתקד'!A32,הראל!A:G,7,0)+VLOOKUP('תפוקה מצטברת מול אשתקד'!A32,הפניקס!A:G,7,0)+VLOOKUP('תפוקה מצטברת מול אשתקד'!A32,כלל!A:G,7,0)+VLOOKUP('תפוקה מצטברת מול אשתקד'!A32,מור!A:G,7,0)+VLOOKUP('תפוקה מצטברת מול אשתקד'!A32,'אלטשולר שחם'!A:G,7,0)+VLOOKUP('תפוקה מצטברת מול אשתקד'!A32,'מדיהו '!A:K,7,0)+VLOOKUP(A32,'אנליסט '!A:G,7,0)+VLOOKUP('תפוקה מצטברת מול אשתקד'!A32,'מיטב דש'!A:G,7,0)+VLOOKUP('תפוקה מצטברת מול אשתקד'!A32,אינפניטי!A:G,7,0) -> 0 | L32: =VLOOKUP(A32,הכשרה!A:K,8,0)+VLOOKUP('תפוקה מצטברת מול אשתקד'!A32,מגדל!A:K,8,0)+VLOOKUP('תפוקה מצטברת מול אשתקד'!A32,מנורה!A:K,8,0)+VLOOKUP('תפוקה מצטברת מול אשתקד'!A32,איילון!A:K,8,0)+VLOOKUP('תפוקה מצטברת מול אשתקד'!A32,הראל!A:K,8,0)+VLOOKUP('תפוקה מצטברת מול אשתקד'!A32,הפניקס!A:K,8,0)+VLOOKUP('תפוקה מצטברת מול אשתקד'!A32,כלל!A:K,8,0)+VLOOKUP('תפוקה מצטברת מול אשתקד'!A32,מור!A:K,8,0)+VLOOKUP('תפוקה מצטברת מול אשתקד'!A32,'אלטשולר שחם'!A:K,8,0)+VLOOKUP('תפוקה מצטברת מול אשתקד'!A32,'מדיהו '!A:K,8,0)+VLOOKUP('תפוקה מצטברת מול אשתקד'!A32,'אנליסט '!A:K,8,0)+VLOOKUP('תפוקה מצטברת מול אשתקד'!A32,'מיטב דש'!A:K,8,0)+VLOOKUP('תפוקה מצטברת מול אשתקד'!A32,אינפניטי!A:K,8,0) -> 0 | M32: =VLOOKUP(A32,הכשרה!A:K,9,0)+VLOOKUP('תפוקה מצטברת מול אשתקד'!A32,מגדל!A:K,9,0)+VLOOKUP('תפוקה מצטברת מול אשתקד'!A32,מנורה!A:K,9,0)+VLOOKUP('תפוקה מצטברת מול אשתקד'!A32,איילון!A:K,9,0)+VLOOKUP('תפוקה מצטברת מול אשתקד'!A32,הראל!A:K,9,0)+VLOOKUP('תפוקה מצטברת מול אשתקד'!A32,הפניקס!A:K,9,0)+VLOOKUP('תפוקה מצטברת מול אשתקד'!A32,כלל!A:K,9,0)+VLOOKUP('תפוקה מצטברת מול אשתקד'!A32,מור!A:K,9,0)+VLOOKUP('תפוקה מצטברת מול אשתקד'!A32,'אלטשולר שחם'!A:K,9,0)+VLOOKUP('תפוקה מצטברת מול אשתקד'!A32,'מדיהו '!A:K,9,0)+VLOOKUP('תפוקה מצטברת מול אשתקד'!A32,'אנליסט '!A:K,9,0)+VLOOKUP('תפוקה מצטברת מול אשתקד'!A32,'מיטב דש'!A:K,9,0)+VLOOKUP('תפוקה מצטברת מול אשתקד'!A32,אינפניטי!A:K,9,0) -> -1685.5731 | N32: =VLOOKUP(A32,הכשרה!A:K,10,0)+VLOOKUP('תפוקה מצטברת מול אשתקד'!A32,מגדל!A:K,10,0)+VLOOKUP('תפוקה מצטברת מול אשתקד'!A32,מנורה!A:K,10,0)+VLOOKUP('תפוקה מצטברת מול אשתקד'!A32,איילון!A:K,10,0)+VLOOKUP('תפוקה מצטברת מול אשתקד'!A32,הראל!A:K,10,0)+VLOOKUP('תפוקה מצטברת מול אשתקד'!A32,הפניקס!A:K,10,0)+VLOOKUP('תפוקה מצטברת מול אשתקד'!A32,כלל!A:K,10,0)+VLOOKUP('תפוקה מצטברת מול אשתקד'!A32,מור!A:K,10,0)+VLOOKUP('תפוקה מצטברת מול אשתקד'!A32,'אלטשולר שחם'!A:K,10,0)+VLOOKUP('תפוקה מצטברת מול אשתקד'!A32,'מדיהו '!A:K,10,0)+VLOOKUP('תפוקה מצטברת מול אשתקד'!A32,'אנליסט '!A:K,10,0)+VLOOKUP('תפוקה מצטברת מול אשתקד'!A32,'מיטב דש'!A:K,10,0)+VLOOKUP('תפוקה מצטברת מול אשתקד'!A32,אינפניטי!A:K,10,0) -> 0 | O32: =VLOOKUP(A32,הכשרה!A:K,11,0)+VLOOKUP('תפוקה מצטברת מול אשתקד'!A32,מגדל!A:K,11,0)+VLOOKUP('תפוקה מצטברת מול אשתקד'!A32,מנורה!A:K,11,0)+VLOOKUP('תפוקה מצטברת מול אשתקד'!A32,איילון!A:K,11,0)+VLOOKUP('תפוקה מצטברת מול אשתקד'!A32,הראל!A:K,11,0)+VLOOKUP('תפוקה מצטברת מול אשתקד'!A32,הפניקס!A:K,11,0)+VLOOKUP('תפוקה מצטברת מול אשתקד'!A32,כלל!A:K,11,0)+VLOOKUP('תפוקה מצטברת מול אשתקד'!A32,מור!A:K,11,0)+VLOOKUP('תפוקה מצטברת מול אשתקד'!A32,'אלטשולר שחם'!A:K,11,0)+VLOOKUP('תפוקה מצטברת מול אשתקד'!A32,'מדיהו '!A:K,11,0)+VLOOKUP('תפוקה מצטברת מול אשתקד'!A32,'אנליסט '!A:K,11,0)+VLOOKUP('תפוקה מצטברת מול אשתקד'!A32,'מיטב דש'!A:K,11,0)+VLOOKUP('תפוקה מצטברת מול אשתקד'!A32,אינפניטי!A:K,11,0) -> 0
A33: אלקרינאוי ראוף | B33: ערן גירוני | C33: סוכנים | D33: =IF(H33=0,0%,IF(L33=0,100%,H33/L33-1)) -> 0 | E33: =IF(I33=0,0%,IF(M33=0,100%,I33/M33-1)) -> 0 | F33: =IF(J33=0,0%,IF(N33=0,100%,J33/N33-1)) -> 0 | G33: =IF(K33=0,0%,IF(O33=H48,100%,K33/O33-1)) -> 0 | H33: =VLOOKUP(A33,הכשרה!A:G,4,0)+VLOOKUP('תפוקה מצטברת מול אשתקד'!A33,מגדל!A:G,4,0)+VLOOKUP('תפוקה מצטברת מול אשתקד'!A33,מנורה!A:G,4,0)+VLOOKUP('תפוקה מצטברת מול אשתקד'!A33,איילון!A:G,4,0)+VLOOKUP('תפוקה מצטברת מול אשתקד'!A33,הראל!A:G,4,0)+VLOOKUP('תפוקה מצטברת מול אשתקד'!A33,הפניקס!A:G,4,0)+VLOOKUP('תפוקה מצטברת מול אשתקד'!A33,כלל!A:G,4,0)+VLOOKUP('תפוקה מצטברת מול אשתקד'!A33,מור!A:G,4,0)+VLOOKUP('תפוקה מצטברת מול אשתקד'!A33,'אלטשולר שחם'!A:G,4,0)+VLOOKUP('תפוקה מצטברת מול אשתקד'!A33,'מדיהו '!A:G,4,0)+VLOOKUP('תפוקה מצטברת מול אשתקד'!A33,'אנליסט '!A:G,4,0)+VLOOKUP('תפוקה מצטברת מול אשתקד'!A33,'מיטב דש'!A:G,4,0)+VLOOKUP('תפוקה מצטברת מול אשתקד'!A33,אינפניטי!A:G,4,0) -> 0 | I33: =VLOOKUP(A33,הכשרה!A:G,5,0)+VLOOKUP('תפוקה מצטברת מול אשתקד'!A33,מגדל!A:G,5,0)+VLOOKUP('תפוקה מצטברת מול אשתקד'!A33,מנורה!A:G,5,0)+VLOOKUP('תפוקה מצטברת מול אשתקד'!A33,איילון!A:G,5,0)+VLOOKUP('תפוקה מצטברת מול אשתקד'!A33,הראל!A:G,5,0)+VLOOKUP('תפוקה מצטברת מול אשתקד'!A33,הפניקס!A:G,5,0)+VLOOKUP('תפוקה מצטברת מול אשתקד'!A33,כלל!A:G,5,0)+VLOOKUP('תפוקה מצטברת מול אשתקד'!A33,מור!A:G,5,0)+VLOOKUP('תפוקה מצטברת מול אשתקד'!A33,'אלטשולר שחם'!A:G,5,0)+VLOOKUP('תפוקה מצטברת מול אשתקד'!A33,'מדיהו '!A:G,5,0)+VLOOKUP('תפוקה מצטברת מול אשתקד'!A33,'אנליסט '!A:G,5,0)+VLOOKUP('תפוקה מצטברת מול אשתקד'!A33,'מיטב דש'!A:G,5,0)+VLOOKUP('תפוקה מצטברת מול אשתקד'!A33,אינפניטי!A:G,5,0) -> 0 | J33: =VLOOKUP(A33,הכשרה!A:G,6,0)+VLOOKUP('תפוקה מצטברת מול אשתקד'!A33,מגדל!A:G,6,0)+VLOOKUP('תפוקה מצטברת מול אשתקד'!A33,מנורה!A:G,6,0)+VLOOKUP('תפוקה מצטברת מול אשתקד'!A33,איילון!A:G,6,0)+VLOOKUP(A33,הראל!A:G,6,0)+VLOOKUP('תפוקה מצטברת מול אשתקד'!A33,הפניקס!A:G,6,0)+VLOOKUP('תפוקה מצטברת מול אשתקד'!A33,כלל!A:G,6,0)+VLOOKUP('תפוקה מצטברת מול אשתקד'!A33,מור!A:G,6,0)+VLOOKUP('תפוקה מצטברת מול אשתקד'!A33,'אלטשולר שחם'!A:G,6,0)+VLOOKUP('תפוקה מצטברת מול אשתקד'!A33,'מדיהו '!A:G,6,0)+VLOOKUP('תפוקה מצטברת מול אשתקד'!A33,'אנליסט '!A:G,6,0)+VLOOKUP('תפוקה מצטברת מול אשתקד'!A33,'מיטב דש'!A:G,6,0)+VLOOKUP('תפוקה מצטברת מול אשתקד'!A33,אינפניטי!A:G,6,0) -> 0 | K33: =VLOOKUP(A33,הכשרה!A:G,7,0)+VLOOKUP('תפוקה מצטברת מול אשתקד'!A33,מגדל!A:G,7,0)+VLOOKUP('תפוקה מצטברת מול אשתקד'!A33,מנורה!A:G,7,0)+VLOOKUP('תפוקה מצטברת מול אשתקד'!A33,איילון!A:G,7,0)+VLOOKUP('תפוקה מצטברת מול אשתקד'!A33,הראל!A:G,7,0)+VLOOKUP('תפוקה מצטברת מול אשתקד'!A33,הפניקס!A:G,7,0)+VLOOKUP('תפוקה מצטברת מול אשתקד'!A33,כלל!A:G,7,0)+VLOOKUP('תפוקה מצטברת מול אשתקד'!A33,מור!A:G,7,0)+VLOOKUP('תפוקה מצטברת מול אשתקד'!A33,'אלטשולר שחם'!A:G,7,0)+VLOOKUP('תפוקה מצטברת מול אשתקד'!A33,'מדיהו '!A:K,7,0)+VLOOKUP(A33,'אנליסט '!A:G,7,0)+VLOOKUP('תפוקה מצטברת מול אשתקד'!A33,'מיטב דש'!A:G,7,0)+VLOOKUP('תפוקה מצטברת מול אשתקד'!A33,אינפניטי!A:G,7,0) -> 0 | L33: =VLOOKUP(A33,הכשרה!A:K,8,0)+VLOOKUP('תפוקה מצטברת מול אשתקד'!A33,מגדל!A:K,8,0)+VLOOKUP('תפוקה מצטברת מול אשתקד'!A33,מנורה!A:K,8,0)+VLOOKUP('תפוקה מצטברת מול אשתקד'!A33,איילון!A:K,8,0)+VLOOKUP('תפוקה מצטברת מול אשתקד'!A33,הראל!A:K,8,0)+VLOOKUP('תפוקה מצטברת מול אשתקד'!A33,הפניקס!A:K,8,0)+VLOOKUP('תפוקה מצטברת מול אשתקד'!A33,כלל!A:K,8,0)+VLOOKUP('תפוקה מצטברת מול אשתקד'!A33,מור!A:K,8,0)+VLOOKUP('תפוקה מצטברת מול אשתקד'!A33,'אלטשולר שחם'!A:K,8,0)+VLOOKUP('תפוקה מצטברת מול אשתקד'!A33,'מדיהו '!A:K,8,0)+VLOOKUP('תפוקה מצטברת מול אשתקד'!A33,'אנליסט '!A:K,8,0)+VLOOKUP('תפוקה מצטברת מול אשתקד'!A33,'מיטב דש'!A:K,8,0)+VLOOKUP('תפוקה מצטברת מול אשתקד'!A33,אינפניטי!A:K,8,0) -> 0 | M33: =VLOOKUP(A33,הכשרה!A:K,9,0)+VLOOKUP('תפוקה מצטברת מול אשתקד'!A33,מגדל!A:K,9,0)+VLOOKUP('תפוקה מצטברת מול אשתקד'!A33,מנורה!A:K,9,0)+VLOOKUP('תפוקה מצטברת מול אשתקד'!A33,איילון!A:K,9,0)+VLOOKUP('תפוקה מצטברת מול אשתקד'!A33,הראל!A:K,9,0)+VLOOKUP('תפוקה מצטברת מול אשתקד'!A33,הפניקס!A:K,9,0)+VLOOKUP('תפוקה מצטברת מול אשתקד'!A33,כלל!A:K,9,0)+VLOOKUP('תפוקה מצטברת מול אשתקד'!A33,מור!A:K,9,0)+VLOOKUP('תפוקה מצטברת מול אשתקד'!A33,'אלטשולר שחם'!A:K,9,0)+VLOOKUP('תפוקה מצטברת מול אשתקד'!A33,'מדיהו '!A:K,9,0)+VLOOKUP('תפוקה מצטברת מול אשתקד'!A33,'אנליסט '!A:K,9,0)+VLOOKUP('תפוקה מצטברת מול אשתקד'!A33,'מיטב דש'!A:K,9,0)+VLOOKUP('תפוקה מצטברת מול אשתקד'!A33,אינפניטי!A:K,9,0) -> 0 | N33: =VLOOKUP(A33,הכשרה!A:K,10,0)+VLOOKUP('תפוקה מצטברת מול אשתקד'!A33,מגדל!A:K,10,0)+VLOOKUP('תפוקה מצטברת מול אשתקד'!A33,מנורה!A:K,10,0)+VLOOKUP('תפוקה מצטברת מול אשתקד'!A33,איילון!A:K,10,0)+VLOOKUP('תפוקה מצטברת מול אשתקד'!A33,הראל!A:K,10,0)+VLOOKUP('תפוקה מצטברת מול אשתקד'!A33,הפניקס!A:K,10,0)+VLOOKUP('תפוקה מצטברת מול אשתקד'!A33,כלל!A:K,10,0)+VLOOKUP('תפוקה מצטברת מול אשתקד'!A33,מור!A:K,10,0)+VLOOKUP('תפוקה מצטברת מול אשתקד'!A33,'אלטשולר שחם'!A:K,10,0)+VLOOKUP('תפוקה מצטברת מול אשתקד'!A33,'מדיהו '!A:K,10,0)+VLOOKUP('תפוקה מצטברת מול אשתקד'!A33,'אנליסט '!A:K,10,0)+VLOOKUP('תפוקה מצטברת מול אשתקד'!A33,'מיטב דש'!A:K,10,0)+VLOOKUP('תפוקה מצטברת מול אשתקד'!A33,אינפניטי!A:K,10,0) -> 0 | O33: =VLOOKUP(A33,הכשרה!A:K,11,0)+VLOOKUP('תפוקה מצטברת מול אשתקד'!A33,מגדל!A:K,11,0)+VLOOKUP('תפוקה מצטברת מול אשתקד'!A33,מנורה!A:K,11,0)+VLOOKUP('תפוקה מצטברת מול אשתקד'!A33,איילון!A:K,11,0)+VLOOKUP('תפוקה מצטברת מול אשתקד'!A33,הראל!A:K,11,0)+VLOOKUP('תפוקה מצטברת מול אשתקד'!A33,הפניקס!A:K,11,0)+VLOOKUP('תפוקה מצטברת מול אשתקד'!A33,כלל!A:K,11,0)+VLOOKUP('תפוקה מצטברת מול אשתקד'!A33,מור!A:K,11,0)+VLOOKUP('תפוקה מצטברת מול אשתקד'!A33,'אלטשולר שחם'!A:K,11,0)+VLOOKUP('תפוקה מצטברת מול אשתקד'!A33,'מדיהו '!A:K,11,0)+VLOOKUP('תפוקה מצטברת מול אשתקד'!A33,'אנליסט '!A:K,11,0)+VLOOKUP('תפוקה מצטברת מול אשתקד'!A33,'מיטב דש'!A:K,11,0)+VLOOKUP('תפוקה מצטברת מול אשתקד'!A33,אינפניטי!A:K,11,0) -> 0
A34: דאי גדי | B34: ערן גירוני | C34: סוכנים | D34: =IF(H34=0,0%,IF(L34=0,100%,H34/L34-1)) -> -0.29695684 | E34: =IF(I34=0,0%,IF(M34=0,100%,I34/M34-1)) -> -0.73228573 | F34: =IF(J34=0,0%,IF(N34=0,100%,J34/N34-1)) -> -0.76743971 | G34: =IF(K34=0,0%,IF(O34=H49,100%,K34/O34-1)) -> 0 | H34: =VLOOKUP(A34,הכשרה!A:G,4,0)+VLOOKUP('תפוקה מצטברת מול אשתקד'!A34,מגדל!A:G,4,0)+VLOOKUP('תפוקה מצטברת מול אשתקד'!A34,מנורה!A:G,4,0)+VLOOKUP('תפוקה מצטברת מול אשתקד'!A34,איילון!A:G,4,0)+VLOOKUP('תפוקה מצטברת מול אשתקד'!A34,הראל!A:G,4,0)+VLOOKUP('תפוקה מצטברת מול אשתקד'!A34,הפניקס!A:G,4,0)+VLOOKUP('תפוקה מצטברת מול אשתקד'!A34,כלל!A:G,4,0)+VLOOKUP('תפוקה מצטברת מול אשתקד'!A34,מור!A:G,4,0)+VLOOKUP('תפוקה מצטברת מול אשתקד'!A34,'אלטשולר שחם'!A:G,4,0)+VLOOKUP('תפוקה מצטברת מול אשתקד'!A34,'מדיהו '!A:G,4,0)+VLOOKUP('תפוקה מצטברת מול אשתקד'!A34,'אנליסט '!A:G,4,0)+VLOOKUP('תפוקה מצטברת מול אשתקד'!A34,'מיטב דש'!A:G,4,0)+VLOOKUP('תפוקה מצטברת מול אשתקד'!A34,אינפניטי!A:G,4,0) -> 450633.38 | I34: =VLOOKUP(A34,הכשרה!A:G,5,0)+VLOOKUP('תפוקה מצטברת מול אשתקד'!A34,מגדל!A:G,5,0)+VLOOKUP('תפוקה מצטברת מול אשתקד'!A34,מנורה!A:G,5,0)+VLOOKUP('תפוקה מצטברת מול אשתקד'!A34,איילון!A:G,5,0)+VLOOKUP('תפוקה מצטברת מול אשתקד'!A34,הראל!A:G,5,0)+VLOOKUP('תפוקה מצטברת מול אשתקד'!A34,הפניקס!A:G,5,0)+VLOOKUP('תפוקה מצטברת מול אשתקד'!A34,כלל!A:G,5,0)+VLOOKUP('תפוקה מצטברת מול אשתקד'!A34,מור!A:G,5,0)+VLOOKUP('תפוקה מצטברת מול אשתקד'!A34,'אלטשולר שחם'!A:G,5,0)+VLOOKUP('תפוקה מצטברת מול אשתקד'!A34,'מדיהו '!A:G,5,0)+VLOOKUP('תפוקה מצטברת מול אשתקד'!A34,'אנליסט '!A:G,5,0)+VLOOKUP('תפוקה מצטברת מול אשתקד'!A34,'מיטב דש'!A:G,5,0)+VLOOKUP('תפוקה מצטברת מול אשתקד'!A34,אינפניטי!A:G,5,0) -> 32875.392 | J34: =VLOOKUP(A34,הכשרה!A:G,6,0)+VLOOKUP('תפוקה מצטברת מול אשתקד'!A34,מגדל!A:G,6,0)+VLOOKUP('תפוקה מצטברת מול אשתקד'!A34,מנורה!A:G,6,0)+VLOOKUP('תפוקה מצטברת מול אשתקד'!A34,איילון!A:G,6,0)+VLOOKUP(A34,הראל!A:G,6,0)+VLOOKUP('תפוקה מצטברת מול אשתקד'!A34,הפניקס!A:G,6,0)+VLOOKUP('תפוקה מצטברת מול אשתקד'!A34,כלל!A:G,6,0)+VLOOKUP('תפוקה מצטברת מול אשתקד'!A34,מור!A:G,6,0)+VLOOKUP('תפוקה מצטברת מול אשתקד'!A34,'אלטשולר שחם'!A:G,6,0)+VLOOKUP('תפוקה מצטברת מול אשתקד'!A34,'מדיהו '!A:G,6,0)+VLOOKUP('תפוקה מצטברת מול אשתקד'!A34,'אנליסט '!A:G,6,0)+VLOOKUP('תפוקה מצטברת מול אשתקד'!A34,'מיטב דש'!A:G,6,0)+VLOOKUP('תפוקה מצטברת מול אשתקד'!A34,אינפניטי!A:G,6,0) -> 944037.61 | K34: =VLOOKUP(A34,הכשרה!A:G,7,0)+VLOOKUP('תפוקה מצטברת מול אשתקד'!A34,מגדל!A:G,7,0)+VLOOKUP('תפוקה מצטברת מול אשתקד'!A34,מנורה!A:G,7,0)+VLOOKUP('תפוקה מצטברת מול אשתקד'!A34,איילון!A:G,7,0)+VLOOKUP('תפוקה מצטברת מול אשתקד'!A34,הראל!A:G,7,0)+VLOOKUP('תפוקה מצטברת מול אשתקד'!A34,הפניקס!A:G,7,0)+VLOOKUP('תפוקה מצטברת מול אשתקד'!A34,כלל!A:G,7,0)+VLOOKUP('תפוקה מצטברת מול אשתקד'!A34,מור!A:G,7,0)+VLOOKUP('תפוקה מצטברת מול אשתקד'!A34,'אלטשולר שחם'!A:G,7,0)+VLOOKUP('תפוקה מצטברת מול אשתקד'!A34,'מדיהו '!A:K,7,0)+VLOOKUP(A34,'אנליסט '!A:G,7,0)+VLOOKUP('תפוקה מצטברת מול אשתקד'!A34,'מיטב דש'!A:G,7,0)+VLOOKUP('תפוקה מצטברת מול אשתקד'!A34,אינפניטי!A:G,7,0) -> 0 | L34: =VLOOKUP(A34,הכשרה!A:K,8,0)+VLOOKUP('תפוקה מצטברת מול אשתקד'!A34,מגדל!A:K,8,0)+VLOOKUP('תפוקה מצטברת מול אשתקד'!A34,מנורה!A:K,8,0)+VLOOKUP('תפוקה מצטברת מול אשתקד'!A34,איילון!A:K,8,0)+VLOOKUP('תפוקה מצטברת מול אשתקד'!A34,הראל!A:K,8,0)+VLOOKUP('תפוקה מצטברת מול אשתקד'!A34,הפניקס!A:K,8,0)+VLOOKUP('תפוקה מצטברת מול אשתקד'!A34,כלל!A:K,8,0)+VLOOKUP('תפוקה מצטברת מול אשתקד'!A34,מור!A:K,8,0)+VLOOKUP('תפוקה מצטברת מול אשתקד'!A34,'אלטשולר שחם'!A:K,8,0)+VLOOKUP('תפוקה מצטברת מול אשתקד'!A34,'מדיהו '!A:K,8,0)+VLOOKUP('תפוקה מצטברת מול אשתקד'!A34,'אנליסט '!A:K,8,0)+VLOOKUP('תפוקה מצטברת מול אשתקד'!A34,'מיטב דש'!A:K,8,0)+VLOOKUP('תפוקה מצטברת מול אשתקד'!A34,אינפניטי!A:K,8,0) -> 640975.41 | M34: =VLOOKUP(A34,הכשרה!A:K,9,0)+VLOOKUP('תפוקה מצטברת מול אשתקד'!A34,מגדל!A:K,9,0)+VLOOKUP('תפוקה מצטברת מול אשתקד'!A34,מנורה!A:K,9,0)+VLOOKUP('תפוקה מצטברת מול אשתקד'!A34,איילון!A:K,9,0)+VLOOKUP('תפוקה מצטברת מול אשתקד'!A34,הראל!A:K,9,0)+VLOOKUP('תפוקה מצטברת מול אשתקד'!A34,הפניקס!A:K,9,0)+VLOOKUP('תפוקה מצטברת מול אשתקד'!A34,כלל!A:K,9,0)+VLOOKUP('תפוקה מצטברת מול אשתקד'!A34,מור!A:K,9,0)+VLOOKUP('תפוקה מצטברת מול אשתקד'!A34,'אלטשולר שחם'!A:K,9,0)+VLOOKUP('תפוקה מצטברת מול אשתקד'!A34,'מדיהו '!A:K,9,0)+VLOOKUP('תפוקה מצטברת מול אשתקד'!A34,'אנליסט '!A:K,9,0)+VLOOKUP('תפוקה מצטברת מול אשתקד'!A34,'מיטב דש'!A:K,9,0)+VLOOKUP('תפוקה מצטברת מול אשתקד'!A34,אינפניטי!A:K,9,0) -> 122800.3 | N34: =VLOOKUP(A34,הכשרה!A:K,10,0)+VLOOKUP('תפוקה מצטברת מול אשתקד'!A34,מגדל!A:K,10,0)+VLOOKUP('תפוקה מצטברת מול אשתקד'!A34,מנורה!A:K,10,0)+VLOOKUP('תפוקה מצטברת מול אשתקד'!A34,איילון!A:K,10,0)+VLOOKUP('תפוקה מצטברת מול אשתקד'!A34,הראל!A:K,10,0)+VLOOKUP('תפוקה מצטברת מול אשתקד'!A34,הפניקס!A:K,10,0)+VLOOKUP('תפוקה מצטברת מול אשתקד'!A34,כלל!A:K,10,0)+VLOOKUP('תפוקה מצטברת מול אשתקד'!A34,מור!A:K,10,0)+VLOOKUP('תפוקה מצטברת מול אשתקד'!A34,'אלטשולר שחם'!A:K,10,0)+VLOOKUP('תפוקה מצטברת מול אשתקד'!A34,'מדיהו '!A:K,10,0)+VLOOKUP('תפוקה מצטברת מול אשתקד'!A34,'אנליסט '!A:K,10,0)+VLOOKUP('תפוקה מצטברת מול אשתקד'!A34,'מיטב דש'!A:K,10,0)+VLOOKUP('תפוקה מצטברת מול אשתקד'!A34,אינפניטי!A:K,10,0) -> 4059324.2 | O34: =VLOOKUP(A34,הכשרה!A:K,11,0)+VLOOKUP('תפוקה מצטברת מול אשתקד'!A34,מגדל!A:K,11,0)+VLOOKUP('תפוקה מצטברת מול אשתקד'!A34,מנורה!A:K,11,0)+VLOOKUP('תפוקה מצטברת מול אשתקד'!A34,איילון!A:K,11,0)+VLOOKUP('תפוקה מצטברת מול אשתקד'!A34,הראל!A:K,11,0)+VLOOKUP('תפוקה מצטברת מול אשתקד'!A34,הפניקס!A:K,11,0)+VLOOKUP('תפוקה מצטברת מול אשתקד'!A34,כלל!A:K,11,0)+VLOOKUP('תפוקה מצטברת מול אשתקד'!A34,מור!A:K,11,0)+VLOOKUP('תפוקה מצטברת מול אשתקד'!A34,'אלטשולר שחם'!A:K,11,0)+VLOOKUP('תפוקה מצטברת מול אשתקד'!A34,'מדיהו '!A:K,11,0)+VLOOKUP('תפוקה מצטברת מול אשתקד'!A34,'אנליסט '!A:K,11,0)+VLOOKUP('תפוקה מצטברת מול אשתקד'!A34,'מיטב דש'!A:K,11,0)+VLOOKUP('תפוקה מצטברת מול אשתקד'!A34,אינפניטי!A:K,11,0) -> 5254343.8
A35: מילאד אבו שקארה | B35: ערן גירוני | C35: סוכנים | D35: =IF(H35=0,0%,IF(L35=0,100%,H35/L35-1)) -> 0 | E35: =IF(I35=0,0%,IF(M35=0,100%,I35/M35-1)) -> 0 | F35: =IF(J35=0,0%,IF(N35=0,100%,J35/N35-1)) -> 0 | G35: =IF(K35=0,0%,IF(O35=H50,100%,K35/O35-1)) -> 0 | H35: =VLOOKUP(A35,הכשרה!A:G,4,0)+VLOOKUP('תפוקה מצטברת מול אשתקד'!A35,מגדל!A:G,4,0)+VLOOKUP('תפוקה מצטברת מול אשתקד'!A35,מנורה!A:G,4,0)+VLOOKUP('תפוקה מצטברת מול אשתקד'!A35,איילון!A:G,4,0)+VLOOKUP('תפוקה מצטברת מול אשתקד'!A35,הראל!A:G,4,0)+VLOOKUP('תפוקה מצטברת מול אשתקד'!A35,הפניקס!A:G,4,0)+VLOOKUP('תפוקה מצטברת מול אשתקד'!A35,כלל!A:G,4,0)+VLOOKUP('תפוקה מצטברת מול אשתקד'!A35,מור!A:G,4,0)+VLOOKUP('תפוקה מצטברת מול אשתקד'!A35,'אלטשולר שחם'!A:G,4,0)+VLOOKUP('תפוקה מצטברת מול אשתקד'!A35,'מדיהו '!A:G,4,0)+VLOOKUP('תפוקה מצטברת מול אשתקד'!A35,'אנליסט '!A:G,4,0)+VLOOKUP('תפוקה מצטברת מול אשתקד'!A35,'מיטב דש'!A:G,4,0)+VLOOKUP('תפוקה מצטברת מול אשתקד'!A35,אינפניטי!A:G,4,0) -> 0 | I35: =VLOOKUP(A35,הכשרה!A:G,5,0)+VLOOKUP('תפוקה מצטברת מול אשתקד'!A35,מגדל!A:G,5,0)+VLOOKUP('תפוקה מצטברת מול אשתקד'!A35,מנורה!A:G,5,0)+VLOOKUP('תפוקה מצטברת מול אשתקד'!A35,איילון!A:G,5,0)+VLOOKUP('תפוקה מצטברת מול אשתקד'!A35,הראל!A:G,5,0)+VLOOKUP('תפוקה מצטברת מול אשתקד'!A35,הפניקס!A:G,5,0)+VLOOKUP('תפוקה מצטברת מול אשתקד'!A35,כלל!A:G,5,0)+VLOOKUP('תפוקה מצטברת מול אשתקד'!A35,מור!A:G,5,0)+VLOOKUP('תפוקה מצטברת מול אשתקד'!A35,'אלטשולר שחם'!A:G,5,0)+VLOOKUP('תפוקה מצטברת מול אשתקד'!A35,'מדיהו '!A:G,5,0)+VLOOKUP('תפוקה מצטברת מול אשתקד'!A35,'אנליסט '!A:G,5,0)+VLOOKUP('תפוקה מצטברת מול אשתקד'!A35,'מיטב דש'!A:G,5,0)+VLOOKUP('תפוקה מצטברת מול אשתקד'!A35,אינפניטי!A:G,5,0) -> 0 | J35: =VLOOKUP(A35,הכשרה!A:G,6,0)+VLOOKUP('תפוקה מצטברת מול אשתקד'!A35,מגדל!A:G,6,0)+VLOOKUP('תפוקה מצטברת מול אשתקד'!A35,מנורה!A:G,6,0)+VLOOKUP('תפוקה מצטברת מול אשתקד'!A35,איילון!A:G,6,0)+VLOOKUP(A35,הראל!A:G,6,0)+VLOOKUP('תפוקה מצטברת מול אשתקד'!A35,הפניקס!A:G,6,0)+VLOOKUP('תפוקה מצטברת מול אשתקד'!A35,כלל!A:G,6,0)+VLOOKUP('תפוקה מצטברת מול אשתקד'!A35,מור!A:G,6,0)+VLOOKUP('תפוקה מצטברת מול אשתקד'!A35,'אלטשולר שחם'!A:G,6,0)+VLOOKUP('תפוקה מצטברת מול אשתקד'!A35,'מדיהו '!A:G,6,0)+VLOOKUP('תפוקה מצטברת מול אשתקד'!A35,'אנליסט '!A:G,6,0)+VLOOKUP('תפוקה מצטברת מול אשתקד'!A35,'מיטב דש'!A:G,6,0)+VLOOKUP('תפוקה מצטברת מול אשתקד'!A35,אינפניטי!A:G,6,0) -> 0 | K35: =VLOOKUP(A35,הכשרה!A:G,7,0)+VLOOKUP('תפוקה מצטברת מול אשתקד'!A35,מגדל!A:G,7,0)+VLOOKUP('תפוקה מצטברת מול אשתקד'!A35,מנורה!A:G,7,0)+VLOOKUP('תפוקה מצטברת מול אשתקד'!A35,איילון!A:G,7,0)+VLOOKUP('תפוקה מצטברת מול אשתקד'!A35,הראל!A:G,7,0)+VLOOKUP('תפוקה מצטברת מול אשתקד'!A35,הפניקס!A:G,7,0)+VLOOKUP('תפוקה מצטברת מול אשתקד'!A35,כלל!A:G,7,0)+VLOOKUP('תפוקה מצטברת מול אשתקד'!A35,מור!A:G,7,0)+VLOOKUP('תפוקה מצטברת מול אשתקד'!A35,'אלטשולר שחם'!A:G,7,0)+VLOOKUP('תפוקה מצטברת מול אשתקד'!A35,'מדיהו '!A:K,7,0)+VLOOKUP(A35,'אנליסט '!A:G,7,0)+VLOOKUP('תפוקה מצטברת מול אשתקד'!A35,'מיטב דש'!A:G,7,0)+VLOOKUP('תפוקה מצטברת מול אשתקד'!A35,אינפניטי!A:G,7,0) -> 0 | L35: =VLOOKUP(A35,הכשרה!A:K,8,0)+VLOOKUP('תפוקה מצטברת מול אשתקד'!A35,מגדל!A:K,8,0)+VLOOKUP('תפוקה מצטברת מול אשתקד'!A35,מנורה!A:K,8,0)+VLOOKUP('תפוקה מצטברת מול אשתקד'!A35,איילון!A:K,8,0)+VLOOKUP('תפוקה מצטברת מול אשתקד'!A35,הראל!A:K,8,0)+VLOOKUP('תפוקה מצטברת מול אשתקד'!A35,הפניקס!A:K,8,0)+VLOOKUP('תפוקה מצטברת מול אשתקד'!A35,כלל!A:K,8,0)+VLOOKUP('תפוקה מצטברת מול אשתקד'!A35,מור!A:K,8,0)+VLOOKUP('תפוקה מצטברת מול אשתקד'!A35,'אלטשולר שחם'!A:K,8,0)+VLOOKUP('תפוקה מצטברת מול אשתקד'!A35,'מדיהו '!A:K,8,0)+VLOOKUP('תפוקה מצטברת מול אשתקד'!A35,'אנליסט '!A:K,8,0)+VLOOKUP('תפוקה מצטברת מול אשתקד'!A35,'מיטב דש'!A:K,8,0)+VLOOKUP('תפוקה מצטברת מול אשתקד'!A35,אינפניטי!A:K,8,0) -> -111.8 | M35: =VLOOKUP(A35,הכשרה!A:K,9,0)+VLOOKUP('תפוקה מצטברת מול אשתקד'!A35,מגדל!A:K,9,0)+VLOOKUP('תפוקה מצטברת מול אשתקד'!A35,מנורה!A:K,9,0)+VLOOKUP('תפוקה מצטברת מול אשתקד'!A35,איילון!A:K,9,0)+VLOOKUP('תפוקה מצטברת מול אשתקד'!A35,הראל!A:K,9,0)+VLOOKUP('תפוקה מצטברת מול אשתקד'!A35,הפניקס!A:K,9,0)+VLOOKUP('תפוקה מצטברת מול אשתקד'!A35,כלל!A:K,9,0)+VLOOKUP('תפוקה מצטברת מול אשתקד'!A35,מור!A:K,9,0)+VLOOKUP('תפוקה מצטברת מול אשתקד'!A35,'אלטשולר שחם'!A:K,9,0)+VLOOKUP('תפוקה מצטברת מול אשתקד'!A35,'מדיהו '!A:K,9,0)+VLOOKUP('תפוקה מצטברת מול אשתקד'!A35,'אנליסט '!A:K,9,0)+VLOOKUP('תפוקה מצטברת מול אשתקד'!A35,'מיטב דש'!A:K,9,0)+VLOOKUP('תפוקה מצטברת מול אשתקד'!A35,אינפניטי!A:K,9,0) -> 0 | N35: =VLOOKUP(A35,הכשרה!A:K,10,0)+VLOOKUP('תפוקה מצטברת מול אשתקד'!A35,מגדל!A:K,10,0)+VLOOKUP('תפוקה מצטברת מול אשתקד'!A35,מנורה!A:K,10,0)+VLOOKUP('תפוקה מצטברת מול אשתקד'!A35,איילון!A:K,10,0)+VLOOKUP('תפוקה מצטברת מול אשתקד'!A35,הראל!A:K,10,0)+VLOOKUP('תפוקה מצטברת מול אשתקד'!A35,הפניקס!A:K,10,0)+VLOOKUP('תפוקה מצטברת מול אשתקד'!A35,כלל!A:K,10,0)+VLOOKUP('תפוקה מצטברת מול אשתקד'!A35,מור!A:K,10,0)+VLOOKUP('תפוקה מצטברת מול אשתקד'!A35,'אלטשולר שחם'!A:K,10,0)+VLOOKUP('תפוקה מצטברת מול אשתקד'!A35,'מדיהו '!A:K,10,0)+VLOOKUP('תפוקה מצטברת מול אשתקד'!A35,'אנליסט '!A:K,10,0)+VLOOKUP('תפוקה מצטברת מול אשתקד'!A35,'מיטב דש'!A:K,10,0)+VLOOKUP('תפוקה מצטברת מול אשתקד'!A35,אינפניטי!A:K,10,0) -> 0 | O35: =VLOOKUP(A35,הכשרה!A:K,11,0)+VLOOKUP('תפוקה מצטברת מול אשתקד'!A35,מגדל!A:K,11,0)+VLOOKUP('תפוקה מצטברת מול אשתקד'!A35,מנורה!A:K,11,0)+VLOOKUP('תפוקה מצטברת מול אשתקד'!A35,איילון!A:K,11,0)+VLOOKUP('תפוקה מצטברת מול אשתקד'!A35,הראל!A:K,11,0)+VLOOKUP('תפוקה מצטברת מול אשתקד'!A35,הפניקס!A:K,11,0)+VLOOKUP('תפוקה מצטברת מול אשתקד'!A35,כלל!A:K,11,0)+VLOOKUP('תפוקה מצטברת מול אשתקד'!A35,מור!A:K,11,0)+VLOOKUP('תפוקה מצטברת מול אשתקד'!A35,'אלטשולר שחם'!A:K,11,0)+VLOOKUP('תפוקה מצטברת מול אשתקד'!A35,'מדיהו '!A:K,11,0)+VLOOKUP('תפוקה מצטברת מול אשתקד'!A35,'אנליסט '!A:K,11,0)+VLOOKUP('תפוקה מצטברת מול אשתקד'!A35,'מיטב דש'!A:K,11,0)+VLOOKUP('תפוקה מצטברת מול אשתקד'!A35,אינפניטי!A:K,11,0) -> 0
