Workbook

Sheet דוח הנהלה
A1: בס"ד
A3: תפוקה מצטברת לפי קבוצות
A4: קבוצה | B4: תפוקה מצטברת 04/2025 | F4: שינוי מול אשתקד % | J4: השגת יעדים מצטבר %
B5: פנסיוני | C5: סיכונים | D5: פיננסים | E5: ניודי פנסיה | F5: פנסיוני | G5: סיכונים | H5: פיננסים | I5: ניודי פנסיה | J5: פנסיוני | K5: סיכונים | L5: פיננסים | M5: ניודי פנסיה
A6: ישירים | B6: ='תפוקה מצטברת מול אשתקד'!H8 -> 4971214.4 | C6: ='תפוקה מצטברת מול אשתקד'!I8 -> 249721.28 | D6: ='תפוקה מצטברת מול אשתקד'!J8 -> 13756636 | E6: ='תפוקה מצטברת מול אשתקד'!K8 -> 30552415 | F6: ='תפוקה מצטברת מול אשתקד'!D8 -> 0.61202352 | G6: ='תפוקה מצטברת מול אשתקד'!E8 -> -0.50690169 | H6: ='תפוקה מצטברת מול אשתקד'!F8 -> 0.0062359067 | I6: ='תפוקה מצטברת מול אשתקד'!G8 -> 0.78430941 | J6: ='תפוקה מצטברת מול יעד מצטבר'!D8 -> -0.23046217 | K6: ='תפוקה מצטברת מול יעד מצטבר'!E8 -> -0.60987146 | L6: ='תפוקה מצטברת מול יעד מצטבר'!F8 -> -0.44538641 | M6: ='תפוקה מצטברת מול יעד מצטבר'!G8 -> -0.20924463
A7: חברות בת | B7: ='תפוקה מצטברת מול אשתקד'!H21 -> 1729903.8 | C7: ='תפוקה מצטברת מול אשתקד'!I21 -> 973341.03 | D7: ='תפוקה מצטברת מול אשתקד'!J21 -> 9163856.1 | E7: ='תפוקה מצטברת מול אשתקד'!K21 -> 4367988.5 | F7: ='תפוקה מצטברת מול אשתקד'!D21 -> 0.037733244 | G7: ='תפוקה מצטברת מול אשתקד'!E21 -> 1.2129242 | H7: ='תפוקה מצטברת מול אשתקד'!F21 -> -0.28322923 | I7: ='תפוקה מצטברת מול אשתקד'!G21 -> -0.29396916 | J7: ='תפוקה מצטברת מול יעד מצטבר'!D21 -> -0.31336675 | K7: ='תפוקה מצטברת מול יעד מצטבר'!E21 -> -0.029957113 | L7: ='תפוקה מצטברת מול יעד מצטבר'!F21 -> -0.44582389 | M7: ='תפוקה מצטברת מול יעד מצטבר'!G21 -> -0.54964548
A8: סוכני פרימיום | B8: ='תפוקה מצטברת מול אשתקד'!H72 -> 3058662.5 | C8: ='תפוקה מצטברת מול אשתקד'!I72 -> 552939.71 | D8: ='תפוקה מצטברת מול אשתקד'!J72 -> 22242288 | E8: ='תפוקה מצטברת מול אשתקד'!K72 -> 25758783 | F8: ='תפוקה מצטברת מול אשתקד'!D72 -> 0.35810556 | G8: ='תפוקה מצטברת מול אשתקד'!E72 -> 0.5313647 | H8: ='תפוקה מצטברת מול אשתקד'!F72 -> 0.34324169 | I8: ='תפוקה מצטברת מול אשתקד'!G63 -> 1.2282085 | J8: ='תפוקה מצטברת מול יעד מצטבר'!D63 -> -0.30554485 | K8: ='תפוקה מצטברת מול יעד מצטבר'!E63 -> -0.58280356 | L8: ='תפוקה מצטברת מול יעד מצטבר'!F63 -> 0.026939247 | M8: ='תפוקה מצטברת מול יעד מצטבר'!G63 -> -0.31739908
A9: סוכנים ערן | B9: ='תפוקה מצטברת מול אשתקד'!H54 -> 3886570.6 | C9: ='תפוקה מצטברת מול אשתקד'!I54 -> 547973.44 | D9: ='תפוקה מצטברת מול אשתקד'!J54 -> 7703723.3 | E9: ='תפוקה מצטברת מול אשתקד'!K54 -> 10716190 | F9: ='תפוקה מצטברת מול אשתקד'!D73 -> 0.24915819 | G9: ='תפוקה מצטברת מול אשתקד'!E73 -> 0.2227391 | H9: ='תפוקה מצטברת מול אשתקד'!F73 -> 0.040234621 | I9: ='תפוקה מצטברת מול אשתקד'!G72 -> 0.6695899 | J9: ='תפוקה מצטברת מול יעד מצטבר'!D72 -> 0.088453268 | K9: ='תפוקה מצטברת מול יעד מצטבר'!E72 -> 0.14149404 | L9: ='תפוקה מצטברת מול יעד מצטבר'!F72 -> 0.41301619 | M9: ='תפוקה מצטברת מול יעד מצטבר'!G72 -> 2.1641587
A10: סוכנים איתי | B10: ='תפוקה מצטברת מול אשתקד'!H63 -> 1704748.5 | C10: ='תפוקה מצטברת מול אשתקד'!I63 -> 161671.96 | D10: ='תפוקה מצטברת מול אשתקד'!J63 -> 7511033.7 | E10: ='תפוקה מצטברת מול אשתקד'!K63 -> 4341341.9 | F10: ='תפוקה מצטברת מול אשתקד'!D74 -> 0 | G10: ='תפוקה מצטברת מול אשתקד'!E74 -> 0 | H10: ='תפוקה מצטברת מול אשתקד'!F74 -> 0 | I10: ='תפוקה מצטברת מול אשתקד'!G73 -> 0.26116741 | J10: ='תפוקה מצטברת מול יעד מצטבר'!D73 -> -0.1366644 | K10: ='תפוקה מצטברת מול יעד מצטבר'!E73 -> -0.22586723 | L10: ='תפוקה מצטברת מול יעד מצטבר'!F73 -> -0.16358385 | M10: ='תפוקה מצטברת מול יעד מצטבר'!G73 -> 0.078161079
A11: סה"כ מכירות | B11: =SUM(B6:B10) -> 15351100 | C11: =SUM(C6:C10) -> 2485647.4 | D11: =SUM(D6:D10) -> 60377536 | E11: =SUM(E6:E10) -> 75736719 | F11: ='תפוקה מצטברת מול אשתקד'!D73 -> 0.24915819 | G11: ='תפוקה מצטברת מול אשתקד'!E73 -> 0.2227391 | H11: ='תפוקה מצטברת מול אשתקד'!F73 -> 0.040234621 | I11: ='תפוקה מצטברת מול יעד מצטבר'!D72 -> 0.088453268 | J11: ='תפוקה מצטברת מול יעד מצטבר'!D73 -> -0.1366644 | K11: ='תפוקה מצטברת מול יעד מצטבר'!E73 -> -0.22586723 | L11: ='תפוקה מצטברת מול יעד מצטבר'!F73 -> -0.16358385 | M11: ='תפוקה מצטברת מול יעד מצטבר'!G73 -> 0.078161079
A14: תפוקה מצטברת לפי מפקחים
A15: מפקח | B15: תפוקה מצטברת 04/2025 | F15: שינוי מול אשתקד % | J15: השגת יעדים מצטבר % | N15: תפוקה מצטברת 03/2024 | R15: יעדים מצטבר
B16: פנסיוני | C16: סיכונים | D16: פיננסים | E16: ניודי פנסיה | F16: פנסיוני | G16: סיכונים | H16: פיננסים | I16: ניודי פנסיה | J16: פנסיוני | K16: סיכונים | L16: פיננסים | M16: ניודי פנסיה | N16: פנסיוני | O16: סיכונים | P16: פיננסים | Q16: ניודי פנסיה | R16: פנסיוני | S16: סיכונים | T16: פיננסים | U16: ניודי פנסיה
A17: ערן גירוני | B17: =SUMIF('תפוקה מצטברת מול אשתקד'!B:B,'דוח הנהלה'!A17,'תפוקה מצטברת מול אשתקד'!H:H) -> 6692818.1 | C17: =SUMIF('תפוקה מצטברת מול אשתקד'!B:B,'דוח הנהלה'!A17,'תפוקה מצטברת מול אשתקד'!I:I) -> 1080538.9 | D17: =SUMIF('תפוקה מצטברת מול אשתקד'!B:B,'דוח הנהלה'!A17,'תפוקה מצטברת מול אשתקד'!J:J) -> 27090782 | E17: =SUMIF('תפוקה מצטברת מול אשתקד'!B:B,'דוח הנהלה'!A17,'תפוקה מצטברת מול אשתקד'!K:K) -> 32913766 | F17: =(B17-N17)/N17 -> 0.14121565 | G17: =(C17-O17)/O17 -> 0.1366577 | H17: =(D17-P17)/P17 -> 0.31432638 | I17: =(E17-Q17)/Q17 -> -0.021687343 | J17: =(B17-R17)/R17 -> 0.13538625 | K17: =(C17-S17)/S17 -> -0.011726357 | L17: =(D17-T17)/T17 -> 0.35224027 | M17: =(E17-U17)/U17 -> 1.4126436 | N17: =SUMIF('תפוקה מצטברת מול אשתקד'!B:B,'דוח הנהלה'!A17,'תפוקה מצטברת מול אשתקד'!L:L) -> 5864639.3 | O17: =SUMIF('תפוקה מצטברת מול אשתקד'!B:B,'דוח הנהלה'!A17,'תפוקה מצטברת מול אשתקד'!M:M) -> 950628.21 | P17: =SUMIF('תפוקה מצטברת מול אשתקד'!B:B,'דוח הנהלה'!A17,'תפוקה מצטברת מול אשתקד'!N:N) -> 20611913 | Q17: =SUMIF('תפוקה מצטברת מול אשתקד'!B:B,'דוח הנהלה'!A17,'תפוקה מצטברת מול אשתקד'!O:O) -> 33643402 | R17: =SUMIF('תפוקה מצטברת מול יעד מצטבר'!B:B,'דוח הנהלה'!A17,'תפוקה מצטברת מול יעד מצטבר'!H:K) -> 5894750 | S17: =SUMIF('תפוקה מצטברת מול יעד מצטבר'!B:B,'דוח הנהלה'!A17,'תפוקה מצטברת מול יעד מצטבר'!I:I) -> 1093360 | T17: =SUMIF('תפוקה מצטברת מול יעד מצטבר'!B:B,'דוח הנהלה'!A17,'תפוקה מצטברת מול יעד מצטבר'!J:J) -> 20034000 | U17: =SUMIF('תפוקה מצטברת מול יעד מצטבר'!B:B,'דוח הנהלה'!A17,'תפוקה מצטברת מול יעד מצטבר'!K:K) -> 13642200
A18: לא מפוקחים | B18: =SUMIF('תפוקה מצטברת מול אשתקד'!B:B,'דוח הנהלה'!A18,'תפוקה מצטברת מול אשתקד'!H:H) -> 24383.77 | C18: =SUMIF('תפוקה מצטברת מול אשתקד'!B:B,'דוח הנהלה'!A18,'תפוקה מצטברת מול אשתקד'!I:I) -> 8908.84 | D18: =SUMIF('תפוקה מצטברת מול אשתקד'!B:B,'דוח הנהלה'!A18,'תפוקה מצטברת מול אשתקד'!J:J) -> 0 | E18: =SUMIF('תפוקה מצטברת מול אשתקד'!B:B,'דוח הנהלה'!A18,'תפוקה מצטברת מול אשתקד'!K:K) -> 0 | F18: =(B18-N18)/N18 -> 194.21071 | G18: =(C18-O18)/O18 -> 9.2624189 | H18: 0 | I18: =(E18-Q18)/Q18 -> -1 | J18: =(B18-R18)/R18 -> -0.81127113 | K18: =(C18-S18)/S18 -> -0.74251908 | L18: =(D18-T18)/T18 -> -1 | M18: =(E18-U18)/U18 -> -1 | N18: =SUMIF('תפוקה מצטברת מול אשתקד'!B:B,'דוח הנהלה'!A18,'תפוקה מצטברת מול אשתקד'!L:L) -> 124.91 | O18: =SUMIF('תפוקה מצטברת מול אשתקד'!B:B,'דוח הנהלה'!A18,'תפוקה מצטברת מול אשתקד'!M:M) -> 868.10332 | P18: =SUMIF('תפוקה מצטברת מול אשתקד'!B:B,'דוח הנהלה'!A18,'תפוקה מצטברת מול אשתקד'!N:N) -> 0 | Q18: =SUMIF('תפוקה מצטברת מול אשתקד'!B:B,'דוח הנהלה'!A18,'תפוקה מצטברת מול אשתקד'!O:O) -> -18603.1 | R18: =SUMIF('תפוקה מצטברת מול יעד מצטבר'!B:B,'דוח הנהלה'!A18,'תפוקה מצטברת מול יעד מצטבר'!H:H) -> 129200 | S18: =SUMIF('תפוקה מצטברת מול יעד מצטבר'!B:B,'דוח הנהלה'!A18,'תפוקה מצטברת מול יעד מצטבר'!I:I) -> 34600 | T18: =SUMIF('תפוקה מצטברת מול יעד מצטבר'!B:B,'דוח הנהלה'!A18,'תפוקה מצטברת מול יעד מצטבר'!J:J) -> 318000 | U18: =SUMIF('תפוקה מצטברת מול יעד מצטבר'!B:B,'דוח הנהלה'!A18,'תפוקה מצטברת מול יעד מצטבר'!K:K) -> 318000
A19: יוסי אביב | B19: =SUMIF('תפוקה מצטברת מול אשתקד'!B:B,'דוח הנהלה'!A19,'תפוקה מצטברת מול אשתקד'!H:H) -> 6929149.5 | C19: =SUMIF('תפוקה מצטברת מול אשתקד'!B:B,'דוח הנהלה'!A19,'תפוקה מצטברת מול אשתקד'!I:I) -> 1234527.8 | D19: =SUMIF('תפוקה מצטברת מול אשתקד'!B:B,'דוח הנהלה'!A19,'תפוקה מצטברת מול אשתקד'!J:J) -> 25775721 | E19: =SUMIF('תפוקה מצטברת מול אשתקד'!B:B,'דוח הנהלה'!A19,'תפוקה מצטברת מול אשתקד'!K:K) -> 38481611 | F19: =(B19-N19)/N19 -> 0.38940088 | G19: =(C19-O19)/O19 -> 0.28289676 | H19: =(D19-P19)/P19 -> -0.16458956 | I19: =(E19-Q19)/Q19 -> 0.5719797 | J19: =(B19-R19)/R19 -> -0.25512239 | K19: =(C19-S19)/S19 -> -0.27183688 | L19: =(D19-T19)/T19 -> -0.42103052 | M19: =(E19-U19)/U19 -> -0.22922705 | N19: =SUMIF('תפוקה מצטברת מול אשתקד'!B:B,'דוח הנהלה'!A19,'תפוקה מצטברת מול אשתקד'!L:L) -> 4987149.2 | O19: =SUMIF('תפוקה מצטברת מול אשתקד'!B:B,'דוח הנהלה'!A19,'תפוקה מצטברת מול אשתקד'!M:M) -> 962297.04 | P19: =SUMIF('תפוקה מצטברת מול אשתקד'!B:B,'דוח הנהלה'!A19,'תפוקה מצטברת מול אשתקד'!N:N) -> 30853961 | Q19: =SUMIF('תפוקה מצטברת מול אשתקד'!B:B,'דוח הנהלה'!A19,'תפוקה מצטברת מול אשתקד'!O:O) -> 24479712 | R19: =SUMIF('תפוקה מצטברת מול יעד מצטבר'!B:B,'דוח הנהלה'!A19,'תפוקה מצטברת מול יעד מצטבר'!H:H) -> 9302400 | S19: =SUMIF('תפוקה מצטברת מול יעד מצטבר'!B:B,'דוח הנהלה'!A19,'תפוקה מצטברת מול יעד מצטבר'!I:I) -> 1695400 | T19: =SUMIF('תפוקה מצטברת מול יעד מצטבר'!B:B,'דוח הנהלה'!A19,'תפוקה מצטברת מול יעד מצטבר'!J:J) -> 44520000 | U19: =SUMIF('תפוקה מצטברת מול יעד מצטבר'!B:B,'דוח הנהלה'!A19,'תפוקה מצטברת מול יעד מצטבר'!K:K) -> 49926000
A20: איתי אדן | B20: =SUMIF('תפוקה מצטברת מול אשתקד'!B:B,'דוח הנהלה'!A20,'תפוקה מצטברת מול אשתקד'!H:H) -> 1704748.5 | C20: =SUMIF('תפוקה מצטברת מול אשתקד'!B:B,'דוח הנהלה'!A20,'תפוקה מצטברת מול אשתקד'!I:I) -> 161671.96 | D20: =SUMIF('תפוקה מצטברת מול אשתקד'!B:B,'דוח הנהלה'!A20,'תפוקה מצטברת מול אשתקד'!J:J) -> 7511033.7 | E20: =SUMIF('תפוקה מצטברת מול אשתקד'!B:B,'דוח הנהלה'!A20,'תפוקה מצטברת מול אשתקד'!K:K) -> 4341341.9 | F20: =(B20-N20)/N20 -> 0.18612442 | G20: =(C20-O20)/O20 -> 0.35792058 | H20: =(D20-P20)/P20 -> 0.1421272 | I20: =(E20-Q20)/Q20 -> 1.2282085 | J20: =(B20-R20)/R20 -> -0.30554485 | K20: =(C20-S20)/S20 -> -0.58280356 | L20: =(D20-T20)/T20 -> 0.026939247 | M20: =(E20-U20)/U20 -> -0.31739908 | N20: =SUMIF('תפוקה מצטברת מול אשתקד'!B:B,'דוח הנהלה'!A20,'תפוקה מצטברת מול אשתקד'!L:L) -> 1437242.6 | O20: =SUMIF('תפוקה מצטברת מול אשתקד'!B:B,'דוח הנהלה'!A20,'תפוקה מצטברת מול אשתקד'!M:M) -> 119058.48 | P20: =SUMIF('תפוקה מצטברת מול אשתקד'!B:B,'דוח הנהלה'!A20,'תפוקה מצטברת מול אשתקד'!N:N) -> 6576354.8 | Q20: =SUMIF('תפוקה מצטברת מול אשתקד'!B:B,'דוח הנהלה'!A20,'תפוקה מצטברת מול אשתקד'!O:O) -> 1948355.4 | R20: =SUMIF('תפוקה מצטברת מול יעד מצטבר'!B:B,'דוח הנהלה'!A20,'תפוקה מצטברת מול יעד מצטבר'!H:H) -> 2454800 | S20: =SUMIF('תפוקה מצטברת מול יעד מצטבר'!B:B,'דוח הנהלה'!A20,'תפוקה מצטברת מול יעד מצטבר'!I:I) -> 387520 | T20: =SUMIF('תפוקה מצטברת מול יעד מצטבר'!B:B,'דוח הנהלה'!A20,'תפוקה מצטברת מול יעד מצטבר'!J:J) -> 7314000 | U20: =SUMIF('תפוקה מצטברת מול יעד מצטבר'!B:B,'דוח הנהלה'!A20,'תפוקה מצטברת מול יעד מצטבר'!K:K) -> 6360000
B21: =SUM(B17:B20) -> 15351100 | C21: =SUM(C17:C20) -> 2485647.4 | D21: =SUM(D17:D20) -> 60377536 | E21: =SUM(E17:E20) -> 75736719 | F21: =(B21-N21)/N21 -> 0.24915819 | G21: =(C21-O21)/O21 -> 0.2227391 | H21: =(D21-P21)/P21 -> 0.040234621 | I21: =(B21-R21)/R21 -> -0.1366644 | J21: =(B21-R21)/R21 -> -0.1366644 | K21: =(C21-S21)/S21 -> -0.22586723 | L21: =(D21-T21)/T21 -> -0.16358385 | M21: =(E21-U21)/U21 -> 0.078161079 | N21: =SUM(N17:N20) -> 12289156 | O21: =SUM(O17:O20) -> 2032851.8 | P21: =SUM(P17:P20) -> 58042229 | Q21: =SUM(Q17:Q20) -> 60052867 | R21: =SUM(R17:R20) -> 17781150 | S21: =SUM(S17:S20) -> 3210880 | T21: =SUM(T17:T20) -> 72186000 | U21: =SUM(U17:U20) -> 70246200
A25: תפוקה מצטברת לפי חברות | R25: עולים בולטים
A26: קבוצה | B26: תפוקה מצטברת 04/2025 | F26: שינוי מול אשתקד % | R26: סוכן | S26: שינוי % מול תקופה חופפת אשתקד | T26: עליה מול תקופה חופפת אשתקד | U26: תפוקה מצטברת - 2024
B27: פנסיוני | C27: סיכונים | D27: פיננסים | E27: ניודי פנסיה | F27: פנסיוני | G27: סיכונים | H27: פיננסים | I27: ניודי פנסיה | R27: שלבי מיסון | S27: 1.137323 | T27: 78835.466 | U27: 148152.15
A28: מנורה | B28: =מנורה!D73 -> 2617873.1 | C28: =מנורה!E73 -> 616397.56 | D28: =מנורה!F73 -> 2852204.7 | E28: =מנורה!G73 -> 1849352.4 | F28: =מנורה!D73/מנורה!H73-1 -> 0.29224758 | G28: =מנורה!E73/מנורה!I73-1 -> 0.79163243 | H28: =מנורה!F73/מנורה!J73-1 -> -0.5479204 | I28: =מנורה!G73/מנורה!K73-1 -> -0.76027044 | R28: בחוס יוסף | S28: 2.4472947 | T28: 70836.194 | U28: 99780.886
A29: מגדל | B29: =מגדל!D73 -> 7895532.8 | C29: =מגדל!E73 -> 462425.51 | D29: =מגדל!F73 -> 26405808 | E29: =מגדל!G73 -> 62528138 | F29: =מגדל!D73/מגדל!H73-1 -> 0.66330596 | G29: =מגדל!E73/מגדל!I73-1 -> 0.40496648 | H29: =מגדל!F73/מגדל!J73-1 -> 0.65838478 | I29: =מגדל!G73/מגדל!K73-1 -> 2.226294 | R29: עאטף עדווי | S29: 1.4313468 | T29: 98727.872 | U29: 167703.38
A30: כלל | B30: =כלל!D73 -> 2378264.6 | C30: =כלל!E73 -> 830227.73 | D30: =כלל!F73 -> 7758922 | E30: =כלל!G73 -> 8637709.5 | F30: =כלל!D73/כלל!H73-1 -> -0.3562939 | G30: =כלל!E73/כלל!I73-1 -> 1.7793655 | H30: =כלל!F73/כלל!J73-1 -> 0.064033313 | I30: =כלל!G73/כלל!K73-1 -> -0.68277304 | R30: לוי חיים | S30: 0.43313709 | T30: 84927.638 | U30: 281003.29
A31: אלטשולר שחם | B31: ='אלטשולר שחם'!D73 -> 0 | C31: ='אלטשולר שחם'!E73 -> 0 | D31: ='אלטשולר שחם'!F73 -> 206323 | E31: ='אלטשולר שחם'!G73 -> 0 | F31: ='אלטשולר שחם'!D73/'אלטשולר שחם'!H73-1 -> #DIV/0! | G31: 0 | H31: ='אלטשולר שחם'!F73/'אלטשולר שחם'!J73-1 -> 1.3674469 | I31: 0 | R31: גרניק בנימין | S31: 1.8176875 | T31: 358872.86 | U31: 556306.61
A32: מור | B32: =מור!D73 -> 0 | C32: =מור!E73 -> 0 | D32: =מור!F73 -> 1268094.1 | E32: =מור!G73 -> 0 | F32: 0 | G32: 0 | H32: =מור!F73/מור!J73-1 -> -0.56661203 | I32: 0
A33: הראל | B33: =הראל!D73 -> 1045368 | C33: =הראל!E73 -> 235759 | D33: =הראל!F73 -> 1742433 | E33: =הראל!G73 -> -1187375 | F33: =הראל!D73/הראל!H73-1 -> -0.27296924 | G33: =הראל!E73/הראל!I73-1 -> -0.48974283 | H33: =הראל!F73/הראל!J73-1 -> -0.592024 | I33: =הראל!G73/הראל!K73-1 -> -1.5346583
A34: הפניקס | B34: =הפניקס!D73 -> 1412831.3 | C34: =הפניקס!E73 -> 132415.92 | D34: =הפניקס!F73 -> 8650364.2 | E34: =הפניקס!G73 -> 3908894 | F34: =הפניקס!D73/הפניקס!H73-1 -> 2.6893037 | G34: =הפניקס!E73/הפניקס!I73-1 -> -0.5240477 | H34: =הפניקס!F73/הפניקס!J73-1 -> 0.68190542 | I34: =הפניקס!G73/הפניקס!K73-1 -> 0.11423737
A35: איילון | B35: =איילון!D73 -> 1230 | C35: =איילון!E73 -> 195412.71 | D35: =איילון!F73 -> 0 | E35: =איילון!G73 -> 0 | F35: 1 | G35: =איילון!E73/איילון!I73-1 -> -0.38303974 | H35: 0 | I35: 0
A36: הכשרה | B36: =הכשרה!D73 -> 0 | C36: =הכשרה!E73 -> 1952 | D36: =הכשרה!F73 -> 0 | E36: =הכשרה!G73 -> 0 | F36: 0 | G36: =הכשרה!E73/הכשרה!I73-1 -> -0.35385634 | H36: 1 | I36: 0 | R36: יורדים בולטים
A37: מדיהו | B37: ='מדיהו '!D73 -> 0 | C37: ='מדיהו '!E73 -> 11057 | D37: ='מדיהו '!F73 -> 0 | E37: ='מדיהו '!G73 -> 0 | F37: 0 | G37: ='מדיהו '!E73/'מדיהו '!I73-1 -> 10.590147 | H37: 0%0 | I37: 0 | R37: סוכן | S37: שינוי % מול תקופה חופפת אשתקד | T37: ירידה מול תקופה חופפת אשתקד | U37: תפוקה מצטברת - 2024
A38: אנליסט | B38: ='אנליסט '!D73 -> 0 | C38: ='אנליסט '!E73 -> 0 | D38: ='אנליסט '!F73 -> 11493387 | E38: ='אנליסט '!G73 -> 0 | F38: 0 | G38: 0 | H38: ='אנליסט '!F73/'אנליסט '!J73-1 -> -0.28573859 | I38: 0 | R38: יעקב ישראל שטרן | S38: -0.71824316 | T38: -22185.601 | U38: 8703.104
A39: מיטב דש | B39: ='מיטב דש'!D73 -> 0 | C39: ='מיטב דש'!E73 -> 0 | D39: ='מיטב דש'!F73 -> 0 | E39: ='מיטב דש'!G73 -> 0 | F39: 0 | G39: 0 | H39: 0 | I39: 0 | R39: דאי דניאל | S39: -0.90399965 | T39: -82260.84 | U39: 8735.7
A40: אינפניטי | B40: =אינפניטי!D73 -> 0 | C40: =אינפניטי!E73 -> 0 | D40: =אינפניטי!F73 -> 0 | E40: =אינפניטי!G73 -> 0 | F40: 0 | G40: 0 | H40: 0 | I40: 0 | R40: דורון ענק הביטוח | S40: -0.28801211 | T40: -26606.002 | U40: 65772.066
A41: סה"כ | B41: =SUM(B28:B40) -> 15351100 | C41: =SUM(C28:C40) -> 2485647.4 | D41: =SUM(D28:D40) -> 60377536 | E41: =SUM(E28:E40) -> 75736719 | F41: =('תפוקה מצטברת מול אשתקד'!H73-'תפוקה מצטברת מול אשתקד'!L73)/'תפוקה מצטברת מול אשתקד'!L73 -> 0.24915819 | G41: =('תפוקה מצטברת מול אשתקד'!I73-'תפוקה מצטברת מול אשתקד'!M73)/'תפוקה מצטברת מול אשתקד'!M73 -> 0.2227391 | H41: =('תפוקה מצטברת מול אשתקד'!J73-'תפוקה מצטברת מול אשתקד'!N73)/'תפוקה מצטברת מול אשתקד'!N73 -> 0.040234621 | I41: =('תפוקה מצטברת מול אשתקד'!K73-'תפוקה מצטברת מול אשתקד'!O73)/'תפוקה מצטברת מול אשתקד'!O73 -> 0.26116741 | R41: סאוסן שלבי | S41: -0.65726719 | T41: -327175.87 | U41: 170606.27
R42: ריזק חלבי | S42: -0.30420571 | T42: -68443.743 | U42: 156547.9

Sheet תפוקה מצטברת מול אשתקד
D1: שינוי מול אשתקד % | H1: תפוקה מצטברת 04/2025 | L1: תפוקה מצטברת 04/2024
A2: שם סוכן | B2: מפקח | C2: מחלקה | D2: פנסיוני | E2: סיכונים | F2: פיננסים | G2: ניודי פנסיה | H2: פנסיוני | I2: סיכונים | J2: פיננסים | K2: ניודי פנסיה | L2: פנסיוני | M2: סיכונים | N2: פיננסים | O2: ניודי פנסיה
A3: גל אלמגור סוכ | B3: יוסי אביב | C3: ישירים | D3: =IF(H3=0,0%,IF(L3=0,100%,H3/L3-1)) -> 0.89012587 | E3: =IF(I3=0,0%,IF(M3=0,100%,I3/M3-1)) -> -0.65543692 | F3: =IF(J3=0,0%,IF(N3=G28,100%,J3/N3-1)) -> 0.43445198 | G3: =IF(K3=0,0%,IF(O3=H28,100%,K3/O3-1)) -> 1.223246 | H3: =VLOOKUP(A3,הכשרה!A:G,4,0)+VLOOKUP('תפוקה מצטברת מול אשתקד'!A3,מגדל!A:G,4,0)+VLOOKUP('תפוקה מצטברת מול אשתקד'!A3,מנורה!A:G,4,0)+VLOOKUP('תפוקה מצטברת מול אשתקד'!A3,איילון!A:G,4,0)+VLOOKUP('תפוקה מצטברת מול אשתקד'!A3,הראל!A:G,4,0)+VLOOKUP('תפוקה מצטברת מול אשתקד'!A3,הפניקס!A:G,4,0)+VLOOKUP('תפוקה מצטברת מול אשתקד'!A3,כלל!A:G,4,0)+VLOOKUP('תפוקה מצטברת מול אשתקד'!A3,מור!A:G,4,0)+VLOOKUP('תפוקה מצטברת מול אשתקד'!A3,'אלטשולר שחם'!A:G,4,0)+VLOOKUP('תפוקה מצטברת מול אשתקד'!A3,'מדיהו '!A:G,4,0)+VLOOKUP('תפוקה מצטברת מול אשתקד'!A3,'אנליסט '!A:G,4,0)+VLOOKUP('תפוקה מצטברת מול אשתקד'!A3,'מיטב דש'!A:G,4,0)+VLOOKUP('תפוקה מצטברת מול אשתקד'!A3,אינפניטי!A:G,4,0) -> 4440627.2 | I3: =VLOOKUP(A3,הכשרה!A:G,5,0)+VLOOKUP('תפוקה מצטברת מול אשתקד'!A3,מגדל!A:G,5,0)+VLOOKUP('תפוקה מצטברת מול אשתקד'!A3,מנורה!A:G,5,0)+VLOOKUP('תפוקה מצטברת מול אשתקד'!A3,איילון!A:G,5,0)+VLOOKUP('תפוקה מצטברת מול אשתקד'!A3,הראל!A:G,5,0)+VLOOKUP('תפוקה מצטברת מול אשתקד'!A3,הפניקס!A:G,5,0)+VLOOKUP('תפוקה מצטברת מול אשתקד'!A3,כלל!A:G,5,0)+VLOOKUP('תפוקה מצטברת מול אשתקד'!A3,מור!A:G,5,0)+VLOOKUP('תפוקה מצטברת מול אשתקד'!A3,'אלטשולר שחם'!A:G,5,0)+VLOOKUP('תפוקה מצטברת מול אשתקד'!A3,'מדיהו '!A:G,5,0)+VLOOKUP('תפוקה מצטברת מול אשתקד'!A3,'אנליסט '!A:G,5,0)+VLOOKUP('תפוקה מצטברת מול אשתקד'!A3,'מיטב דש'!A:G,5,0)+VLOOKUP('תפוקה מצטברת מול אשתקד'!A3,אינפניטי!A:G,5,0) -> 172558.27 | J3: =VLOOKUP(A3,הכשרה!A:G,6,0)+VLOOKUP('תפוקה מצטברת מול אשתקד'!A3,מגדל!A:G,6,0)+VLOOKUP('תפוקה מצטברת מול אשתקד'!A3,מנורה!A:G,6,0)+VLOOKUP('תפוקה מצטברת מול אשתקד'!A3,איילון!A:G,6,0)+VLOOKUP(A3,הראל!A:G,6,0)+VLOOKUP('תפוקה מצטברת מול אשתקד'!A3,הפניקס!A:G,6,0)+VLOOKUP('תפוקה מצטברת מול אשתקד'!A3,כלל!A:G,6,0)+VLOOKUP('תפוקה מצטברת מול אשתקד'!A3,מור!A:G,6,0)+VLOOKUP('תפוקה מצטברת מול אשתקד'!A3,'אלטשולר שחם'!A:G,6,0)+VLOOKUP('תפוקה מצטברת מול אשתקד'!A3,'מדיהו '!A:G,6,0)+VLOOKUP('תפוקה מצטברת מול אשתקד'!A3,'אנליסט '!A:G,6,0)+VLOOKUP('תפוקה מצטברת מול אשתקד'!A3,'מיטב דש'!A:G,6,0)+VLOOKUP('תפוקה מצטברת מול אשתקד'!A3,אינפניטי!A:G,6,0) -> 11317307 | K3: =VLOOKUP(A3,הכשרה!A:G,7,0)+VLOOKUP('תפוקה מצטברת מול אשתקד'!A3,מגדל!A:G,7,0)+VLOOKUP('תפוקה מצטברת מול אשתקד'!A3,מנורה!A:G,7,0)+VLOOKUP('תפוקה מצטברת מול אשתקד'!A3,איילון!A:G,7,0)+VLOOKUP('תפוקה מצטברת מול אשתקד'!A3,הראל!A:G,7,0)+VLOOKUP('תפוקה מצטברת מול אשתקד'!A3,הפניקס!A:G,7,0)+VLOOKUP('תפוקה מצטברת מול אשתקד'!A3,כלל!A:G,7,0)+VLOOKUP('תפוקה מצטברת מול אשתקד'!A3,מור!A:G,7,0)+VLOOKUP('תפוקה מצטברת מול אשתקד'!A3,'אלטשולר שחם'!A:G,7,0)+VLOOKUP('תפוקה מצטברת מול אשתקד'!A3,'מדיהו '!A:K,7,0)+VLOOKUP(A3,'אנליסט '!A:G,7,0)+VLOOKUP('תפוקה מצטברת מול אשתקד'!A3,'מיטב דש'!A:G,7,0)+VLOOKUP('תפוקה מצטברת מול אשתקד'!A3,אינפניטי!A:G,7,0) -> 29172903 | L3: =VLOOKUP(A3,הכשרה!A:K,8,0)+VLOOKUP('תפוקה מצטברת מול אשתקד'!A3,מגדל!A:K,8,0)+VLOOKUP('תפוקה מצטברת מול אשתקד'!A3,מנורה!A:K,8,0)+VLOOKUP('תפוקה מצטברת מול אשתקד'!A3,איילון!A:K,8,0)+VLOOKUP('תפוקה מצטברת מול אשתקד'!A3,הראל!A:K,8,0)+VLOOKUP('תפוקה מצטברת מול אשתקד'!A3,הפניקס!A:K,8,0)+VLOOKUP('תפוקה מצטברת מול אשתקד'!A3,כלל!A:K,8,0)+VLOOKUP('תפוקה מצטברת מול אשתקד'!A3,מור!A:K,8,0)+VLOOKUP('תפוקה מצטברת מול אשתקד'!A3,'אלטשולר שחם'!A:K,8,0)+VLOOKUP('תפוקה מצטברת מול אשתקד'!A3,'מדיהו '!A:K,8,0)+VLOOKUP('תפוקה מצטברת מול אשתקד'!A3,'אנליסט '!A:K,8,0)+VLOOKUP('תפוקה מצטברת מול אשתקד'!A3,'מיטב דש'!A:K,8,0)+VLOOKUP('תפוקה מצטברת מול אשתקד'!A3,אינפניטי!A:K,8,0) -> 2349381.7 | M3: =VLOOKUP(A3,הכשרה!A:K,9,0)+VLOOKUP('תפוקה מצטברת מול אשתקד'!A3,מגדל!A:K,9,0)+VLOOKUP('תפוקה מצטברת מול אשתקד'!A3,מנורה!A:K,9,0)+VLOOKUP('תפוקה מצטברת מול אשתקד'!A3,איילון!A:K,9,0)+VLOOKUP('תפוקה מצטברת מול אשתקד'!A3,הראל!A:K,9,0)+VLOOKUP('תפוקה מצטברת מול אשתקד'!A3,הפניקס!A:K,9,0)+VLOOKUP('תפוקה מצטברת מול אשתקד'!A3,כלל!A:K,9,0)+VLOOKUP('תפוקה מצטברת מול אשתקד'!A3,מור!A:K,9,0)+VLOOKUP('תפוקה מצטברת מול אשתקד'!A3,'אלטשולר שחם'!A:K,9,0)+VLOOKUP('תפוקה מצטברת מול אשתקד'!A3,'מדיהו '!A:K,9,0)+VLOOKUP('תפוקה מצטברת מול אשתקד'!A3,'אנליסט '!A:K,9,0)+VLOOKUP('תפוקה מצטברת מול אשתקד'!A3,'מיטב דש'!A:K,9,0)+VLOOKUP('תפוקה מצטברת מול אשתקד'!A3,אינפניטי!A:K,9,0) -> 500803.14 | N3: =VLOOKUP(A3,הכשרה!A:K,10,0)+VLOOKUP('תפוקה מצטברת מול אשתקד'!A3,מגדל!A:K,10,0)+VLOOKUP('תפוקה מצטברת מול אשתקד'!A3,מנורה!A:K,10,0)+VLOOKUP('תפוקה מצטברת מול אשתקד'!A3,איילון!A:K,10,0)+VLOOKUP('תפוקה מצטברת מול אשתקד'!A3,הראל!A:K,10,0)+VLOOKUP('תפוקה מצטברת מול אשתקד'!A3,הפניקס!A:K,10,0)+VLOOKUP('תפוקה מצטברת מול אשתקד'!A3,כלל!A:K,10,0)+VLOOKUP('תפוקה מצטברת מול אשתקד'!A3,מור!A:K,10,0)+VLOOKUP('תפוקה מצטברת מול אשתקד'!A3,'אלטשולר שחם'!A:K,10,0)+VLOOKUP('תפוקה מצטברת מול אשתקד'!A3,'מדיהו '!A:K,10,0)+VLOOKUP('תפוקה מצטברת מול אשתקד'!A3,'אנליסט '!A:K,10,0)+VLOOKUP('תפוקה מצטברת מול אשתקד'!A3,'מיטב דש'!A:K,10,0)+VLOOKUP('תפוקה מצטברת מול אשתקד'!A3,אינפניטי!A:K,10,0) -> 7889638.1 | O3: =VLOOKUP(A3,הכשרה!A:K,11,0)+VLOOKUP('תפוקה מצטברת מול אשתקד'!A3,מגדל!A:K,11,0)+VLOOKUP('תפוקה מצטברת מול אשתקד'!A3,מנורה!A:K,11,0)+VLOOKUP('תפוקה מצטברת מול אשתקד'!A3,איילון!A:K,11,0)+VLOOKUP('תפוקה מצטברת מול אשתקד'!A3,הראל!A:K,11,0)+VLOOKUP('תפוקה מצטברת מול אשתקד'!A3,הפניקס!A:K,11,0)+VLOOKUP('תפוקה מצטברת מול אשתקד'!A3,כלל!A:K,11,0)+VLOOKUP('תפוקה מצטברת מול אשתקד'!A3,מור!A:K,11,0)+VLOOKUP('תפוקה מצטברת מול אשתקד'!A3,'אלטשולר שחם'!A:K,11,0)+VLOOKUP('תפוקה מצטברת מול אשתקד'!A3,'מדיהו '!A:K,11,0)+VLOOKUP('תפוקה מצטברת מול אשתקד'!A3,'אנליסט '!A:K,11,0)+VLOOKUP('תפוקה מצטברת מול אשתקד'!A3,'מיטב דש'!A:K,11,0)+VLOOKUP('תפוקה מצטברת מול אשתקד'!A3,אינפניטי!A:K,11,0) -> 13121762
A4: דניאלה אביב | B4: יוסי אביב | C4: ישירים | D4: =IF(H4=0,0%,IF(L4=0,100%,H4/L4-1)) -> -0.53964559 | E4: =IF(I4=0,0%,IF(M4=0,100%,I4/M4-1)) -> -0.1937936 | F4: =IF(J4=0,0%,IF(N4=0,100%,J4/N4-1)) -> -0.65796824 | G4: =IF(K4=0,0%,IF(O4=H29,100%,K4/O4-1)) -> -0.69312686 | H4: =VLOOKUP(A4,הכשרה!A:G,4,0)+VLOOKUP('תפוקה מצטברת מול אשתקד'!A4,מגדל!A:G,4,0)+VLOOKUP('תפוקה מצטברת מול אשתקד'!A4,מנורה!A:G,4,0)+VLOOKUP('תפוקה מצטברת מול אשתקד'!A4,איילון!A:G,4,0)+VLOOKUP('תפוקה מצטברת מול אשתקד'!A4,הראל!A:G,4,0)+VLOOKUP('תפוקה מצטברת מול אשתקד'!A4,הפניקס!A:G,4,0)+VLOOKUP('תפוקה מצטברת מול אשתקד'!A4,כלל!A:G,4,0)+VLOOKUP('תפוקה מצטברת מול אשתקד'!A4,מור!A:G,4,0)+VLOOKUP('תפוקה מצטברת מול אשתקד'!A4,'אלטשולר שחם'!A:G,4,0)+VLOOKUP('תפוקה מצטברת מול אשתקד'!A4,'מדיהו '!A:G,4,0)+VLOOKUP('תפוקה מצטברת מול אשתקד'!A4,'אנליסט '!A:G,4,0)+VLOOKUP('תפוקה מצטברת מול אשתקד'!A4,'מיטב דש'!A:G,4,0)+VLOOKUP('תפוקה מצטברת מול אשתקד'!A4,אינפניטי!A:G,4,0) -> 320033.34 | I4: =VLOOKUP(A4,הכשרה!A:G,5,0)+VLOOKUP('תפוקה מצטברת מול אשתקד'!A4,מגדל!A:G,5,0)+VLOOKUP('תפוקה מצטברת מול אשתקד'!A4,מנורה!A:G,5,0)+VLOOKUP('תפוקה מצטברת מול אשתקד'!A4,איילון!A:G,5,0)+VLOOKUP('תפוקה מצטברת מול אשתקד'!A4,הראל!A:G,5,0)+VLOOKUP('תפוקה מצטברת מול אשתקד'!A4,הפניקס!A:G,5,0)+VLOOKUP('תפוקה מצטברת מול אשתקד'!A4,כלל!A:G,5,0)+VLOOKUP('תפוקה מצטברת מול אשתקד'!A4,מור!A:G,5,0)+VLOOKUP('תפוקה מצטברת מול אשתקד'!A4,'אלטשולר שחם'!A:G,5,0)+VLOOKUP('תפוקה מצטברת מול אשתקד'!A4,'מדיהו '!A:G,5,0)+VLOOKUP('תפוקה מצטברת מול אשתקד'!A4,'אנליסט '!A:G,5,0)+VLOOKUP('תפוקה מצטברת מול אשתקד'!A4,'מיטב דש'!A:G,5,0)+VLOOKUP('תפוקה מצטברת מול אשתקד'!A4,אינפניטי!A:G,5,0) -> 3936.0592 | J4: =VLOOKUP(A4,הכשרה!A:G,6,0)+VLOOKUP('תפוקה מצטברת מול אשתקד'!A4,מגדל!A:G,6,0)+VLOOKUP('תפוקה מצטברת מול אשתקד'!A4,מנורה!A:G,6,0)+VLOOKUP('תפוקה מצטברת מול אשתקד'!A4,איילון!A:G,6,0)+VLOOKUP(A4,הראל!A:G,6,0)+VLOOKUP('תפוקה מצטברת מול אשתקד'!A4,הפניקס!A:G,6,0)+VLOOKUP('תפוקה מצטברת מול אשתקד'!A4,כלל!A:G,6,0)+VLOOKUP('תפוקה מצטברת מול אשתקד'!A4,מור!A:G,6,0)+VLOOKUP('תפוקה מצטברת מול אשתקד'!A4,'אלטשולר שחם'!A:G,6,0)+VLOOKUP('תפוקה מצטברת מול אשתקד'!A4,'מדיהו '!A:G,6,0)+VLOOKUP('תפוקה מצטברת מול אשתקד'!A4,'אנליסט '!A:G,6,0)+VLOOKUP('תפוקה מצטברת מול אשתקד'!A4,'מיטב דש'!A:G,6,0)+VLOOKUP('תפוקה מצטברת מול אשתקד'!A4,אינפניטי!A:G,6,0) -> 1974049 | K4: =VLOOKUP(A4,הכשרה!A:G,7,0)+VLOOKUP('תפוקה מצטברת מול אשתקד'!A4,מגדל!A:G,7,0)+VLOOKUP('תפוקה מצטברת מול אשתקד'!A4,מנורה!A:G,7,0)+VLOOKUP('תפוקה מצטברת מול אשתקד'!A4,איילון!A:G,7,0)+VLOOKUP('תפוקה מצטברת מול אשתקד'!A4,הראל!A:G,7,0)+VLOOKUP('תפוקה מצטברת מול אשתקד'!A4,הפניקס!A:G,7,0)+VLOOKUP('תפוקה מצטברת מול אשתקד'!A4,כלל!A:G,7,0)+VLOOKUP('תפוקה מצטברת מול אשתקד'!A4,מור!A:G,7,0)+VLOOKUP('תפוקה מצטברת מול אשתקד'!A4,'אלטשולר שחם'!A:G,7,0)+VLOOKUP('תפוקה מצטברת מול אשתקד'!A4,'מדיהו '!A:K,7,0)+VLOOKUP(A4,'אנליסט '!A:G,7,0)+VLOOKUP('תפוקה מצטברת מול אשתקד'!A4,'מיטב דש'!A:G,7,0)+VLOOKUP('תפוקה מצטברת מול אשתקד'!A4,אינפניטי!A:G,7,0) -> 1195708.6 | L4: =VLOOKUP(A4,הכשרה!A:K,8,0)+VLOOKUP('תפוקה מצטברת מול אשתקד'!A4,מגדל!A:K,8,0)+VLOOKUP('תפוקה מצטברת מול אשתקד'!A4,מנורה!A:K,8,0)+VLOOKUP('תפוקה מצטברת מול אשתקד'!A4,איילון!A:K,8,0)+VLOOKUP('תפוקה מצטברת מול אשתקד'!A4,הראל!A:K,8,0)+VLOOKUP('תפוקה מצטברת מול אשתקד'!A4,הפניקס!A:K,8,0)+VLOOKUP('תפוקה מצטברת מול אשתקד'!A4,כלל!A:K,8,0)+VLOOKUP('תפוקה מצטברת מול אשתקד'!A4,מור!A:K,8,0)+VLOOKUP('תפוקה מצטברת מול אשתקד'!A4,'אלטשולר שחם'!A:K,8,0)+VLOOKUP('תפוקה מצטברת מול אשתקד'!A4,'מדיהו '!A:K,8,0)+VLOOKUP('תפוקה מצטברת מול אשתקד'!A4,'אנליסט '!A:K,8,0)+VLOOKUP('תפוקה מצטברת מול אשתקד'!A4,'מיטב דש'!A:K,8,0)+VLOOKUP('תפוקה מצטברת מול אשתקד'!A4,אינפניטי!A:K,8,0) -> 695189.05 | M4: =VLOOKUP(A4,הכשרה!A:K,9,0)+VLOOKUP('תפוקה מצטברת מול אשתקד'!A4,מגדל!A:K,9,0)+VLOOKUP('תפוקה מצטברת מול אשתקד'!A4,מנורה!A:K,9,0)+VLOOKUP('תפוקה מצטברת מול אשתקד'!A4,איילון!A:K,9,0)+VLOOKUP('תפוקה מצטברת מול אשתקד'!A4,הראל!A:K,9,0)+VLOOKUP('תפוקה מצטברת מול אשתקד'!A4,הפניקס!A:K,9,0)+VLOOKUP('תפוקה מצטברת מול אשתקד'!A4,כלל!A:K,9,0)+VLOOKUP('תפוקה מצטברת מול אשתקד'!A4,מור!A:K,9,0)+VLOOKUP('תפוקה מצטברת מול אשתקד'!A4,'אלטשולר שחם'!A:K,9,0)+VLOOKUP('תפוקה מצטברת מול אשתקד'!A4,'מדיהו '!A:K,9,0)+VLOOKUP('תפוקה מצטברת מול אשתקד'!A4,'אנליסט '!A:K,9,0)+VLOOKUP('תפוקה מצטברת מול אשתקד'!A4,'מיטב דש'!A:K,9,0)+VLOOKUP('תפוקה מצטברת מול אשתקד'!A4,אינפניטי!A:K,9,0) -> 4882.1979 | N4: =VLOOKUP(A4,הכשרה!A:K,10,0)+VLOOKUP('תפוקה מצטברת מול אשתקד'!A4,מגדל!A:K,10,0)+VLOOKUP('תפוקה מצטברת מול אשתקד'!A4,מנורה!A:K,10,0)+VLOOKUP('תפוקה מצטברת מול אשתקד'!A4,איילון!A:K,10,0)+VLOOKUP('תפוקה מצטברת מול אשתקד'!A4,הראל!A:K,10,0)+VLOOKUP('תפוקה מצטברת מול אשתקד'!A4,הפניקס!A:K,10,0)+VLOOKUP('תפוקה מצטברת מול אשתקד'!A4,כלל!A:K,10,0)+VLOOKUP('תפוקה מצטברת מול אשתקד'!A4,מור!A:K,10,0)+VLOOKUP('תפוקה מצטברת מול אשתקד'!A4,'אלטשולר שחם'!A:K,10,0)+VLOOKUP('תפוקה מצטברת מול אשתקד'!A4,'מדיהו '!A:K,10,0)+VLOOKUP('תפוקה מצטברת מול אשתקד'!A4,'אנליסט '!A:K,10,0)+VLOOKUP('תפוקה מצטברת מול אשתקד'!A4,'מיטב דש'!A:K,10,0)+VLOOKUP('תפוקה מצטברת מול אשתקד'!A4,אינפניטי!A:K,10,0) -> 5771537 | O4: =VLOOKUP(A4,הכשרה!A:K,11,0)+VLOOKUP('תפוקה מצטברת מול אשתקד'!A4,מגדל!A:K,11,0)+VLOOKUP('תפוקה מצטברת מול אשתקד'!A4,מנורה!A:K,11,0)+VLOOKUP('תפוקה מצטברת מול אשתקד'!A4,איילון!A:K,11,0)+VLOOKUP('תפוקה מצטברת מול אשתקד'!A4,הראל!A:K,11,0)+VLOOKUP('תפוקה מצטברת מול אשתקד'!A4,הפניקס!A:K,11,0)+VLOOKUP('תפוקה מצטברת מול אשתקד'!A4,כלל!A:K,11,0)+VLOOKUP('תפוקה מצטברת מול אשתקד'!A4,מור!A:K,11,0)+VLOOKUP('תפוקה מצטברת מול אשתקד'!A4,'אלטשולר שחם'!A:K,11,0)+VLOOKUP('תפוקה מצטברת מול אשתקד'!A4,'מדיהו '!A:K,11,0)+VLOOKUP('תפוקה מצטברת מול אשתקד'!A4,'אנליסט '!A:K,11,0)+VLOOKUP('תפוקה מצטברת מול אשתקד'!A4,'מיטב דש'!A:K,11,0)+VLOOKUP('תפוקה מצטברת מול אשתקד'!A4,אינפניטי!A:K,11,0) -> 3896426.5
A5: רותי | B5: יוסי אביב | C5: ישירים | D5: =IF(H5=0,0%,IF(L5=0,100%,H5/L5-1)) -> 0 | E5: =IF(I5=0,0%,IF(M5=0,100%,I5/M5-1)) -> 1 | F5: =IF(J5=0,0%,IF(N5=0,100%,J5/N5-1)) -> 0 | G5: =IF(K5=0,0%,IF(O5=H30,100%,K5/O5-1)) -> 0 | H5: =VLOOKUP(A5,הכשרה!A:G,4,0)+VLOOKUP('תפוקה מצטברת מול אשתקד'!A5,מגדל!A:G,4,0)+VLOOKUP('תפוקה מצטברת מול אשתקד'!A5,מנורה!A:G,4,0)+VLOOKUP('תפוקה מצטברת מול אשתקד'!A5,איילון!A:G,4,0)+VLOOKUP('תפוקה מצטברת מול אשתקד'!A5,הראל!A:G,4,0)+VLOOKUP('תפוקה מצטברת מול אשתקד'!A5,הפניקס!A:G,4,0)+VLOOKUP('תפוקה מצטברת מול אשתקד'!A5,כלל!A:G,4,0)+VLOOKUP('תפוקה מצטברת מול אשתקד'!A5,מור!A:G,4,0)+VLOOKUP('תפוקה מצטברת מול אשתקד'!A5,'אלטשולר שחם'!A:G,4,0)+VLOOKUP('תפוקה מצטברת מול אשתקד'!A5,'מדיהו '!A:G,4,0)+VLOOKUP('תפוקה מצטברת מול אשתקד'!A5,'אנליסט '!A:G,4,0)+VLOOKUP('תפוקה מצטברת מול אשתקד'!A5,'מיטב דש'!A:G,4,0)+VLOOKUP('תפוקה מצטברת מול אשתקד'!A5,אינפניטי!A:G,4,0) -> 0 | I5: =VLOOKUP(A5,הכשרה!A:G,5,0)+VLOOKUP('תפוקה מצטברת מול אשתקד'!A5,מגדל!A:G,5,0)+VLOOKUP('תפוקה מצטברת מול אשתקד'!A5,מנורה!A:G,5,0)+VLOOKUP('תפוקה מצטברת מול אשתקד'!A5,איילון!A:G,5,0)+VLOOKUP('תפוקה מצטברת מול אשתקד'!A5,הראל!A:G,5,0)+VLOOKUP('תפוקה מצטברת מול אשתקד'!A5,הפניקס!A:G,5,0)+VLOOKUP('תפוקה מצטברת מול אשתקד'!A5,כלל!A:G,5,0)+VLOOKUP('תפוקה מצטברת מול אשתקד'!A5,מור!A:G,5,0)+VLOOKUP('תפוקה מצטברת מול אשתקד'!A5,'אלטשולר שחם'!A:G,5,0)+VLOOKUP('תפוקה מצטברת מול אשתקד'!A5,'מדיהו '!A:G,5,0)+VLOOKUP('תפוקה מצטברת מול אשתקד'!A5,'אנליסט '!A:G,5,0)+VLOOKUP('תפוקה מצטברת מול אשתקד'!A5,'מיטב דש'!A:G,5,0)+VLOOKUP('תפוקה מצטברת מול אשתקד'!A5,אינפניטי!A:G,5,0) -> 40962.665 | J5: =VLOOKUP(A5,הכשרה!A:G,6,0)+VLOOKUP('תפוקה מצטברת מול אשתקד'!A5,מגדל!A:G,6,0)+VLOOKUP('תפוקה מצטברת מול אשתקד'!A5,מנורה!A:G,6,0)+VLOOKUP('תפוקה מצטברת מול אשתקד'!A5,איילון!A:G,6,0)+VLOOKUP(A5,הראל!A:G,6,0)+VLOOKUP('תפוקה מצטברת מול אשתקד'!A5,הפניקס!A:G,6,0)+VLOOKUP('תפוקה מצטברת מול אשתקד'!A5,כלל!A:G,6,0)+VLOOKUP('תפוקה מצטברת מול אשתקד'!A5,מור!A:G,6,0)+VLOOKUP('תפוקה מצטברת מול אשתקד'!A5,'אלטשולר שחם'!A:G,6,0)+VLOOKUP('תפוקה מצטברת מול אשתקד'!A5,'מדיהו '!A:G,6,0)+VLOOKUP('תפוקה מצטברת מול אשתקד'!A5,'אנליסט '!A:G,6,0)+VLOOKUP('תפוקה מצטברת מול אשתקד'!A5,'מיטב דש'!A:G,6,0)+VLOOKUP('תפוקה מצטברת מול אשתקד'!A5,אינפניטי!A:G,6,0) -> 0 | K5: =VLOOKUP(A5,הכשרה!A:G,7,0)+VLOOKUP('תפוקה מצטברת מול אשתקד'!A5,מגדל!A:G,7,0)+VLOOKUP('תפוקה מצטברת מול אשתקד'!A5,מנורה!A:G,7,0)+VLOOKUP('תפוקה מצטברת מול אשתקד'!A5,איילון!A:G,7,0)+VLOOKUP('תפוקה מצטברת מול אשתקד'!A5,הראל!A:G,7,0)+VLOOKUP('תפוקה מצטברת מול אשתקד'!A5,הפניקס!A:G,7,0)+VLOOKUP('תפוקה מצטברת מול אשתקד'!A5,כלל!A:G,7,0)+VLOOKUP('תפוקה מצטברת מול אשתקד'!A5,מור!A:G,7,0)+VLOOKUP('תפוקה מצטברת מול אשתקד'!A5,'אלטשולר שחם'!A:G,7,0)+VLOOKUP('תפוקה מצטברת מול אשתקד'!A5,'מדיהו '!A:K,7,0)+VLOOKUP(A5,'אנליסט '!A:G,7,0)+VLOOKUP('תפוקה מצטברת מול אשתקד'!A5,'מיטב דש'!A:G,7,0)+VLOOKUP('תפוקה מצטברת מול אשתקד'!A5,אינפניטי!A:G,7,0) -> 0 | L5: =VLOOKUP(A5,הכשרה!A:K,8,0)+VLOOKUP('תפוקה מצטברת מול אשתקד'!A5,מגדל!A:K,8,0)+VLOOKUP('תפוקה מצטברת מול אשתקד'!A5,מנורה!A:K,8,0)+VLOOKUP('תפוקה מצטברת מול אשתקד'!A5,איילון!A:K,8,0)+VLOOKUP('תפוקה מצטברת מול אשתקד'!A5,הראל!A:K,8,0)+VLOOKUP('תפוקה מצטברת מול אשתקד'!A5,הפניקס!A:K,8,0)+VLOOKUP('תפוקה מצטברת מול אשתקד'!A5,כלל!A:K,8,0)+VLOOKUP('תפוקה מצטברת מול אשתקד'!A5,מור!A:K,8,0)+VLOOKUP('תפוקה מצטברת מול אשתקד'!A5,'אלטשולר שחם'!A:K,8,0)+VLOOKUP('תפוקה מצטברת מול אשתקד'!A5,'מדיהו '!A:K,8,0)+VLOOKUP('תפוקה מצטברת מול אשתקד'!A5,'אנליסט '!A:K,8,0)+VLOOKUP('תפוקה מצטברת מול אשתקד'!A5,'מיטב דש'!A:K,8,0)+VLOOKUP('תפוקה מצטברת מול אשתקד'!A5,אינפניטי!A:K,8,0) -> 0 | M5: =VLOOKUP(A5,הכשרה!A:K,9,0)+VLOOKUP('תפוקה מצטברת מול אשתקד'!A5,מגדל!A:K,9,0)+VLOOKUP('תפוקה מצטברת מול אשתקד'!A5,מנורה!A:K,9,0)+VLOOKUP('תפוקה מצטברת מול אשתקד'!A5,איילון!A:K,9,0)+VLOOKUP('תפוקה מצטברת מול אשתקד'!A5,הראל!A:K,9,0)+VLOOKUP('תפוקה מצטברת מול אשתקד'!A5,הפניקס!A:K,9,0)+VLOOKUP('תפוקה מצטברת מול אשתקד'!A5,כלל!A:K,9,0)+VLOOKUP('תפוקה מצטברת מול אשתקד'!A5,מור!A:K,9,0)+VLOOKUP('תפוקה מצטברת מול אשתקד'!A5,'אלטשולר שחם'!A:K,9,0)+VLOOKUP('תפוקה מצטברת מול אשתקד'!A5,'מדיהו '!A:K,9,0)+VLOOKUP('תפוקה מצטברת מול אשתקד'!A5,'אנליסט '!A:K,9,0)+VLOOKUP('תפוקה מצטברת מול אשתקד'!A5,'מיטב דש'!A:K,9,0)+VLOOKUP('תפוקה מצטברת מול אשתקד'!A5,אינפניטי!A:K,9,0) -> 0 | N5: =VLOOKUP(A5,הכשרה!A:K,10,0)+VLOOKUP('תפוקה מצטברת מול אשתקד'!A5,מגדל!A:K,10,0)+VLOOKUP('תפוקה מצטברת מול אשתקד'!A5,מנורה!A:K,10,0)+VLOOKUP('תפוקה מצטברת מול אשתקד'!A5,איילון!A:K,10,0)+VLOOKUP('תפוקה מצטברת מול אשתקד'!A5,הראל!A:K,10,0)+VLOOKUP('תפוקה מצטברת מול אשתקד'!A5,הפניקס!A:K,10,0)+VLOOKUP('תפוקה מצטברת מול אשתקד'!A5,כלל!A:K,10,0)+VLOOKUP('תפוקה מצטברת מול אשתקד'!A5,מור!A:K,10,0)+VLOOKUP('תפוקה מצטברת מול אשתקד'!A5,'אלטשולר שחם'!A:K,10,0)+VLOOKUP('תפוקה מצטברת מול אשתקד'!A5,'מדיהו '!A:K,10,0)+VLOOKUP('תפוקה מצטברת מול אשתקד'!A5,'אנליסט '!A:K,10,0)+VLOOKUP('תפוקה מצטברת מול אשתקד'!A5,'מיטב דש'!A:K,10,0)+VLOOKUP('תפוקה מצטברת מול אשתקד'!A5,אינפניטי!A:K,10,0) -> 0 | O5: =VLOOKUP(A5,הכשרה!A:K,11,0)+VLOOKUP('תפוקה מצטברת מול אשתקד'!A5,מגדל!A:K,11,0)+VLOOKUP('תפוקה מצטברת מול אשתקד'!A5,מנורה!A:K,11,0)+VLOOKUP('תפוקה מצטברת מול אשתקד'!A5,איילון!A:K,11,0)+VLOOKUP('תפוקה מצטברת מול אשתקד'!A5,הראל!A:K,11,0)+VLOOKUP('תפוקה מצטברת מול אשתקד'!A5,הפניקס!A:K,11,0)+VLOOKUP('תפוקה מצטברת מול אשתקד'!A5,כלל!A:K,11,0)+VLOOKUP('תפוקה מצטברת מול אשתקד'!A5,מור!A:K,11,0)+VLOOKUP('תפוקה מצטברת מול אשתקד'!A5,'אלטשולר שחם'!A:K,11,0)+VLOOKUP('תפוקה מצטברת מול אשתקד'!A5,'מדיהו '!A:K,11,0)+VLOOKUP('תפוקה מצטברת מול אשתקד'!A5,'אנליסט '!A:K,11,0)+VLOOKUP('תפוקה מצטברת מול אשתקד'!A5,'מיטב דש'!A:K,11,0)+VLOOKUP('תפוקה מצטברת מול אשתקד'!A5,אינפניטי!A:K,11,0) -> 0
A6: אילנית | B6: יוסי אביב | C6: ישירים | D6: =IF(H6=0,0%,IF(L6=0,100%,H6/L6-1)) -> 1 | E6: =IF(I6=0,0%,IF(M6=0,100%,I6/M6-1)) -> 1 | F6: =IF(J6=0,0%,IF(N6=0,100%,J6/N6-1)) -> 1 | G6: =IF(K6=0,0%,IF(O6=H31,100%,K6/O6-1)) -> #DIV/0! | H6: =VLOOKUP(A6,הכשרה!A:G,4,0)+VLOOKUP('תפוקה מצטברת מול אשתקד'!A6,מגדל!A:G,4,0)+VLOOKUP('תפוקה מצטברת מול אשתקד'!A6,מנורה!A:G,4,0)+VLOOKUP('תפוקה מצטברת מול אשתקד'!A6,איילון!A:G,4,0)+VLOOKUP('תפוקה מצטברת מול אשתקד'!A6,הראל!A:G,4,0)+VLOOKUP('תפוקה מצטברת מול אשתקד'!A6,הפניקס!A:G,4,0)+VLOOKUP('תפוקה מצטברת מול אשתקד'!A6,כלל!A:G,4,0)+VLOOKUP('תפוקה מצטברת מול אשתקד'!A6,מור!A:G,4,0)+VLOOKUP('תפוקה מצטברת מול אשתקד'!A6,'אלטשולר שחם'!A:G,4,0)+VLOOKUP('תפוקה מצטברת מול אשתקד'!A6,'מדיהו '!A:G,4,0)+VLOOKUP('תפוקה מצטברת מול אשתקד'!A6,'אנליסט '!A:G,4,0)+VLOOKUP('תפוקה מצטברת מול אשתקד'!A6,'מיטב דש'!A:G,4,0)+VLOOKUP('תפוקה מצטברת מול אשתקד'!A6,אינפניטי!A:G,4,0) -> 191253.87 | I6: =VLOOKUP(A6,הכשרה!A:G,5,0)+VLOOKUP('תפוקה מצטברת מול אשתקד'!A6,מגדל!A:G,5,0)+VLOOKUP('תפוקה מצטברת מול אשתקד'!A6,מנורה!A:G,5,0)+VLOOKUP('תפוקה מצטברת מול אשתקד'!A6,איילון!A:G,5,0)+VLOOKUP('תפוקה מצטברת מול אשתקד'!A6,הראל!A:G,5,0)+VLOOKUP('תפוקה מצטברת מול אשתקד'!A6,הפניקס!A:G,5,0)+VLOOKUP('תפוקה מצטברת מול אשתקד'!A6,כלל!A:G,5,0)+VLOOKUP('תפוקה מצטברת מול אשתקד'!A6,מור!A:G,5,0)+VLOOKUP('תפוקה מצטברת מול אשתקד'!A6,'אלטשולר שחם'!A:G,5,0)+VLOOKUP('תפוקה מצטברת מול אשתקד'!A6,'מדיהו '!A:G,5,0)+VLOOKUP('תפוקה מצטברת מול אשתקד'!A6,'אנליסט '!A:G,5,0)+VLOOKUP('תפוקה מצטברת מול אשתקד'!A6,'מיטב דש'!A:G,5,0)+VLOOKUP('תפוקה מצטברת מול אשתקד'!A6,אינפניטי!A:G,5,0) -> 31027.561 | J6: =VLOOKUP(A6,הכשרה!A:G,6,0)+VLOOKUP('תפוקה מצטברת מול אשתקד'!A6,מגדל!A:G,6,0)+VLOOKUP('תפוקה מצטברת מול אשתקד'!A6,מנורה!A:G,6,0)+VLOOKUP('תפוקה מצטברת מול אשתקד'!A6,איילון!A:G,6,0)+VLOOKUP(A6,הראל!A:G,6,0)+VLOOKUP('תפוקה מצטברת מול אשתקד'!A6,הפניקס!A:G,6,0)+VLOOKUP('תפוקה מצטברת מול אשתקד'!A6,כלל!A:G,6,0)+VLOOKUP('תפוקה מצטברת מול אשתקד'!A6,מור!A:G,6,0)+VLOOKUP('תפוקה מצטברת מול אשתקד'!A6,'אלטשולר שחם'!A:G,6,0)+VLOOKUP('תפוקה מצטברת מול אשתקד'!A6,'מדיהו '!A:G,6,0)+VLOOKUP('תפוקה מצטברת מול אשתקד'!A6,'אנליסט '!A:G,6,0)+VLOOKUP('תפוקה מצטברת מול אשתקד'!A6,'מיטב דש'!A:G,6,0)+VLOOKUP('תפוקה מצטברת מול אשתקד'!A6,אינפניטי!A:G,6,0) -> 453181.28 | K6: =VLOOKUP(A6,הכשרה!A:G,7,0)+VLOOKUP('תפוקה מצטברת מול אשתקד'!A6,מגדל!A:G,7,0)+VLOOKUP('תפוקה מצטברת מול אשתקד'!A6,מנורה!A:G,7,0)+VLOOKUP('תפוקה מצטברת מול אשתקד'!A6,איילון!A:G,7,0)+VLOOKUP('תפוקה מצטברת מול אשתקד'!A6,הראל!A:G,7,0)+VLOOKUP('תפוקה מצטברת מול אשתקד'!A6,הפניקס!A:G,7,0)+VLOOKUP('תפוקה מצטברת מול אשתקד'!A6,כלל!A:G,7,0)+VLOOKUP('תפוקה מצטברת מול אשתקד'!A6,מור!A:G,7,0)+VLOOKUP('תפוקה מצטברת מול אשתקד'!A6,'אלטשולר שחם'!A:G,7,0)+VLOOKUP('תפוקה מצטברת מול אשתקד'!A6,'מדיהו '!A:K,7,0)+VLOOKUP(A6,'אנליסט '!A:G,7,0)+VLOOKUP('תפוקה מצטברת מול אשתקד'!A6,'מיטב דש'!A:G,7,0)+VLOOKUP('תפוקה מצטברת מול אשתקד'!A6,אינפניטי!A:G,7,0) -> 131217.27 | L6: =VLOOKUP(A6,הכשרה!A:K,8,0)+VLOOKUP('תפוקה מצטברת מול אשתקד'!A6,מגדל!A:K,8,0)+VLOOKUP('תפוקה מצטברת מול אשתקד'!A6,מנורה!A:K,8,0)+VLOOKUP('תפוקה מצטברת מול אשתקד'!A6,איילון!A:K,8,0)+VLOOKUP('תפוקה מצטברת מול אשתקד'!A6,הראל!A:K,8,0)+VLOOKUP('תפוקה מצטברת מול אשתקד'!A6,הפניקס!A:K,8,0)+VLOOKUP('תפוקה מצטברת מול אשתקד'!A6,כלל!A:K,8,0)+VLOOKUP('תפוקה מצטברת מול אשתקד'!A6,מור!A:K,8,0)+VLOOKUP('תפוקה מצטברת מול אשתקד'!A6,'אלטשולר שחם'!A:K,8,0)+VLOOKUP('תפוקה מצטברת מול אשתקד'!A6,'מדיהו '!A:K,8,0)+VLOOKUP('תפוקה מצטברת מול אשתקד'!A6,'אנליסט '!A:K,8,0)+VLOOKUP('תפוקה מצטברת מול אשתקד'!A6,'מיטב דש'!A:K,8,0)+VLOOKUP('תפוקה מצטברת מול אשתקד'!A6,אינפניטי!A:K,8,0) -> 0 | M6: =VLOOKUP(A6,הכשרה!A:K,9,0)+VLOOKUP('תפוקה מצטברת מול אשתקד'!A6,מגדל!A:K,9,0)+VLOOKUP('תפוקה מצטברת מול אשתקד'!A6,מנורה!A:K,9,0)+VLOOKUP('תפוקה מצטברת מול אשתקד'!A6,איילון!A:K,9,0)+VLOOKUP('תפוקה מצטברת מול אשתקד'!A6,הראל!A:K,9,0)+VLOOKUP('תפוקה מצטברת מול אשתקד'!A6,הפניקס!A:K,9,0)+VLOOKUP('תפוקה מצטברת מול אשתקד'!A6,כלל!A:K,9,0)+VLOOKUP('תפוקה מצטברת מול אשתקד'!A6,מור!A:K,9,0)+VLOOKUP('תפוקה מצטברת מול אשתקד'!A6,'אלטשולר שחם'!A:K,9,0)+VLOOKUP('תפוקה מצטברת מול אשתקד'!A6,'מדיהו '!A:K,9,0)+VLOOKUP('תפוקה מצטברת מול אשתקד'!A6,'אנליסט '!A:K,9,0)+VLOOKUP('תפוקה מצטברת מול אשתקד'!A6,'מיטב דש'!A:K,9,0)+VLOOKUP('תפוקה מצטברת מול אשתקד'!A6,אינפניטי!A:K,9,0) -> 0 | N6: =VLOOKUP(A6,הכשרה!A:K,10,0)+VLOOKUP('תפוקה מצטברת מול אשתקד'!A6,מגדל!A:K,10,0)+VLOOKUP('תפוקה מצטברת מול אשתקד'!A6,מנורה!A:K,10,0)+VLOOKUP('תפוקה מצטברת מול אשתקד'!A6,איילון!A:K,10,0)+VLOOKUP('תפוקה מצטברת מול אשתקד'!A6,הראל!A:K,10,0)+VLOOKUP('תפוקה מצטברת מול אשתקד'!A6,הפניקס!A:K,10,0)+VLOOKUP('תפוקה מצטברת מול אשתקד'!A6,כלל!A:K,10,0)+VLOOKUP('תפוקה מצטברת מול אשתקד'!A6,מור!A:K,10,0)+VLOOKUP('תפוקה מצטברת מול אשתקד'!A6,'אלטשולר שחם'!A:K,10,0)+VLOOKUP('תפוקה מצטברת מול אשתקד'!A6,'מדיהו '!A:K,10,0)+VLOOKUP('תפוקה מצטברת מול אשתקד'!A6,'אנליסט '!A:K,10,0)+VLOOKUP('תפוקה מצטברת מול אשתקד'!A6,'מיטב דש'!A:K,10,0)+VLOOKUP('תפוקה מצטברת מול אשתקד'!A6,אינפניטי!A:K,10,0) -> 0 | O6: =VLOOKUP(A6,הכשרה!A:K,11,0)+VLOOKUP('תפוקה מצטברת מול אשתקד'!A6,מגדל!A:K,11,0)+VLOOKUP('תפוקה מצטברת מול אשתקד'!A6,מנורה!A:K,11,0)+VLOOKUP('תפוקה מצטברת מול אשתקד'!A6,איילון!A:K,11,0)+VLOOKUP('תפוקה מצטברת מול אשתקד'!A6,הראל!A:K,11,0)+VLOOKUP('תפוקה מצטברת מול אשתקד'!A6,הפניקס!A:K,11,0)+VLOOKUP('תפוקה מצטברת מול אשתקד'!A6,כלל!A:K,11,0)+VLOOKUP('תפוקה מצטברת מול אשתקד'!A6,מור!A:K,11,0)+VLOOKUP('תפוקה מצטברת מול אשתקד'!A6,'אלטשולר שחם'!A:K,11,0)+VLOOKUP('תפוקה מצטברת מול אשתקד'!A6,'מדיהו '!A:K,11,0)+VLOOKUP('תפוקה מצטברת מול אשתקד'!A6,'אנליסט '!A:K,11,0)+VLOOKUP('תפוקה מצטברת מול אשתקד'!A6,'מיטב דש'!A:K,11,0)+VLOOKUP('תפוקה מצטברת מול אשתקד'!A6,אינפניטי!A:K,11,0) -> 0
A7: דני פחימה | B7: יוסי אביב | C7: ישירים | D7: =IF(H7=0,0%,IF(L7=0,100%,H7/L7-1)) -> -0.50845798 | E7: =IF(I7=0,0%,IF(M7=0,100%,I7/M7-1)) -> 0.65403237 | F7: =IF(J7=0,0%,IF(N7=0,100%,J7/N7-1)) -> 0.18529415 | G7: =IF(K7=0,0%,IF(O7=H71,100%,K7/O7-1)) -> -0.49743581 | H7: =VLOOKUP(A7,הכשרה!A:G,4,0)+VLOOKUP('תפוקה מצטברת מול אשתקד'!A7,מגדל!A:G,4,0)+VLOOKUP('תפוקה מצטברת מול אשתקד'!A7,מנורה!A:G,4,0)+VLOOKUP('תפוקה מצטברת מול אשתקד'!A7,איילון!A:G,4,0)+VLOOKUP('תפוקה מצטברת מול אשתקד'!A7,הראל!A:G,4,0)+VLOOKUP('תפוקה מצטברת מול אשתקד'!A7,הפניקס!A:G,4,0)+VLOOKUP('תפוקה מצטברת מול אשתקד'!A7,כלל!A:G,4,0)+VLOOKUP('תפוקה מצטברת מול אשתקד'!A7,מור!A:G,4,0)+VLOOKUP('תפוקה מצטברת מול אשתקד'!A7,'אלטשולר שחם'!A:G,4,0)+VLOOKUP('תפוקה מצטברת מול אשתקד'!A7,'מדיהו '!A:G,4,0)+VLOOKUP('תפוקה מצטברת מול אשתקד'!A7,'אנליסט '!A:G,4,0)+VLOOKUP('תפוקה מצטברת מול אשתקד'!A7,'מיטב דש'!A:G,4,0)+VLOOKUP('תפוקה מצטברת מול אשתקד'!A7,אינפניטי!A:G,4,0) -> 19299.96 | I7: =VLOOKUP(A7,הכשרה!A:G,5,0)+VLOOKUP('תפוקה מצטברת מול אשתקד'!A7,מגדל!A:G,5,0)+VLOOKUP('תפוקה מצטברת מול אשתקד'!A7,מנורה!A:G,5,0)+VLOOKUP('תפוקה מצטברת מול אשתקד'!A7,איילון!A:G,5,0)+VLOOKUP('תפוקה מצטברת מול אשתקד'!A7,הראל!A:G,5,0)+VLOOKUP('תפוקה מצטברת מול אשתקד'!A7,הפניקס!A:G,5,0)+VLOOKUP('תפוקה מצטברת מול אשתקד'!A7,כלל!A:G,5,0)+VLOOKUP('תפוקה מצטברת מול אשתקד'!A7,מור!A:G,5,0)+VLOOKUP('תפוקה מצטברת מול אשתקד'!A7,'אלטשולר שחם'!A:G,5,0)+VLOOKUP('תפוקה מצטברת מול אשתקד'!A7,'מדיהו '!A:G,5,0)+VLOOKUP('תפוקה מצטברת מול אשתקד'!A7,'אנליסט '!A:G,5,0)+VLOOKUP('תפוקה מצטברת מול אשתקד'!A7,'מיטב דש'!A:G,5,0)+VLOOKUP('תפוקה מצטברת מול אשתקד'!A7,אינפניטי!A:G,5,0) -> 1236.72 | J7: =VLOOKUP(A7,הכשרה!A:G,6,0)+VLOOKUP('תפוקה מצטברת מול אשתקד'!A7,מגדל!A:G,6,0)+VLOOKUP('תפוקה מצטברת מול אשתקד'!A7,מנורה!A:G,6,0)+VLOOKUP('תפוקה מצטברת מול אשתקד'!A7,איילון!A:G,6,0)+VLOOKUP(A7,הראל!A:G,6,0)+VLOOKUP('תפוקה מצטברת מול אשתקד'!A7,הפניקס!A:G,6,0)+VLOOKUP('תפוקה מצטברת מול אשתקד'!A7,כלל!A:G,6,0)+VLOOKUP('תפוקה מצטברת מול אשתקד'!A7,מור!A:G,6,0)+VLOOKUP('תפוקה מצטברת מול אשתקד'!A7,'אלטשולר שחם'!A:G,6,0)+VLOOKUP('תפוקה מצטברת מול אשתקד'!A7,'מדיהו '!A:G,6,0)+VLOOKUP('תפוקה מצטברת מול אשתקד'!A7,'אנליסט '!A:G,6,0)+VLOOKUP('תפוקה מצטברת מול אשתקד'!A7,'מיטב דש'!A:G,6,0)+VLOOKUP('תפוקה מצטברת מול אשתקד'!A7,אינפניטי!A:G,6,0) -> 12098.25 | K7: =VLOOKUP(A7,הכשרה!A:G,7,0)+VLOOKUP('תפוקה מצטברת מול אשתקד'!A7,מגדל!A:G,7,0)+VLOOKUP('תפוקה מצטברת מול אשתקד'!A7,מנורה!A:G,7,0)+VLOOKUP('תפוקה מצטברת מול אשתקד'!A7,איילון!A:G,7,0)+VLOOKUP('תפוקה מצטברת מול אשתקד'!A7,הראל!A:G,7,0)+VLOOKUP('תפוקה מצטברת מול אשתקד'!A7,הפניקס!A:G,7,0)+VLOOKUP('תפוקה מצטברת מול אשתקד'!A7,כלל!A:G,7,0)+VLOOKUP('תפוקה מצטברת מול אשתקד'!A7,מור!A:G,7,0)+VLOOKUP('תפוקה מצטברת מול אשתקד'!A7,'אלטשולר שחם'!A:G,7,0)+VLOOKUP('תפוקה מצטברת מול אשתקד'!A7,'מדיהו '!A:K,7,0)+VLOOKUP(A7,'אנליסט '!A:G,7,0)+VLOOKUP('תפוקה מצטברת מול אשתקד'!A7,'מיטב דש'!A:G,7,0)+VLOOKUP('תפוקה מצטברת מול אשתקד'!A7,אינפניטי!A:G,7,0) -> 52586.07 | L7: =VLOOKUP(A7,הכשרה!A:K,8,0)+VLOOKUP('תפוקה מצטברת מול אשתקד'!A7,מגדל!A:K,8,0)+VLOOKUP('תפוקה מצטברת מול אשתקד'!A7,מנורה!A:K,8,0)+VLOOKUP('תפוקה מצטברת מול אשתקד'!A7,איילון!A:K,8,0)+VLOOKUP('תפוקה מצטברת מול אשתקד'!A7,הראל!A:K,8,0)+VLOOKUP('תפוקה מצטברת מול אשתקד'!A7,הפניקס!A:K,8,0)+VLOOKUP('תפוקה מצטברת מול אשתקד'!A7,כלל!A:K,8,0)+VLOOKUP('תפוקה מצטברת מול אשתקד'!A7,מור!A:K,8,0)+VLOOKUP('תפוקה מצטברת מול אשתקד'!A7,'אלטשולר שחם'!A:K,8,0)+VLOOKUP('תפוקה מצטברת מול אשתקד'!A7,'מדיהו '!A:K,8,0)+VLOOKUP('תפוקה מצטברת מול אשתקד'!A7,'אנליסט '!A:K,8,0)+VLOOKUP('תפוקה מצטברת מול אשתקד'!A7,'מיטב דש'!A:K,8,0)+VLOOKUP('תפוקה מצטברת מול אשתקד'!A7,אינפניטי!A:K,8,0) -> 39264.11 | M7: =VLOOKUP(A7,הכשרה!A:K,9,0)+VLOOKUP('תפוקה מצטברת מול אשתקד'!A7,מגדל!A:K,9,0)+VLOOKUP('תפוקה מצטברת מול אשתקד'!A7,מנורה!A:K,9,0)+VLOOKUP('תפוקה מצטברת מול אשתקד'!A7,איילון!A:K,9,0)+VLOOKUP('תפוקה מצטברת מול אשתקד'!A7,הראל!A:K,9,0)+VLOOKUP('תפוקה מצטברת מול אשתקד'!A7,הפניקס!A:K,9,0)+VLOOKUP('תפוקה מצטברת מול אשתקד'!A7,כלל!A:K,9,0)+VLOOKUP('תפוקה מצטברת מול אשתקד'!A7,מור!A:K,9,0)+VLOOKUP('תפוקה מצטברת מול אשתקד'!A7,'אלטשולר שחם'!A:K,9,0)+VLOOKUP('תפוקה מצטברת מול אשתקד'!A7,'מדיהו '!A:K,9,0)+VLOOKUP('תפוקה מצטברת מול אשתקד'!A7,'אנליסט '!A:K,9,0)+VLOOKUP('תפוקה מצטברת מול אשתקד'!A7,'מיטב דש'!A:K,9,0)+VLOOKUP('תפוקה מצטברת מול אשתקד'!A7,אינפניטי!A:K,9,0) -> 747.7 | N7: =VLOOKUP(A7,הכשרה!A:K,10,0)+VLOOKUP('תפוקה מצטברת מול אשתקד'!A7,מגדל!A:K,10,0)+VLOOKUP('תפוקה מצטברת מול אשתקד'!A7,מנורה!A:K,10,0)+VLOOKUP('תפוקה מצטברת מול אשתקד'!A7,איילון!A:K,10,0)+VLOOKUP('תפוקה מצטברת מול אשתקד'!A7,הראל!A:K,10,0)+VLOOKUP('תפוקה מצטברת מול אשתקד'!A7,הפניקס!A:K,10,0)+VLOOKUP('תפוקה מצטברת מול אשתקד'!A7,כלל!A:K,10,0)+VLOOKUP('תפוקה מצטברת מול אשתקד'!A7,מור!A:K,10,0)+VLOOKUP('תפוקה מצטברת מול אשתקד'!A7,'אלטשולר שחם'!A:K,10,0)+VLOOKUP('תפוקה מצטברת מול אשתקד'!A7,'מדיהו '!A:K,10,0)+VLOOKUP('תפוקה מצטברת מול אשתקד'!A7,'אנליסט '!A:K,10,0)+VLOOKUP('תפוקה מצטברת מול אשתקד'!A7,'מיטב דש'!A:K,10,0)+VLOOKUP('תפוקה מצטברת מול אשתקד'!A7,אינפניטי!A:K,10,0) -> 10206.96 | O7: =VLOOKUP(A7,הכשרה!A:K,11,0)+VLOOKUP('תפוקה מצטברת מול אשתקד'!A7,מגדל!A:K,11,0)+VLOOKUP('תפוקה מצטברת מול אשתקד'!A7,מנורה!A:K,11,0)+VLOOKUP('תפוקה מצטברת מול אשתקד'!A7,איילון!A:K,11,0)+VLOOKUP('תפוקה מצטברת מול אשתקד'!A7,הראל!A:K,11,0)+VLOOKUP('תפוקה מצטברת מול אשתקד'!A7,הפניקס!A:K,11,0)+VLOOKUP('תפוקה מצטברת מול אשתקד'!A7,כלל!A:K,11,0)+VLOOKUP('תפוקה מצטברת מול אשתקד'!A7,מור!A:K,11,0)+VLOOKUP('תפוקה מצטברת מול אשתקד'!A7,'אלטשולר שחם'!A:K,11,0)+VLOOKUP('תפוקה מצטברת מול אשתקד'!A7,'מדיהו '!A:K,11,0)+VLOOKUP('תפוקה מצטברת מול אשתקד'!A7,'אנליסט '!A:K,11,0)+VLOOKUP('תפוקה מצטברת מול אשתקד'!A7,'מיטב דש'!A:K,11,0)+VLOOKUP('תפוקה מצטברת מול אשתקד'!A7,אינפניטי!A:K,11,0) -> 104635.53
A8: סה"כ ישיר | D8: =IF(H8=0,0%,IF(L8=0,100%,H8/L8-1)) -> 0.61202352 | E8: =IF(I8=0,0%,IF(M8=0,100%,I8/M8-1)) -> -0.50690169 | F8: =IF(J8=0,0%,IF(N8=0,100%,J8/N8-1)) -> 0.0062359067 | G8: =IF(K8=0,0%,IF(O8=H72,100%,K8/O8-1)) -> 0.78430941 | H8: =SUM(H3:H7) -> 4971214.4 | I8: =SUM(I3:I7) -> 249721.28 | J8: =SUM(J3:J7) -> 13756636 | K8: =SUM(K3:K7) -> 30552415 | L8: =SUM(L3:L7) -> 3083834.9 | M8: =SUM(M3:M7) -> 506433.04 | N8: =SUM(N3:N7) -> 13671382 | O8: =SUM(O3:O7) -> 17122824
A9: בראשית סוכנות לביטוח | B9: יוסי אביב | C9: שותפים | D9: =IF(H9=0,0%,IF(L9=0,100%,H9/L9-1)) -> 9.1455367 | E9: =IF(I9=0,0%,IF(M9=0,100%,I9/M9-1)) -> 13.335289 | F9: =IF(J9=0,0%,IF(N9=0,100%,J9/N9-1)) -> 0 | G9: =IF(K9=0,0%,IF(O9=H32,100%,K9/O9-1)) -> 2.4051968 | H9: =VLOOKUP(A9,הכשרה!A:G,4,0)+VLOOKUP('תפוקה מצטברת מול אשתקד'!A9,מגדל!A:G,4,0)+VLOOKUP('תפוקה מצטברת מול אשתקד'!A9,מנורה!A:G,4,0)+VLOOKUP('תפוקה מצטברת מול אשתקד'!A9,איילון!A:G,4,0)+VLOOKUP('תפוקה מצטברת מול אשתקד'!A9,הראל!A:G,4,0)+VLOOKUP('תפוקה מצטברת מול אשתקד'!A9,הפניקס!A:G,4,0)+VLOOKUP('תפוקה מצטברת מול אשתקד'!A9,כלל!A:G,4,0)+VLOOKUP('תפוקה מצטברת מול אשתקד'!A9,מור!A:G,4,0)+VLOOKUP('תפוקה מצטברת מול אשתקד'!A9,'אלטשולר שחם'!A:G,4,0)+VLOOKUP('תפוקה מצטברת מול אשתקד'!A9,'מדיהו '!A:G,4,0)+VLOOKUP('תפוקה מצטברת מול אשתקד'!A9,'אנליסט '!A:G,4,0)+VLOOKUP('תפוקה מצטברת מול אשתקד'!A9,'מיטב דש'!A:G,4,0)+VLOOKUP('תפוקה מצטברת מול אשתקד'!A9,אינפניטי!A:G,4,0) -> 24918.94 | I9: =VLOOKUP(A9,הכשרה!A:G,5,0)+VLOOKUP('תפוקה מצטברת מול אשתקד'!A9,מגדל!A:G,5,0)+VLOOKUP('תפוקה מצטברת מול אשתקד'!A9,מנורה!A:G,5,0)+VLOOKUP('תפוקה מצטברת מול אשתקד'!A9,איילון!A:G,5,0)+VLOOKUP('תפוקה מצטברת מול אשתקד'!A9,הראל!A:G,5,0)+VLOOKUP('תפוקה מצטברת מול אשתקד'!A9,הפניקס!A:G,5,0)+VLOOKUP('תפוקה מצטברת מול אשתקד'!A9,כלל!A:G,5,0)+VLOOKUP('תפוקה מצטברת מול אשתקד'!A9,מור!A:G,5,0)+VLOOKUP('תפוקה מצטברת מול אשתקד'!A9,'אלטשולר שחם'!A:G,5,0)+VLOOKUP('תפוקה מצטברת מול אשתקד'!A9,'מדיהו '!A:G,5,0)+VLOOKUP('תפוקה מצטברת מול אשתקד'!A9,'אנליסט '!A:G,5,0)+VLOOKUP('תפוקה מצטברת מול אשתקד'!A9,'מיטב דש'!A:G,5,0)+VLOOKUP('תפוקה מצטברת מול אשתקד'!A9,אינפניטי!A:G,5,0) -> 1160.585 | J9: =VLOOKUP(A9,הכשרה!A:G,6,0)+VLOOKUP('תפוקה מצטברת מול אשתקד'!A9,מגדל!A:G,6,0)+VLOOKUP('תפוקה מצטברת מול אשתקד'!A9,מנורה!A:G,6,0)+VLOOKUP('תפוקה מצטברת מול אשתקד'!A9,איילון!A:G,6,0)+VLOOKUP(A9,הראל!A:G,6,0)+VLOOKUP('תפוקה מצטברת מול אשתקד'!A9,הפניקס!A:G,6,0)+VLOOKUP('תפוקה מצטברת מול אשתקד'!A9,כלל!A:G,6,0)+VLOOKUP('תפוקה מצטברת מול אשתקד'!A9,מור!A:G,6,0)+VLOOKUP('תפוקה מצטברת מול אשתקד'!A9,'אלטשולר שחם'!A:G,6,0)+VLOOKUP('תפוקה מצטברת מול אשתקד'!A9,'מדיהו '!A:G,6,0)+VLOOKUP('תפוקה מצטברת מול אשתקד'!A9,'אנליסט '!A:G,6,0)+VLOOKUP('תפוקה מצטברת מול אשתקד'!A9,'מיטב דש'!A:G,6,0)+VLOOKUP('תפוקה מצטברת מול אשתקד'!A9,אינפניטי!A:G,6,0) -> 0 | K9: =VLOOKUP(A9,הכשרה!A:G,7,0)+VLOOKUP('תפוקה מצטברת מול אשתקד'!A9,מגדל!A:G,7,0)+VLOOKUP('תפוקה מצטברת מול אשתקד'!A9,מנורה!A:G,7,0)+VLOOKUP('תפוקה מצטברת מול אשתקד'!A9,איילון!A:G,7,0)+VLOOKUP('תפוקה מצטברת מול אשתקד'!A9,הראל!A:G,7,0)+VLOOKUP('תפוקה מצטברת מול אשתקד'!A9,הפניקס!A:G,7,0)+VLOOKUP('תפוקה מצטברת מול אשתקד'!A9,כלל!A:G,7,0)+VLOOKUP('תפוקה מצטברת מול אשתקד'!A9,מור!A:G,7,0)+VLOOKUP('תפוקה מצטברת מול אשתקד'!A9,'אלטשולר שחם'!A:G,7,0)+VLOOKUP('תפוקה מצטברת מול אשתקד'!A9,'מדיהו '!A:K,7,0)+VLOOKUP(A9,'אנליסט '!A:G,7,0)+VLOOKUP('תפוקה מצטברת מול אשתקד'!A9,'מיטב דש'!A:G,7,0)+VLOOKUP('תפוקה מצטברת מול אשתקד'!A9,אינפניטי!A:G,7,0) -> -191018.6 | L9: =VLOOKUP(A9,הכשרה!A:K,8,0)+VLOOKUP('תפוקה מצטברת מול אשתקד'!A9,מגדל!A:K,8,0)+VLOOKUP('תפוקה מצטברת מול אשתקד'!A9,מנורה!A:K,8,0)+VLOOKUP('תפוקה מצטברת מול אשתקד'!A9,איילון!A:K,8,0)+VLOOKUP('תפוקה מצטברת מול אשתקד'!A9,הראל!A:K,8,0)+VLOOKUP('תפוקה מצטברת מול אשתקד'!A9,הפניקס!A:K,8,0)+VLOOKUP('תפוקה מצטברת מול אשתקד'!A9,כלל!A:K,8,0)+VLOOKUP('תפוקה מצטברת מול אשתקד'!A9,מור!A:K,8,0)+VLOOKUP('תפוקה מצטברת מול אשתקד'!A9,'אלטשולר שחם'!A:K,8,0)+VLOOKUP('תפוקה מצטברת מול אשתקד'!A9,'מדיהו '!A:K,8,0)+VLOOKUP('תפוקה מצטברת מול אשתקד'!A9,'אנליסט '!A:K,8,0)+VLOOKUP('תפוקה מצטברת מול אשתקד'!A9,'מיטב דש'!A:K,8,0)+VLOOKUP('תפוקה מצטברת מול אשתקד'!A9,אינפניטי!A:K,8,0) -> 2456.148 | M9: =VLOOKUP(A9,הכשרה!A:K,9,0)+VLOOKUP('תפוקה מצטברת מול אשתקד'!A9,מגדל!A:K,9,0)+VLOOKUP('תפוקה מצטברת מול אשתקד'!A9,מנורה!A:K,9,0)+VLOOKUP('תפוקה מצטברת מול אשתקד'!A9,איילון!A:K,9,0)+VLOOKUP('תפוקה מצטברת מול אשתקד'!A9,הראל!A:K,9,0)+VLOOKUP('תפוקה מצטברת מול אשתקד'!A9,הפניקס!A:K,9,0)+VLOOKUP('תפוקה מצטברת מול אשתקד'!A9,כלל!A:K,9,0)+VLOOKUP('תפוקה מצטברת מול אשתקד'!A9,מור!A:K,9,0)+VLOOKUP('תפוקה מצטברת מול אשתקד'!A9,'אלטשולר שחם'!A:K,9,0)+VLOOKUP('תפוקה מצטברת מול אשתקד'!A9,'מדיהו '!A:K,9,0)+VLOOKUP('תפוקה מצטברת מול אשתקד'!A9,'אנליסט '!A:K,9,0)+VLOOKUP('תפוקה מצטברת מול אשתקד'!A9,'מיטב דש'!A:K,9,0)+VLOOKUP('תפוקה מצטברת מול אשתקד'!A9,אינפניטי!A:K,9,0) -> 80.96 | N9: =VLOOKUP(A9,הכשרה!A:K,10,0)+VLOOKUP('תפוקה מצטברת מול אשתקד'!A9,מגדל!A:K,10,0)+VLOOKUP('תפוקה מצטברת מול אשתקד'!A9,מנורה!A:K,10,0)+VLOOKUP('תפוקה מצטברת מול אשתקד'!A9,איילון!A:K,10,0)+VLOOKUP('תפוקה מצטברת מול אשתקד'!A9,הראל!A:K,10,0)+VLOOKUP('תפוקה מצטברת מול אשתקד'!A9,הפניקס!A:K,10,0)+VLOOKUP('תפוקה מצטברת מול אשתקד'!A9,כלל!A:K,10,0)+VLOOKUP('תפוקה מצטברת מול אשתקד'!A9,מור!A:K,10,0)+VLOOKUP('תפוקה מצטברת מול אשתקד'!A9,'אלטשולר שחם'!A:K,10,0)+VLOOKUP('תפוקה מצטברת מול אשתקד'!A9,'מדיהו '!A:K,10,0)+VLOOKUP('תפוקה מצטברת מול אשתקד'!A9,'אנליסט '!A:K,10,0)+VLOOKUP('תפוקה מצטברת מול אשתקד'!A9,'מיטב דש'!A:K,10,0)+VLOOKUP('תפוקה מצטברת מול אשתקד'!A9,אינפניטי!A:K,10,0) -> 0 | O9: =VLOOKUP(A9,הכשרה!A:K,11,0)+VLOOKUP('תפוקה מצטברת מול אשתקד'!A9,מגדל!A:K,11,0)+VLOOKUP('תפוקה מצטברת מול אשתקד'!A9,מנורה!A:K,11,0)+VLOOKUP('תפוקה מצטברת מול אשתקד'!A9,איילון!A:K,11,0)+VLOOKUP('תפוקה מצטברת מול אשתקד'!A9,הראל!A:K,11,0)+VLOOKUP('תפוקה מצטברת מול אשתקד'!A9,הפניקס!A:K,11,0)+VLOOKUP('תפוקה מצטברת מול אשתקד'!A9,כלל!A:K,11,0)+VLOOKUP('תפוקה מצטברת מול אשתקד'!A9,מור!A:K,11,0)+VLOOKUP('תפוקה מצטברת מול אשתקד'!A9,'אלטשולר שחם'!A:K,11,0)+VLOOKUP('תפוקה מצטברת מול אשתקד'!A9,'מדיהו '!A:K,11,0)+VLOOKUP('תפוקה מצטברת מול אשתקד'!A9,'אנליסט '!A:K,11,0)+VLOOKUP('תפוקה מצטברת מול אשתקד'!A9,'מיטב דש'!A:K,11,0)+VLOOKUP('תפוקה מצטברת מול אשתקד'!A9,אינפניטי!A:K,11,0) -> -56096.2
A10: גל אלמגור דאוד סוכ' לב | B10: יוסי אביב | C10: שותפים | D10: =IF(H10=0,0%,IF(L10=0,100%,H10/L10-1)) -> 0.00067828809 | E10: =IF(I10=0,0%,IF(M10=0,100%,I10/M10-1)) -> 1.8176875 | F10: =IF(J10=0,0%,IF(N10=0,100%,J10/N10-1)) -> 3.5936342 | G10: =IF(K10=0,0%,IF(O10=H33,100%,K10/O10-1)) -> 4.9954894 | H10: =VLOOKUP(A10,הכשרה!A:G,4,0)+VLOOKUP('תפוקה מצטברת מול אשתקד'!A10,מגדל!A:G,4,0)+VLOOKUP('תפוקה מצטברת מול אשתקד'!A10,מנורה!A:G,4,0)+VLOOKUP('תפוקה מצטברת מול אשתקד'!A10,איילון!A:G,4,0)+VLOOKUP('תפוקה מצטברת מול אשתקד'!A10,הראל!A:G,4,0)+VLOOKUP('תפוקה מצטברת מול אשתקד'!A10,הפניקס!A:G,4,0)+VLOOKUP('תפוקה מצטברת מול אשתקד'!A10,כלל!A:G,4,0)+VLOOKUP('תפוקה מצטברת מול אשתקד'!A10,מור!A:G,4,0)+VLOOKUP('תפוקה מצטברת מול אשתקד'!A10,'אלטשולר שחם'!A:G,4,0)+VLOOKUP('תפוקה מצטברת מול אשתקד'!A10,'מדיהו '!A:G,4,0)+VLOOKUP('תפוקה מצטברת מול אשתקד'!A10,'אנליסט '!A:G,4,0)+VLOOKUP('תפוקה מצטברת מול אשתקד'!A10,'מיטב דש'!A:G,4,0)+VLOOKUP('תפוקה מצטברת מול אשתקד'!A10,אינפניטי!A:G,4,0) -> 505830.12 | I10: =VLOOKUP(A10,הכשרה!A:G,5,0)+VLOOKUP('תפוקה מצטברת מול אשתקד'!A10,מגדל!A:G,5,0)+VLOOKUP('תפוקה מצטברת מול אשתקד'!A10,מנורה!A:G,5,0)+VLOOKUP('תפוקה מצטברת מול אשתקד'!A10,איילון!A:G,5,0)+VLOOKUP('תפוקה מצטברת מול אשתקד'!A10,הראל!A:G,5,0)+VLOOKUP('תפוקה מצטברת מול אשתקד'!A10,הפניקס!A:G,5,0)+VLOOKUP('תפוקה מצטברת מול אשתקד'!A10,כלל!A:G,5,0)+VLOOKUP('תפוקה מצטברת מול אשתקד'!A10,מור!A:G,5,0)+VLOOKUP('תפוקה מצטברת מול אשתקד'!A10,'אלטשולר שחם'!A:G,5,0)+VLOOKUP('תפוקה מצטברת מול אשתקד'!A10,'מדיהו '!A:G,5,0)+VLOOKUP('תפוקה מצטברת מול אשתקד'!A10,'אנליסט '!A:G,5,0)+VLOOKUP('תפוקה מצטברת מול אשתקד'!A10,'מיטב דש'!A:G,5,0)+VLOOKUP('תפוקה מצטברת מול אשתקד'!A10,אינפניטי!A:G,5,0) -> 556306.61 | J10: =VLOOKUP(A10,הכשרה!A:G,6,0)+VLOOKUP('תפוקה מצטברת מול אשתקד'!A10,מגדל!A:G,6,0)+VLOOKUP('תפוקה מצטברת מול אשתקד'!A10,מנורה!A:G,6,0)+VLOOKUP('תפוקה מצטברת מול אשתקד'!A10,איילון!A:G,6,0)+VLOOKUP(A10,הראל!A:G,6,0)+VLOOKUP('תפוקה מצטברת מול אשתקד'!A10,הפניקס!A:G,6,0)+VLOOKUP('תפוקה מצטברת מול אשתקד'!A10,כלל!A:G,6,0)+VLOOKUP('תפוקה מצטברת מול אשתקד'!A10,מור!A:G,6,0)+VLOOKUP('תפוקה מצטברת מול אשתקד'!A10,'אלטשולר שחם'!A:G,6,0)+VLOOKUP('תפוקה מצטברת מול אשתקד'!A10,'מדיהו '!A:G,6,0)+VLOOKUP('תפוקה מצטברת מול אשתקד'!A10,'אנליסט '!A:G,6,0)+VLOOKUP('תפוקה מצטברת מול אשתקד'!A10,'מיטב דש'!A:G,6,0)+VLOOKUP('תפוקה מצטברת מול אשתקד'!A10,אינפניטי!A:G,6,0) -> 309711.71 | K10: =VLOOKUP(A10,הכשרה!A:G,7,0)+VLOOKUP('תפוקה מצטברת מול אשתקד'!A10,מגדל!A:G,7,0)+VLOOKUP('תפוקה מצטברת מול אשתקד'!A10,מנורה!A:G,7,0)+VLOOKUP('תפוקה מצטברת מול אשתקד'!A10,איילון!A:G,7,0)+VLOOKUP('תפוקה מצטברת מול אשתקד'!A10,הראל!A:G,7,0)+VLOOKUP('תפוקה מצטברת מול אשתקד'!A10,הפניקס!A:G,7,0)+VLOOKUP('תפוקה מצטברת מול אשתקד'!A10,כלל!A:G,7,0)+VLOOKUP('תפוקה מצטברת מול אשתקד'!A10,מור!A:G,7,0)+VLOOKUP('תפוקה מצטברת מול אשתקד'!A10,'אלטשולר שחם'!A:G,7,0)+VLOOKUP('תפוקה מצטברת מול אשתקד'!A10,'מדיהו '!A:K,7,0)+VLOOKUP(A10,'אנליסט '!A:G,7,0)+VLOOKUP('תפוקה מצטברת מול אשתקד'!A10,'מיטב דש'!A:G,7,0)+VLOOKUP('תפוקה מצטברת מול אשתקד'!A10,אינפניטי!A:G,7,0) -> 1110431.1 | L10: =VLOOKUP(A10,הכשרה!A:K,8,0)+VLOOKUP('תפוקה מצטברת מול אשתקד'!A10,מגדל!A:K,8,0)+VLOOKUP('תפוקה מצטברת מול אשתקד'!A10,מנורה!A:K,8,0)+VLOOKUP('תפוקה מצטברת מול אשתקד'!A10,איילון!A:K,8,0)+VLOOKUP('תפוקה מצטברת מול אשתקד'!A10,הראל!A:K,8,0)+VLOOKUP('תפוקה מצטברת מול אשתקד'!A10,הפניקס!A:K,8,0)+VLOOKUP('תפוקה מצטברת מול אשתקד'!A10,כלל!A:K,8,0)+VLOOKUP('תפוקה מצטברת מול אשתקד'!A10,מור!A:K,8,0)+VLOOKUP('תפוקה מצטברת מול אשתקד'!A10,'אלטשולר שחם'!A:K,8,0)+VLOOKUP('תפוקה מצטברת מול אשתקד'!A10,'מדיהו '!A:K,8,0)+VLOOKUP('תפוקה מצטברת מול אשתקד'!A10,'אנליסט '!A:K,8,0)+VLOOKUP('תפוקה מצטברת מול אשתקד'!A10,'מיטב דש'!A:K,8,0)+VLOOKUP('תפוקה מצטברת מול אשתקד'!A10,אינפניטי!A:K,8,0) -> 505487.26 | M10: =VLOOKUP(A10,הכשרה!A:K,9,0)+VLOOKUP('תפוקה מצטברת מול אשתקד'!A10,מגדל!A:K,9,0)+VLOOKUP('תפוקה מצטברת מול אשתקד'!A10,מנורה!A:K,9,0)+VLOOKUP('תפוקה מצטברת מול אשתקד'!A10,איילון!A:K,9,0)+VLOOKUP('תפוקה מצטברת מול אשתקד'!A10,הראל!A:K,9,0)+VLOOKUP('תפוקה מצטברת מול אשתקד'!A10,הפניקס!A:K,9,0)+VLOOKUP('תפוקה מצטברת מול אשתקד'!A10,כלל!A:K,9,0)+VLOOKUP('תפוקה מצטברת מול אשתקד'!A10,מור!A:K,9,0)+VLOOKUP('תפוקה מצטברת מול אשתקד'!A10,'אלטשולר שחם'!A:K,9,0)+VLOOKUP('תפוקה מצטברת מול אשתקד'!A10,'מדיהו '!A:K,9,0)+VLOOKUP('תפוקה מצטברת מול אשתקד'!A10,'אנליסט '!A:K,9,0)+VLOOKUP('תפוקה מצטברת מול אשתקד'!A10,'מיטב דש'!A:K,9,0)+VLOOKUP('תפוקה מצטברת מול אשתקד'!A10,אינפניטי!A:K,9,0) -> 197433.75 | N10: =VLOOKUP(A10,הכשרה!A:K,10,0)+VLOOKUP('תפוקה מצטברת מול אשתקד'!A10,מגדל!A:K,10,0)+VLOOKUP('תפוקה מצטברת מול אשתקד'!A10,מנורה!A:K,10,0)+VLOOKUP('תפוקה מצטברת מול אשתקד'!A10,איילון!A:K,10,0)+VLOOKUP('תפוקה מצטברת מול אשתקד'!A10,הראל!A:K,10,0)+VLOOKUP('תפוקה מצטברת מול אשתקד'!A10,הפניקס!A:K,10,0)+VLOOKUP('תפוקה מצטברת מול אשתקד'!A10,כלל!A:K,10,0)+VLOOKUP('תפוקה מצטברת מול אשתקד'!A10,מור!A:K,10,0)+VLOOKUP('תפוקה מצטברת מול אשתקד'!A10,'אלטשולר שחם'!A:K,10,0)+VLOOKUP('תפוקה מצטברת מול אשתקד'!A10,'מדיהו '!A:K,10,0)+VLOOKUP('תפוקה מצטברת מול אשתקד'!A10,'אנליסט '!A:K,10,0)+VLOOKUP('תפוקה מצטברת מול אשתקד'!A10,'מיטב דש'!A:K,10,0)+VLOOKUP('תפוקה מצטברת מול אשתקד'!A10,אינפניטי!A:K,10,0) -> 67421.936 | O10: =VLOOKUP(A10,הכשרה!A:K,11,0)+VLOOKUP('תפוקה מצטברת מול אשתקד'!A10,מגדל!A:K,11,0)+VLOOKUP('תפוקה מצטברת מול אשתקד'!A10,מנורה!A:K,11,0)+VLOOKUP('תפוקה מצטברת מול אשתקד'!A10,איילון!A:K,11,0)+VLOOKUP('תפוקה מצטברת מול אשתקד'!A10,הראל!A:K,11,0)+VLOOKUP('תפוקה מצטברת מול אשתקד'!A10,הפניקס!A:K,11,0)+VLOOKUP('תפוקה מצטברת מול אשתקד'!A10,כלל!A:K,11,0)+VLOOKUP('תפוקה מצטברת מול אשתקד'!A10,מור!A:K,11,0)+VLOOKUP('תפוקה מצטברת מול אשתקד'!A10,'אלטשולר שחם'!A:K,11,0)+VLOOKUP('תפוקה מצטברת מול אשתקד'!A10,'מדיהו '!A:K,11,0)+VLOOKUP('תפוקה מצטברת מול אשתקד'!A10,'אנליסט '!A:K,11,0)+VLOOKUP('תפוקה מצטברת מול אשתקד'!A10,'מיטב דש'!A:K,11,0)+VLOOKUP('תפוקה מצטברת מול אשתקד'!A10,אינפניטי!A:K,11,0) -> 185211.09
A11: גל אלמגור -וייס סוכנות | B11: יוסי אביב | C11: שותפים | D11: =IF(H11=0,0%,IF(L11=0,100%,H11/L11-1)) -> -0.038121465 | E11: =IF(I11=0,0%,IF(M11=0,100%,I11/M11-1)) -> -0.25089515 | F11: =IF(J11=0,0%,IF(N11=0,100%,J11/N11-1)) -> 1.968556 | G11: =IF(K11=0,0%,IF(O11=H34,100%,K11/O11-1)) -> -0.96370048 | H11: =VLOOKUP(A11,הכשרה!A:G,4,0)+VLOOKUP('תפוקה מצטברת מול אשתקד'!A11,מגדל!A:G,4,0)+VLOOKUP('תפוקה מצטברת מול אשתקד'!A11,מנורה!A:G,4,0)+VLOOKUP('תפוקה מצטברת מול אשתקד'!A11,איילון!A:G,4,0)+VLOOKUP('תפוקה מצטברת מול אשתקד'!A11,הראל!A:G,4,0)+VLOOKUP('תפוקה מצטברת מול אשתקד'!A11,הפניקס!A:G,4,0)+VLOOKUP('תפוקה מצטברת מול אשתקד'!A11,כלל!A:G,4,0)+VLOOKUP('תפוקה מצטברת מול אשתקד'!A11,מור!A:G,4,0)+VLOOKUP('תפוקה מצטברת מול אשתקד'!A11,'אלטשולר שחם'!A:G,4,0)+VLOOKUP('תפוקה מצטברת מול אשתקד'!A11,'מדיהו '!A:G,4,0)+VLOOKUP('תפוקה מצטברת מול אשתקד'!A11,'אנליסט '!A:G,4,0)+VLOOKUP('תפוקה מצטברת מול אשתקד'!A11,'מיטב דש'!A:G,4,0)+VLOOKUP('תפוקה מצטברת מול אשתקד'!A11,אינפניטי!A:G,4,0) -> 82268.135 | I11: =VLOOKUP(A11,הכשרה!A:G,5,0)+VLOOKUP('תפוקה מצטברת מול אשתקד'!A11,מגדל!A:G,5,0)+VLOOKUP('תפוקה מצטברת מול אשתקד'!A11,מנורה!A:G,5,0)+VLOOKUP('תפוקה מצטברת מול אשתקד'!A11,איילון!A:G,5,0)+VLOOKUP('תפוקה מצטברת מול אשתקד'!A11,הראל!A:G,5,0)+VLOOKUP('תפוקה מצטברת מול אשתקד'!A11,הפניקס!A:G,5,0)+VLOOKUP('תפוקה מצטברת מול אשתקד'!A11,כלל!A:G,5,0)+VLOOKUP('תפוקה מצטברת מול אשתקד'!A11,מור!A:G,5,0)+VLOOKUP('תפוקה מצטברת מול אשתקד'!A11,'אלטשולר שחם'!A:G,5,0)+VLOOKUP('תפוקה מצטברת מול אשתקד'!A11,'מדיהו '!A:G,5,0)+VLOOKUP('תפוקה מצטברת מול אשתקד'!A11,'אנליסט '!A:G,5,0)+VLOOKUP('תפוקה מצטברת מול אשתקד'!A11,'מיטב דש'!A:G,5,0)+VLOOKUP('תפוקה מצטברת מול אשתקד'!A11,אינפניטי!A:G,5,0) -> 20488.798 | J11: =VLOOKUP(A11,הכשרה!A:G,6,0)+VLOOKUP('תפוקה מצטברת מול אשתקד'!A11,מגדל!A:G,6,0)+VLOOKUP('תפוקה מצטברת מול אשתקד'!A11,מנורה!A:G,6,0)+VLOOKUP('תפוקה מצטברת מול אשתקד'!A11,איילון!A:G,6,0)+VLOOKUP(A11,הראל!A:G,6,0)+VLOOKUP('תפוקה מצטברת מול אשתקד'!A11,הפניקס!A:G,6,0)+VLOOKUP('תפוקה מצטברת מול אשתקד'!A11,כלל!A:G,6,0)+VLOOKUP('תפוקה מצטברת מול אשתקד'!A11,מור!A:G,6,0)+VLOOKUP('תפוקה מצטברת מול אשתקד'!A11,'אלטשולר שחם'!A:G,6,0)+VLOOKUP('תפוקה מצטברת מול אשתקד'!A11,'מדיהו '!A:G,6,0)+VLOOKUP('תפוקה מצטברת מול אשתקד'!A11,'אנליסט '!A:G,6,0)+VLOOKUP('תפוקה מצטברת מול אשתקד'!A11,'מיטב דש'!A:G,6,0)+VLOOKUP('תפוקה מצטברת מול אשתקד'!A11,אינפניטי!A:G,6,0) -> 561287.06 | K11: =VLOOKUP(A11,הכשרה!A:G,7,0)+VLOOKUP('תפוקה מצטברת מול אשתקד'!A11,מגדל!A:G,7,0)+VLOOKUP('תפוקה מצטברת מול אשתקד'!A11,מנורה!A:G,7,0)+VLOOKUP('תפוקה מצטברת מול אשתקד'!A11,איילון!A:G,7,0)+VLOOKUP('תפוקה מצטברת מול אשתקד'!A11,הראל!A:G,7,0)+VLOOKUP('תפוקה מצטברת מול אשתקד'!A11,הפניקס!A:G,7,0)+VLOOKUP('תפוקה מצטברת מול אשתקד'!A11,כלל!A:G,7,0)+VLOOKUP('תפוקה מצטברת מול אשתקד'!A11,מור!A:G,7,0)+VLOOKUP('תפוקה מצטברת מול אשתקד'!A11,'אלטשולר שחם'!A:G,7,0)+VLOOKUP('תפוקה מצטברת מול אשתקד'!A11,'מדיהו '!A:K,7,0)+VLOOKUP(A11,'אנליסט '!A:G,7,0)+VLOOKUP('תפוקה מצטברת מול אשתקד'!A11,'מיטב דש'!A:G,7,0)+VLOOKUP('תפוקה מצטברת מול אשתקד'!A11,אינפניטי!A:G,7,0) -> -13840.25 | L11: =VLOOKUP(A11,הכשרה!A:K,8,0)+VLOOKUP('תפוקה מצטברת מול אשתקד'!A11,מגדל!A:K,8,0)+VLOOKUP('תפוקה מצטברת מול אשתקד'!A11,מנורה!A:K,8,0)+VLOOKUP('תפוקה מצטברת מול אשתקד'!A11,איילון!A:K,8,0)+VLOOKUP('תפוקה מצטברת מול אשתקד'!A11,הראל!A:K,8,0)+VLOOKUP('תפוקה מצטברת מול אשתקד'!A11,הפניקס!A:K,8,0)+VLOOKUP('תפוקה מצטברת מול אשתקד'!A11,כלל!A:K,8,0)+VLOOKUP('תפוקה מצטברת מול אשתקד'!A11,מור!A:K,8,0)+VLOOKUP('תפוקה מצטברת מול אשתקד'!A11,'אלטשולר שחם'!A:K,8,0)+VLOOKUP('תפוקה מצטברת מול אשתקד'!A11,'מדיהו '!A:K,8,0)+VLOOKUP('תפוקה מצטברת מול אשתקד'!A11,'אנליסט '!A:K,8,0)+VLOOKUP('תפוקה מצטברת מול אשתקד'!A11,'מיטב דש'!A:K,8,0)+VLOOKUP('תפוקה מצטברת מול אשתקד'!A11,אינפניטי!A:K,8,0) -> 85528.61 | M11: =VLOOKUP(A11,הכשרה!A:K,9,0)+VLOOKUP('תפוקה מצטברת מול אשתקד'!A11,מגדל!A:K,9,0)+VLOOKUP('תפוקה מצטברת מול אשתקד'!A11,מנורה!A:K,9,0)+VLOOKUP('תפוקה מצטברת מול אשתקד'!A11,איילון!A:K,9,0)+VLOOKUP('תפוקה מצטברת מול אשתקד'!A11,הראל!A:K,9,0)+VLOOKUP('תפוקה מצטברת מול אשתקד'!A11,הפניקס!A:K,9,0)+VLOOKUP('תפוקה מצטברת מול אשתקד'!A11,כלל!A:K,9,0)+VLOOKUP('תפוקה מצטברת מול אשתקד'!A11,מור!A:K,9,0)+VLOOKUP('תפוקה מצטברת מול אשתקד'!A11,'אלטשולר שחם'!A:K,9,0)+VLOOKUP('תפוקה מצטברת מול אשתקד'!A11,'מדיהו '!A:K,9,0)+VLOOKUP('תפוקה מצטברת מול אשתקד'!A11,'אנליסט '!A:K,9,0)+VLOOKUP('תפוקה מצטברת מול אשתקד'!A11,'מיטב דש'!A:K,9,0)+VLOOKUP('תפוקה מצטברת מול אשתקד'!A11,אינפניטי!A:K,9,0) -> 27351.041 | N11: =VLOOKUP(A11,הכשרה!A:K,10,0)+VLOOKUP('תפוקה מצטברת מול אשתקד'!A11,מגדל!A:K,10,0)+VLOOKUP('תפוקה מצטברת מול אשתקד'!A11,מנורה!A:K,10,0)+VLOOKUP('תפוקה מצטברת מול אשתקד'!A11,איילון!A:K,10,0)+VLOOKUP('תפוקה מצטברת מול אשתקד'!A11,הראל!A:K,10,0)+VLOOKUP('תפוקה מצטברת מול אשתקד'!A11,הפניקס!A:K,10,0)+VLOOKUP('תפוקה מצטברת מול אשתקד'!A11,כלל!A:K,10,0)+VLOOKUP('תפוקה מצטברת מול אשתקד'!A11,מור!A:K,10,0)+VLOOKUP('תפוקה מצטברת מול אשתקד'!A11,'אלטשולר שחם'!A:K,10,0)+VLOOKUP('תפוקה מצטברת מול אשתקד'!A11,'מדיהו '!A:K,10,0)+VLOOKUP('תפוקה מצטברת מול אשתקד'!A11,'אנליסט '!A:K,10,0)+VLOOKUP('תפוקה מצטברת מול אשתקד'!A11,'מיטב דש'!A:K,10,0)+VLOOKUP('תפוקה מצטברת מול אשתקד'!A11,אינפניטי!A:K,10,0) -> 189077.47 | O11: =VLOOKUP(A11,הכשרה!A:K,11,0)+VLOOKUP('תפוקה מצטברת מול אשתקד'!A11,מגדל!A:K,11,0)+VLOOKUP('תפוקה מצטברת מול אשתקד'!A11,מנורה!A:K,11,0)+VLOOKUP('תפוקה מצטברת מול אשתקד'!A11,איילון!A:K,11,0)+VLOOKUP('תפוקה מצטברת מול אשתקד'!A11,הראל!A:K,11,0)+VLOOKUP('תפוקה מצטברת מול אשתקד'!A11,הפניקס!A:K,11,0)+VLOOKUP('תפוקה מצטברת מול אשתקד'!A11,כלל!A:K,11,0)+VLOOKUP('תפוקה מצטברת מול אשתקד'!A11,מור!A:K,11,0)+VLOOKUP('תפוקה מצטברת מול אשתקד'!A11,'אלטשולר שחם'!A:K,11,0)+VLOOKUP('תפוקה מצטברת מול אשתקד'!A11,'מדיהו '!A:K,11,0)+VLOOKUP('תפוקה מצטברת מול אשתקד'!A11,'אנליסט '!A:K,11,0)+VLOOKUP('תפוקה מצטברת מול אשתקד'!A11,'מיטב דש'!A:K,11,0)+VLOOKUP('תפוקה מצטברת מול אשתקד'!A11,אינפניטי!A:K,11,0) -> -381279.16
A12: גל אלמגור דרום סוכ ל | B12: יוסי אביב | C12: שותפים | D12: =IF(H12=0,0%,IF(L12=0,100%,H12/L12-1)) -> 1 | E12: =IF(I12=0,0%,IF(M12=0,100%,I12/M12-1)) -> 23.352838 | F12: =IF(J12=0,0%,IF(N12=0,100%,J12/N12-1)) -> 1 | G12: =IF(K12=0,0%,IF(O12=H35,100%,K12/O12-1)) -> -0.73377642 | H12: =VLOOKUP(A12,הכשרה!A:G,4,0)+VLOOKUP('תפוקה מצטברת מול אשתקד'!A12,מגדל!A:G,4,0)+VLOOKUP('תפוקה מצטברת מול אשתקד'!A12,מנורה!A:G,4,0)+VLOOKUP('תפוקה מצטברת מול אשתקד'!A12,איילון!A:G,4,0)+VLOOKUP('תפוקה מצטברת מול אשתקד'!A12,הראל!A:G,4,0)+VLOOKUP('תפוקה מצטברת מול אשתקד'!A12,הפניקס!A:G,4,0)+VLOOKUP('תפוקה מצטברת מול אשתקד'!A12,כלל!A:G,4,0)+VLOOKUP('תפוקה מצטברת מול אשתקד'!A12,מור!A:G,4,0)+VLOOKUP('תפוקה מצטברת מול אשתקד'!A12,'אלטשולר שחם'!A:G,4,0)+VLOOKUP('תפוקה מצטברת מול אשתקד'!A12,'מדיהו '!A:G,4,0)+VLOOKUP('תפוקה מצטברת מול אשתקד'!A12,'אנליסט '!A:G,4,0)+VLOOKUP('תפוקה מצטברת מול אשתקד'!A12,'מיטב דש'!A:G,4,0)+VLOOKUP('תפוקה מצטברת מול אשתקד'!A12,אינפניטי!A:G,4,0) -> 94573.23 | I12: =VLOOKUP(A12,הכשרה!A:G,5,0)+VLOOKUP('תפוקה מצטברת מול אשתקד'!A12,מגדל!A:G,5,0)+VLOOKUP('תפוקה מצטברת מול אשתקד'!A12,מנורה!A:G,5,0)+VLOOKUP('תפוקה מצטברת מול אשתקד'!A12,איילון!A:G,5,0)+VLOOKUP('תפוקה מצטברת מול אשתקד'!A12,הראל!A:G,5,0)+VLOOKUP('תפוקה מצטברת מול אשתקד'!A12,הפניקס!A:G,5,0)+VLOOKUP('תפוקה מצטברת מול אשתקד'!A12,כלל!A:G,5,0)+VLOOKUP('תפוקה מצטברת מול אשתקד'!A12,מור!A:G,5,0)+VLOOKUP('תפוקה מצטברת מול אשתקד'!A12,'אלטשולר שחם'!A:G,5,0)+VLOOKUP('תפוקה מצטברת מול אשתקד'!A12,'מדיהו '!A:G,5,0)+VLOOKUP('תפוקה מצטברת מול אשתקד'!A12,'אנליסט '!A:G,5,0)+VLOOKUP('תפוקה מצטברת מול אשתקד'!A12,'מיטב דש'!A:G,5,0)+VLOOKUP('תפוקה מצטברת מול אשתקד'!A12,אינפניטי!A:G,5,0) -> 4178.46 | J12: =VLOOKUP(A12,הכשרה!A:G,6,0)+VLOOKUP('תפוקה מצטברת מול אשתקד'!A12,מגדל!A:G,6,0)+VLOOKUP('תפוקה מצטברת מול אשתקד'!A12,מנורה!A:G,6,0)+VLOOKUP('תפוקה מצטברת מול אשתקד'!A12,איילון!A:G,6,0)+VLOOKUP(A12,הראל!A:G,6,0)+VLOOKUP('תפוקה מצטברת מול אשתקד'!A12,הפניקס!A:G,6,0)+VLOOKUP('תפוקה מצטברת מול אשתקד'!A12,כלל!A:G,6,0)+VLOOKUP('תפוקה מצטברת מול אשתקד'!A12,מור!A:G,6,0)+VLOOKUP('תפוקה מצטברת מול אשתקד'!A12,'אלטשולר שחם'!A:G,6,0)+VLOOKUP('תפוקה מצטברת מול אשתקד'!A12,'מדיהו '!A:G,6,0)+VLOOKUP('תפוקה מצטברת מול אשתקד'!A12,'אנליסט '!A:G,6,0)+VLOOKUP('תפוקה מצטברת מול אשתקד'!A12,'מיטב דש'!A:G,6,0)+VLOOKUP('תפוקה מצטברת מול אשתקד'!A12,אינפניטי!A:G,6,0) -> 153225.86 | K12: =VLOOKUP(A12,הכשרה!A:G,7,0)+VLOOKUP('תפוקה מצטברת מול אשתקד'!A12,מגדל!A:G,7,0)+VLOOKUP('תפוקה מצטברת מול אשתקד'!A12,מנורה!A:G,7,0)+VLOOKUP('תפוקה מצטברת מול אשתקד'!A12,איילון!A:G,7,0)+VLOOKUP('תפוקה מצטברת מול אשתקד'!A12,הראל!A:G,7,0)+VLOOKUP('תפוקה מצטברת מול אשתקד'!A12,הפניקס!A:G,7,0)+VLOOKUP('תפוקה מצטברת מול אשתקד'!A12,כלל!A:G,7,0)+VLOOKUP('תפוקה מצטברת מול אשתקד'!A12,מור!A:G,7,0)+VLOOKUP('תפוקה מצטברת מול אשתקד'!A12,'אלטשולר שחם'!A:G,7,0)+VLOOKUP('תפוקה מצטברת מול אשתקד'!A12,'מדיהו '!A:K,7,0)+VLOOKUP(A12,'אנליסט '!A:G,7,0)+VLOOKUP('תפוקה מצטברת מול אשתקד'!A12,'מיטב דש'!A:G,7,0)+VLOOKUP('תפוקה מצטברת מול אשתקד'!A12,אינפניטי!A:G,7,0) -> -62204 | L12: =VLOOKUP(A12,הכשרה!A:K,8,0)+VLOOKUP('תפוקה מצטברת מול אשתקד'!A12,מגדל!A:K,8,0)+VLOOKUP('תפוקה מצטברת מול אשתקד'!A12,מנורה!A:K,8,0)+VLOOKUP('תפוקה מצטברת מול אשתקד'!A12,איילון!A:K,8,0)+VLOOKUP('תפוקה מצטברת מול אשתקד'!A12,הראל!A:K,8,0)+VLOOKUP('תפוקה מצטברת מול אשתקד'!A12,הפניקס!A:K,8,0)+VLOOKUP('תפוקה מצטברת מול אשתקד'!A12,כלל!A:K,8,0)+VLOOKUP('תפוקה מצטברת מול אשתקד'!A12,מור!A:K,8,0)+VLOOKUP('תפוקה מצטברת מול אשתקד'!A12,'אלטשולר שחם'!A:K,8,0)+VLOOKUP('תפוקה מצטברת מול אשתקד'!A12,'מדיהו '!A:K,8,0)+VLOOKUP('תפוקה מצטברת מול אשתקד'!A12,'אנליסט '!A:K,8,0)+VLOOKUP('תפוקה מצטברת מול אשתקד'!A12,'מיטב דש'!A:K,8,0)+VLOOKUP('תפוקה מצטברת מול אשתקד'!A12,אינפניטי!A:K,8,0) -> 0 | M12: =VLOOKUP(A12,הכשרה!A:K,9,0)+VLOOKUP('תפוקה מצטברת מול אשתקד'!A12,מגדל!A:K,9,0)+VLOOKUP('תפוקה מצטברת מול אשתקד'!A12,מנורה!A:K,9,0)+VLOOKUP('תפוקה מצטברת מול אשתקד'!A12,איילון!A:K,9,0)+VLOOKUP('תפוקה מצטברת מול אשתקד'!A12,הראל!A:K,9,0)+VLOOKUP('תפוקה מצטברת מול אשתקד'!A12,הפניקס!A:K,9,0)+VLOOKUP('תפוקה מצטברת מול אשתקד'!A12,כלל!A:K,9,0)+VLOOKUP('תפוקה מצטברת מול אשתקד'!A12,מור!A:K,9,0)+VLOOKUP('תפוקה מצטברת מול אשתקד'!A12,'אלטשולר שחם'!A:K,9,0)+VLOOKUP('תפוקה מצטברת מול אשתקד'!A12,'מדיהו '!A:K,9,0)+VLOOKUP('תפוקה מצטברת מול אשתקד'!A12,'אנליסט '!A:K,9,0)+VLOOKUP('תפוקה מצטברת מול אשתקד'!A12,'מיטב דש'!A:K,9,0)+VLOOKUP('תפוקה מצטברת מול אשתקד'!A12,אינפניטי!A:K,9,0) -> 171.58 | N12: =VLOOKUP(A12,הכשרה!A:K,10,0)+VLOOKUP('תפוקה מצטברת מול אשתקד'!A12,מגדל!A:K,10,0)+VLOOKUP('תפוקה מצטברת מול אשתקד'!A12,מנורה!A:K,10,0)+VLOOKUP('תפוקה מצטברת מול אשתקד'!A12,איילון!A:K,10,0)+VLOOKUP('תפוקה מצטברת מול אשתקד'!A12,הראל!A:K,10,0)+VLOOKUP('תפוקה מצטברת מול אשתקד'!A12,הפניקס!A:K,10,0)+VLOOKUP('תפוקה מצטברת מול אשתקד'!A12,כלל!A:K,10,0)+VLOOKUP('תפוקה מצטברת מול אשתקד'!A12,מור!A:K,10,0)+VLOOKUP('תפוקה מצטברת מול אשתקד'!A12,'אלטשולר שחם'!A:K,10,0)+VLOOKUP('תפוקה מצטברת מול אשתקד'!A12,'מדיהו '!A:K,10,0)+VLOOKUP('תפוקה מצטברת מול אשתקד'!A12,'אנליסט '!A:K,10,0)+VLOOKUP('תפוקה מצטברת מול אשתקד'!A12,'מיטב דש'!A:K,10,0)+VLOOKUP('תפוקה מצטברת מול אשתקד'!A12,אינפניטי!A:K,10,0) -> 0 | O12: =VLOOKUP(A12,הכשרה!A:K,11,0)+VLOOKUP('תפוקה מצטברת מול אשתקד'!A12,מגדל!A:K,11,0)+VLOOKUP('תפוקה מצטברת מול אשתקד'!A12,מנורה!A:K,11,0)+VLOOKUP('תפוקה מצטברת מול אשתקד'!A12,איילון!A:K,11,0)+VLOOKUP('תפוקה מצטברת מול אשתקד'!A12,הראל!A:K,11,0)+VLOOKUP('תפוקה מצטברת מול אשתקד'!A12,הפניקס!A:K,11,0)+VLOOKUP('תפוקה מצטברת מול אשתקד'!A12,כלל!A:K,11,0)+VLOOKUP('תפוקה מצטברת מול אשתקד'!A12,מור!A:K,11,0)+VLOOKUP('תפוקה מצטברת מול אשתקד'!A12,'אלטשולר שחם'!A:K,11,0)+VLOOKUP('תפוקה מצטברת מול אשתקד'!A12,'מדיהו '!A:K,11,0)+VLOOKUP('תפוקה מצטברת מול אשתקד'!A12,'אנליסט '!A:K,11,0)+VLOOKUP('תפוקה מצטברת מול אשתקד'!A12,'מיטב דש'!A:K,11,0)+VLOOKUP('תפוקה מצטברת מול אשתקד'!A12,אינפניטי!A:K,11,0) -> -233653.23
A13: משה שטרן גל אלמגור | B13: יוסי אביב | C13: שותפים | D13: =IF(H13=0,0%,IF(L13=0,100%,H13/L13-1)) -> 1 | E13: =IF(I13=0,0%,IF(M13=0,100%,I13/M13-1)) -> -0.28801211 | F13: =IF(J13=0,0%,IF(N13=0,100%,J13/N13-1)) -> 0 | G13: =IF(K13=0,0%,IF(O13=H36,100%,K13/O13-1)) -> 0 | H13: =VLOOKUP(A13,הכשרה!A:G,4,0)+VLOOKUP('תפוקה מצטברת מול אשתקד'!A13,מגדל!A:G,4,0)+VLOOKUP('תפוקה מצטברת מול אשתקד'!A13,מנורה!A:G,4,0)+VLOOKUP('תפוקה מצטברת מול אשתקד'!A13,איילון!A:G,4,0)+VLOOKUP('תפוקה מצטברת מול אשתקד'!A13,הראל!A:G,4,0)+VLOOKUP('תפוקה מצטברת מול אשתקד'!A13,הפניקס!A:G,4,0)+VLOOKUP('תפוקה מצטברת מול אשתקד'!A13,כלל!A:G,4,0)+VLOOKUP('תפוקה מצטברת מול אשתקד'!A13,מור!A:G,4,0)+VLOOKUP('תפוקה מצטברת מול אשתקד'!A13,'אלטשולר שחם'!A:G,4,0)+VLOOKUP('תפוקה מצטברת מול אשתקד'!A13,'מדיהו '!A:G,4,0)+VLOOKUP('תפוקה מצטברת מול אשתקד'!A13,'אנליסט '!A:G,4,0)+VLOOKUP('תפוקה מצטברת מול אשתקד'!A13,'מיטב דש'!A:G,4,0)+VLOOKUP('תפוקה מצטברת מול אשתקד'!A13,אינפניטי!A:G,4,0) -> 15877.418 | I13: =VLOOKUP(A13,הכשרה!A:G,5,0)+VLOOKUP('תפוקה מצטברת מול אשתקד'!A13,מגדל!A:G,5,0)+VLOOKUP('תפוקה מצטברת מול אשתקד'!A13,מנורה!A:G,5,0)+VLOOKUP('תפוקה מצטברת מול אשתקד'!A13,איילון!A:G,5,0)+VLOOKUP('תפוקה מצטברת מול אשתקד'!A13,הראל!A:G,5,0)+VLOOKUP('תפוקה מצטברת מול אשתקד'!A13,הפניקס!A:G,5,0)+VLOOKUP('תפוקה מצטברת מול אשתקד'!A13,כלל!A:G,5,0)+VLOOKUP('תפוקה מצטברת מול אשתקד'!A13,מור!A:G,5,0)+VLOOKUP('תפוקה מצטברת מול אשתקד'!A13,'אלטשולר שחם'!A:G,5,0)+VLOOKUP('תפוקה מצטברת מול אשתקד'!A13,'מדיהו '!A:G,5,0)+VLOOKUP('תפוקה מצטברת מול אשתקד'!A13,'אנליסט '!A:G,5,0)+VLOOKUP('תפוקה מצטברת מול אשתקד'!A13,'מיטב דש'!A:G,5,0)+VLOOKUP('תפוקה מצטברת מול אשתקד'!A13,אינפניטי!A:G,5,0) -> 65772.066 | J13: =VLOOKUP(A13,הכשרה!A:G,6,0)+VLOOKUP('תפוקה מצטברת מול אשתקד'!A13,מגדל!A:G,6,0)+VLOOKUP('תפוקה מצטברת מול אשתקד'!A13,מנורה!A:G,6,0)+VLOOKUP('תפוקה מצטברת מול אשתקד'!A13,איילון!A:G,6,0)+VLOOKUP(A13,הראל!A:G,6,0)+VLOOKUP('תפוקה מצטברת מול אשתקד'!A13,הפניקס!A:G,6,0)+VLOOKUP('תפוקה מצטברת מול אשתקד'!A13,כלל!A:G,6,0)+VLOOKUP('תפוקה מצטברת מול אשתקד'!A13,מור!A:G,6,0)+VLOOKUP('תפוקה מצטברת מול אשתקד'!A13,'אלטשולר שחם'!A:G,6,0)+VLOOKUP('תפוקה מצטברת מול אשתקד'!A13,'מדיהו '!A:G,6,0)+VLOOKUP('תפוקה מצטברת מול אשתקד'!A13,'אנליסט '!A:G,6,0)+VLOOKUP('תפוקה מצטברת מול אשתקד'!A13,'מיטב דש'!A:G,6,0)+VLOOKUP('תפוקה מצטברת מול אשתקד'!A13,אינפניטי!A:G,6,0) -> 0 | K13: =VLOOKUP(A13,הכשרה!A:G,7,0)+VLOOKUP('תפוקה מצטברת מול אשתקד'!A13,מגדל!A:G,7,0)+VLOOKUP('תפוקה מצטברת מול אשתקד'!A13,מנורה!A:G,7,0)+VLOOKUP('תפוקה מצטברת מול אשתקד'!A13,איילון!A:G,7,0)+VLOOKUP('תפוקה מצטברת מול אשתקד'!A13,הראל!A:G,7,0)+VLOOKUP('תפוקה מצטברת מול אשתקד'!A13,הפניקס!A:G,7,0)+VLOOKUP('תפוקה מצטברת מול אשתקד'!A13,כלל!A:G,7,0)+VLOOKUP('תפוקה מצטברת מול אשתקד'!A13,מור!A:G,7,0)+VLOOKUP('תפוקה מצטברת מול אשתקד'!A13,'אלטשולר שחם'!A:G,7,0)+VLOOKUP('תפוקה מצטברת מול אשתקד'!A13,'מדיהו '!A:K,7,0)+VLOOKUP(A13,'אנליסט '!A:G,7,0)+VLOOKUP('תפוקה מצטברת מול אשתקד'!A13,'מיטב דש'!A:G,7,0)+VLOOKUP('תפוקה מצטברת מול אשתקד'!A13,אינפניטי!A:G,7,0) -> 0 | L13: =VLOOKUP(A13,הכשרה!A:K,8,0)+VLOOKUP('תפוקה מצטברת מול אשתקד'!A13,מגדל!A:K,8,0)+VLOOKUP('תפוקה מצטברת מול אשתקד'!A13,מנורה!A:K,8,0)+VLOOKUP('תפוקה מצטברת מול אשתקד'!A13,איילון!A:K,8,0)+VLOOKUP('תפוקה מצטברת מול אשתקד'!A13,הראל!A:K,8,0)+VLOOKUP('תפוקה מצטברת מול אשתקד'!A13,הפניקס!A:K,8,0)+VLOOKUP('תפוקה מצטברת מול אשתקד'!A13,כלל!A:K,8,0)+VLOOKUP('תפוקה מצטברת מול אשתקד'!A13,מור!A:K,8,0)+VLOOKUP('תפוקה מצטברת מול אשתקד'!A13,'אלטשולר שחם'!A:K,8,0)+VLOOKUP('תפוקה מצטברת מול אשתקד'!A13,'מדיהו '!A:K,8,0)+VLOOKUP('תפוקה מצטברת מול אשתקד'!A13,'אנליסט '!A:K,8,0)+VLOOKUP('תפוקה מצטברת מול אשתקד'!A13,'מיטב דש'!A:K,8,0)+VLOOKUP('תפוקה מצטברת מול אשתקד'!A13,אינפניטי!A:K,8,0) -> 0 | M13: =VLOOKUP(A13,הכשרה!A:K,9,0)+VLOOKUP('תפוקה מצטברת מול אשתקד'!A13,מגדל!A:K,9,0)+VLOOKUP('תפוקה מצטברת מול אשתקד'!A13,מנורה!A:K,9,0)+VLOOKUP('תפוקה מצטברת מול אשתקד'!A13,איילון!A:K,9,0)+VLOOKUP('תפוקה מצטברת מול אשתקד'!A13,הראל!A:K,9,0)+VLOOKUP('תפוקה מצטברת מול אשתקד'!A13,הפניקס!A:K,9,0)+VLOOKUP('תפוקה מצטברת מול אשתקד'!A13,כלל!A:K,9,0)+VLOOKUP('תפוקה מצטברת מול אשתקד'!A13,מור!A:K,9,0)+VLOOKUP('תפוקה מצטברת מול אשתקד'!A13,'אלטשולר שחם'!A:K,9,0)+VLOOKUP('תפוקה מצטברת מול אשתקד'!A13,'מדיהו '!A:K,9,0)+VLOOKUP('תפוקה מצטברת מול אשתקד'!A13,'אנליסט '!A:K,9,0)+VLOOKUP('תפוקה מצטברת מול אשתקד'!A13,'מיטב דש'!A:K,9,0)+VLOOKUP('תפוקה מצטברת מול אשתקד'!A13,אינפניטי!A:K,9,0) -> 92378.068 | N13: =VLOOKUP(A13,הכשרה!A:K,10,0)+VLOOKUP('תפוקה מצטברת מול אשתקד'!A13,מגדל!A:K,10,0)+VLOOKUP('תפוקה מצטברת מול אשתקד'!A13,מנורה!A:K,10,0)+VLOOKUP('תפוקה מצטברת מול אשתקד'!A13,איילון!A:K,10,0)+VLOOKUP('תפוקה מצטברת מול אשתקד'!A13,הראל!A:K,10,0)+VLOOKUP('תפוקה מצטברת מול אשתקד'!A13,הפניקס!A:K,10,0)+VLOOKUP('תפוקה מצטברת מול אשתקד'!A13,כלל!A:K,10,0)+VLOOKUP('תפוקה מצטברת מול אשתקד'!A13,מור!A:K,10,0)+VLOOKUP('תפוקה מצטברת מול אשתקד'!A13,'אלטשולר שחם'!A:K,10,0)+VLOOKUP('תפוקה מצטברת מול אשתקד'!A13,'מדיהו '!A:K,10,0)+VLOOKUP('תפוקה מצטברת מול אשתקד'!A13,'אנליסט '!A:K,10,0)+VLOOKUP('תפוקה מצטברת מול אשתקד'!A13,'מיטב דש'!A:K,10,0)+VLOOKUP('תפוקה מצטברת מול אשתקד'!A13,אינפניטי!A:K,10,0) -> 1338799.8 | O13: =VLOOKUP(A13,הכשרה!A:K,11,0)+VLOOKUP('תפוקה מצטברת מול אשתקד'!A13,מגדל!A:K,11,0)+VLOOKUP('תפוקה מצטברת מול אשתקד'!A13,מנורה!A:K,11,0)+VLOOKUP('תפוקה מצטברת מול אשתקד'!A13,איילון!A:K,11,0)+VLOOKUP('תפוקה מצטברת מול אשתקד'!A13,הראל!A:K,11,0)+VLOOKUP('תפוקה מצטברת מול אשתקד'!A13,הפניקס!A:K,11,0)+VLOOKUP('תפוקה מצטברת מול אשתקד'!A13,כלל!A:K,11,0)+VLOOKUP('תפוקה מצטברת מול אשתקד'!A13,מור!A:K,11,0)+VLOOKUP('תפוקה מצטברת מול אשתקד'!A13,'אלטשולר שחם'!A:K,11,0)+VLOOKUP('תפוקה מצטברת מול אשתקד'!A13,'מדיהו '!A:K,11,0)+VLOOKUP('תפוקה מצטברת מול אשתקד'!A13,'אנליסט '!A:K,11,0)+VLOOKUP('תפוקה מצטברת מול אשתקד'!A13,'מיטב דש'!A:K,11,0)+VLOOKUP('תפוקה מצטברת מול אשתקד'!A13,אינפניטי!A:K,11,0) -> 162203.09
A14: מקסימום סוכנות לבטוח פ | B14: יוסי אביב | C14: שותפים | D14: =IF(H14=0,0%,IF(L14=0,100%,H14/L14-1)) -> -0.15660496 | E14: =IF(I14=0,0%,IF(M14=0,100%,I14/M14-1)) -> 0.81170865 | F14: =IF(J14=0,0%,IF(N14=0,100%,J14/N14-1)) -> 0.20634802 | G14: =IF(K14=0,0%,IF(O14=H37,100%,K14/O14-1)) -> -0.61280566 | H14: =VLOOKUP(A14,הכשרה!A:G,4,0)+VLOOKUP('תפוקה מצטברת מול אשתקד'!A14,מגדל!A:G,4,0)+VLOOKUP('תפוקה מצטברת מול אשתקד'!A14,מנורה!A:G,4,0)+VLOOKUP('תפוקה מצטברת מול אשתקד'!A14,איילון!A:G,4,0)+VLOOKUP('תפוקה מצטברת מול אשתקד'!A14,הראל!A:G,4,0)+VLOOKUP('תפוקה מצטברת מול אשתקד'!A14,הפניקס!A:G,4,0)+VLOOKUP('תפוקה מצטברת מול אשתקד'!A14,כלל!A:G,4,0)+VLOOKUP('תפוקה מצטברת מול אשתקד'!A14,מור!A:G,4,0)+VLOOKUP('תפוקה מצטברת מול אשתקד'!A14,'אלטשולר שחם'!A:G,4,0)+VLOOKUP('תפוקה מצטברת מול אשתקד'!A14,'מדיהו '!A:G,4,0)+VLOOKUP('תפוקה מצטברת מול אשתקד'!A14,'אנליסט '!A:G,4,0)+VLOOKUP('תפוקה מצטברת מול אשתקד'!A14,'מיטב דש'!A:G,4,0)+VLOOKUP('תפוקה מצטברת מול אשתקד'!A14,אינפניטי!A:G,4,0) -> 163882.11 | I14: =VLOOKUP(A14,הכשרה!A:G,5,0)+VLOOKUP('תפוקה מצטברת מול אשתקד'!A14,מגדל!A:G,5,0)+VLOOKUP('תפוקה מצטברת מול אשתקד'!A14,מנורה!A:G,5,0)+VLOOKUP('תפוקה מצטברת מול אשתקד'!A14,איילון!A:G,5,0)+VLOOKUP('תפוקה מצטברת מול אשתקד'!A14,הראל!A:G,5,0)+VLOOKUP('תפוקה מצטברת מול אשתקד'!A14,הפניקס!A:G,5,0)+VLOOKUP('תפוקה מצטברת מול אשתקד'!A14,כלל!A:G,5,0)+VLOOKUP('תפוקה מצטברת מול אשתקד'!A14,מור!A:G,5,0)+VLOOKUP('תפוקה מצטברת מול אשתקד'!A14,'אלטשולר שחם'!A:G,5,0)+VLOOKUP('תפוקה מצטברת מול אשתקד'!A14,'מדיהו '!A:G,5,0)+VLOOKUP('תפוקה מצטברת מול אשתקד'!A14,'אנליסט '!A:G,5,0)+VLOOKUP('תפוקה מצטברת מול אשתקד'!A14,'מיטב דש'!A:G,5,0)+VLOOKUP('תפוקה מצטברת מול אשתקד'!A14,אינפניטי!A:G,5,0) -> 26753.888 | J14: =VLOOKUP(A14,הכשרה!A:G,6,0)+VLOOKUP('תפוקה מצטברת מול אשתקד'!A14,מגדל!A:G,6,0)+VLOOKUP('תפוקה מצטברת מול אשתקד'!A14,מנורה!A:G,6,0)+VLOOKUP('תפוקה מצטברת מול אשתקד'!A14,איילון!A:G,6,0)+VLOOKUP(A14,הראל!A:G,6,0)+VLOOKUP('תפוקה מצטברת מול אשתקד'!A14,הפניקס!A:G,6,0)+VLOOKUP('תפוקה מצטברת מול אשתקד'!A14,כלל!A:G,6,0)+VLOOKUP('תפוקה מצטברת מול אשתקד'!A14,מור!A:G,6,0)+VLOOKUP('תפוקה מצטברת מול אשתקד'!A14,'אלטשולר שחם'!A:G,6,0)+VLOOKUP('תפוקה מצטברת מול אשתקד'!A14,'מדיהו '!A:G,6,0)+VLOOKUP('תפוקה מצטברת מול אשתקד'!A14,'אנליסט '!A:G,6,0)+VLOOKUP('תפוקה מצטברת מול אשתקד'!A14,'מיטב דש'!A:G,6,0)+VLOOKUP('תפוקה מצטברת מול אשתקד'!A14,אינפניטי!A:G,6,0) -> 1166092.4 | K14: =VLOOKUP(A14,הכשרה!A:G,7,0)+VLOOKUP('תפוקה מצטברת מול אשתקד'!A14,מגדל!A:G,7,0)+VLOOKUP('תפוקה מצטברת מול אשתקד'!A14,מנורה!A:G,7,0)+VLOOKUP('תפוקה מצטברת מול אשתקד'!A14,איילון!A:G,7,0)+VLOOKUP('תפוקה מצטברת מול אשתקד'!A14,הראל!A:G,7,0)+VLOOKUP('תפוקה מצטברת מול אשתקד'!A14,הפניקס!A:G,7,0)+VLOOKUP('תפוקה מצטברת מול אשתקד'!A14,כלל!A:G,7,0)+VLOOKUP('תפוקה מצטברת מול אשתקד'!A14,מור!A:G,7,0)+VLOOKUP('תפוקה מצטברת מול אשתקד'!A14,'אלטשולר שחם'!A:G,7,0)+VLOOKUP('תפוקה מצטברת מול אשתקד'!A14,'מדיהו '!A:K,7,0)+VLOOKUP(A14,'אנליסט '!A:G,7,0)+VLOOKUP('תפוקה מצטברת מול אשתקד'!A14,'מיטב דש'!A:G,7,0)+VLOOKUP('תפוקה מצטברת מול אשתקד'!A14,אינפניטי!A:G,7,0) -> 689437.29 | L14: =VLOOKUP(A14,הכשרה!A:K,8,0)+VLOOKUP('תפוקה מצטברת מול אשתקד'!A14,מגדל!A:K,8,0)+VLOOKUP('תפוקה מצטברת מול אשתקד'!A14,מנורה!A:K,8,0)+VLOOKUP('תפוקה מצטברת מול אשתקד'!A14,איילון!A:K,8,0)+VLOOKUP('תפוקה מצטברת מול אשתקד'!A14,הראל!A:K,8,0)+VLOOKUP('תפוקה מצטברת מול אשתקד'!A14,הפניקס!A:K,8,0)+VLOOKUP('תפוקה מצטברת מול אשתקד'!A14,כלל!A:K,8,0)+VLOOKUP('תפוקה מצטברת מול אשתקד'!A14,מור!A:K,8,0)+VLOOKUP('תפוקה מצטברת מול אשתקד'!A14,'אלטשולר שחם'!A:K,8,0)+VLOOKUP('תפוקה מצטברת מול אשתקד'!A14,'מדיהו '!A:K,8,0)+VLOOKUP('תפוקה מצטברת מול אשתקד'!A14,'אנליסט '!A:K,8,0)+VLOOKUP('תפוקה מצטברת מול אשתקד'!A14,'מיטב דש'!A:K,8,0)+VLOOKUP('תפוקה מצטברת מול אשתקד'!A14,אינפניטי!A:K,8,0) -> 194312.39 | M14: =VLOOKUP(A14,הכשרה!A:K,9,0)+VLOOKUP('תפוקה מצטברת מול אשתקד'!A14,מגדל!A:K,9,0)+VLOOKUP('תפוקה מצטברת מול אשתקד'!A14,מנורה!A:K,9,0)+VLOOKUP('תפוקה מצטברת מול אשתקד'!A14,איילון!A:K,9,0)+VLOOKUP('תפוקה מצטברת מול אשתקד'!A14,הראל!A:K,9,0)+VLOOKUP('תפוקה מצטברת מול אשתקד'!A14,הפניקס!A:K,9,0)+VLOOKUP('תפוקה מצטברת מול אשתקד'!A14,כלל!A:K,9,0)+VLOOKUP('תפוקה מצטברת מול אשתקד'!A14,מור!A:K,9,0)+VLOOKUP('תפוקה מצטברת מול אשתקד'!A14,'אלטשולר שחם'!A:K,9,0)+VLOOKUP('תפוקה מצטברת מול אשתקד'!A14,'מדיהו '!A:K,9,0)+VLOOKUP('תפוקה מצטברת מול אשתקד'!A14,'אנליסט '!A:K,9,0)+VLOOKUP('תפוקה מצטברת מול אשתקד'!A14,'מיטב דש'!A:K,9,0)+VLOOKUP('תפוקה מצטברת מול אשתקד'!A14,אינפניטי!A:K,9,0) -> 14767.213 | N14: =VLOOKUP(A14,הכשרה!A:K,10,0)+VLOOKUP('תפוקה מצטברת מול אשתקד'!A14,מגדל!A:K,10,0)+VLOOKUP('תפוקה מצטברת מול אשתקד'!A14,מנורה!A:K,10,0)+VLOOKUP('תפוקה מצטברת מול אשתקד'!A14,איילון!A:K,10,0)+VLOOKUP('תפוקה מצטברת מול אשתקד'!A14,הראל!A:K,10,0)+VLOOKUP('תפוקה מצטברת מול אשתקד'!A14,הפניקס!A:K,10,0)+VLOOKUP('תפוקה מצטברת מול אשתקד'!A14,כלל!A:K,10,0)+VLOOKUP('תפוקה מצטברת מול אשתקד'!A14,מור!A:K,10,0)+VLOOKUP('תפוקה מצטברת מול אשתקד'!A14,'אלטשולר שחם'!A:K,10,0)+VLOOKUP('תפוקה מצטברת מול אשתקד'!A14,'מדיהו '!A:K,10,0)+VLOOKUP('תפוקה מצטברת מול אשתקד'!A14,'אנליסט '!A:K,10,0)+VLOOKUP('תפוקה מצטברת מול אשתקד'!A14,'מיטב דש'!A:K,10,0)+VLOOKUP('תפוקה מצטברת מול אשתקד'!A14,אינפניטי!A:K,10,0) -> 966630.16 | O14: =VLOOKUP(A14,הכשרה!A:K,11,0)+VLOOKUP('תפוקה מצטברת מול אשתקד'!A14,מגדל!A:K,11,0)+VLOOKUP('תפוקה מצטברת מול אשתקד'!A14,מנורה!A:K,11,0)+VLOOKUP('תפוקה מצטברת מול אשתקד'!A14,איילון!A:K,11,0)+VLOOKUP('תפוקה מצטברת מול אשתקד'!A14,הראל!A:K,11,0)+VLOOKUP('תפוקה מצטברת מול אשתקד'!A14,הפניקס!A:K,11,0)+VLOOKUP('תפוקה מצטברת מול אשתקד'!A14,כלל!A:K,11,0)+VLOOKUP('תפוקה מצטברת מול אשתקד'!A14,מור!A:K,11,0)+VLOOKUP('תפוקה מצטברת מול אשתקד'!A14,'אלטשולר שחם'!A:K,11,0)+VLOOKUP('תפוקה מצטברת מול אשתקד'!A14,'מדיהו '!A:K,11,0)+VLOOKUP('תפוקה מצטברת מול אשתקד'!A14,'אנליסט '!A:K,11,0)+VLOOKUP('תפוקה מצטברת מול אשתקד'!A14,'מיטב דש'!A:K,11,0)+VLOOKUP('תפוקה מצטברת מול אשתקד'!A14,אינפניטי!A:K,11,0) -> 1780597.5
A15: א.ד. אבידן ביטוחים בע"מ | B15: יוסי אביב | C15: שותפים | D15: =IF(H15=0,0%,IF(L15=0,100%,H15/L15-1)) -> 0 | E15: =IF(I15=0,0%,IF(M15=0,100%,I15/M15-1)) -> 0 | F15: =IF(J15=0,0%,IF(N15=0,100%,J15/N15-1)) -> 1 | G15: =IF(K15=0,0%,IF(O15=H38,100%,K15/O15-1)) -> 0 | H15: =VLOOKUP(A15,הכשרה!A:G,4,0)+VLOOKUP('תפוקה מצטברת מול אשתקד'!A15,מגדל!A:G,4,0)+VLOOKUP('תפוקה מצטברת מול אשתקד'!A15,מנורה!A:G,4,0)+VLOOKUP('תפוקה מצטברת מול אשתקד'!A15,איילון!A:G,4,0)+VLOOKUP('תפוקה מצטברת מול אשתקד'!A15,הראל!A:G,4,0)+VLOOKUP('תפוקה מצטברת מול אשתקד'!A15,הפניקס!A:G,4,0)+VLOOKUP('תפוקה מצטברת מול אשתקד'!A15,כלל!A:G,4,0)+VLOOKUP('תפוקה מצטברת מול אשתקד'!A15,מור!A:G,4,0)+VLOOKUP('תפוקה מצטברת מול אשתקד'!A15,'אלטשולר שחם'!A:G,4,0)+VLOOKUP('תפוקה מצטברת מול אשתקד'!A15,'מדיהו '!A:G,4,0)+VLOOKUP('תפוקה מצטברת מול אשתקד'!A15,'אנליסט '!A:G,4,0)+VLOOKUP('תפוקה מצטברת מול אשתקד'!A15,'מיטב דש'!A:G,4,0)+VLOOKUP('תפוקה מצטברת מול אשתקד'!A15,אינפניטי!A:G,4,0) -> 0 | I15: =VLOOKUP(A15,הכשרה!A:G,5,0)+VLOOKUP('תפוקה מצטברת מול אשתקד'!A15,מגדל!A:G,5,0)+VLOOKUP('תפוקה מצטברת מול אשתקד'!A15,מנורה!A:G,5,0)+VLOOKUP('תפוקה מצטברת מול אשתקד'!A15,איילון!A:G,5,0)+VLOOKUP('תפוקה מצטברת מול אשתקד'!A15,הראל!A:G,5,0)+VLOOKUP('תפוקה מצטברת מול אשתקד'!A15,הפניקס!A:G,5,0)+VLOOKUP('תפוקה מצטברת מול אשתקד'!A15,כלל!A:G,5,0)+VLOOKUP('תפוקה מצטברת מול אשתקד'!A15,מור!A:G,5,0)+VLOOKUP('תפוקה מצטברת מול אשתקד'!A15,'אלטשולר שחם'!A:G,5,0)+VLOOKUP('תפוקה מצטברת מול אשתקד'!A15,'מדיהו '!A:G,5,0)+VLOOKUP('תפוקה מצטברת מול אשתקד'!A15,'אנליסט '!A:G,5,0)+VLOOKUP('תפוקה מצטברת מול אשתקד'!A15,'מיטב דש'!A:G,5,0)+VLOOKUP('תפוקה מצטברת מול אשתקד'!A15,אינפניטי!A:G,5,0) -> 0 | J15: =VLOOKUP(A15,הכשרה!A:G,6,0)+VLOOKUP('תפוקה מצטברת מול אשתקד'!A15,מגדל!A:G,6,0)+VLOOKUP('תפוקה מצטברת מול אשתקד'!A15,מנורה!A:G,6,0)+VLOOKUP('תפוקה מצטברת מול אשתקד'!A15,איילון!A:G,6,0)+VLOOKUP(A15,הראל!A:G,6,0)+VLOOKUP('תפוקה מצטברת מול אשתקד'!A15,הפניקס!A:G,6,0)+VLOOKUP('תפוקה מצטברת מול אשתקד'!A15,כלל!A:G,6,0)+VLOOKUP('תפוקה מצטברת מול אשתקד'!A15,מור!A:G,6,0)+VLOOKUP('תפוקה מצטברת מול אשתקד'!A15,'אלטשולר שחם'!A:G,6,0)+VLOOKUP('תפוקה מצטברת מול אשתקד'!A15,'מדיהו '!A:G,6,0)+VLOOKUP('תפוקה מצטברת מול אשתקד'!A15,'אנליסט '!A:G,6,0)+VLOOKUP('תפוקה מצטברת מול אשתקד'!A15,'מיטב דש'!A:G,6,0)+VLOOKUP('תפוקה מצטברת מול אשתקד'!A15,אינפניטי!A:G,6,0) -> 302145.53 | K15: =VLOOKUP(A15,הכשרה!A:G,7,0)+VLOOKUP('תפוקה מצטברת מול אשתקד'!A15,מגדל!A:G,7,0)+VLOOKUP('תפוקה מצטברת מול אשתקד'!A15,מנורה!A:G,7,0)+VLOOKUP('תפוקה מצטברת מול אשתקד'!A15,איילון!A:G,7,0)+VLOOKUP('תפוקה מצטברת מול אשתקד'!A15,הראל!A:G,7,0)+VLOOKUP('תפוקה מצטברת מול אשתקד'!A15,הפניקס!A:G,7,0)+VLOOKUP('תפוקה מצטברת מול אשתקד'!A15,כלל!A:G,7,0)+VLOOKUP('תפוקה מצטברת מול אשתקד'!A15,מור!A:G,7,0)+VLOOKUP('תפוקה מצטברת מול אשתקד'!A15,'אלטשולר שחם'!A:G,7,0)+VLOOKUP('תפוקה מצטברת מול אשתקד'!A15,'מדיהו '!A:K,7,0)+VLOOKUP(A15,'אנליסט '!A:G,7,0)+VLOOKUP('תפוקה מצטברת מול אשתקד'!A15,'מיטב דש'!A:G,7,0)+VLOOKUP('תפוקה מצטברת מול אשתקד'!A15,אינפניטי!A:G,7,0) -> 0 | L15: =VLOOKUP(A15,הכשרה!A:K,8,0)+VLOOKUP('תפוקה מצטברת מול אשתקד'!A15,מגדל!A:K,8,0)+VLOOKUP('תפוקה מצטברת מול אשתקד'!A15,מנורה!A:K,8,0)+VLOOKUP('תפוקה מצטברת מול אשתקד'!A15,איילון!A:K,8,0)+VLOOKUP('תפוקה מצטברת מול אשתקד'!A15,הראל!A:K,8,0)+VLOOKUP('תפוקה מצטברת מול אשתקד'!A15,הפניקס!A:K,8,0)+VLOOKUP('תפוקה מצטברת מול אשתקד'!A15,כלל!A:K,8,0)+VLOOKUP('תפוקה מצטברת מול אשתקד'!A15,מור!A:K,8,0)+VLOOKUP('תפוקה מצטברת מול אשתקד'!A15,'אלטשולר שחם'!A:K,8,0)+VLOOKUP('תפוקה מצטברת מול אשתקד'!A15,'מדיהו '!A:K,8,0)+VLOOKUP('תפוקה מצטברת מול אשתקד'!A15,'אנליסט '!A:K,8,0)+VLOOKUP('תפוקה מצטברת מול אשתקד'!A15,'מיטב דש'!A:K,8,0)+VLOOKUP('תפוקה מצטברת מול אשתקד'!A15,אינפניטי!A:K,8,0) -> 37765.72 | M15: =VLOOKUP(A15,הכשרה!A:K,9,0)+VLOOKUP('תפוקה מצטברת מול אשתקד'!A15,מגדל!A:K,9,0)+VLOOKUP('תפוקה מצטברת מול אשתקד'!A15,מנורה!A:K,9,0)+VLOOKUP('תפוקה מצטברת מול אשתקד'!A15,איילון!A:K,9,0)+VLOOKUP('תפוקה מצטברת מול אשתקד'!A15,הראל!A:K,9,0)+VLOOKUP('תפוקה מצטברת מול אשתקד'!A15,הפניקס!A:K,9,0)+VLOOKUP('תפוקה מצטברת מול אשתקד'!A15,כלל!A:K,9,0)+VLOOKUP('תפוקה מצטברת מול אשתקד'!A15,מור!A:K,9,0)+VLOOKUP('תפוקה מצטברת מול אשתקד'!A15,'אלטשולר שחם'!A:K,9,0)+VLOOKUP('תפוקה מצטברת מול אשתקד'!A15,'מדיהו '!A:K,9,0)+VLOOKUP('תפוקה מצטברת מול אשתקד'!A15,'אנליסט '!A:K,9,0)+VLOOKUP('תפוקה מצטברת מול אשתקד'!A15,'מיטב דש'!A:K,9,0)+VLOOKUP('תפוקה מצטברת מול אשתקד'!A15,אינפניטי!A:K,9,0) -> 0 | N15: =VLOOKUP(A15,הכשרה!A:K,10,0)+VLOOKUP('תפוקה מצטברת מול אשתקד'!A15,מגדל!A:K,10,0)+VLOOKUP('תפוקה מצטברת מול אשתקד'!A15,מנורה!A:K,10,0)+VLOOKUP('תפוקה מצטברת מול אשתקד'!A15,איילון!A:K,10,0)+VLOOKUP('תפוקה מצטברת מול אשתקד'!A15,הראל!A:K,10,0)+VLOOKUP('תפוקה מצטברת מול אשתקד'!A15,הפניקס!A:K,10,0)+VLOOKUP('תפוקה מצטברת מול אשתקד'!A15,כלל!A:K,10,0)+VLOOKUP('תפוקה מצטברת מול אשתקד'!A15,מור!A:K,10,0)+VLOOKUP('תפוקה מצטברת מול אשתקד'!A15,'אלטשולר שחם'!A:K,10,0)+VLOOKUP('תפוקה מצטברת מול אשתקד'!A15,'מדיהו '!A:K,10,0)+VLOOKUP('תפוקה מצטברת מול אשתקד'!A15,'אנליסט '!A:K,10,0)+VLOOKUP('תפוקה מצטברת מול אשתקד'!A15,'מיטב דש'!A:K,10,0)+VLOOKUP('תפוקה מצטברת מול אשתקד'!A15,אינפניטי!A:K,10,0) -> 0 | O15: =VLOOKUP(A15,הכשרה!A:K,11,0)+VLOOKUP('תפוקה מצטברת מול אשתקד'!A15,מגדל!A:K,11,0)+VLOOKUP('תפוקה מצטברת מול אשתקד'!A15,מנורה!A:K,11,0)+VLOOKUP('תפוקה מצטברת מול אשתקד'!A15,איילון!A:K,11,0)+VLOOKUP('תפוקה מצטברת מול אשתקד'!A15,הראל!A:K,11,0)+VLOOKUP('תפוקה מצטברת מול אשתקד'!A15,הפניקס!A:K,11,0)+VLOOKUP('תפוקה מצטברת מול אשתקד'!A15,כלל!A:K,11,0)+VLOOKUP('תפוקה מצטברת מול אשתקד'!A15,מור!A:K,11,0)+VLOOKUP('תפוקה מצטברת מול אשתקד'!A15,'אלטשולר שחם'!A:K,11,0)+VLOOKUP('תפוקה מצטברת מול אשתקד'!A15,'מדיהו '!A:K,11,0)+VLOOKUP('תפוקה מצטברת מול אשתקד'!A15,'אנליסט '!A:K,11,0)+VLOOKUP('תפוקה מצטברת מול אשתקד'!A15,'מיטב דש'!A:K,11,0)+VLOOKUP('תפוקה מצטברת מול אשתקד'!A15,אינפניטי!A:K,11,0) -> 1145.165
A16: גל אלמגור -ראם | B16: יוסי אביב | C16: שותפים | D16: =IF(H16=0,0%,IF(L16=0,100%,H16/L16-1)) -> 0.63457745 | E16: =IF(I16=0,0%,IF(M16=0,100%,I16/M16-1)) -> 2.6067117 | F16: =IF(J16=0,0%,IF(N16=0,100%,J16/N16-1)) -> 1 | G16: =IF(K16=0,0%,IF(O16=H39,100%,K16/O16-1)) -> #DIV/0! | H16: =VLOOKUP(A16,הכשרה!A:G,4,0)+VLOOKUP('תפוקה מצטברת מול אשתקד'!A16,מגדל!A:G,4,0)+VLOOKUP('תפוקה מצטברת מול אשתקד'!A16,מנורה!A:G,4,0)+VLOOKUP('תפוקה מצטברת מול אשתקד'!A16,איילון!A:G,4,0)+VLOOKUP('תפוקה מצטברת מול אשתקד'!A16,הראל!A:G,4,0)+VLOOKUP('תפוקה מצטברת מול אשתקד'!A16,הפניקס!A:G,4,0)+VLOOKUP('תפוקה מצטברת מול אשתקד'!A16,כלל!A:G,4,0)+VLOOKUP('תפוקה מצטברת מול אשתקד'!A16,מור!A:G,4,0)+VLOOKUP('תפוקה מצטברת מול אשתקד'!A16,'אלטשולר שחם'!A:G,4,0)+VLOOKUP('תפוקה מצטברת מול אשתקד'!A16,'מדיהו '!A:G,4,0)+VLOOKUP('תפוקה מצטברת מול אשתקד'!A16,'אנליסט '!A:G,4,0)+VLOOKUP('תפוקה מצטברת מול אשתקד'!A16,'מיטב דש'!A:G,4,0)+VLOOKUP('תפוקה מצטברת מול אשתקד'!A16,אינפניטי!A:G,4,0) -> 59862.026 | I16: =VLOOKUP(A16,הכשרה!A:G,5,0)+VLOOKUP('תפוקה מצטברת מול אשתקד'!A16,מגדל!A:G,5,0)+VLOOKUP('תפוקה מצטברת מול אשתקד'!A16,מנורה!A:G,5,0)+VLOOKUP('תפוקה מצטברת מול אשתקד'!A16,איילון!A:G,5,0)+VLOOKUP('תפוקה מצטברת מול אשתקד'!A16,הראל!A:G,5,0)+VLOOKUP('תפוקה מצטברת מול אשתקד'!A16,הפניקס!A:G,5,0)+VLOOKUP('תפוקה מצטברת מול אשתקד'!A16,כלל!A:G,5,0)+VLOOKUP('תפוקה מצטברת מול אשתקד'!A16,מור!A:G,5,0)+VLOOKUP('תפוקה מצטברת מול אשתקד'!A16,'אלטשולר שחם'!A:G,5,0)+VLOOKUP('תפוקה מצטברת מול אשתקד'!A16,'מדיהו '!A:G,5,0)+VLOOKUP('תפוקה מצטברת מול אשתקד'!A16,'אנליסט '!A:G,5,0)+VLOOKUP('תפוקה מצטברת מול אשתקד'!A16,'מיטב דש'!A:G,5,0)+VLOOKUP('תפוקה מצטברת מול אשתקד'!A16,אינפניטי!A:G,5,0) -> 31196.361 | J16: =VLOOKUP(A16,הכשרה!A:G,6,0)+VLOOKUP('תפוקה מצטברת מול אשתקד'!A16,מגדל!A:G,6,0)+VLOOKUP('תפוקה מצטברת מול אשתקד'!A16,מנורה!A:G,6,0)+VLOOKUP('תפוקה מצטברת מול אשתקד'!A16,איילון!A:G,6,0)+VLOOKUP(A16,הראל!A:G,6,0)+VLOOKUP('תפוקה מצטברת מול אשתקד'!A16,הפניקס!A:G,6,0)+VLOOKUP('תפוקה מצטברת מול אשתקד'!A16,כלל!A:G,6,0)+VLOOKUP('תפוקה מצטברת מול אשתקד'!A16,מור!A:G,6,0)+VLOOKUP('תפוקה מצטברת מול אשתקד'!A16,'אלטשולר שחם'!A:G,6,0)+VLOOKUP('תפוקה מצטברת מול אשתקד'!A16,'מדיהו '!A:G,6,0)+VLOOKUP('תפוקה מצטברת מול אשתקד'!A16,'אנליסט '!A:G,6,0)+VLOOKUP('תפוקה מצטברת מול אשתקד'!A16,'מיטב דש'!A:G,6,0)+VLOOKUP('תפוקה מצטברת מול אשתקד'!A16,אינפניטי!A:G,6,0) -> 6046.79 | K16: =VLOOKUP(A16,הכשרה!A:G,7,0)+VLOOKUP('תפוקה מצטברת מול אשתקד'!A16,מגדל!A:G,7,0)+VLOOKUP('תפוקה מצטברת מול אשתקד'!A16,מנורה!A:G,7,0)+VLOOKUP('תפוקה מצטברת מול אשתקד'!A16,איילון!A:G,7,0)+VLOOKUP('תפוקה מצטברת מול אשתקד'!A16,הראל!A:G,7,0)+VLOOKUP('תפוקה מצטברת מול אשתקד'!A16,הפניקס!A:G,7,0)+VLOOKUP('תפוקה מצטברת מול אשתקד'!A16,כלל!A:G,7,0)+VLOOKUP('תפוקה מצטברת מול אשתקד'!A16,מור!A:G,7,0)+VLOOKUP('תפוקה מצטברת מול אשתקד'!A16,'אלטשולר שחם'!A:G,7,0)+VLOOKUP('תפוקה מצטברת מול אשתקד'!A16,'מדיהו '!A:K,7,0)+VLOOKUP(A16,'אנליסט '!A:G,7,0)+VLOOKUP('תפוקה מצטברת מול אשתקד'!A16,'מיטב דש'!A:G,7,0)+VLOOKUP('תפוקה מצטברת מול אשתקד'!A16,אינפניטי!A:G,7,0) -> 4997 | L16: =VLOOKUP(A16,הכשרה!A:K,8,0)+VLOOKUP('תפוקה מצטברת מול אשתקד'!A16,מגדל!A:K,8,0)+VLOOKUP('תפוקה מצטברת מול אשתקד'!A16,מנורה!A:K,8,0)+VLOOKUP('תפוקה מצטברת מול אשתקד'!A16,איילון!A:K,8,0)+VLOOKUP('תפוקה מצטברת מול אשתקד'!A16,הראל!A:K,8,0)+VLOOKUP('תפוקה מצטברת מול אשתקד'!A16,הפניקס!A:K,8,0)+VLOOKUP('תפוקה מצטברת מול אשתקד'!A16,כלל!A:K,8,0)+VLOOKUP('תפוקה מצטברת מול אשתקד'!A16,מור!A:K,8,0)+VLOOKUP('תפוקה מצטברת מול אשתקד'!A16,'אלטשולר שחם'!A:K,8,0)+VLOOKUP('תפוקה מצטברת מול אשתקד'!A16,'מדיהו '!A:K,8,0)+VLOOKUP('תפוקה מצטברת מול אשתקד'!A16,'אנליסט '!A:K,8,0)+VLOOKUP('תפוקה מצטברת מול אשתקד'!A16,'מיטב דש'!A:K,8,0)+VLOOKUP('תפוקה מצטברת מול אשתקד'!A16,אינפניטי!A:K,8,0) -> 36622.324 | M16: =VLOOKUP(A16,הכשרה!A:K,9,0)+VLOOKUP('תפוקה מצטברת מול אשתקד'!A16,מגדל!A:K,9,0)+VLOOKUP('תפוקה מצטברת מול אשתקד'!A16,מנורה!A:K,9,0)+VLOOKUP('תפוקה מצטברת מול אשתקד'!A16,איילון!A:K,9,0)+VLOOKUP('תפוקה מצטברת מול אשתקד'!A16,הראל!A:K,9,0)+VLOOKUP('תפוקה מצטברת מול אשתקד'!A16,הפניקס!A:K,9,0)+VLOOKUP('תפוקה מצטברת מול אשתקד'!A16,כלל!A:K,9,0)+VLOOKUP('תפוקה מצטברת מול אשתקד'!A16,מור!A:K,9,0)+VLOOKUP('תפוקה מצטברת מול אשתקד'!A16,'אלטשולר שחם'!A:K,9,0)+VLOOKUP('תפוקה מצטברת מול אשתקד'!A16,'מדיהו '!A:K,9,0)+VLOOKUP('תפוקה מצטברת מול אשתקד'!A16,'אנליסט '!A:K,9,0)+VLOOKUP('תפוקה מצטברת מול אשתקד'!A16,'מיטב דש'!A:K,9,0)+VLOOKUP('תפוקה מצטברת מול אשתקד'!A16,אינפניטי!A:K,9,0) -> 8649.53 | N16: =VLOOKUP(A16,הכשרה!A:K,10,0)+VLOOKUP('תפוקה מצטברת מול אשתקד'!A16,מגדל!A:K,10,0)+VLOOKUP('תפוקה מצטברת מול אשתקד'!A16,מנורה!A:K,10,0)+VLOOKUP('תפוקה מצטברת מול אשתקד'!A16,איילון!A:K,10,0)+VLOOKUP('תפוקה מצטברת מול אשתקד'!A16,הראל!A:K,10,0)+VLOOKUP('תפוקה מצטברת מול אשתקד'!A16,הפניקס!A:K,10,0)+VLOOKUP('תפוקה מצטברת מול אשתקד'!A16,כלל!A:K,10,0)+VLOOKUP('תפוקה מצטברת מול אשתקד'!A16,מור!A:K,10,0)+VLOOKUP('תפוקה מצטברת מול אשתקד'!A16,'אלטשולר שחם'!A:K,10,0)+VLOOKUP('תפוקה מצטברת מול אשתקד'!A16,'מדיהו '!A:K,10,0)+VLOOKUP('תפוקה מצטברת מול אשתקד'!A16,'אנליסט '!A:K,10,0)+VLOOKUP('תפוקה מצטברת מול אשתקד'!A16,'מיטב דש'!A:K,10,0)+VLOOKUP('תפוקה מצטברת מול אשתקד'!A16,אינפניטי!A:K,10,0) -> 0 | O16: =VLOOKUP(A16,הכשרה!A:K,11,0)+VLOOKUP('תפוקה מצטברת מול אשתקד'!A16,מגדל!A:K,11,0)+VLOOKUP('תפוקה מצטברת מול אשתקד'!A16,מנורה!A:K,11,0)+VLOOKUP('תפוקה מצטברת מול אשתקד'!A16,איילון!A:K,11,0)+VLOOKUP('תפוקה מצטברת מול אשתקד'!A16,הראל!A:K,11,0)+VLOOKUP('תפוקה מצטברת מול אשתקד'!A16,הפניקס!A:K,11,0)+VLOOKUP('תפוקה מצטברת מול אשתקד'!A16,כלל!A:K,11,0)+VLOOKUP('תפוקה מצטברת מול אשתקד'!A16,מור!A:K,11,0)+VLOOKUP('תפוקה מצטברת מול אשתקד'!A16,'אלטשולר שחם'!A:K,11,0)+VLOOKUP('תפוקה מצטברת מול אשתקד'!A16,'מדיהו '!A:K,11,0)+VLOOKUP('תפוקה מצטברת מול אשתקד'!A16,'אנליסט '!A:K,11,0)+VLOOKUP('תפוקה מצטברת מול אשתקד'!A16,'מיטב דש'!A:K,11,0)+VLOOKUP('תפוקה מצטברת מול אשתקד'!A16,אינפניטי!A:K,11,0) -> 0
A17: אלרם סוכנות לביטוח | B17: יוסי אביב | C17: שותפים | D17: =IF(H17=0,0%,IF(L17=0,100%,H17/L17-1)) -> 0.026381917 | E17: =IF(I17=0,0%,IF(M17=0,100%,I17/M17-1)) -> 1.4313468 | F17: =IF(J17=0,0%,IF(N17=0,100%,J17/N17-1)) -> -0.14780503 | G17: =IF(K17=0,0%,IF(O17=H40,100%,K17/O17-1)) -> -0.60020755 | H17: =VLOOKUP(A17,הכשרה!A:G,4,0)+VLOOKUP('תפוקה מצטברת מול אשתקד'!A17,מגדל!A:G,4,0)+VLOOKUP('תפוקה מצטברת מול אשתקד'!A17,מנורה!A:G,4,0)+VLOOKUP('תפוקה מצטברת מול אשתקד'!A17,איילון!A:G,4,0)+VLOOKUP('תפוקה מצטברת מול אשתקד'!A17,הראל!A:G,4,0)+VLOOKUP('תפוקה מצטברת מול אשתקד'!A17,הפניקס!A:G,4,0)+VLOOKUP('תפוקה מצטברת מול אשתקד'!A17,כלל!A:G,4,0)+VLOOKUP('תפוקה מצטברת מול אשתקד'!A17,מור!A:G,4,0)+VLOOKUP('תפוקה מצטברת מול אשתקד'!A17,'אלטשולר שחם'!A:G,4,0)+VLOOKUP('תפוקה מצטברת מול אשתקד'!A17,'מדיהו '!A:G,4,0)+VLOOKUP('תפוקה מצטברת מול אשתקד'!A17,'אנליסט '!A:G,4,0)+VLOOKUP('תפוקה מצטברת מול אשתקד'!A17,'מיטב דש'!A:G,4,0)+VLOOKUP('תפוקה מצטברת מול אשתקד'!A17,אינפניטי!A:G,4,0) -> 360831.86 | I17: =VLOOKUP(A17,הכשרה!A:G,5,0)+VLOOKUP('תפוקה מצטברת מול אשתקד'!A17,מגדל!A:G,5,0)+VLOOKUP('תפוקה מצטברת מול אשתקד'!A17,מנורה!A:G,5,0)+VLOOKUP('תפוקה מצטברת מול אשתקד'!A17,איילון!A:G,5,0)+VLOOKUP('תפוקה מצטברת מול אשתקד'!A17,הראל!A:G,5,0)+VLOOKUP('תפוקה מצטברת מול אשתקד'!A17,הפניקס!A:G,5,0)+VLOOKUP('תפוקה מצטברת מול אשתקד'!A17,כלל!A:G,5,0)+VLOOKUP('תפוקה מצטברת מול אשתקד'!A17,מור!A:G,5,0)+VLOOKUP('תפוקה מצטברת מול אשתקד'!A17,'אלטשולר שחם'!A:G,5,0)+VLOOKUP('תפוקה מצטברת מול אשתקד'!A17,'מדיהו '!A:G,5,0)+VLOOKUP('תפוקה מצטברת מול אשתקד'!A17,'אנליסט '!A:G,5,0)+VLOOKUP('תפוקה מצטברת מול אשתקד'!A17,'מיטב דש'!A:G,5,0)+VLOOKUP('תפוקה מצטברת מול אשתקד'!A17,אינפניטי!A:G,5,0) -> 167703.38 | J17: =VLOOKUP(A17,הכשרה!A:G,6,0)+VLOOKUP('תפוקה מצטברת מול אשתקד'!A17,מגדל!A:G,6,0)+VLOOKUP('תפוקה מצטברת מול אשתקד'!A17,מנורה!A:G,6,0)+VLOOKUP('תפוקה מצטברת מול אשתקד'!A17,איילון!A:G,6,0)+VLOOKUP(A17,הראל!A:G,6,0)+VLOOKUP('תפוקה מצטברת מול אשתקד'!A17,הפניקס!A:G,6,0)+VLOOKUP('תפוקה מצטברת מול אשתקד'!A17,כלל!A:G,6,0)+VLOOKUP('תפוקה מצטברת מול אשתקד'!A17,מור!A:G,6,0)+VLOOKUP('תפוקה מצטברת מול אשתקד'!A17,'אלטשולר שחם'!A:G,6,0)+VLOOKUP('תפוקה מצטברת מול אשתקד'!A17,'מדיהו '!A:G,6,0)+VLOOKUP('תפוקה מצטברת מול אשתקד'!A17,'אנליסט '!A:G,6,0)+VLOOKUP('תפוקה מצטברת מול אשתקד'!A17,'מיטב דש'!A:G,6,0)+VLOOKUP('תפוקה מצטברת מול אשתקד'!A17,אינפניטי!A:G,6,0) -> 2578832.9 | K17: =VLOOKUP(A17,הכשרה!A:G,7,0)+VLOOKUP('תפוקה מצטברת מול אשתקד'!A17,מגדל!A:G,7,0)+VLOOKUP('תפוקה מצטברת מול אשתקד'!A17,מנורה!A:G,7,0)+VLOOKUP('תפוקה מצטברת מול אשתקד'!A17,איילון!A:G,7,0)+VLOOKUP('תפוקה מצטברת מול אשתקד'!A17,הראל!A:G,7,0)+VLOOKUP('תפוקה מצטברת מול אשתקד'!A17,הפניקס!A:G,7,0)+VLOOKUP('תפוקה מצטברת מול אשתקד'!A17,כלל!A:G,7,0)+VLOOKUP('תפוקה מצטברת מול אשתקד'!A17,מור!A:G,7,0)+VLOOKUP('תפוקה מצטברת מול אשתקד'!A17,'אלטשולר שחם'!A:G,7,0)+VLOOKUP('תפוקה מצטברת מול אשתקד'!A17,'מדיהו '!A:K,7,0)+VLOOKUP(A17,'אנליסט '!A:G,7,0)+VLOOKUP('תפוקה מצטברת מול אשתקד'!A17,'מיטב דש'!A:G,7,0)+VLOOKUP('תפוקה מצטברת מול אשתקד'!A17,אינפניטי!A:G,7,0) -> 801357.42 | L17: =VLOOKUP(A17,הכשרה!A:K,8,0)+VLOOKUP('תפוקה מצטברת מול אשתקד'!A17,מגדל!A:K,8,0)+VLOOKUP('תפוקה מצטברת מול אשתקד'!A17,מנורה!A:K,8,0)+VLOOKUP('תפוקה מצטברת מול אשתקד'!A17,איילון!A:K,8,0)+VLOOKUP('תפוקה מצטברת מול אשתקד'!A17,הראל!A:K,8,0)+VLOOKUP('תפוקה מצטברת מול אשתקד'!A17,הפניקס!A:K,8,0)+VLOOKUP('תפוקה מצטברת מול אשתקד'!A17,כלל!A:K,8,0)+VLOOKUP('תפוקה מצטברת מול אשתקד'!A17,מור!A:K,8,0)+VLOOKUP('תפוקה מצטברת מול אשתקד'!A17,'אלטשולר שחם'!A:K,8,0)+VLOOKUP('תפוקה מצטברת מול אשתקד'!A17,'מדיהו '!A:K,8,0)+VLOOKUP('תפוקה מצטברת מול אשתקד'!A17,'אנליסט '!A:K,8,0)+VLOOKUP('תפוקה מצטברת מול אשתקד'!A17,'מיטב דש'!A:K,8,0)+VLOOKUP('תפוקה מצטברת מול אשתקד'!A17,אינפניטי!A:K,8,0) -> 351557.11 | M17: =VLOOKUP(A17,הכשרה!A:K,9,0)+VLOOKUP('תפוקה מצטברת מול אשתקד'!A17,מגדל!A:K,9,0)+VLOOKUP('תפוקה מצטברת מול אשתקד'!A17,מנורה!A:K,9,0)+VLOOKUP('תפוקה מצטברת מול אשתקד'!A17,איילון!A:K,9,0)+VLOOKUP('תפוקה מצטברת מול אשתקד'!A17,הראל!A:K,9,0)+VLOOKUP('תפוקה מצטברת מול אשתקד'!A17,הפניקס!A:K,9,0)+VLOOKUP('תפוקה מצטברת מול אשתקד'!A17,כלל!A:K,9,0)+VLOOKUP('תפוקה מצטברת מול אשתקד'!A17,מור!A:K,9,0)+VLOOKUP('תפוקה מצטברת מול אשתקד'!A17,'אלטשולר שחם'!A:K,9,0)+VLOOKUP('תפוקה מצטברת מול אשתקד'!A17,'מדיהו '!A:K,9,0)+VLOOKUP('תפוקה מצטברת מול אשתקד'!A17,'אנליסט '!A:K,9,0)+VLOOKUP('תפוקה מצטברת מול אשתקד'!A17,'מיטב דש'!A:K,9,0)+VLOOKUP('תפוקה מצטברת מול אשתקד'!A17,אינפניטי!A:K,9,0) -> 68975.507 | N17: =VLOOKUP(A17,הכשרה!A:K,10,0)+VLOOKUP('תפוקה מצטברת מול אשתקד'!A17,מגדל!A:K,10,0)+VLOOKUP('תפוקה מצטברת מול אשתקד'!A17,מנורה!A:K,10,0)+VLOOKUP('תפוקה מצטברת מול אשתקד'!A17,איילון!A:K,10,0)+VLOOKUP('תפוקה מצטברת מול אשתקד'!A17,הראל!A:K,10,0)+VLOOKUP('תפוקה מצטברת מול אשתקד'!A17,הפניקס!A:K,10,0)+VLOOKUP('תפוקה מצטברת מול אשתקד'!A17,כלל!A:K,10,0)+VLOOKUP('תפוקה מצטברת מול אשתקד'!A17,מור!A:K,10,0)+VLOOKUP('תפוקה מצטברת מול אשתקד'!A17,'אלטשולר שחם'!A:K,10,0)+VLOOKUP('תפוקה מצטברת מול אשתקד'!A17,'מדיהו '!A:K,10,0)+VLOOKUP('תפוקה מצטברת מול אשתקד'!A17,'אנליסט '!A:K,10,0)+VLOOKUP('תפוקה מצטברת מול אשתקד'!A17,'מיטב דש'!A:K,10,0)+VLOOKUP('תפוקה מצטברת מול אשתקד'!A17,אינפניטי!A:K,10,0) -> 3026106.7 | O17: =VLOOKUP(A17,הכשרה!A:K,11,0)+VLOOKUP('תפוקה מצטברת מול אשתקד'!A17,מגדל!A:K,11,0)+VLOOKUP('תפוקה מצטברת מול אשתקד'!A17,מנורה!A:K,11,0)+VLOOKUP('תפוקה מצטברת מול אשתקד'!A17,איילון!A:K,11,0)+VLOOKUP('תפוקה מצטברת מול אשתקד'!A17,הראל!A:K,11,0)+VLOOKUP('תפוקה מצטברת מול אשתקד'!A17,הפניקס!A:K,11,0)+VLOOKUP('תפוקה מצטברת מול אשתקד'!A17,כלל!A:K,11,0)+VLOOKUP('תפוקה מצטברת מול אשתקד'!A17,מור!A:K,11,0)+VLOOKUP('תפוקה מצטברת מול אשתקד'!A17,'אלטשולר שחם'!A:K,11,0)+VLOOKUP('תפוקה מצטברת מול אשתקד'!A17,'מדיהו '!A:K,11,0)+VLOOKUP('תפוקה מצטברת מול אשתקד'!A17,'אנליסט '!A:K,11,0)+VLOOKUP('תפוקה מצטברת מול אשתקד'!A17,'מיטב דש'!A:K,11,0)+VLOOKUP('תפוקה מצטברת מול אשתקד'!A17,אינפניטי!A:K,11,0) -> 2004433.6
A18: רכס אורן | B18: יוסי אביב | C18: שותפים | D18: =IF(H18=0,0%,IF(L18=0,100%,H18/L18-1)) -> -0.087488144 | E18: =IF(I18=0,0%,IF(M18=0,100%,I18/M18-1)) -> 2.4472947 | F18: =IF(J18=0,0%,IF(N18=0,100%,J18/N18-1)) -> -0.43110215 | G18: =IF(K18=0,0%,IF(O18=H41,100%,K18/O18-1)) -> -0.18521942 | H18: =VLOOKUP(A18,הכשרה!A:G,4,0)+VLOOKUP('תפוקה מצטברת מול אשתקד'!A18,מגדל!A:G,4,0)+VLOOKUP('תפוקה מצטברת מול אשתקד'!A18,מנורה!A:G,4,0)+VLOOKUP('תפוקה מצטברת מול אשתקד'!A18,איילון!A:G,4,0)+VLOOKUP('תפוקה מצטברת מול אשתקד'!A18,הראל!A:G,4,0)+VLOOKUP('תפוקה מצטברת מול אשתקד'!A18,הפניקס!A:G,4,0)+VLOOKUP('תפוקה מצטברת מול אשתקד'!A18,כלל!A:G,4,0)+VLOOKUP('תפוקה מצטברת מול אשתקד'!A18,מור!A:G,4,0)+VLOOKUP('תפוקה מצטברת מול אשתקד'!A18,'אלטשולר שחם'!A:G,4,0)+VLOOKUP('תפוקה מצטברת מול אשתקד'!A18,'מדיהו '!A:G,4,0)+VLOOKUP('תפוקה מצטברת מול אשתקד'!A18,'אנליסט '!A:G,4,0)+VLOOKUP('תפוקה מצטברת מול אשתקד'!A18,'מיטב דש'!A:G,4,0)+VLOOKUP('תפוקה מצטברת מול אשתקד'!A18,אינפניטי!A:G,4,0) -> 413205.87 | I18: =VLOOKUP(A18,הכשרה!A:G,5,0)+VLOOKUP('תפוקה מצטברת מול אשתקד'!A18,מגדל!A:G,5,0)+VLOOKUP('תפוקה מצטברת מול אשתקד'!A18,מנורה!A:G,5,0)+VLOOKUP('תפוקה מצטברת מול אשתקד'!A18,איילון!A:G,5,0)+VLOOKUP('תפוקה מצטברת מול אשתקד'!A18,הראל!A:G,5,0)+VLOOKUP('תפוקה מצטברת מול אשתקד'!A18,הפניקס!A:G,5,0)+VLOOKUP('תפוקה מצטברת מול אשתקד'!A18,כלל!A:G,5,0)+VLOOKUP('תפוקה מצטברת מול אשתקד'!A18,מור!A:G,5,0)+VLOOKUP('תפוקה מצטברת מול אשתקד'!A18,'אלטשולר שחם'!A:G,5,0)+VLOOKUP('תפוקה מצטברת מול אשתקד'!A18,'מדיהו '!A:G,5,0)+VLOOKUP('תפוקה מצטברת מול אשתקד'!A18,'אנליסט '!A:G,5,0)+VLOOKUP('תפוקה מצטברת מול אשתקד'!A18,'מיטב דש'!A:G,5,0)+VLOOKUP('תפוקה מצטברת מול אשתקד'!A18,אינפניטי!A:G,5,0) -> 99780.886 | J18: =VLOOKUP(A18,הכשרה!A:G,6,0)+VLOOKUP('תפוקה מצטברת מול אשתקד'!A18,מגדל!A:G,6,0)+VLOOKUP('תפוקה מצטברת מול אשתקד'!A18,מנורה!A:G,6,0)+VLOOKUP('תפוקה מצטברת מול אשתקד'!A18,איילון!A:G,6,0)+VLOOKUP(A18,הראל!A:G,6,0)+VLOOKUP('תפוקה מצטברת מול אשתקד'!A18,הפניקס!A:G,6,0)+VLOOKUP('תפוקה מצטברת מול אשתקד'!A18,כלל!A:G,6,0)+VLOOKUP('תפוקה מצטברת מול אשתקד'!A18,מור!A:G,6,0)+VLOOKUP('תפוקה מצטברת מול אשתקד'!A18,'אלטשולר שחם'!A:G,6,0)+VLOOKUP('תפוקה מצטברת מול אשתקד'!A18,'מדיהו '!A:G,6,0)+VLOOKUP('תפוקה מצטברת מול אשתקד'!A18,'אנליסט '!A:G,6,0)+VLOOKUP('תפוקה מצטברת מול אשתקד'!A18,'מיטב דש'!A:G,6,0)+VLOOKUP('תפוקה מצטברת מול אשתקד'!A18,אינפניטי!A:G,6,0) -> 4086513.9 | K18: =VLOOKUP(A18,הכשרה!A:G,7,0)+VLOOKUP('תפוקה מצטברת מול אשתקד'!A18,מגדל!A:G,7,0)+VLOOKUP('תפוקה מצטברת מול אשתקד'!A18,מנורה!A:G,7,0)+VLOOKUP('תפוקה מצטברת מול אשתקד'!A18,איילון!A:G,7,0)+VLOOKUP('תפוקה מצטברת מול אשתקד'!A18,הראל!A:G,7,0)+VLOOKUP('תפוקה מצטברת מול אשתקד'!A18,הפניקס!A:G,7,0)+VLOOKUP('תפוקה מצטברת מול אשתקד'!A18,כלל!A:G,7,0)+VLOOKUP('תפוקה מצטברת מול אשתקד'!A18,מור!A:G,7,0)+VLOOKUP('תפוקה מצטברת מול אשתקד'!A18,'אלטשולר שחם'!A:G,7,0)+VLOOKUP('תפוקה מצטברת מול אשתקד'!A18,'מדיהו '!A:K,7,0)+VLOOKUP(A18,'אנליסט '!A:G,7,0)+VLOOKUP('תפוקה מצטברת מול אשתקד'!A18,'מיטב דש'!A:G,7,0)+VLOOKUP('תפוקה מצטברת מול אשתקד'!A18,אינפניטי!A:G,7,0) -> 2219560.4 | L18: =VLOOKUP(A18,הכשרה!A:K,8,0)+VLOOKUP('תפוקה מצטברת מול אשתקד'!A18,מגדל!A:K,8,0)+VLOOKUP('תפוקה מצטברת מול אשתקד'!A18,מנורה!A:K,8,0)+VLOOKUP('תפוקה מצטברת מול אשתקד'!A18,איילון!A:K,8,0)+VLOOKUP('תפוקה מצטברת מול אשתקד'!A18,הראל!A:K,8,0)+VLOOKUP('תפוקה מצטברת מול אשתקד'!A18,הפניקס!A:K,8,0)+VLOOKUP('תפוקה מצטברת מול אשתקד'!A18,כלל!A:K,8,0)+VLOOKUP('תפוקה מצטברת מול אשתקד'!A18,מור!A:K,8,0)+VLOOKUP('תפוקה מצטברת מול אשתקד'!A18,'אלטשולר שחם'!A:K,8,0)+VLOOKUP('תפוקה מצטברת מול אשתקד'!A18,'מדיהו '!A:K,8,0)+VLOOKUP('תפוקה מצטברת מול אשתקד'!A18,'אנליסט '!A:K,8,0)+VLOOKUP('תפוקה מצטברת מול אשתקד'!A18,'מיטב דש'!A:K,8,0)+VLOOKUP('תפוקה מצטברת מול אשתקד'!A18,אינפניטי!A:K,8,0) -> 452822.47 | M18: =VLOOKUP(A18,הכשרה!A:K,9,0)+VLOOKUP('תפוקה מצטברת מול אשתקד'!A18,מגדל!A:K,9,0)+VLOOKUP('תפוקה מצטברת מול אשתקד'!A18,מנורה!A:K,9,0)+VLOOKUP('תפוקה מצטברת מול אשתקד'!A18,איילון!A:K,9,0)+VLOOKUP('תפוקה מצטברת מול אשתקד'!A18,הראל!A:K,9,0)+VLOOKUP('תפוקה מצטברת מול אשתקד'!A18,הפניקס!A:K,9,0)+VLOOKUP('תפוקה מצטברת מול אשתקד'!A18,כלל!A:K,9,0)+VLOOKUP('תפוקה מצטברת מול אשתקד'!A18,מור!A:K,9,0)+VLOOKUP('תפוקה מצטברת מול אשתקד'!A18,'אלטשולר שחם'!A:K,9,0)+VLOOKUP('תפוקה מצטברת מול אשתקד'!A18,'מדיהו '!A:K,9,0)+VLOOKUP('תפוקה מצטברת מול אשתקד'!A18,'אנליסט '!A:K,9,0)+VLOOKUP('תפוקה מצטברת מול אשתקד'!A18,'מיטב דש'!A:K,9,0)+VLOOKUP('תפוקה מצטברת מול אשתקד'!A18,אינפניטי!A:K,9,0) -> 28944.693 | N18: =VLOOKUP(A18,הכשרה!A:K,10,0)+VLOOKUP('תפוקה מצטברת מול אשתקד'!A18,מגדל!A:K,10,0)+VLOOKUP('תפוקה מצטברת מול אשתקד'!A18,מנורה!A:K,10,0)+VLOOKUP('תפוקה מצטברת מול אשתקד'!A18,איילון!A:K,10,0)+VLOOKUP('תפוקה מצטברת מול אשתקד'!A18,הראל!A:K,10,0)+VLOOKUP('תפוקה מצטברת מול אשתקד'!A18,הפניקס!A:K,10,0)+VLOOKUP('תפוקה מצטברת מול אשתקד'!A18,כלל!A:K,10,0)+VLOOKUP('תפוקה מצטברת מול אשתקד'!A18,מור!A:K,10,0)+VLOOKUP('תפוקה מצטברת מול אשתקד'!A18,'אלטשולר שחם'!A:K,10,0)+VLOOKUP('תפוקה מצטברת מול אשתקד'!A18,'מדיהו '!A:K,10,0)+VLOOKUP('תפוקה מצטברת מול אשתקד'!A18,'אנליסט '!A:K,10,0)+VLOOKUP('תפוקה מצטברת מול אשתקד'!A18,'מיטב דש'!A:K,10,0)+VLOOKUP('תפוקה מצטברת מול אשתקד'!A18,אינפניטי!A:K,10,0) -> 7183212 | O18: =VLOOKUP(A18,הכשרה!A:K,11,0)+VLOOKUP('תפוקה מצטברת מול אשתקד'!A18,מגדל!A:K,11,0)+VLOOKUP('תפוקה מצטברת מול אשתקד'!A18,מנורה!A:K,11,0)+VLOOKUP('תפוקה מצטברת מול אשתקד'!A18,איילון!A:K,11,0)+VLOOKUP('תפוקה מצטברת מול אשתקד'!A18,הראל!A:K,11,0)+VLOOKUP('תפוקה מצטברת מול אשתקד'!A18,הפניקס!A:K,11,0)+VLOOKUP('תפוקה מצטברת מול אשתקד'!A18,כלל!A:K,11,0)+VLOOKUP('תפוקה מצטברת מול אשתקד'!A18,מור!A:K,11,0)+VLOOKUP('תפוקה מצטברת מול אשתקד'!A18,'אלטשולר שחם'!A:K,11,0)+VLOOKUP('תפוקה מצטברת מול אשתקד'!A18,'מדיהו '!A:K,11,0)+VLOOKUP('תפוקה מצטברת מול אשתקד'!A18,'אנליסט '!A:K,11,0)+VLOOKUP('תפוקה מצטברת מול אשתקד'!A18,'מיטב דש'!A:K,11,0)+VLOOKUP('תפוקה מצטברת מול אשתקד'!A18,אינפניטי!A:K,11,0) -> 2724120.4
A19: גולדר אבי | B19: יוסי אביב | C19: שותפים | D19: =IF(H19=0,0%,IF(L19=0,100%,H19/L19-1)) -> 18.215534 | E19: =IF(I19=0,0%,IF(M19=0,100%,I19/M19-1)) -> 0 | F19: =IF(J19=0,0%,IF(N19=0,100%,J19/N19-1)) -> 0 | G19: =IF(K19=0,0%,IF(O19=H42,100%,K19/O19-1)) -> 1 | H19: =VLOOKUP(A19,הכשרה!A:G,4,0)+VLOOKUP('תפוקה מצטברת מול אשתקד'!A19,מגדל!A:G,4,0)+VLOOKUP('תפוקה מצטברת מול אשתקד'!A19,מנורה!A:G,4,0)+VLOOKUP('תפוקה מצטברת מול אשתקד'!A19,איילון!A:G,4,0)+VLOOKUP('תפוקה מצטברת מול אשתקד'!A19,הראל!A:G,4,0)+VLOOKUP('תפוקה מצטברת מול אשתקד'!A19,הפניקס!A:G,4,0)+VLOOKUP('תפוקה מצטברת מול אשתקד'!A19,כלל!A:G,4,0)+VLOOKUP('תפוקה מצטברת מול אשתקד'!A19,מור!A:G,4,0)+VLOOKUP('תפוקה מצטברת מול אשתקד'!A19,'אלטשולר שחם'!A:G,4,0)+VLOOKUP('תפוקה מצטברת מול אשתקד'!A19,'מדיהו '!A:G,4,0)+VLOOKUP('תפוקה מצטברת מול אשתקד'!A19,'אנליסט '!A:G,4,0)+VLOOKUP('תפוקה מצטברת מול אשתקד'!A19,'מיטב דש'!A:G,4,0)+VLOOKUP('תפוקה מצטברת מול אשתקד'!A19,אינפניטי!A:G,4,0) -> 8654.0998 | I19: =VLOOKUP(A19,הכשרה!A:G,5,0)+VLOOKUP('תפוקה מצטברת מול אשתקד'!A19,מגדל!A:G,5,0)+VLOOKUP('תפוקה מצטברת מול אשתקד'!A19,מנורה!A:G,5,0)+VLOOKUP('תפוקה מצטברת מול אשתקד'!A19,איילון!A:G,5,0)+VLOOKUP('תפוקה מצטברת מול אשתקד'!A19,הראל!A:G,5,0)+VLOOKUP('תפוקה מצטברת מול אשתקד'!A19,הפניקס!A:G,5,0)+VLOOKUP('תפוקה מצטברת מול אשתקד'!A19,כלל!A:G,5,0)+VLOOKUP('תפוקה מצטברת מול אשתקד'!A19,מור!A:G,5,0)+VLOOKUP('תפוקה מצטברת מול אשתקד'!A19,'אלטשולר שחם'!A:G,5,0)+VLOOKUP('תפוקה מצטברת מול אשתקד'!A19,'מדיהו '!A:G,5,0)+VLOOKUP('תפוקה מצטברת מול אשתקד'!A19,'אנליסט '!A:G,5,0)+VLOOKUP('תפוקה מצטברת מול אשתקד'!A19,'מיטב דש'!A:G,5,0)+VLOOKUP('תפוקה מצטברת מול אשתקד'!A19,אינפניטי!A:G,5,0) -> 0 | J19: =VLOOKUP(A19,הכשרה!A:G,6,0)+VLOOKUP('תפוקה מצטברת מול אשתקד'!A19,מגדל!A:G,6,0)+VLOOKUP('תפוקה מצטברת מול אשתקד'!A19,מנורה!A:G,6,0)+VLOOKUP('תפוקה מצטברת מול אשתקד'!A19,איילון!A:G,6,0)+VLOOKUP(A19,הראל!A:G,6,0)+VLOOKUP('תפוקה מצטברת מול אשתקד'!A19,הפניקס!A:G,6,0)+VLOOKUP('תפוקה מצטברת מול אשתקד'!A19,כלל!A:G,6,0)+VLOOKUP('תפוקה מצטברת מול אשתקד'!A19,מור!A:G,6,0)+VLOOKUP('תפוקה מצטברת מול אשתקד'!A19,'אלטשולר שחם'!A:G,6,0)+VLOOKUP('תפוקה מצטברת מול אשתקד'!A19,'מדיהו '!A:G,6,0)+VLOOKUP('תפוקה מצטברת מול אשתקד'!A19,'אנליסט '!A:G,6,0)+VLOOKUP('תפוקה מצטברת מול אשתקד'!A19,'מיטב דש'!A:G,6,0)+VLOOKUP('תפוקה מצטברת מול אשתקד'!A19,אינפניטי!A:G,6,0) -> 0 | K19: =VLOOKUP(A19,הכשרה!A:G,7,0)+VLOOKUP('תפוקה מצטברת מול אשתקד'!A19,מגדל!A:G,7,0)+VLOOKUP('תפוקה מצטברת מול אשתקד'!A19,מנורה!A:G,7,0)+VLOOKUP('תפוקה מצטברת מול אשתקד'!A19,איילון!A:G,7,0)+VLOOKUP('תפוקה מצטברת מול אשתקד'!A19,הראל!A:G,7,0)+VLOOKUP('תפוקה מצטברת מול אשתקד'!A19,הפניקס!A:G,7,0)+VLOOKUP('תפוקה מצטברת מול אשתקד'!A19,כלל!A:G,7,0)+VLOOKUP('תפוקה מצטברת מול אשתקד'!A19,מור!A:G,7,0)+VLOOKUP('תפוקה מצטברת מול אשתקד'!A19,'אלטשולר שחם'!A:G,7,0)+VLOOKUP('תפוקה מצטברת מול אשתקד'!A19,'מדיהו '!A:K,7,0)+VLOOKUP(A19,'אנליסט '!A:G,7,0)+VLOOKUP('תפוקה מצטברת מול אשתקד'!A19,'מיטב דש'!A:G,7,0)+VLOOKUP('תפוקה מצטברת מול אשתקד'!A19,אינפניטי!A:G,7,0) -> -190731.89 | L19: =VLOOKUP(A19,הכשרה!A:K,8,0)+VLOOKUP('תפוקה מצטברת מול אשתקד'!A19,מגדל!A:K,8,0)+VLOOKUP('תפוקה מצטברת מול אשתקד'!A19,מנורה!A:K,8,0)+VLOOKUP('תפוקה מצטברת מול אשתקד'!A19,איילון!A:K,8,0)+VLOOKUP('תפוקה מצטברת מול אשתקד'!A19,הראל!A:K,8,0)+VLOOKUP('תפוקה מצטברת מול אשתקד'!A19,הפניקס!A:K,8,0)+VLOOKUP('תפוקה מצטברת מול אשתקד'!A19,כלל!A:K,8,0)+VLOOKUP('תפוקה מצטברת מול אשתקד'!A19,מור!A:K,8,0)+VLOOKUP('תפוקה מצטברת מול אשתקד'!A19,'אלטשולר שחם'!A:K,8,0)+VLOOKUP('תפוקה מצטברת מול אשתקד'!A19,'מדיהו '!A:K,8,0)+VLOOKUP('תפוקה מצטברת מול אשתקד'!A19,'אנליסט '!A:K,8,0)+VLOOKUP('תפוקה מצטברת מול אשתקד'!A19,'מיטב דש'!A:K,8,0)+VLOOKUP('תפוקה מצטברת מול אשתקד'!A19,אינפניטי!A:K,8,0) -> 450.37 | M19: =VLOOKUP(A19,הכשרה!A:K,9,0)+VLOOKUP('תפוקה מצטברת מול אשתקד'!A19,מגדל!A:K,9,0)+VLOOKUP('תפוקה מצטברת מול אשתקד'!A19,מנורה!A:K,9,0)+VLOOKUP('תפוקה מצטברת מול אשתקד'!A19,איילון!A:K,9,0)+VLOOKUP('תפוקה מצטברת מול אשתקד'!A19,הראל!A:K,9,0)+VLOOKUP('תפוקה מצטברת מול אשתקד'!A19,הפניקס!A:K,9,0)+VLOOKUP('תפוקה מצטברת מול אשתקד'!A19,כלל!A:K,9,0)+VLOOKUP('תפוקה מצטברת מול אשתקד'!A19,מור!A:K,9,0)+VLOOKUP('תפוקה מצטברת מול אשתקד'!A19,'אלטשולר שחם'!A:K,9,0)+VLOOKUP('תפוקה מצטברת מול אשתקד'!A19,'מדיהו '!A:K,9,0)+VLOOKUP('תפוקה מצטברת מול אשתקד'!A19,'אנליסט '!A:K,9,0)+VLOOKUP('תפוקה מצטברת מול אשתקד'!A19,'מיטב דש'!A:K,9,0)+VLOOKUP('תפוקה מצטברת מול אשתקד'!A19,אינפניטי!A:K,9,0) -> 0 | N19: =VLOOKUP(A19,הכשרה!A:K,10,0)+VLOOKUP('תפוקה מצטברת מול אשתקד'!A19,מגדל!A:K,10,0)+VLOOKUP('תפוקה מצטברת מול אשתקד'!A19,מנורה!A:K,10,0)+VLOOKUP('תפוקה מצטברת מול אשתקד'!A19,איילון!A:K,10,0)+VLOOKUP('תפוקה מצטברת מול אשתקד'!A19,הראל!A:K,10,0)+VLOOKUP('תפוקה מצטברת מול אשתקד'!A19,הפניקס!A:K,10,0)+VLOOKUP('תפוקה מצטברת מול אשתקד'!A19,כלל!A:K,10,0)+VLOOKUP('תפוקה מצטברת מול אשתקד'!A19,מור!A:K,10,0)+VLOOKUP('תפוקה מצטברת מול אשתקד'!A19,'אלטשולר שחם'!A:K,10,0)+VLOOKUP('תפוקה מצטברת מול אשתקד'!A19,'מדיהו '!A:K,10,0)+VLOOKUP('תפוקה מצטברת מול אשתקד'!A19,'אנליסט '!A:K,10,0)+VLOOKUP('תפוקה מצטברת מול אשתקד'!A19,'מיטב דש'!A:K,10,0)+VLOOKUP('תפוקה מצטברת מול אשתקד'!A19,אינפניטי!A:K,10,0) -> 10470.764 | O19: =VLOOKUP(A19,הכשרה!A:K,11,0)+VLOOKUP('תפוקה מצטברת מול אשתקד'!A19,מגדל!A:K,11,0)+VLOOKUP('תפוקה מצטברת מול אשתקד'!A19,מנורה!A:K,11,0)+VLOOKUP('תפוקה מצטברת מול אשתקד'!A19,איילון!A:K,11,0)+VLOOKUP('תפוקה מצטברת מול אשתקד'!A19,הראל!A:K,11,0)+VLOOKUP('תפוקה מצטברת מול אשתקד'!A19,הפניקס!A:K,11,0)+VLOOKUP('תפוקה מצטברת מול אשתקד'!A19,כלל!A:K,11,0)+VLOOKUP('תפוקה מצטברת מול אשתקד'!A19,מור!A:K,11,0)+VLOOKUP('תפוקה מצטברת מול אשתקד'!A19,'אלטשולר שחם'!A:K,11,0)+VLOOKUP('תפוקה מצטברת מול אשתקד'!A19,'מדיהו '!A:K,11,0)+VLOOKUP('תפוקה מצטברת מול אשתקד'!A19,'אנליסט '!A:K,11,0)+VLOOKUP('תפוקה מצטברת מול אשתקד'!A19,'מיטב דש'!A:K,11,0)+VLOOKUP('תפוקה מצטברת מול אשתקד'!A19,אינפניטי!A:K,11,0) -> 0
A20: בדר צבי | B20: יוסי אביב | C20: שותפים | D20: =IF(H20=0,0%,IF(L20=0,100%,H20/L20-1)) -> 0 | E20: =IF(I20=0,0%,IF(M20=0,100%,I20/M20-1)) -> 0 | F20: =IF(J20=0,0%,IF(N20=0,100%,J20/N20-1)) -> 0 | G20: =IF(K20=0,0%,IF(O20=H43,100%,K20/O20-1)) -> 0 | H20: =VLOOKUP(A20,הכשרה!A:G,4,0)+VLOOKUP('תפוקה מצטברת מול אשתקד'!A20,מגדל!A:G,4,0)+VLOOKUP('תפוקה מצטברת מול אשתקד'!A20,מנורה!A:G,4,0)+VLOOKUP('תפוקה מצטברת מול אשתקד'!A20,איילון!A:G,4,0)+VLOOKUP('תפוקה מצטברת מול אשתקד'!A20,הראל!A:G,4,0)+VLOOKUP('תפוקה מצטברת מול אשתקד'!A20,הפניקס!A:G,4,0)+VLOOKUP('תפוקה מצטברת מול אשתקד'!A20,כלל!A:G,4,0)+VLOOKUP('תפוקה מצטברת מול אשתקד'!A20,מור!A:G,4,0)+VLOOKUP('תפוקה מצטברת מול אשתקד'!A20,'אלטשולר שחם'!A:G,4,0)+VLOOKUP('תפוקה מצטברת מול אשתקד'!A20,'מדיהו '!A:G,4,0)+VLOOKUP('תפוקה מצטברת מול אשתקד'!A20,'אנליסט '!A:G,4,0)+VLOOKUP('תפוקה מצטברת מול אשתקד'!A20,'מיטב דש'!A:G,4,0)+VLOOKUP('תפוקה מצטברת מול אשתקד'!A20,אינפניטי!A:G,4,0) -> 0 | I20: =VLOOKUP(A20,הכשרה!A:G,5,0)+VLOOKUP('תפוקה מצטברת מול אשתקד'!A20,מגדל!A:G,5,0)+VLOOKUP('תפוקה מצטברת מול אשתקד'!A20,מנורה!A:G,5,0)+VLOOKUP('תפוקה מצטברת מול אשתקד'!A20,איילון!A:G,5,0)+VLOOKUP('תפוקה מצטברת מול אשתקד'!A20,הראל!A:G,5,0)+VLOOKUP('תפוקה מצטברת מול אשתקד'!A20,הפניקס!A:G,5,0)+VLOOKUP('תפוקה מצטברת מול אשתקד'!A20,כלל!A:G,5,0)+VLOOKUP('תפוקה מצטברת מול אשתקד'!A20,מור!A:G,5,0)+VLOOKUP('תפוקה מצטברת מול אשתקד'!A20,'אלטשולר שחם'!A:G,5,0)+VLOOKUP('תפוקה מצטברת מול אשתקד'!A20,'מדיהו '!A:G,5,0)+VLOOKUP('תפוקה מצטברת מול אשתקד'!A20,'אנליסט '!A:G,5,0)+VLOOKUP('תפוקה מצטברת מול אשתקד'!A20,'מיטב דש'!A:G,5,0)+VLOOKUP('תפוקה מצטברת מול אשתקד'!A20,אינפניטי!A:G,5,0) -> 0 | J20: =VLOOKUP(A20,הכשרה!A:G,6,0)+VLOOKUP('תפוקה מצטברת מול אשתקד'!A20,מגדל!A:G,6,0)+VLOOKUP('תפוקה מצטברת מול אשתקד'!A20,מנורה!A:G,6,0)+VLOOKUP('תפוקה מצטברת מול אשתקד'!A20,איילון!A:G,6,0)+VLOOKUP(A20,הראל!A:G,6,0)+VLOOKUP('תפוקה מצטברת מול אשתקד'!A20,הפניקס!A:G,6,0)+VLOOKUP('תפוקה מצטברת מול אשתקד'!A20,כלל!A:G,6,0)+VLOOKUP('תפוקה מצטברת מול אשתקד'!A20,מור!A:G,6,0)+VLOOKUP('תפוקה מצטברת מול אשתקד'!A20,'אלטשולר שחם'!A:G,6,0)+VLOOKUP('תפוקה מצטברת מול אשתקד'!A20,'מדיהו '!A:G,6,0)+VLOOKUP('תפוקה מצטברת מול אשתקד'!A20,'אנליסט '!A:G,6,0)+VLOOKUP('תפוקה מצטברת מול אשתקד'!A20,'מיטב דש'!A:G,6,0)+VLOOKUP('תפוקה מצטברת מול אשתקד'!A20,אינפניטי!A:G,6,0) -> 0 | K20: =VLOOKUP(A20,הכשרה!A:G,7,0)+VLOOKUP('תפוקה מצטברת מול אשתקד'!A20,מגדל!A:G,7,0)+VLOOKUP('תפוקה מצטברת מול אשתקד'!A20,מנורה!A:G,7,0)+VLOOKUP('תפוקה מצטברת מול אשתקד'!A20,איילון!A:G,7,0)+VLOOKUP('תפוקה מצטברת מול אשתקד'!A20,הראל!A:G,7,0)+VLOOKUP('תפוקה מצטברת מול אשתקד'!A20,הפניקס!A:G,7,0)+VLOOKUP('תפוקה מצטברת מול אשתקד'!A20,כלל!A:G,7,0)+VLOOKUP('תפוקה מצטברת מול אשתקד'!A20,מור!A:G,7,0)+VLOOKUP('תפוקה מצטברת מול אשתקד'!A20,'אלטשולר שחם'!A:G,7,0)+VLOOKUP('תפוקה מצטברת מול אשתקד'!A20,'מדיהו '!A:K,7,0)+VLOOKUP(A20,'אנליסט '!A:G,7,0)+VLOOKUP('תפוקה מצטברת מול אשתקד'!A20,'מיטב דש'!A:G,7,0)+VLOOKUP('תפוקה מצטברת מול אשתקד'!A20,אינפניטי!A:G,7,0) -> 0 | L20: =VLOOKUP(A20,הכשרה!A:K,8,0)+VLOOKUP('תפוקה מצטברת מול אשתקד'!A20,מגדל!A:K,8,0)+VLOOKUP('תפוקה מצטברת מול אשתקד'!A20,מנורה!A:K,8,0)+VLOOKUP('תפוקה מצטברת מול אשתקד'!A20,איילון!A:K,8,0)+VLOOKUP('תפוקה מצטברת מול אשתקד'!A20,הראל!A:K,8,0)+VLOOKUP('תפוקה מצטברת מול אשתקד'!A20,הפניקס!A:K,8,0)+VLOOKUP('תפוקה מצטברת מול אשתקד'!A20,כלל!A:K,8,0)+VLOOKUP('תפוקה מצטברת מול אשתקד'!A20,מור!A:K,8,0)+VLOOKUP('תפוקה מצטברת מול אשתקד'!A20,'אלטשולר שחם'!A:K,8,0)+VLOOKUP('תפוקה מצטברת מול אשתקד'!A20,'מדיהו '!A:K,8,0)+VLOOKUP('תפוקה מצטברת מול אשתקד'!A20,'אנליסט '!A:K,8,0)+VLOOKUP('תפוקה מצטברת מול אשתקד'!A20,'מיטב דש'!A:K,8,0)+VLOOKUP('תפוקה מצטברת מול אשתקד'!A20,אינפניטי!A:K,8,0) -> 0 | M20: =VLOOKUP(A20,הכשרה!A:K,9,0)+VLOOKUP('תפוקה מצטברת מול אשתקד'!A20,מגדל!A:K,9,0)+VLOOKUP('תפוקה מצטברת מול אשתקד'!A20,מנורה!A:K,9,0)+VLOOKUP('תפוקה מצטברת מול אשתקד'!A20,איילון!A:K,9,0)+VLOOKUP('תפוקה מצטברת מול אשתקד'!A20,הראל!A:K,9,0)+VLOOKUP('תפוקה מצטברת מול אשתקד'!A20,הפניקס!A:K,9,0)+VLOOKUP('תפוקה מצטברת מול אשתקד'!A20,כלל!A:K,9,0)+VLOOKUP('תפוקה מצטברת מול אשתקד'!A20,מור!A:K,9,0)+VLOOKUP('תפוקה מצטברת מול אשתקד'!A20,'אלטשולר שחם'!A:K,9,0)+VLOOKUP('תפוקה מצטברת מול אשתקד'!A20,'מדיהו '!A:K,9,0)+VLOOKUP('תפוקה מצטברת מול אשתקד'!A20,'אנליסט '!A:K,9,0)+VLOOKUP('תפוקה מצטברת מול אשתקד'!A20,'מיטב דש'!A:K,9,0)+VLOOKUP('תפוקה מצטברת מול אשתקד'!A20,אינפניטי!A:K,9,0) -> 1091.49 | N20: =VLOOKUP(A20,הכשרה!A:K,10,0)+VLOOKUP('תפוקה מצטברת מול אשתקד'!A20,מגדל!A:K,10,0)+VLOOKUP('תפוקה מצטברת מול אשתקד'!A20,מנורה!A:K,10,0)+VLOOKUP('תפוקה מצטברת מול אשתקד'!A20,איילון!A:K,10,0)+VLOOKUP('תפוקה מצטברת מול אשתקד'!A20,הראל!A:K,10,0)+VLOOKUP('תפוקה מצטברת מול אשתקד'!A20,הפניקס!A:K,10,0)+VLOOKUP('תפוקה מצטברת מול אשתקד'!A20,כלל!A:K,10,0)+VLOOKUP('תפוקה מצטברת מול אשתקד'!A20,מור!A:K,10,0)+VLOOKUP('תפוקה מצטברת מול אשתקד'!A20,'אלטשולר שחם'!A:K,10,0)+VLOOKUP('תפוקה מצטברת מול אשתקד'!A20,'מדיהו '!A:K,10,0)+VLOOKUP('תפוקה מצטברת מול אשתקד'!A20,'אנליסט '!A:K,10,0)+VLOOKUP('תפוקה מצטברת מול אשתקד'!A20,'מיטב דש'!A:K,10,0)+VLOOKUP('תפוקה מצטברת מול אשתקד'!A20,אינפניטי!A:K,10,0) -> 3200 | O20: =VLOOKUP(A20,הכשרה!A:K,11,0)+VLOOKUP('תפוקה מצטברת מול אשתקד'!A20,מגדל!A:K,11,0)+VLOOKUP('תפוקה מצטברת מול אשתקד'!A20,מנורה!A:K,11,0)+VLOOKUP('תפוקה מצטברת מול אשתקד'!A20,איילון!A:K,11,0)+VLOOKUP('תפוקה מצטברת מול אשתקד'!A20,הראל!A:K,11,0)+VLOOKUP('תפוקה מצטברת מול אשתקד'!A20,הפניקס!A:K,11,0)+VLOOKUP('תפוקה מצטברת מול אשתקד'!A20,כלל!A:K,11,0)+VLOOKUP('תפוקה מצטברת מול אשתקד'!A20,מור!A:K,11,0)+VLOOKUP('תפוקה מצטברת מול אשתקד'!A20,'אלטשולר שחם'!A:K,11,0)+VLOOKUP('תפוקה מצטברת מול אשתקד'!A20,'מדיהו '!A:K,11,0)+VLOOKUP('תפוקה מצטברת מול אשתקד'!A20,'אנליסט '!A:K,11,0)+VLOOKUP('תפוקה מצטברת מול אשתקד'!A20,'מיטב דש'!A:K,11,0)+VLOOKUP('תפוקה מצטברת מול אשתקד'!A20,אינפניטי!A:K,11,0) -> 0
A21: סה"כ חברות בנות | D21: =IF(H21=0,0%,IF(L21=0,100%,H21/L21-1)) -> 0.037733244 | E21: =IF(I21=0,0%,IF(M21=0,100%,I21/M21-1)) -> 1.2129242 | F21: =IF(J21=0,0%,IF(N21=0,100%,J21/N21-1)) -> -0.28322923 | G21: =IF(K21=0,0%,IF(O21=H44,100%,K21/O21-1)) -> -0.29396916 | H21: =SUM(H9:H20) -> 1729903.8 | I21: =SUM(I9:I20) -> 973341.03 | J21: =SUM(J9:J20) -> 9163856.1 | K21: =SUM(K9:K20) -> 4367988.5 | L21: =SUM(L9:L20) -> 1667002.4 | M21: =SUM(M9:M20) -> 439843.83 | N21: =SUM(N9:N20) -> 12784919 | O21: =SUM(O9:O20) -> 6186682.3
A22: מועלם אלפרד | B22: ערן גירוני | C22: סוכנים | D22: =IF(H22=0,0%,IF(L22=0,100%,H22/L22-1)) -> -0.31363939 | E22: =IF(I22=0,0%,IF(M22=0,100%,I22/M22-1)) -> -0.90399965 | F22: =IF(J22=0,0%,IF(N22=0,100%,J22/N22-1)) -> -0.44555432 | G22: =IF(K22=0,0%,IF(O22=H45,100%,K22/O22-1)) -> -0.0066198179 | H22: =VLOOKUP(A22,הכשרה!A:G,4,0)+VLOOKUP('תפוקה מצטברת מול אשתקד'!A22,מגדל!A:G,4,0)+VLOOKUP('תפוקה מצטברת מול אשתקד'!A22,מנורה!A:G,4,0)+VLOOKUP('תפוקה מצטברת מול אשתקד'!A22,איילון!A:G,4,0)+VLOOKUP('תפוקה מצטברת מול אשתקד'!A22,הראל!A:G,4,0)+VLOOKUP('תפוקה מצטברת מול אשתקד'!A22,הפניקס!A:G,4,0)+VLOOKUP('תפוקה מצטברת מול אשתקד'!A22,כלל!A:G,4,0)+VLOOKUP('תפוקה מצטברת מול אשתקד'!A22,מור!A:G,4,0)+VLOOKUP('תפוקה מצטברת מול אשתקד'!A22,'אלטשולר שחם'!A:G,4,0)+VLOOKUP('תפוקה מצטברת מול אשתקד'!A22,'מדיהו '!A:G,4,0)+VLOOKUP('תפוקה מצטברת מול אשתקד'!A22,'אנליסט '!A:G,4,0)+VLOOKUP('תפוקה מצטברת מול אשתקד'!A22,'מיטב דש'!A:G,4,0)+VLOOKUP('תפוקה מצטברת מול אשתקד'!A22,אינפניטי!A:G,4,0) -> 499408.66 | I22: =VLOOKUP(A22,הכשרה!A:G,5,0)+VLOOKUP('תפוקה מצטברת מול אשתקד'!A22,מגדל!A:G,5,0)+VLOOKUP('תפוקה מצטברת מול אשתקד'!A22,מנורה!A:G,5,0)+VLOOKUP('תפוקה מצטברת מול אשתקד'!A22,איילון!A:G,5,0)+VLOOKUP('תפוקה מצטברת מול אשתקד'!A22,הראל!A:G,5,0)+VLOOKUP('תפוקה מצטברת מול אשתקד'!A22,הפניקס!A:G,5,0)+VLOOKUP('תפוקה מצטברת מול אשתקד'!A22,כלל!A:G,5,0)+VLOOKUP('תפוקה מצטברת מול אשתקד'!A22,מור!A:G,5,0)+VLOOKUP('תפוקה מצטברת מול אשתקד'!A22,'אלטשולר שחם'!A:G,5,0)+VLOOKUP('תפוקה מצטברת מול אשתקד'!A22,'מדיהו '!A:G,5,0)+VLOOKUP('תפוקה מצטברת מול אשתקד'!A22,'אנליסט '!A:G,5,0)+VLOOKUP('תפוקה מצטברת מול אשתקד'!A22,'מיטב דש'!A:G,5,0)+VLOOKUP('תפוקה מצטברת מול אשתקד'!A22,אינפניטי!A:G,5,0) -> 8735.7 | J22: =VLOOKUP(A22,הכשרה!A:G,6,0)+VLOOKUP('תפוקה מצטברת מול אשתקד'!A22,מגדל!A:G,6,0)+VLOOKUP('תפוקה מצטברת מול אשתקד'!A22,מנורה!A:G,6,0)+VLOOKUP('תפוקה מצטברת מול אשתקד'!A22,איילון!A:G,6,0)+VLOOKUP(A22,הראל!A:G,6,0)+VLOOKUP('תפוקה מצטברת מול אשתקד'!A22,הפניקס!A:G,6,0)+VLOOKUP('תפוקה מצטברת מול אשתקד'!A22,כלל!A:G,6,0)+VLOOKUP('תפוקה מצטברת מול אשתקד'!A22,מור!A:G,6,0)+VLOOKUP('תפוקה מצטברת מול אשתקד'!A22,'אלטשולר שחם'!A:G,6,0)+VLOOKUP('תפוקה מצטברת מול אשתקד'!A22,'מדיהו '!A:G,6,0)+VLOOKUP('תפוקה מצטברת מול אשתקד'!A22,'אנליסט '!A:G,6,0)+VLOOKUP('תפוקה מצטברת מול אשתקד'!A22,'מיטב דש'!A:G,6,0)+VLOOKUP('תפוקה מצטברת מול אשתקד'!A22,אינפניטי!A:G,6,0) -> 191577 | K22: =VLOOKUP(A22,הכשרה!A:G,7,0)+VLOOKUP('תפוקה מצטברת מול אשתקד'!A22,מגדל!A:G,7,0)+VLOOKUP('תפוקה מצטברת מול אשתקד'!A22,מנורה!A:G,7,0)+VLOOKUP('תפוקה מצטברת מול אשתקד'!A22,איילון!A:G,7,0)+VLOOKUP('תפוקה מצטברת מול אשתקד'!A22,הראל!A:G,7,0)+VLOOKUP('תפוקה מצטברת מול אשתקד'!A22,הפניקס!A:G,7,0)+VLOOKUP('תפוקה מצטברת מול אשתקד'!A22,כלל!A:G,7,0)+VLOOKUP('תפוקה מצטברת מול אשתקד'!A22,מור!A:G,7,0)+VLOOKUP('תפוקה מצטברת מול אשתקד'!A22,'אלטשולר שחם'!A:G,7,0)+VLOOKUP('תפוקה מצטברת מול אשתקד'!A22,'מדיהו '!A:K,7,0)+VLOOKUP(A22,'אנליסט '!A:G,7,0)+VLOOKUP('תפוקה מצטברת מול אשתקד'!A22,'מיטב דש'!A:G,7,0)+VLOOKUP('תפוקה מצטברת מול אשתקד'!A22,אינפניטי!A:G,7,0) -> 2339856.3 | L22: =VLOOKUP(A22,הכשרה!A:K,8,0)+VLOOKUP('תפוקה מצטברת מול אשתקד'!A22,מגדל!A:K,8,0)+VLOOKUP('תפוקה מצטברת מול אשתקד'!A22,מנורה!A:K,8,0)+VLOOKUP('תפוקה מצטברת מול אשתקד'!A22,איילון!A:K,8,0)+VLOOKUP('תפוקה מצטברת מול אשתקד'!A22,הראל!A:K,8,0)+VLOOKUP('תפוקה מצטברת מול אשתקד'!A22,הפניקס!A:K,8,0)+VLOOKUP('תפוקה מצטברת מול אשתקד'!A22,כלל!A:K,8,0)+VLOOKUP('תפוקה מצטברת מול אשתקד'!A22,מור!A:K,8,0)+VLOOKUP('תפוקה מצטברת מול אשתקד'!A22,'אלטשולר שחם'!A:K,8,0)+VLOOKUP('תפוקה מצטברת מול אשתקד'!A22,'מדיהו '!A:K,8,0)+VLOOKUP('תפוקה מצטברת מול אשתקד'!A22,'אנליסט '!A:K,8,0)+VLOOKUP('תפוקה מצטברת מול אשתקד'!A22,'מיטב דש'!A:K,8,0)+VLOOKUP('תפוקה מצטברת מול אשתקד'!A22,אינפניטי!A:K,8,0) -> 727618.48 | M22: =VLOOKUP(A22,הכשרה!A:K,9,0)+VLOOKUP('תפוקה מצטברת מול אשתקד'!A22,מגדל!A:K,9,0)+VLOOKUP('תפוקה מצטברת מול אשתקד'!A22,מנורה!A:K,9,0)+VLOOKUP('תפוקה מצטברת מול אשתקד'!A22,איילון!A:K,9,0)+VLOOKUP('תפוקה מצטברת מול אשתקד'!A22,הראל!A:K,9,0)+VLOOKUP('תפוקה מצטברת מול אשתקד'!A22,הפניקס!A:K,9,0)+VLOOKUP('תפוקה מצטברת מול אשתקד'!A22,כלל!A:K,9,0)+VLOOKUP('תפוקה מצטברת מול אשתקד'!A22,מור!A:K,9,0)+VLOOKUP('תפוקה מצטברת מול אשתקד'!A22,'אלטשולר שחם'!A:K,9,0)+VLOOKUP('תפוקה מצטברת מול אשתקד'!A22,'מדיהו '!A:K,9,0)+VLOOKUP('תפוקה מצטברת מול אשתקד'!A22,'אנליסט '!A:K,9,0)+VLOOKUP('תפוקה מצטברת מול אשתקד'!A22,'מיטב דש'!A:K,9,0)+VLOOKUP('תפוקה מצטברת מול אשתקד'!A22,אינפניטי!A:K,9,0) -> 90996.54 | N22: =VLOOKUP(A22,הכשרה!A:K,10,0)+VLOOKUP('תפוקה מצטברת מול אשתקד'!A22,מגדל!A:K,10,0)+VLOOKUP('תפוקה מצטברת מול אשתקד'!A22,מנורה!A:K,10,0)+VLOOKUP('תפוקה מצטברת מול אשתקד'!A22,איילון!A:K,10,0)+VLOOKUP('תפוקה מצטברת מול אשתקד'!A22,הראל!A:K,10,0)+VLOOKUP('תפוקה מצטברת מול אשתקד'!A22,הפניקס!A:K,10,0)+VLOOKUP('תפוקה מצטברת מול אשתקד'!A22,כלל!A:K,10,0)+VLOOKUP('תפוקה מצטברת מול אשתקד'!A22,מור!A:K,10,0)+VLOOKUP('תפוקה מצטברת מול אשתקד'!A22,'אלטשולר שחם'!A:K,10,0)+VLOOKUP('תפוקה מצטברת מול אשתקד'!A22,'מדיהו '!A:K,10,0)+VLOOKUP('תפוקה מצטברת מול אשתקד'!A22,'אנליסט '!A:K,10,0)+VLOOKUP('תפוקה מצטברת מול אשתקד'!A22,'מיטב דש'!A:K,10,0)+VLOOKUP('תפוקה מצטברת מול אשתקד'!A22,אינפניטי!A:K,10,0) -> 345528.89 | O22: =VLOOKUP(A22,הכשרה!A:K,11,0)+VLOOKUP('תפוקה מצטברת מול אשתקד'!A22,מגדל!A:K,11,0)+VLOOKUP('תפוקה מצטברת מול אשתקד'!A22,מנורה!A:K,11,0)+VLOOKUP('תפוקה מצטברת מול אשתקד'!A22,איילון!A:K,11,0)+VLOOKUP('תפוקה מצטברת מול אשתקד'!A22,הראל!A:K,11,0)+VLOOKUP('תפוקה מצטברת מול אשתקד'!A22,הפניקס!A:K,11,0)+VLOOKUP('תפוקה מצטברת מול אשתקד'!A22,כלל!A:K,11,0)+VLOOKUP('תפוקה מצטברת מול אשתקד'!A22,מור!A:K,11,0)+VLOOKUP('תפוקה מצטברת מול אשתקד'!A22,'אלטשולר שחם'!A:K,11,0)+VLOOKUP('תפוקה מצטברת מול אשתקד'!A22,'מדיהו '!A:K,11,0)+VLOOKUP('תפוקה מצטברת מול אשתקד'!A22,'אנליסט '!A:K,11,0)+VLOOKUP('תפוקה מצטברת מול אשתקד'!A22,'מיטב דש'!A:K,11,0)+VLOOKUP('תפוקה מצטברת מול אשתקד'!A22,אינפניטי!A:K,11,0) -> 2355449
A23: גרניק בנימין | B23: ערן גירוני | C23: סוכנים | D23: =IF(H23=0,0%,IF(L23=0,100%,H23/L23-1)) -> 0 | E23: =IF(I23=0,0%,IF(M23=0,100%,I23/M23-1)) -> 1 | F23: =IF(J23=0,0%,IF(N23=0,100%,J23/N23-1)) -> 0 | G23: =IF(K23=0,0%,IF(O23=H46,100%,K23/O23-1)) -> -0.97194936 | H23: =VLOOKUP(A23,הכשרה!A:G,4,0)+VLOOKUP('תפוקה מצטברת מול אשתקד'!A23,מגדל!A:G,4,0)+VLOOKUP('תפוקה מצטברת מול אשתקד'!A23,מנורה!A:G,4,0)+VLOOKUP('תפוקה מצטברת מול אשתקד'!A23,איילון!A:G,4,0)+VLOOKUP('תפוקה מצטברת מול אשתקד'!A23,הראל!A:G,4,0)+VLOOKUP('תפוקה מצטברת מול אשתקד'!A23,הפניקס!A:G,4,0)+VLOOKUP('תפוקה מצטברת מול אשתקד'!A23,כלל!A:G,4,0)+VLOOKUP('תפוקה מצטברת מול אשתקד'!A23,מור!A:G,4,0)+VLOOKUP('תפוקה מצטברת מול אשתקד'!A23,'אלטשולר שחם'!A:G,4,0)+VLOOKUP('תפוקה מצטברת מול אשתקד'!A23,'מדיהו '!A:G,4,0)+VLOOKUP('תפוקה מצטברת מול אשתקד'!A23,'אנליסט '!A:G,4,0)+VLOOKUP('תפוקה מצטברת מול אשתקד'!A23,'מיטב דש'!A:G,4,0)+VLOOKUP('תפוקה מצטברת מול אשתקד'!A23,אינפניטי!A:G,4,0) -> 0 | I23: =VLOOKUP(A23,הכשרה!A:G,5,0)+VLOOKUP('תפוקה מצטברת מול אשתקד'!A23,מגדל!A:G,5,0)+VLOOKUP('תפוקה מצטברת מול אשתקד'!A23,מנורה!A:G,5,0)+VLOOKUP('תפוקה מצטברת מול אשתקד'!A23,איילון!A:G,5,0)+VLOOKUP('תפוקה מצטברת מול אשתקד'!A23,הראל!A:G,5,0)+VLOOKUP('תפוקה מצטברת מול אשתקד'!A23,הפניקס!A:G,5,0)+VLOOKUP('תפוקה מצטברת מול אשתקד'!A23,כלל!A:G,5,0)+VLOOKUP('תפוקה מצטברת מול אשתקד'!A23,מור!A:G,5,0)+VLOOKUP('תפוקה מצטברת מול אשתקד'!A23,'אלטשולר שחם'!A:G,5,0)+VLOOKUP('תפוקה מצטברת מול אשתקד'!A23,'מדיהו '!A:G,5,0)+VLOOKUP('תפוקה מצטברת מול אשתקד'!A23,'אנליסט '!A:G,5,0)+VLOOKUP('תפוקה מצטברת מול אשתקד'!A23,'מיטב דש'!A:G,5,0)+VLOOKUP('תפוקה מצטברת מול אשתקד'!A23,אינפניטי!A:G,5,0) -> 3071.9443 | J23: =VLOOKUP(A23,הכשרה!A:G,6,0)+VLOOKUP('תפוקה מצטברת מול אשתקד'!A23,מגדל!A:G,6,0)+VLOOKUP('תפוקה מצטברת מול אשתקד'!A23,מנורה!A:G,6,0)+VLOOKUP('תפוקה מצטברת מול אשתקד'!A23,איילון!A:G,6,0)+VLOOKUP(A23,הראל!A:G,6,0)+VLOOKUP('תפוקה מצטברת מול אשתקד'!A23,הפניקס!A:G,6,0)+VLOOKUP('תפוקה מצטברת מול אשתקד'!A23,כלל!A:G,6,0)+VLOOKUP('תפוקה מצטברת מול אשתקד'!A23,מור!A:G,6,0)+VLOOKUP('תפוקה מצטברת מול אשתקד'!A23,'אלטשולר שחם'!A:G,6,0)+VLOOKUP('תפוקה מצטברת מול אשתקד'!A23,'מדיהו '!A:G,6,0)+VLOOKUP('תפוקה מצטברת מול אשתקד'!A23,'אנליסט '!A:G,6,0)+VLOOKUP('תפוקה מצטברת מול אשתקד'!A23,'מיטב דש'!A:G,6,0)+VLOOKUP('תפוקה מצטברת מול אשתקד'!A23,אינפניטי!A:G,6,0) -> 0 | K23: =VLOOKUP(A23,הכשרה!A:G,7,0)+VLOOKUP('תפוקה מצטברת מול אשתקד'!A23,מגדל!A:G,7,0)+VLOOKUP('תפוקה מצטברת מול אשתקד'!A23,מנורה!A:G,7,0)+VLOOKUP('תפוקה מצטברת מול אשתקד'!A23,איילון!A:G,7,0)+VLOOKUP('תפוקה מצטברת מול אשתקד'!A23,הראל!A:G,7,0)+VLOOKUP('תפוקה מצטברת מול אשתקד'!A23,הפניקס!A:G,7,0)+VLOOKUP('תפוקה מצטברת מול אשתקד'!A23,כלל!A:G,7,0)+VLOOKUP('תפוקה מצטברת מול אשתקד'!A23,מור!A:G,7,0)+VLOOKUP('תפוקה מצטברת מול אשתקד'!A23,'אלטשולר שחם'!A:G,7,0)+VLOOKUP('תפוקה מצטברת מול אשתקד'!A23,'מדיהו '!A:K,7,0)+VLOOKUP(A23,'אנליסט '!A:G,7,0)+VLOOKUP('תפוקה מצטברת מול אשתקד'!A23,'מיטב דש'!A:G,7,0)+VLOOKUP('תפוקה מצטברת מול אשתקד'!A23,אינפניטי!A:G,7,0) -> -11711.17 | L23: =VLOOKUP(A23,הכשרה!A:K,8,0)+VLOOKUP('תפוקה מצטברת מול אשתקד'!A23,מגדל!A:K,8,0)+VLOOKUP('תפוקה מצטברת מול אשתקד'!A23,מנורה!A:K,8,0)+VLOOKUP('תפוקה מצטברת מול אשתקד'!A23,איילון!A:K,8,0)+VLOOKUP('תפוקה מצטברת מול אשתקד'!A23,הראל!A:K,8,0)+VLOOKUP('תפוקה מצטברת מול אשתקד'!A23,הפניקס!A:K,8,0)+VLOOKUP('תפוקה מצטברת מול אשתקד'!A23,כלל!A:K,8,0)+VLOOKUP('תפוקה מצטברת מול אשתקד'!A23,מור!A:K,8,0)+VLOOKUP('תפוקה מצטברת מול אשתקד'!A23,'אלטשולר שחם'!A:K,8,0)+VLOOKUP('תפוקה מצטברת מול אשתקד'!A23,'מדיהו '!A:K,8,0)+VLOOKUP('תפוקה מצטברת מול אשתקד'!A23,'אנליסט '!A:K,8,0)+VLOOKUP('תפוקה מצטברת מול אשתקד'!A23,'מיטב דש'!A:K,8,0)+VLOOKUP('תפוקה מצטברת מול אשתקד'!A23,אינפניטי!A:K,8,0) -> 13822.039 | M23: =VLOOKUP(A23,הכשרה!A:K,9,0)+VLOOKUP('תפוקה מצטברת מול אשתקד'!A23,מגדל!A:K,9,0)+VLOOKUP('תפוקה מצטברת מול אשתקד'!A23,מנורה!A:K,9,0)+VLOOKUP('תפוקה מצטברת מול אשתקד'!A23,איילון!A:K,9,0)+VLOOKUP('תפוקה מצטברת מול אשתקד'!A23,הראל!A:K,9,0)+VLOOKUP('תפוקה מצטברת מול אשתקד'!A23,הפניקס!A:K,9,0)+VLOOKUP('תפוקה מצטברת מול אשתקד'!A23,כלל!A:K,9,0)+VLOOKUP('תפוקה מצטברת מול אשתקד'!A23,מור!A:K,9,0)+VLOOKUP('תפוקה מצטברת מול אשתקד'!A23,'אלטשולר שחם'!A:K,9,0)+VLOOKUP('תפוקה מצטברת מול אשתקד'!A23,'מדיהו '!A:K,9,0)+VLOOKUP('תפוקה מצטברת מול אשתקד'!A23,'אנליסט '!A:K,9,0)+VLOOKUP('תפוקה מצטברת מול אשתקד'!A23,'מיטב דש'!A:K,9,0)+VLOOKUP('תפוקה מצטברת מול אשתקד'!A23,אינפניטי!A:K,9,0) -> 0 | N23: =VLOOKUP(A23,הכשרה!A:K,10,0)+VLOOKUP('תפוקה מצטברת מול אשתקד'!A23,מגדל!A:K,10,0)+VLOOKUP('תפוקה מצטברת מול אשתקד'!A23,מנורה!A:K,10,0)+VLOOKUP('תפוקה מצטברת מול אשתקד'!A23,איילון!A:K,10,0)+VLOOKUP('תפוקה מצטברת מול אשתקד'!A23,הראל!A:K,10,0)+VLOOKUP('תפוקה מצטברת מול אשתקד'!A23,הפניקס!A:K,10,0)+VLOOKUP('תפוקה מצטברת מול אשתקד'!A23,כלל!A:K,10,0)+VLOOKUP('תפוקה מצטברת מול אשתקד'!A23,מור!A:K,10,0)+VLOOKUP('תפוקה מצטברת מול אשתקד'!A23,'אלטשולר שחם'!A:K,10,0)+VLOOKUP('תפוקה מצטברת מול אשתקד'!A23,'מדיהו '!A:K,10,0)+VLOOKUP('תפוקה מצטברת מול אשתקד'!A23,'אנליסט '!A:K,10,0)+VLOOKUP('תפוקה מצטברת מול אשתקד'!A23,'מיטב דש'!A:K,10,0)+VLOOKUP('תפוקה מצטברת מול אשתקד'!A23,אינפניטי!A:K,10,0) -> 0 | O23: =VLOOKUP(A23,הכשרה!A:K,11,0)+VLOOKUP('תפוקה מצטברת מול אשתקד'!A23,מגדל!A:K,11,0)+VLOOKUP('תפוקה מצטברת מול אשתקד'!A23,מנורה!A:K,11,0)+VLOOKUP('תפוקה מצטברת מול אשתקד'!A23,איילון!A:K,11,0)+VLOOKUP('תפוקה מצטברת מול אשתקד'!A23,הראל!A:K,11,0)+VLOOKUP('תפוקה מצטברת מול אשתקד'!A23,הפניקס!A:K,11,0)+VLOOKUP('תפוקה מצטברת מול אשתקד'!A23,כלל!A:K,11,0)+VLOOKUP('תפוקה מצטברת מול אשתקד'!A23,מור!A:K,11,0)+VLOOKUP('תפוקה מצטברת מול אשתקד'!A23,'אלטשולר שחם'!A:K,11,0)+VLOOKUP('תפוקה מצטברת מול אשתקד'!A23,'מדיהו '!A:K,11,0)+VLOOKUP('תפוקה מצטברת מול אשתקד'!A23,'אנליסט '!A:K,11,0)+VLOOKUP('תפוקה מצטברת מול אשתקד'!A23,'מיטב דש'!A:K,11,0)+VLOOKUP('תפוקה מצטברת מול אשתקד'!A23,אינפניטי!A:K,11,0) -> -417500.99
A24: סאוסן שלבי | B24: ערן גירוני | C24: סוכנים | D24: =IF(H24=0,0%,IF(L24=0,100%,H24/L24-1)) -> 0.75620746 | E24: =IF(I24=0,0%,IF(M24=0,100%,I24/M24-1)) -> -0.22391317 | F24: =IF(J24=0,0%,IF(N24=0,100%,J24/N24-1)) -> 0 | G24: =IF(K24=0,0%,IF(O24=H47,100%,K24/O24-1)) -> 0 | H24: =VLOOKUP(A24,הכשרה!A:G,4,0)+VLOOKUP('תפוקה מצטברת מול אשתקד'!A24,מגדל!A:G,4,0)+VLOOKUP('תפוקה מצטברת מול אשתקד'!A24,מנורה!A:G,4,0)+VLOOKUP('תפוקה מצטברת מול אשתקד'!A24,איילון!A:G,4,0)+VLOOKUP('תפוקה מצטברת מול אשתקד'!A24,הראל!A:G,4,0)+VLOOKUP('תפוקה מצטברת מול אשתקד'!A24,הפניקס!A:G,4,0)+VLOOKUP('תפוקה מצטברת מול אשתקד'!A24,כלל!A:G,4,0)+VLOOKUP('תפוקה מצטברת מול אשתקד'!A24,מור!A:G,4,0)+VLOOKUP('תפוקה מצטברת מול אשתקד'!A24,'אלטשולר שחם'!A:G,4,0)+VLOOKUP('תפוקה מצטברת מול אשתקד'!A24,'מדיהו '!A:G,4,0)+VLOOKUP('תפוקה מצטברת מול אשתקד'!A24,'אנליסט '!A:G,4,0)+VLOOKUP('תפוקה מצטברת מול אשתקד'!A24,'מיטב דש'!A:G,4,0)+VLOOKUP('תפוקה מצטברת מול אשתקד'!A24,אינפניטי!A:G,4,0) -> 13040.01 | I24: =VLOOKUP(A24,הכשרה!A:G,5,0)+VLOOKUP('תפוקה מצטברת מול אשתקד'!A24,מגדל!A:G,5,0)+VLOOKUP('תפוקה מצטברת מול אשתקד'!A24,מנורה!A:G,5,0)+VLOOKUP('תפוקה מצטברת מול אשתקד'!A24,איילון!A:G,5,0)+VLOOKUP('תפוקה מצטברת מול אשתקד'!A24,הראל!A:G,5,0)+VLOOKUP('תפוקה מצטברת מול אשתקד'!A24,הפניקס!A:G,5,0)+VLOOKUP('תפוקה מצטברת מול אשתקד'!A24,כלל!A:G,5,0)+VLOOKUP('תפוקה מצטברת מול אשתקד'!A24,מור!A:G,5,0)+VLOOKUP('תפוקה מצטברת מול אשתקד'!A24,'אלטשולר שחם'!A:G,5,0)+VLOOKUP('תפוקה מצטברת מול אשתקד'!A24,'מדיהו '!A:G,5,0)+VLOOKUP('תפוקה מצטברת מול אשתקד'!A24,'אנליסט '!A:G,5,0)+VLOOKUP('תפוקה מצטברת מול אשתקד'!A24,'מיטב דש'!A:G,5,0)+VLOOKUP('תפוקה מצטברת מול אשתקד'!A24,אינפניטי!A:G,5,0) -> 8307.082 | J24: =VLOOKUP(A24,הכשרה!A:G,6,0)+VLOOKUP('תפוקה מצטברת מול אשתקד'!A24,מגדל!A:G,6,0)+VLOOKUP('תפוקה מצטברת מול אשתקד'!A24,מנורה!A:G,6,0)+VLOOKUP('תפוקה מצטברת מול אשתקד'!A24,איילון!A:G,6,0)+VLOOKUP(A24,הראל!A:G,6,0)+VLOOKUP('תפוקה מצטברת מול אשתקד'!A24,הפניקס!A:G,6,0)+VLOOKUP('תפוקה מצטברת מול אשתקד'!A24,כלל!A:G,6,0)+VLOOKUP('תפוקה מצטברת מול אשתקד'!A24,מור!A:G,6,0)+VLOOKUP('תפוקה מצטברת מול אשתקד'!A24,'אלטשולר שחם'!A:G,6,0)+VLOOKUP('תפוקה מצטברת מול אשתקד'!A24,'מדיהו '!A:G,6,0)+VLOOKUP('תפוקה מצטברת מול אשתקד'!A24,'אנליסט '!A:G,6,0)+VLOOKUP('תפוקה מצטברת מול אשתקד'!A24,'מיטב דש'!A:G,6,0)+VLOOKUP('תפוקה מצטברת מול אשתקד'!A24,אינפניטי!A:G,6,0) -> 0 | K24: =VLOOKUP(A24,הכשרה!A:G,7,0)+VLOOKUP('תפוקה מצטברת מול אשתקד'!A24,מגדל!A:G,7,0)+VLOOKUP('תפוקה מצטברת מול אשתקד'!A24,מנורה!A:G,7,0)+VLOOKUP('תפוקה מצטברת מול אשתקד'!A24,איילון!A:G,7,0)+VLOOKUP('תפוקה מצטברת מול אשתקד'!A24,הראל!A:G,7,0)+VLOOKUP('תפוקה מצטברת מול אשתקד'!A24,הפניקס!A:G,7,0)+VLOOKUP('תפוקה מצטברת מול אשתקד'!A24,כלל!A:G,7,0)+VLOOKUP('תפוקה מצטברת מול אשתקד'!A24,מור!A:G,7,0)+VLOOKUP('תפוקה מצטברת מול אשתקד'!A24,'אלטשולר שחם'!A:G,7,0)+VLOOKUP('תפוקה מצטברת מול אשתקד'!A24,'מדיהו '!A:K,7,0)+VLOOKUP(A24,'אנליסט '!A:G,7,0)+VLOOKUP('תפוקה מצטברת מול אשתקד'!A24,'מיטב דש'!A:G,7,0)+VLOOKUP('תפוקה מצטברת מול אשתקד'!A24,אינפניטי!A:G,7,0) -> 0 | L24: =VLOOKUP(A24,הכשרה!A:K,8,0)+VLOOKUP('תפוקה מצטברת מול אשתקד'!A24,מגדל!A:K,8,0)+VLOOKUP('תפוקה מצטברת מול אשתקד'!A24,מנורה!A:K,8,0)+VLOOKUP('תפוקה מצטברת מול אשתקד'!A24,איילון!A:K,8,0)+VLOOKUP('תפוקה מצטברת מול אשתקד'!A24,הראל!A:K,8,0)+VLOOKUP('תפוקה מצטברת מול אשתקד'!A24,הפניקס!A:K,8,0)+VLOOKUP('תפוקה מצטברת מול אשתקד'!A24,כלל!A:K,8,0)+VLOOKUP('תפוקה מצטברת מול אשתקד'!A24,מור!A:K,8,0)+VLOOKUP('תפוקה מצטברת מול אשתקד'!A24,'אלטשולר שחם'!A:K,8,0)+VLOOKUP('תפוקה מצטברת מול אשתקד'!A24,'מדיהו '!A:K,8,0)+VLOOKUP('תפוקה מצטברת מול אשתקד'!A24,'אנליסט '!A:K,8,0)+VLOOKUP('תפוקה מצטברת מול אשתקד'!A24,'מיטב דש'!A:K,8,0)+VLOOKUP('תפוקה מצטברת מול אשתקד'!A24,אינפניטי!A:K,8,0) -> 7425.0965 | M24: =VLOOKUP(A24,הכשרה!A:K,9,0)+VLOOKUP('תפוקה מצטברת מול אשתקד'!A24,מגדל!A:K,9,0)+VLOOKUP('תפוקה מצטברת מול אשתקד'!A24,מנורה!A:K,9,0)+VLOOKUP('תפוקה מצטברת מול אשתקד'!A24,איילון!A:K,9,0)+VLOOKUP('תפוקה מצטברת מול אשתקד'!A24,הראל!A:K,9,0)+VLOOKUP('תפוקה מצטברת מול אשתקד'!A24,הפניקס!A:K,9,0)+VLOOKUP('תפוקה מצטברת מול אשתקד'!A24,כלל!A:K,9,0)+VLOOKUP('תפוקה מצטברת מול אשתקד'!A24,מור!A:K,9,0)+VLOOKUP('תפוקה מצטברת מול אשתקד'!A24,'אלטשולר שחם'!A:K,9,0)+VLOOKUP('תפוקה מצטברת מול אשתקד'!A24,'מדיהו '!A:K,9,0)+VLOOKUP('תפוקה מצטברת מול אשתקד'!A24,'אנליסט '!A:K,9,0)+VLOOKUP('תפוקה מצטברת מול אשתקד'!A24,'מיטב דש'!A:K,9,0)+VLOOKUP('תפוקה מצטברת מול אשתקד'!A24,אינפניטי!A:K,9,0) -> 10703.805 | N24: =VLOOKUP(A24,הכשרה!A:K,10,0)+VLOOKUP('תפוקה מצטברת מול אשתקד'!A24,מגדל!A:K,10,0)+VLOOKUP('תפוקה מצטברת מול אשתקד'!A24,מנורה!A:K,10,0)+VLOOKUP('תפוקה מצטברת מול אשתקד'!A24,איילון!A:K,10,0)+VLOOKUP('תפוקה מצטברת מול אשתקד'!A24,הראל!A:K,10,0)+VLOOKUP('תפוקה מצטברת מול אשתקד'!A24,הפניקס!A:K,10,0)+VLOOKUP('תפוקה מצטברת מול אשתקד'!A24,כלל!A:K,10,0)+VLOOKUP('תפוקה מצטברת מול אשתקד'!A24,מור!A:K,10,0)+VLOOKUP('תפוקה מצטברת מול אשתקד'!A24,'אלטשולר שחם'!A:K,10,0)+VLOOKUP('תפוקה מצטברת מול אשתקד'!A24,'מדיהו '!A:K,10,0)+VLOOKUP('תפוקה מצטברת מול אשתקד'!A24,'אנליסט '!A:K,10,0)+VLOOKUP('תפוקה מצטברת מול אשתקד'!A24,'מיטב דש'!A:K,10,0)+VLOOKUP('תפוקה מצטברת מול אשתקד'!A24,אינפניטי!A:K,10,0) -> 12079.477 | O24: =VLOOKUP(A24,הכשרה!A:K,11,0)+VLOOKUP('תפוקה מצטברת מול אשתקד'!A24,מגדל!A:K,11,0)+VLOOKUP('תפוקה מצטברת מול אשתקד'!A24,מנורה!A:K,11,0)+VLOOKUP('תפוקה מצטברת מול אשתקד'!A24,איילון!A:K,11,0)+VLOOKUP('תפוקה מצטברת מול אשתקד'!A24,הראל!A:K,11,0)+VLOOKUP('תפוקה מצטברת מול אשתקד'!A24,הפניקס!A:K,11,0)+VLOOKUP('תפוקה מצטברת מול אשתקד'!A24,כלל!A:K,11,0)+VLOOKUP('תפוקה מצטברת מול אשתקד'!A24,מור!A:K,11,0)+VLOOKUP('תפוקה מצטברת מול אשתקד'!A24,'אלטשולר שחם'!A:K,11,0)+VLOOKUP('תפוקה מצטברת מול אשתקד'!A24,'מדיהו '!A:K,11,0)+VLOOKUP('תפוקה מצטברת מול אשתקד'!A24,'אנליסט '!A:K,11,0)+VLOOKUP('תפוקה מצטברת מול אשתקד'!A24,'מיטב דש'!A:K,11,0)+VLOOKUP('תפוקה מצטברת מול אשתקד'!A24,אינפניטי!A:K,11,0) -> -2249.41
A25: סברא סמיר | B25: ערן גירוני | C25: סוכנים | D25: =IF(H25=0,0%,IF(L25=0,100%,H25/L25-1)) -> 1.6907962 | E25: =IF(I25=0,0%,IF(M25=0,100%,I25/M25-1)) -> 0.15924401 | F25: =IF(J25=0,0%,IF(N25=0,100%,J25/N25-1)) -> -0.28031945 | G25: =IF(K25=0,0%,IF(O25=H48,100%,K25/O25-1)) -> 0.067194908 | H25: =VLOOKUP(A25,הכשרה!A:G,4,0)+VLOOKUP('תפוקה מצטברת מול אשתקד'!A25,מגדל!A:G,4,0)+VLOOKUP('תפוקה מצטברת מול אשתקד'!A25,מנורה!A:G,4,0)+VLOOKUP('תפוקה מצטברת מול אשתקד'!A25,איילון!A:G,4,0)+VLOOKUP('תפוקה מצטברת מול אשתקד'!A25,הראל!A:G,4,0)+VLOOKUP('תפוקה מצטברת מול אשתקד'!A25,הפניקס!A:G,4,0)+VLOOKUP('תפוקה מצטברת מול אשתקד'!A25,כלל!A:G,4,0)+VLOOKUP('תפוקה מצטברת מול אשתקד'!A25,מור!A:G,4,0)+VLOOKUP('תפוקה מצטברת מול אשתקד'!A25,'אלטשולר שחם'!A:G,4,0)+VLOOKUP('תפוקה מצטברת מול אשתקד'!A25,'מדיהו '!A:G,4,0)+VLOOKUP('תפוקה מצטברת מול אשתקד'!A25,'אנליסט '!A:G,4,0)+VLOOKUP('תפוקה מצטברת מול אשתקד'!A25,'מיטב דש'!A:G,4,0)+VLOOKUP('תפוקה מצטברת מול אשתקד'!A25,אינפניטי!A:G,4,0) -> 747768.75 | I25: =VLOOKUP(A25,הכשרה!A:G,5,0)+VLOOKUP('תפוקה מצטברת מול אשתקד'!A25,מגדל!A:G,5,0)+VLOOKUP('תפוקה מצטברת מול אשתקד'!A25,מנורה!A:G,5,0)+VLOOKUP('תפוקה מצטברת מול אשתקד'!A25,איילון!A:G,5,0)+VLOOKUP('תפוקה מצטברת מול אשתקד'!A25,הראל!A:G,5,0)+VLOOKUP('תפוקה מצטברת מול אשתקד'!A25,הפניקס!A:G,5,0)+VLOOKUP('תפוקה מצטברת מול אשתקד'!A25,כלל!A:G,5,0)+VLOOKUP('תפוקה מצטברת מול אשתקד'!A25,מור!A:G,5,0)+VLOOKUP('תפוקה מצטברת מול אשתקד'!A25,'אלטשולר שחם'!A:G,5,0)+VLOOKUP('תפוקה מצטברת מול אשתקד'!A25,'מדיהו '!A:G,5,0)+VLOOKUP('תפוקה מצטברת מול אשתקד'!A25,'אנליסט '!A:G,5,0)+VLOOKUP('תפוקה מצטברת מול אשתקד'!A25,'מיטב דש'!A:G,5,0)+VLOOKUP('תפוקה מצטברת מול אשתקד'!A25,אינפניטי!A:G,5,0) -> 76160.239 | J25: =VLOOKUP(A25,הכשרה!A:G,6,0)+VLOOKUP('תפוקה מצטברת מול אשתקד'!A25,מגדל!A:G,6,0)+VLOOKUP('תפוקה מצטברת מול אשתקד'!A25,מנורה!A:G,6,0)+VLOOKUP('תפוקה מצטברת מול אשתקד'!A25,איילון!A:G,6,0)+VLOOKUP(A25,הראל!A:G,6,0)+VLOOKUP('תפוקה מצטברת מול אשתקד'!A25,הפניקס!A:G,6,0)+VLOOKUP('תפוקה מצטברת מול אשתקד'!A25,כלל!A:G,6,0)+VLOOKUP('תפוקה מצטברת מול אשתקד'!A25,מור!A:G,6,0)+VLOOKUP('תפוקה מצטברת מול אשתקד'!A25,'אלטשולר שחם'!A:G,6,0)+VLOOKUP('תפוקה מצטברת מול אשתקד'!A25,'מדיהו '!A:G,6,0)+VLOOKUP('תפוקה מצטברת מול אשתקד'!A25,'אנליסט '!A:G,6,0)+VLOOKUP('תפוקה מצטברת מול אשתקד'!A25,'מיטב דש'!A:G,6,0)+VLOOKUP('תפוקה מצטברת מול אשתקד'!A25,אינפניטי!A:G,6,0) -> 339729.2 | K25: =VLOOKUP(A25,הכשרה!A:G,7,0)+VLOOKUP('תפוקה מצטברת מול אשתקד'!A25,מגדל!A:G,7,0)+VLOOKUP('תפוקה מצטברת מול אשתקד'!A25,מנורה!A:G,7,0)+VLOOKUP('תפוקה מצטברת מול אשתקד'!A25,איילון!A:G,7,0)+VLOOKUP('תפוקה מצטברת מול אשתקד'!A25,הראל!A:G,7,0)+VLOOKUP('תפוקה מצטברת מול אשתקד'!A25,הפניקס!A:G,7,0)+VLOOKUP('תפוקה מצטברת מול אשתקד'!A25,כלל!A:G,7,0)+VLOOKUP('תפוקה מצטברת מול אשתקד'!A25,מור!A:G,7,0)+VLOOKUP('תפוקה מצטברת מול אשתקד'!A25,'אלטשולר שחם'!A:G,7,0)+VLOOKUP('תפוקה מצטברת מול אשתקד'!A25,'מדיהו '!A:K,7,0)+VLOOKUP(A25,'אנליסט '!A:G,7,0)+VLOOKUP('תפוקה מצטברת מול אשתקד'!A25,'מיטב דש'!A:G,7,0)+VLOOKUP('תפוקה מצטברת מול אשתקד'!A25,אינפניטי!A:G,7,0) -> 584234.07 | L25: =VLOOKUP(A25,הכשרה!A:K,8,0)+VLOOKUP('תפוקה מצטברת מול אשתקד'!A25,מגדל!A:K,8,0)+VLOOKUP('תפוקה מצטברת מול אשתקד'!A25,מנורה!A:K,8,0)+VLOOKUP('תפוקה מצטברת מול אשתקד'!A25,איילון!A:K,8,0)+VLOOKUP('תפוקה מצטברת מול אשתקד'!A25,הראל!A:K,8,0)+VLOOKUP('תפוקה מצטברת מול אשתקד'!A25,הפניקס!A:K,8,0)+VLOOKUP('תפוקה מצטברת מול אשתקד'!A25,כלל!A:K,8,0)+VLOOKUP('תפוקה מצטברת מול אשתקד'!A25,מור!A:K,8,0)+VLOOKUP('תפוקה מצטברת מול אשתקד'!A25,'אלטשולר שחם'!A:K,8,0)+VLOOKUP('תפוקה מצטברת מול אשתקד'!A25,'מדיהו '!A:K,8,0)+VLOOKUP('תפוקה מצטברת מול אשתקד'!A25,'אנליסט '!A:K,8,0)+VLOOKUP('תפוקה מצטברת מול אשתקד'!A25,'מיטב דש'!A:K,8,0)+VLOOKUP('תפוקה מצטברת מול אשתקד'!A25,אינפניטי!A:K,8,0) -> 277898.69 | M25: =VLOOKUP(A25,הכשרה!A:K,9,0)+VLOOKUP('תפוקה מצטברת מול אשתקד'!A25,מגדל!A:K,9,0)+VLOOKUP('תפוקה מצטברת מול אשתקד'!A25,מנורה!A:K,9,0)+VLOOKUP('תפוקה מצטברת מול אשתקד'!A25,איילון!A:K,9,0)+VLOOKUP('תפוקה מצטברת מול אשתקד'!A25,הראל!A:K,9,0)+VLOOKUP('תפוקה מצטברת מול אשתקד'!A25,הפניקס!A:K,9,0)+VLOOKUP('תפוקה מצטברת מול אשתקד'!A25,כלל!A:K,9,0)+VLOOKUP('תפוקה מצטברת מול אשתקד'!A25,מור!A:K,9,0)+VLOOKUP('תפוקה מצטברת מול אשתקד'!A25,'אלטשולר שחם'!A:K,9,0)+VLOOKUP('תפוקה מצטברת מול אשתקד'!A25,'מדיהו '!A:K,9,0)+VLOOKUP('תפוקה מצטברת מול אשתקד'!A25,'אנליסט '!A:K,9,0)+VLOOKUP('תפוקה מצטברת מול אשתקד'!A25,'מיטב דש'!A:K,9,0)+VLOOKUP('תפוקה מצטברת מול אשתקד'!A25,אינפניטי!A:K,9,0) -> 65698.195 | N25: =VLOOKUP(A25,הכשרה!A:K,10,0)+VLOOKUP('תפוקה מצטברת מול אשתקד'!A25,מגדל!A:K,10,0)+VLOOKUP('תפוקה מצטברת מול אשתקד'!A25,מנורה!A:K,10,0)+VLOOKUP('תפוקה מצטברת מול אשתקד'!A25,איילון!A:K,10,0)+VLOOKUP('תפוקה מצטברת מול אשתקד'!A25,הראל!A:K,10,0)+VLOOKUP('תפוקה מצטברת מול אשתקד'!A25,הפניקס!A:K,10,0)+VLOOKUP('תפוקה מצטברת מול אשתקד'!A25,כלל!A:K,10,0)+VLOOKUP('תפוקה מצטברת מול אשתקד'!A25,מור!A:K,10,0)+VLOOKUP('תפוקה מצטברת מול אשתקד'!A25,'אלטשולר שחם'!A:K,10,0)+VLOOKUP('תפוקה מצטברת מול אשתקד'!A25,'מדיהו '!A:K,10,0)+VLOOKUP('תפוקה מצטברת מול אשתקד'!A25,'אנליסט '!A:K,10,0)+VLOOKUP('תפוקה מצטברת מול אשתקד'!A25,'מיטב דש'!A:K,10,0)+VLOOKUP('תפוקה מצטברת מול אשתקד'!A25,אינפניטי!A:K,10,0) -> 472055.56 | O25: =VLOOKUP(A25,הכשרה!A:K,11,0)+VLOOKUP('תפוקה מצטברת מול אשתקד'!A25,מגדל!A:K,11,0)+VLOOKUP('תפוקה מצטברת מול אשתקד'!A25,מנורה!A:K,11,0)+VLOOKUP('תפוקה מצטברת מול אשתקד'!A25,איילון!A:K,11,0)+VLOOKUP('תפוקה מצטברת מול אשתקד'!A25,הראל!A:K,11,0)+VLOOKUP('תפוקה מצטברת מול אשתקד'!A25,הפניקס!A:K,11,0)+VLOOKUP('תפוקה מצטברת מול אשתקד'!A25,כלל!A:K,11,0)+VLOOKUP('תפוקה מצטברת מול אשתקד'!A25,מור!A:K,11,0)+VLOOKUP('תפוקה מצטברת מול אשתקד'!A25,'אלטשולר שחם'!A:K,11,0)+VLOOKUP('תפוקה מצטברת מול אשתקד'!A25,'מדיהו '!A:K,11,0)+VLOOKUP('תפוקה מצטברת מול אשתקד'!A25,'אנליסט '!A:K,11,0)+VLOOKUP('תפוקה מצטברת מול אשתקד'!A25,'מיטב דש'!A:K,11,0)+VLOOKUP('תפוקה מצטברת מול אשתקד'!A25,אינפניטי!A:K,11,0) -> 547448.33
A26: ריזק חלבי | B26: ערן גירוני | C26: סוכנים | D26: =IF(H26=0,0%,IF(L26=0,100%,H26/L26-1)) -> -0.41840561 | E26: =IF(I26=0,0%,IF(M26=0,100%,I26/M26-1)) -> 0.53864855 | F26: =IF(J26=0,0%,IF(N26=0,100%,J26/N26-1)) -> 14.309718 | G26: =IF(K26=0,0%,IF(O26=H49,100%,K26/O26-1)) -> 0.48818731 | H26: =VLOOKUP(A26,הכשרה!A:G,4,0)+VLOOKUP('תפוקה מצטברת מול אשתקד'!A26,מגדל!A:G,4,0)+VLOOKUP('תפוקה מצטברת מול אשתקד'!A26,מנורה!A:G,4,0)+VLOOKUP('תפוקה מצטברת מול אשתקד'!A26,איילון!A:G,4,0)+VLOOKUP('תפוקה מצטברת מול אשתקד'!A26,הראל!A:G,4,0)+VLOOKUP('תפוקה מצטברת מול אשתקד'!A26,הפניקס!A:G,4,0)+VLOOKUP('תפוקה מצטברת מול אשתקד'!A26,כלל!A:G,4,0)+VLOOKUP('תפוקה מצטברת מול אשתקד'!A26,מור!A:G,4,0)+VLOOKUP('תפוקה מצטברת מול אשתקד'!A26,'אלטשולר שחם'!A:G,4,0)+VLOOKUP('תפוקה מצטברת מול אשתקד'!A26,'מדיהו '!A:G,4,0)+VLOOKUP('תפוקה מצטברת מול אשתקד'!A26,'אנליסט '!A:G,4,0)+VLOOKUP('תפוקה מצטברת מול אשתקד'!A26,'מיטב דש'!A:G,4,0)+VLOOKUP('תפוקה מצטברת מול אשתקד'!A26,אינפניטי!A:G,4,0) -> 45989.428 | I26: =VLOOKUP(A26,הכשרה!A:G,5,0)+VLOOKUP('תפוקה מצטברת מול אשתקד'!A26,מגדל!A:G,5,0)+VLOOKUP('תפוקה מצטברת מול אשתקד'!A26,מנורה!A:G,5,0)+VLOOKUP('תפוקה מצטברת מול אשתקד'!A26,איילון!A:G,5,0)+VLOOKUP('תפוקה מצטברת מול אשתקד'!A26,הראל!A:G,5,0)+VLOOKUP('תפוקה מצטברת מול אשתקד'!A26,הפניקס!A:G,5,0)+VLOOKUP('תפוקה מצטברת מול אשתקד'!A26,כלל!A:G,5,0)+VLOOKUP('תפוקה מצטברת מול אשתקד'!A26,מור!A:G,5,0)+VLOOKUP('תפוקה מצטברת מול אשתקד'!A26,'אלטשולר שחם'!A:G,5,0)+VLOOKUP('תפוקה מצטברת מול אשתקד'!A26,'מדיהו '!A:G,5,0)+VLOOKUP('תפוקה מצטברת מול אשתקד'!A26,'אנליסט '!A:G,5,0)+VLOOKUP('תפוקה מצטברת מול אשתקד'!A26,'מיטב דש'!A:G,5,0)+VLOOKUP('תפוקה מצטברת מול אשתקד'!A26,אינפניטי!A:G,5,0) -> 57228.709 | J26: =VLOOKUP(A26,הכשרה!A:G,6,0)+VLOOKUP('תפוקה מצטברת מול אשתקד'!A26,מגדל!A:G,6,0)+VLOOKUP('תפוקה מצטברת מול אשתקד'!A26,מנורה!A:G,6,0)+VLOOKUP('תפוקה מצטברת מול אשתקד'!A26,איילון!A:G,6,0)+VLOOKUP(A26,הראל!A:G,6,0)+VLOOKUP('תפוקה מצטברת מול אשתקד'!A26,הפניקס!A:G,6,0)+VLOOKUP('תפוקה מצטברת מול אשתקד'!A26,כלל!A:G,6,0)+VLOOKUP('תפוקה מצטברת מול אשתקד'!A26,מור!A:G,6,0)+VLOOKUP('תפוקה מצטברת מול אשתקד'!A26,'אלטשולר שחם'!A:G,6,0)+VLOOKUP('תפוקה מצטברת מול אשתקד'!A26,'מדיהו '!A:G,6,0)+VLOOKUP('תפוקה מצטברת מול אשתקד'!A26,'אנליסט '!A:G,6,0)+VLOOKUP('תפוקה מצטברת מול אשתקד'!A26,'מיטב דש'!A:G,6,0)+VLOOKUP('תפוקה מצטברת מול אשתקד'!A26,אינפניטי!A:G,6,0) -> 100000 | K26: =VLOOKUP(A26,הכשרה!A:G,7,0)+VLOOKUP('תפוקה מצטברת מול אשתקד'!A26,מגדל!A:G,7,0)+VLOOKUP('תפוקה מצטברת מול אשתקד'!A26,מנורה!A:G,7,0)+VLOOKUP('תפוקה מצטברת מול אשתקד'!A26,איילון!A:G,7,0)+VLOOKUP('תפוקה מצטברת מול אשתקד'!A26,הראל!A:G,7,0)+VLOOKUP('תפוקה מצטברת מול אשתקד'!A26,הפניקס!A:G,7,0)+VLOOKUP('תפוקה מצטברת מול אשתקד'!A26,כלל!A:G,7,0)+VLOOKUP('תפוקה מצטברת מול אשתקד'!A26,מור!A:G,7,0)+VLOOKUP('תפוקה מצטברת מול אשתקד'!A26,'אלטשולר שחם'!A:G,7,0)+VLOOKUP('תפוקה מצטברת מול אשתקד'!A26,'מדיהו '!A:K,7,0)+VLOOKUP(A26,'אנליסט '!A:G,7,0)+VLOOKUP('תפוקה מצטברת מול אשתקד'!A26,'מיטב דש'!A:G,7,0)+VLOOKUP('תפוקה מצטברת מול אשתקד'!A26,אינפניטי!A:G,7,0) -> 179929 | L26: =VLOOKUP(A26,הכשרה!A:K,8,0)+VLOOKUP('תפוקה מצטברת מול אשתקד'!A26,מגדל!A:K,8,0)+VLOOKUP('תפוקה מצטברת מול אשתקד'!A26,מנורה!A:K,8,0)+VLOOKUP('תפוקה מצטברת מול אשתקד'!A26,איילון!A:K,8,0)+VLOOKUP('תפוקה מצטברת מול אשתקד'!A26,הראל!A:K,8,0)+VLOOKUP('תפוקה מצטברת מול אשתקד'!A26,הפניקס!A:K,8,0)+VLOOKUP('תפוקה מצטברת מול אשתקד'!A26,כלל!A:K,8,0)+VLOOKUP('תפוקה מצטברת מול אשתקד'!A26,מור!A:K,8,0)+VLOOKUP('תפוקה מצטברת מול אשתקד'!A26,'אלטשולר שחם'!A:K,8,0)+VLOOKUP('תפוקה מצטברת מול אשתקד'!A26,'מדיהו '!A:K,8,0)+VLOOKUP('תפוקה מצטברת מול אשתקד'!A26,'אנליסט '!A:K,8,0)+VLOOKUP('תפוקה מצטברת מול אשתקד'!A26,'מיטב דש'!A:K,8,0)+VLOOKUP('תפוקה מצטברת מול אשתקד'!A26,אינפניטי!A:K,8,0) -> 79074.744 | M26: =VLOOKUP(A26,הכשרה!A:K,9,0)+VLOOKUP('תפוקה מצטברת מול אשתקד'!A26,מגדל!A:K,9,0)+VLOOKUP('תפוקה מצטברת מול אשתקד'!A26,מנורה!A:K,9,0)+VLOOKUP('תפוקה מצטברת מול אשתקד'!A26,איילון!A:K,9,0)+VLOOKUP('תפוקה מצטברת מול אשתקד'!A26,הראל!A:K,9,0)+VLOOKUP('תפוקה מצטברת מול אשתקד'!A26,הפניקס!A:K,9,0)+VLOOKUP('תפוקה מצטברת מול אשתקד'!A26,כלל!A:K,9,0)+VLOOKUP('תפוקה מצטברת מול אשתקד'!A26,מור!A:K,9,0)+VLOOKUP('תפוקה מצטברת מול אשתקד'!A26,'אלטשולר שחם'!A:K,9,0)+VLOOKUP('תפוקה מצטברת מול אשתקד'!A26,'מדיהו '!A:K,9,0)+VLOOKUP('תפוקה מצטברת מול אשתקד'!A26,'אנליסט '!A:K,9,0)+VLOOKUP('תפוקה מצטברת מול אשתקד'!A26,'מיטב דש'!A:K,9,0)+VLOOKUP('תפוקה מצטברת מול אשתקד'!A26,אינפניטי!A:K,9,0) -> 37194.139 | N26: =VLOOKUP(A26,הכשרה!A:K,10,0)+VLOOKUP('תפוקה מצטברת מול אשתקד'!A26,מגדל!A:K,10,0)+VLOOKUP('תפוקה מצטברת מול אשתקד'!A26,מנורה!A:K,10,0)+VLOOKUP('תפוקה מצטברת מול אשתקד'!A26,איילון!A:K,10,0)+VLOOKUP('תפוקה מצטברת מול אשתקד'!A26,הראל!A:K,10,0)+VLOOKUP('תפוקה מצטברת מול אשתקד'!A26,הפניקס!A:K,10,0)+VLOOKUP('תפוקה מצטברת מול אשתקד'!A26,כלל!A:K,10,0)+VLOOKUP('תפוקה מצטברת מול אשתקד'!A26,מור!A:K,10,0)+VLOOKUP('תפוקה מצטברת מול אשתקד'!A26,'אלטשולר שחם'!A:K,10,0)+VLOOKUP('תפוקה מצטברת מול אשתקד'!A26,'מדיהו '!A:K,10,0)+VLOOKUP('תפוקה מצטברת מול אשתקד'!A26,'אנליסט '!A:K,10,0)+VLOOKUP('תפוקה מצטברת מול אשתקד'!A26,'מיטב דש'!A:K,10,0)+VLOOKUP('תפוקה מצטברת מול אשתקד'!A26,אינפניטי!A:K,10,0) -> 6531.7989 | O26: =VLOOKUP(A26,הכשרה!A:K,11,0)+VLOOKUP('תפוקה מצטברת מול אשתקד'!A26,מגדל!A:K,11,0)+VLOOKUP('תפוקה מצטברת מול אשתקד'!A26,מנורה!A:K,11,0)+VLOOKUP('תפוקה מצטברת מול אשתקד'!A26,איילון!A:K,11,0)+VLOOKUP('תפוקה מצטברת מול אשתקד'!A26,הראל!A:K,11,0)+VLOOKUP('תפוקה מצטברת מול אשתקד'!A26,הפניקס!A:K,11,0)+VLOOKUP('תפוקה מצטברת מול אשתקד'!A26,כלל!A:K,11,0)+VLOOKUP('תפוקה מצטברת מול אשתקד'!A26,מור!A:K,11,0)+VLOOKUP('תפוקה מצטברת מול אשתקד'!A26,'אלטשולר שחם'!A:K,11,0)+VLOOKUP('תפוקה מצטברת מול אשתקד'!A26,'מדיהו '!A:K,11,0)+VLOOKUP('תפוקה מצטברת מול אשתקד'!A26,'אנליסט '!A:K,11,0)+VLOOKUP('תפוקה מצטברת מול אשתקד'!A26,'מיטב דש'!A:K,11,0)+VLOOKUP('תפוקה מצטברת מול אשתקד'!A26,אינפניטי!A:K,11,0) -> 120904.81
A27: שלבי מיסון | B27: ערן גירוני | C27: סוכנים | D27: =IF(H27=0,0%,IF(L27=0,100%,H27/L27-1)) -> -0.88674936 | E27: =IF(I27=0,0%,IF(M27=0,100%,I27/M27-1)) -> 0.46977948 | F27: =IF(J27=0,0%,IF(N27=0,100%,J27/N27-1)) -> 0.22571488 | G27: =IF(K27=0,0%,IF(O27=H50,100%,K27/O27-1)) -> -0.34499715 | H27: =VLOOKUP(A27,הכשרה!A:G,4,0)+VLOOKUP('תפוקה מצטברת מול אשתקד'!A27,מגדל!A:G,4,0)+VLOOKUP('תפוקה מצטברת מול אשתקד'!A27,מנורה!A:G,4,0)+VLOOKUP('תפוקה מצטברת מול אשתקד'!A27,איילון!A:G,4,0)+VLOOKUP('תפוקה מצטברת מול אשתקד'!A27,הראל!A:G,4,0)+VLOOKUP('תפוקה מצטברת מול אשתקד'!A27,הפניקס!A:G,4,0)+VLOOKUP('תפוקה מצטברת מול אשתקד'!A27,כלל!A:G,4,0)+VLOOKUP('תפוקה מצטברת מול אשתקד'!A27,מור!A:G,4,0)+VLOOKUP('תפוקה מצטברת מול אשתקד'!A27,'אלטשולר שחם'!A:G,4,0)+VLOOKUP('תפוקה מצטברת מול אשתקד'!A27,'מדיהו '!A:G,4,0)+VLOOKUP('תפוקה מצטברת מול אשתקד'!A27,'אנליסט '!A:G,4,0)+VLOOKUP('תפוקה מצטברת מול אשתקד'!A27,'מיטב דש'!A:G,4,0)+VLOOKUP('תפוקה מצטברת מול אשתקד'!A27,אינפניטי!A:G,4,0) -> 10001.05 | I27: =VLOOKUP(A27,הכשרה!A:G,5,0)+VLOOKUP('תפוקה מצטברת מול אשתקד'!A27,מגדל!A:G,5,0)+VLOOKUP('תפוקה מצטברת מול אשתקד'!A27,מנורה!A:G,5,0)+VLOOKUP('תפוקה מצטברת מול אשתקד'!A27,איילון!A:G,5,0)+VLOOKUP('תפוקה מצטברת מול אשתקד'!A27,הראל!A:G,5,0)+VLOOKUP('תפוקה מצטברת מול אשתקד'!A27,הפניקס!A:G,5,0)+VLOOKUP('תפוקה מצטברת מול אשתקד'!A27,כלל!A:G,5,0)+VLOOKUP('תפוקה מצטברת מול אשתקד'!A27,מור!A:G,5,0)+VLOOKUP('תפוקה מצטברת מול אשתקד'!A27,'אלטשולר שחם'!A:G,5,0)+VLOOKUP('תפוקה מצטברת מול אשתקד'!A27,'מדיהו '!A:G,5,0)+VLOOKUP('תפוקה מצטברת מול אשתקד'!A27,'אנליסט '!A:G,5,0)+VLOOKUP('תפוקה מצטברת מול אשתקד'!A27,'מיטב דש'!A:G,5,0)+VLOOKUP('תפוקה מצטברת מול אשתקד'!A27,אינפניטי!A:G,5,0) -> 39846.83 | J27: =VLOOKUP(A27,הכשרה!A:G,6,0)+VLOOKUP('תפוקה מצטברת מול אשתקד'!A27,מגדל!A:G,6,0)+VLOOKUP('תפוקה מצטברת מול אשתקד'!A27,מנורה!A:G,6,0)+VLOOKUP('תפוקה מצטברת מול אשתקד'!A27,איילון!A:G,6,0)+VLOOKUP(A27,הראל!A:G,6,0)+VLOOKUP('תפוקה מצטברת מול אשתקד'!A27,הפניקס!A:G,6,0)+VLOOKUP('תפוקה מצטברת מול אשתקד'!A27,כלל!A:G,6,0)+VLOOKUP('תפוקה מצטברת מול אשתקד'!A27,מור!A:G,6,0)+VLOOKUP('תפוקה מצטברת מול אשתקד'!A27,'אלטשולר שחם'!A:G,6,0)+VLOOKUP('תפוקה מצטברת מול אשתקד'!A27,'מדיהו '!A:G,6,0)+VLOOKUP('תפוקה מצטברת מול אשתקד'!A27,'אנליסט '!A:G,6,0)+VLOOKUP('תפוקה מצטברת מול אשתקד'!A27,'מיטב דש'!A:G,6,0)+VLOOKUP('תפוקה מצטברת מול אשתקד'!A27,אינפניטי!A:G,6,0) -> 134075.57 | K27: =VLOOKUP(A27,הכשרה!A:G,7,0)+VLOOKUP('תפוקה מצטברת מול אשתקד'!A27,מגדל!A:G,7,0)+VLOOKUP('תפוקה מצטברת מול אשתקד'!A27,מנורה!A:G,7,0)+VLOOKUP('תפוקה מצטברת מול אשתקד'!A27,איילון!A:G,7,0)+VLOOKUP('תפוקה מצטברת מול אשתקד'!A27,הראל!A:G,7,0)+VLOOKUP('תפוקה מצטברת מול אשתקד'!A27,הפניקס!A:G,7,0)+VLOOKUP('תפוקה מצטברת מול אשתקד'!A27,כלל!A:G,7,0)+VLOOKUP('תפוקה מצטברת מול אשתקד'!A27,מור!A:G,7,0)+VLOOKUP('תפוקה מצטברת מול אשתקד'!A27,'אלטשולר שחם'!A:G,7,0)+VLOOKUP('תפוקה מצטברת מול אשתקד'!A27,'מדיהו '!A:K,7,0)+VLOOKUP(A27,'אנליסט '!A:G,7,0)+VLOOKUP('תפוקה מצטברת מול אשתקד'!A27,'מיטב דש'!A:G,7,0)+VLOOKUP('תפוקה מצטברת מול אשתקד'!A27,אינפניטי!A:G,7,0) -> 58471.81 | L27: =VLOOKUP(A27,הכשרה!A:K,8,0)+VLOOKUP('תפוקה מצטברת מול אשתקד'!A27,מגדל!A:K,8,0)+VLOOKUP('תפוקה מצטברת מול אשתקד'!A27,מנורה!A:K,8,0)+VLOOKUP('תפוקה מצטברת מול אשתקד'!A27,איילון!A:K,8,0)+VLOOKUP('תפוקה מצטברת מול אשתקד'!A27,הראל!A:K,8,0)+VLOOKUP('תפוקה מצטברת מול אשתקד'!A27,הפניקס!A:K,8,0)+VLOOKUP('תפוקה מצטברת מול אשתקד'!A27,כלל!A:K,8,0)+VLOOKUP('תפוקה מצטברת מול אשתקד'!A27,מור!A:K,8,0)+VLOOKUP('תפוקה מצטברת מול אשתקד'!A27,'אלטשולר שחם'!A:K,8,0)+VLOOKUP('תפוקה מצטברת מול אשתקד'!A27,'מדיהו '!A:K,8,0)+VLOOKUP('תפוקה מצטברת מול אשתקד'!A27,'אנליסט '!A:K,8,0)+VLOOKUP('תפוקה מצטברת מול אשתקד'!A27,'מיטב דש'!A:K,8,0)+VLOOKUP('תפוקה מצטברת מול אשתקד'!A27,אינפניטי!A:K,8,0) -> 88308.99 | M27: =VLOOKUP(A27,הכשרה!A:K,9,0)+VLOOKUP('תפוקה מצטברת מול אשתקד'!A27,מגדל!A:K,9,0)+VLOOKUP('תפוקה מצטברת מול אשתקד'!A27,מנורה!A:K,9,0)+VLOOKUP('תפוקה מצטברת מול אשתקד'!A27,איילון!A:K,9,0)+VLOOKUP('תפוקה מצטברת מול אשתקד'!A27,הראל!A:K,9,0)+VLOOKUP('תפוקה מצטברת מול אשתקד'!A27,הפניקס!A:K,9,0)+VLOOKUP('תפוקה מצטברת מול אשתקד'!A27,כלל!A:K,9,0)+VLOOKUP('תפוקה מצטברת מול אשתקד'!A27,מור!A:K,9,0)+VLOOKUP('תפוקה מצטברת מול אשתקד'!A27,'אלטשולר שחם'!A:K,9,0)+VLOOKUP('תפוקה מצטברת מול אשתקד'!A27,'מדיהו '!A:K,9,0)+VLOOKUP('תפוקה מצטברת מול אשתקד'!A27,'אנליסט '!A:K,9,0)+VLOOKUP('תפוקה מצטברת מול אשתקד'!A27,'מיטב דש'!A:K,9,0)+VLOOKUP('תפוקה מצטברת מול אשתקד'!A27,אינפניטי!A:K,9,0) -> 27110.754 | N27: =VLOOKUP(A27,הכשרה!A:K,10,0)+VLOOKUP('תפוקה מצטברת מול אשתקד'!A27,מגדל!A:K,10,0)+VLOOKUP('תפוקה מצטברת מול אשתקד'!A27,מנורה!A:K,10,0)+VLOOKUP('תפוקה מצטברת מול אשתקד'!A27,איילון!A:K,10,0)+VLOOKUP('תפוקה מצטברת מול אשתקד'!A27,הראל!A:K,10,0)+VLOOKUP('תפוקה מצטברת מול אשתקד'!A27,הפניקס!A:K,10,0)+VLOOKUP('תפוקה מצטברת מול אשתקד'!A27,כלל!A:K,10,0)+VLOOKUP('תפוקה מצטברת מול אשתקד'!A27,מור!A:K,10,0)+VLOOKUP('תפוקה מצטברת מול אשתקד'!A27,'אלטשולר שחם'!A:K,10,0)+VLOOKUP('תפוקה מצטברת מול אשתקד'!A27,'מדיהו '!A:K,10,0)+VLOOKUP('תפוקה מצטברת מול אשתקד'!A27,'אנליסט '!A:K,10,0)+VLOOKUP('תפוקה מצטברת מול אשתקד'!A27,'מיטב דש'!A:K,10,0)+VLOOKUP('תפוקה מצטברת מול אשתקד'!A27,אינפניטי!A:K,10,0) -> 109385.61 | O27: =VLOOKUP(A27,הכשרה!A:K,11,0)+VLOOKUP('תפוקה מצטברת מול אשתקד'!A27,מגדל!A:K,11,0)+VLOOKUP('תפוקה מצטברת מול אשתקד'!A27,מנורה!A:K,11,0)+VLOOKUP('תפוקה מצטברת מול אשתקד'!A27,איילון!A:K,11,0)+VLOOKUP('תפוקה מצטברת מול אשתקד'!A27,הראל!A:K,11,0)+VLOOKUP('תפוקה מצטברת מול אשתקד'!A27,הפניקס!A:K,11,0)+VLOOKUP('תפוקה מצטברת מול אשתקד'!A27,כלל!A:K,11,0)+VLOOKUP('תפוקה מצטברת מול אשתקד'!A27,מור!A:K,11,0)+VLOOKUP('תפוקה מצטברת מול אשתקד'!A27,'אלטשולר שחם'!A:K,11,0)+VLOOKUP('תפוקה מצטברת מול אשתקד'!A27,'מדיהו '!A:K,11,0)+VLOOKUP('תפוקה מצטברת מול אשתקד'!A27,'אנליסט '!A:K,11,0)+VLOOKUP('תפוקה מצטברת מול אשתקד'!A27,'מיטב דש'!A:K,11,0)+VLOOKUP('תפוקה מצטברת מול אשתקד'!A27,אינפניטי!A:K,11,0) -> 89269.55
A28: בחוס יוסף | B28: ערן גירוני | C28: סוכנים | D28: =IF(H28=0,0%,IF(L28=0,100%,H28/L28-1)) -> -0.636191 | E28: =IF(I28=0,0%,IF(M28=0,100%,I28/M28-1)) -> -0.16691779 | F28: =IF(J28=0,0%,IF(N28=0,100%,J28/N28-1)) -> 0.9629831 | G28: =IF(K28=0,0%,IF(O28=H51,100%,K28/O28-1)) -> -0.71887743 | H28: =VLOOKUP(A28,הכשרה!A:G,4,0)+VLOOKUP('תפוקה מצטברת מול אשתקד'!A28,מגדל!A:G,4,0)+VLOOKUP('תפוקה מצטברת מול אשתקד'!A28,מנורה!A:G,4,0)+VLOOKUP('תפוקה מצטברת מול אשתקד'!A28,איילון!A:G,4,0)+VLOOKUP('תפוקה מצטברת מול אשתקד'!A28,הראל!A:G,4,0)+VLOOKUP('תפוקה מצטברת מול אשתקד'!A28,הפניקס!A:G,4,0)+VLOOKUP('תפוקה מצטברת מול אשתקד'!A28,כלל!A:G,4,0)+VLOOKUP('תפוקה מצטברת מול אשתקד'!A28,מור!A:G,4,0)+VLOOKUP('תפוקה מצטברת מול אשתקד'!A28,'אלטשולר שחם'!A:G,4,0)+VLOOKUP('תפוקה מצטברת מול אשתקד'!A28,'מדיהו '!A:G,4,0)+VLOOKUP('תפוקה מצטברת מול אשתקד'!A28,'אנליסט '!A:G,4,0)+VLOOKUP('תפוקה מצטברת מול אשתקד'!A28,'מיטב דש'!A:G,4,0)+VLOOKUP('תפוקה מצטברת מול אשתקד'!A28,אינפניטי!A:G,4,0) -> 235235.06 | I28: =VLOOKUP(A28,הכשרה!A:G,5,0)+VLOOKUP('תפוקה מצטברת מול אשתקד'!A28,מגדל!A:G,5,0)+VLOOKUP('תפוקה מצטברת מול אשתקד'!A28,מנורה!A:G,5,0)+VLOOKUP('תפוקה מצטברת מול אשתקד'!A28,איילון!A:G,5,0)+VLOOKUP('תפוקה מצטברת מול אשתקד'!A28,הראל!A:G,5,0)+VLOOKUP('תפוקה מצטברת מול אשתקד'!A28,הפניקס!A:G,5,0)+VLOOKUP('תפוקה מצטברת מול אשתקד'!A28,כלל!A:G,5,0)+VLOOKUP('תפוקה מצטברת מול אשתקד'!A28,מור!A:G,5,0)+VLOOKUP('תפוקה מצטברת מול אשתקד'!A28,'אלטשולר שחם'!A:G,5,0)+VLOOKUP('תפוקה מצטברת מול אשתקד'!A28,'מדיהו '!A:G,5,0)+VLOOKUP('תפוקה מצטברת מול אשתקד'!A28,'אנליסט '!A:G,5,0)+VLOOKUP('תפוקה מצטברת מול אשתקד'!A28,'מיטב דש'!A:G,5,0)+VLOOKUP('תפוקה מצטברת מול אשתקד'!A28,אינפניטי!A:G,5,0) -> 48644.27 | J28: =VLOOKUP(A28,הכשרה!A:G,6,0)+VLOOKUP('תפוקה מצטברת מול אשתקד'!A28,מגדל!A:G,6,0)+VLOOKUP('תפוקה מצטברת מול אשתקד'!A28,מנורה!A:G,6,0)+VLOOKUP('תפוקה מצטברת מול אשתקד'!A28,איילון!A:G,6,0)+VLOOKUP(A28,הראל!A:G,6,0)+VLOOKUP('תפוקה מצטברת מול אשתקד'!A28,הפניקס!A:G,6,0)+VLOOKUP('תפוקה מצטברת מול אשתקד'!A28,כלל!A:G,6,0)+VLOOKUP('תפוקה מצטברת מול אשתקד'!A28,מור!A:G,6,0)+VLOOKUP('תפוקה מצטברת מול אשתקד'!A28,'אלטשולר שחם'!A:G,6,0)+VLOOKUP('תפוקה מצטברת מול אשתקד'!A28,'מדיהו '!A:G,6,0)+VLOOKUP('תפוקה מצטברת מול אשתקד'!A28,'אנליסט '!A:G,6,0)+VLOOKUP('תפוקה מצטברת מול אשתקד'!A28,'מיטב דש'!A:G,6,0)+VLOOKUP('תפוקה מצטברת מול אשתקד'!A28,אינפניטי!A:G,6,0) -> 676652.68 | K28: =VLOOKUP(A28,הכשרה!A:G,7,0)+VLOOKUP('תפוקה מצטברת מול אשתקד'!A28,מגדל!A:G,7,0)+VLOOKUP('תפוקה מצטברת מול אשתקד'!A28,מנורה!A:G,7,0)+VLOOKUP('תפוקה מצטברת מול אשתקד'!A28,איילון!A:G,7,0)+VLOOKUP('תפוקה מצטברת מול אשתקד'!A28,הראל!A:G,7,0)+VLOOKUP('תפוקה מצטברת מול אשתקד'!A28,הפניקס!A:G,7,0)+VLOOKUP('תפוקה מצטברת מול אשתקד'!A28,כלל!A:G,7,0)+VLOOKUP('תפוקה מצטברת מול אשתקד'!A28,מור!A:G,7,0)+VLOOKUP('תפוקה מצטברת מול אשתקד'!A28,'אלטשולר שחם'!A:G,7,0)+VLOOKUP('תפוקה מצטברת מול אשתקד'!A28,'מדיהו '!A:K,7,0)+VLOOKUP(A28,'אנליסט '!A:G,7,0)+VLOOKUP('תפוקה מצטברת מול אשתקד'!A28,'מיטב דש'!A:G,7,0)+VLOOKUP('תפוקה מצטברת מול אשתקד'!A28,אינפניטי!A:G,7,0) -> 764422.9 | L28: =VLOOKUP(A28,הכשרה!A:K,8,0)+VLOOKUP('תפוקה מצטברת מול אשתקד'!A28,מגדל!A:K,8,0)+VLOOKUP('תפוקה מצטברת מול אשתקד'!A28,מנורה!A:K,8,0)+VLOOKUP('תפוקה מצטברת מול אשתקד'!A28,איילון!A:K,8,0)+VLOOKUP('תפוקה מצטברת מול אשתקד'!A28,הראל!A:K,8,0)+VLOOKUP('תפוקה מצטברת מול אשתקד'!A28,הפניקס!A:K,8,0)+VLOOKUP('תפוקה מצטברת מול אשתקד'!A28,כלל!A:K,8,0)+VLOOKUP('תפוקה מצטברת מול אשתקד'!A28,מור!A:K,8,0)+VLOOKUP('תפוקה מצטברת מול אשתקד'!A28,'אלטשולר שחם'!A:K,8,0)+VLOOKUP('תפוקה מצטברת מול אשתקד'!A28,'מדיהו '!A:K,8,0)+VLOOKUP('תפוקה מצטברת מול אשתקד'!A28,'אנליסט '!A:K,8,0)+VLOOKUP('תפוקה מצטברת מול אשתקד'!A28,'מיטב דש'!A:K,8,0)+VLOOKUP('תפוקה מצטברת מול אשתקד'!A28,אינפניטי!A:K,8,0) -> 646589.45 | M28: =VLOOKUP(A28,הכשרה!A:K,9,0)+VLOOKUP('תפוקה מצטברת מול אשתקד'!A28,מגדל!A:K,9,0)+VLOOKUP('תפוקה מצטברת מול אשתקד'!A28,מנורה!A:K,9,0)+VLOOKUP('תפוקה מצטברת מול אשתקד'!A28,איילון!A:K,9,0)+VLOOKUP('תפוקה מצטברת מול אשתקד'!A28,הראל!A:K,9,0)+VLOOKUP('תפוקה מצטברת מול אשתקד'!A28,הפניקס!A:K,9,0)+VLOOKUP('תפוקה מצטברת מול אשתקד'!A28,כלל!A:K,9,0)+VLOOKUP('תפוקה מצטברת מול אשתקד'!A28,מור!A:K,9,0)+VLOOKUP('תפוקה מצטברת מול אשתקד'!A28,'אלטשולר שחם'!A:K,9,0)+VLOOKUP('תפוקה מצטברת מול אשתקד'!A28,'מדיהו '!A:K,9,0)+VLOOKUP('תפוקה מצטברת מול אשתקד'!A28,'אנליסט '!A:K,9,0)+VLOOKUP('תפוקה מצטברת מול אשתקד'!A28,'מיטב דש'!A:K,9,0)+VLOOKUP('תפוקה מצטברת מול אשתקד'!A28,אינפניטי!A:K,9,0) -> 58390.72 | N28: =VLOOKUP(A28,הכשרה!A:K,10,0)+VLOOKUP('תפוקה מצטברת מול אשתקד'!A28,מגדל!A:K,10,0)+VLOOKUP('תפוקה מצטברת מול אשתקד'!A28,מנורה!A:K,10,0)+VLOOKUP('תפוקה מצטברת מול אשתקד'!A28,איילון!A:K,10,0)+VLOOKUP('תפוקה מצטברת מול אשתקד'!A28,הראל!A:K,10,0)+VLOOKUP('תפוקה מצטברת מול אשתקד'!A28,הפניקס!A:K,10,0)+VLOOKUP('תפוקה מצטברת מול אשתקד'!A28,כלל!A:K,10,0)+VLOOKUP('תפוקה מצטברת מול אשתקד'!A28,מור!A:K,10,0)+VLOOKUP('תפוקה מצטברת מול אשתקד'!A28,'אלטשולר שחם'!A:K,10,0)+VLOOKUP('תפוקה מצטברת מול אשתקד'!A28,'מדיהו '!A:K,10,0)+VLOOKUP('תפוקה מצטברת מול אשתקד'!A28,'אנליסט '!A:K,10,0)+VLOOKUP('תפוקה מצטברת מול אשתקד'!A28,'מיטב דש'!A:K,10,0)+VLOOKUP('תפוקה מצטברת מול אשתקד'!A28,אינפניטי!A:K,10,0) -> 344706.32 | O28: =VLOOKUP(A28,הכשרה!A:K,11,0)+VLOOKUP('תפוקה מצטברת מול אשתקד'!A28,מגדל!A:K,11,0)+VLOOKUP('תפוקה מצטברת מול אשתקד'!A28,מנורה!A:K,11,0)+VLOOKUP('תפוקה מצטברת מול אשתקד'!A28,איילון!A:K,11,0)+VLOOKUP('תפוקה מצטברת מול אשתקד'!A28,הראל!A:K,11,0)+VLOOKUP('תפוקה מצטברת מול אשתקד'!A28,הפניקס!A:K,11,0)+VLOOKUP('תפוקה מצטברת מול אשתקד'!A28,כלל!A:K,11,0)+VLOOKUP('תפוקה מצטברת מול אשתקד'!A28,מור!A:K,11,0)+VLOOKUP('תפוקה מצטברת מול אשתקד'!A28,'אלטשולר שחם'!A:K,11,0)+VLOOKUP('תפוקה מצטברת מול אשתקד'!A28,'מדיהו '!A:K,11,0)+VLOOKUP('תפוקה מצטברת מול אשתקד'!A28,'אנליסט '!A:K,11,0)+VLOOKUP('תפוקה מצטברת מול אשתקד'!A28,'מיטב דש'!A:K,11,0)+VLOOKUP('תפוקה מצטברת מול אשתקד'!A28,אינפניטי!A:K,11,0) -> 2719180.1
A29: קליין סיון | B29: ערן גירוני | C29: סוכנים | D29: =IF(H29=0,0%,IF(L29=0,100%,H29/L29-1)) -> 0.035239172 | E29: =IF(I29=0,0%,IF(M29=0,100%,I29/M29-1)) -> 0.89695119 | F29: =IF(J29=0,0%,IF(N29=0,100%,J29/N29-1)) -> 0.059554638 | G29: =IF(K29=0,0%,IF(O29=H52,100%,K29/O29-1)) -> 3.6856768 | H29: =VLOOKUP(A29,הכשרה!A:G,4,0)+VLOOKUP('תפוקה מצטברת מול אשתקד'!A29,מגדל!A:G,4,0)+VLOOKUP('תפוקה מצטברת מול אשתקד'!A29,מנורה!A:G,4,0)+VLOOKUP('תפוקה מצטברת מול אשתקד'!A29,איילון!A:G,4,0)+VLOOKUP('תפוקה מצטברת מול אשתקד'!A29,הראל!A:G,4,0)+VLOOKUP('תפוקה מצטברת מול אשתקד'!A29,הפניקס!A:G,4,0)+VLOOKUP('תפוקה מצטברת מול אשתקד'!A29,כלל!A:G,4,0)+VLOOKUP('תפוקה מצטברת מול אשתקד'!A29,מור!A:G,4,0)+VLOOKUP('תפוקה מצטברת מול אשתקד'!A29,'אלטשולר שחם'!A:G,4,0)+VLOOKUP('תפוקה מצטברת מול אשתקד'!A29,'מדיהו '!A:G,4,0)+VLOOKUP('תפוקה מצטברת מול אשתקד'!A29,'אנליסט '!A:G,4,0)+VLOOKUP('תפוקה מצטברת מול אשתקד'!A29,'מיטב דש'!A:G,4,0)+VLOOKUP('תפוקה מצטברת מול אשתקד'!A29,אינפניטי!A:G,4,0) -> 539433.38 | I29: =VLOOKUP(A29,הכשרה!A:G,5,0)+VLOOKUP('תפוקה מצטברת מול אשתקד'!A29,מגדל!A:G,5,0)+VLOOKUP('תפוקה מצטברת מול אשתקד'!A29,מנורה!A:G,5,0)+VLOOKUP('תפוקה מצטברת מול אשתקד'!A29,איילון!A:G,5,0)+VLOOKUP('תפוקה מצטברת מול אשתקד'!A29,הראל!A:G,5,0)+VLOOKUP('תפוקה מצטברת מול אשתקד'!A29,הפניקס!A:G,5,0)+VLOOKUP('תפוקה מצטברת מול אשתקד'!A29,כלל!A:G,5,0)+VLOOKUP('תפוקה מצטברת מול אשתקד'!A29,מור!A:G,5,0)+VLOOKUP('תפוקה מצטברת מול אשתקד'!A29,'אלטשולר שחם'!A:G,5,0)+VLOOKUP('תפוקה מצטברת מול אשתקד'!A29,'מדיהו '!A:G,5,0)+VLOOKUP('תפוקה מצטברת מול אשתקד'!A29,'אנליסט '!A:G,5,0)+VLOOKUP('תפוקה מצטברת מול אשתקד'!A29,'מיטב דש'!A:G,5,0)+VLOOKUP('תפוקה מצטברת מול אשתקד'!A29,אינפניטי!A:G,5,0) -> 69480.127 | J29: =VLOOKUP(A29,הכשרה!A:G,6,0)+VLOOKUP('תפוקה מצטברת מול אשתקד'!A29,מגדל!A:G,6,0)+VLOOKUP('תפוקה מצטברת מול אשתקד'!A29,מנורה!A:G,6,0)+VLOOKUP('תפוקה מצטברת מול אשתקד'!A29,איילון!A:G,6,0)+VLOOKUP(A29,הראל!A:G,6,0)+VLOOKUP('תפוקה מצטברת מול אשתקד'!A29,הפניקס!A:G,6,0)+VLOOKUP('תפוקה מצטברת מול אשתקד'!A29,כלל!A:G,6,0)+VLOOKUP('תפוקה מצטברת מול אשתקד'!A29,מור!A:G,6,0)+VLOOKUP('תפוקה מצטברת מול אשתקד'!A29,'אלטשולר שחם'!A:G,6,0)+VLOOKUP('תפוקה מצטברת מול אשתקד'!A29,'מדיהו '!A:G,6,0)+VLOOKUP('תפוקה מצטברת מול אשתקד'!A29,'אנליסט '!A:G,6,0)+VLOOKUP('תפוקה מצטברת מול אשתקד'!A29,'מיטב דש'!A:G,6,0)+VLOOKUP('תפוקה מצטברת מול אשתקד'!A29,אינפניטי!A:G,6,0) -> 1668386.1 | K29: =VLOOKUP(A29,הכשרה!A:G,7,0)+VLOOKUP('תפוקה מצטברת מול אשתקד'!A29,מגדל!A:G,7,0)+VLOOKUP('תפוקה מצטברת מול אשתקד'!A29,מנורה!A:G,7,0)+VLOOKUP('תפוקה מצטברת מול אשתקד'!A29,איילון!A:G,7,0)+VLOOKUP('תפוקה מצטברת מול אשתקד'!A29,הראל!A:G,7,0)+VLOOKUP('תפוקה מצטברת מול אשתקד'!A29,הפניקס!A:G,7,0)+VLOOKUP('תפוקה מצטברת מול אשתקד'!A29,כלל!A:G,7,0)+VLOOKUP('תפוקה מצטברת מול אשתקד'!A29,מור!A:G,7,0)+VLOOKUP('תפוקה מצטברת מול אשתקד'!A29,'אלטשולר שחם'!A:G,7,0)+VLOOKUP('תפוקה מצטברת מול אשתקד'!A29,'מדיהו '!A:K,7,0)+VLOOKUP(A29,'אנליסט '!A:G,7,0)+VLOOKUP('תפוקה מצטברת מול אשתקד'!A29,'מיטב דש'!A:G,7,0)+VLOOKUP('תפוקה מצטברת מול אשתקד'!A29,אינפניטי!A:G,7,0) -> 1959928.6 | L29: =VLOOKUP(A29,הכשרה!A:K,8,0)+VLOOKUP('תפוקה מצטברת מול אשתקד'!A29,מגדל!A:K,8,0)+VLOOKUP('תפוקה מצטברת מול אשתקד'!A29,מנורה!A:K,8,0)+VLOOKUP('תפוקה מצטברת מול אשתקד'!A29,איילון!A:K,8,0)+VLOOKUP('תפוקה מצטברת מול אשתקד'!A29,הראל!A:K,8,0)+VLOOKUP('תפוקה מצטברת מול אשתקד'!A29,הפניקס!A:K,8,0)+VLOOKUP('תפוקה מצטברת מול אשתקד'!A29,כלל!A:K,8,0)+VLOOKUP('תפוקה מצטברת מול אשתקד'!A29,מור!A:K,8,0)+VLOOKUP('תפוקה מצטברת מול אשתקד'!A29,'אלטשולר שחם'!A:K,8,0)+VLOOKUP('תפוקה מצטברת מול אשתקד'!A29,'מדיהו '!A:K,8,0)+VLOOKUP('תפוקה מצטברת מול אשתקד'!A29,'אנליסט '!A:K,8,0)+VLOOKUP('תפוקה מצטברת מול אשתקד'!A29,'מיטב דש'!A:K,8,0)+VLOOKUP('תפוקה מצטברת מול אשתקד'!A29,אינפניטי!A:K,8,0) -> 521071.26 | M29: =VLOOKUP(A29,הכשרה!A:K,9,0)+VLOOKUP('תפוקה מצטברת מול אשתקד'!A29,מגדל!A:K,9,0)+VLOOKUP('תפוקה מצטברת מול אשתקד'!A29,מנורה!A:K,9,0)+VLOOKUP('תפוקה מצטברת מול אשתקד'!A29,איילון!A:K,9,0)+VLOOKUP('תפוקה מצטברת מול אשתקד'!A29,הראל!A:K,9,0)+VLOOKUP('תפוקה מצטברת מול אשתקד'!A29,הפניקס!A:K,9,0)+VLOOKUP('תפוקה מצטברת מול אשתקד'!A29,כלל!A:K,9,0)+VLOOKUP('תפוקה מצטברת מול אשתקד'!A29,מור!A:K,9,0)+VLOOKUP('תפוקה מצטברת מול אשתקד'!A29,'אלטשולר שחם'!A:K,9,0)+VLOOKUP('תפוקה מצטברת מול אשתקד'!A29,'מדיהו '!A:K,9,0)+VLOOKUP('תפוקה מצטברת מול אשתקד'!A29,'אנליסט '!A:K,9,0)+VLOOKUP('תפוקה מצטברת מול אשתקד'!A29,'מיטב דש'!A:K,9,0)+VLOOKUP('תפוקה מצטברת מול אשתקד'!A29,אינפניטי!A:K,9,0) -> 36627.261 | N29: =VLOOKUP(A29,הכשרה!A:K,10,0)+VLOOKUP('תפוקה מצטברת מול אשתקד'!A29,מגדל!A:K,10,0)+VLOOKUP('תפוקה מצטברת מול אשתקד'!A29,מנורה!A:K,10,0)+VLOOKUP('תפוקה מצטברת מול אשתקד'!A29,איילון!A:K,10,0)+VLOOKUP('תפוקה מצטברת מול אשתקד'!A29,הראל!A:K,10,0)+VLOOKUP('תפוקה מצטברת מול אשתקד'!A29,הפניקס!A:K,10,0)+VLOOKUP('תפוקה מצטברת מול אשתקד'!A29,כלל!A:K,10,0)+VLOOKUP('תפוקה מצטברת מול אשתקד'!A29,מור!A:K,10,0)+VLOOKUP('תפוקה מצטברת מול אשתקד'!A29,'אלטשולר שחם'!A:K,10,0)+VLOOKUP('תפוקה מצטברת מול אשתקד'!A29,'מדיהו '!A:K,10,0)+VLOOKUP('תפוקה מצטברת מול אשתקד'!A29,'אנליסט '!A:K,10,0)+VLOOKUP('תפוקה מצטברת מול אשתקד'!A29,'מיטב דש'!A:K,10,0)+VLOOKUP('תפוקה מצטברת מול אשתקד'!A29,אינפניטי!A:K,10,0) -> 1574610.8 | O29: =VLOOKUP(A29,הכשרה!A:K,11,0)+VLOOKUP('תפוקה מצטברת מול אשתקד'!A29,מגדל!A:K,11,0)+VLOOKUP('תפוקה מצטברת מול אשתקד'!A29,מנורה!A:K,11,0)+VLOOKUP('תפוקה מצטברת מול אשתקד'!A29,איילון!A:K,11,0)+VLOOKUP('תפוקה מצטברת מול אשתקד'!A29,הראל!A:K,11,0)+VLOOKUP('תפוקה מצטברת מול אשתקד'!A29,הפניקס!A:K,11,0)+VLOOKUP('תפוקה מצטברת מול אשתקד'!A29,כלל!A:K,11,0)+VLOOKUP('תפוקה מצטברת מול אשתקד'!A29,מור!A:K,11,0)+VLOOKUP('תפוקה מצטברת מול אשתקד'!A29,'אלטשולר שחם'!A:K,11,0)+VLOOKUP('תפוקה מצטברת מול אשתקד'!A29,'מדיהו '!A:K,11,0)+VLOOKUP('תפוקה מצטברת מול אשתקד'!A29,'אנליסט '!A:K,11,0)+VLOOKUP('תפוקה מצטברת מול אשתקד'!A29,'מיטב דש'!A:K,11,0)+VLOOKUP('תפוקה מצטברת מול אשתקד'!A29,אינפניטי!A:K,11,0) -> 418280.79
A30: צקותאי אורי | B30: ערן גירוני | C30: סוכנים | D30: =IF(H30=0,0%,IF(L30=0,100%,H30/L30-1)) -> -0.77041601 | E30: =IF(I30=0,0%,IF(M30=0,100%,I30/M30-1)) -> 0.22278481 | F30: =IF(J30=0,0%,IF(N30=0,100%,J30/N30-1)) -> 0 | G30: =IF(K30=0,0%,IF(O30=H53,100%,K30/O30-1)) -> 0 | H30: =VLOOKUP(A30,הכשרה!A:G,4,0)+VLOOKUP('תפוקה מצטברת מול אשתקד'!A30,מגדל!A:G,4,0)+VLOOKUP('תפוקה מצטברת מול אשתקד'!A30,מנורה!A:G,4,0)+VLOOKUP('תפוקה מצטברת מול אשתקד'!A30,איילון!A:G,4,0)+VLOOKUP('תפוקה מצטברת מול אשתקד'!A30,הראל!A:G,4,0)+VLOOKUP('תפוקה מצטברת מול אשתקד'!A30,הפניקס!A:G,4,0)+VLOOKUP('תפוקה מצטברת מול אשתקד'!A30,כלל!A:G,4,0)+VLOOKUP('תפוקה מצטברת מול אשתקד'!A30,מור!A:G,4,0)+VLOOKUP('תפוקה מצטברת מול אשתקד'!A30,'אלטשולר שחם'!A:G,4,0)+VLOOKUP('תפוקה מצטברת מול אשתקד'!A30,'מדיהו '!A:G,4,0)+VLOOKUP('תפוקה מצטברת מול אשתקד'!A30,'אנליסט '!A:G,4,0)+VLOOKUP('תפוקה מצטברת מול אשתקד'!A30,'מיטב דש'!A:G,4,0)+VLOOKUP('תפוקה מצטברת מול אשתקד'!A30,אינפניטי!A:G,4,0) -> 4522.07 | I30: =VLOOKUP(A30,הכשרה!A:G,5,0)+VLOOKUP('תפוקה מצטברת מול אשתקד'!A30,מגדל!A:G,5,0)+VLOOKUP('תפוקה מצטברת מול אשתקד'!A30,מנורה!A:G,5,0)+VLOOKUP('תפוקה מצטברת מול אשתקד'!A30,איילון!A:G,5,0)+VLOOKUP('תפוקה מצטברת מול אשתקד'!A30,הראל!A:G,5,0)+VLOOKUP('תפוקה מצטברת מול אשתקד'!A30,הפניקס!A:G,5,0)+VLOOKUP('תפוקה מצטברת מול אשתקד'!A30,כלל!A:G,5,0)+VLOOKUP('תפוקה מצטברת מול אשתקד'!A30,מור!A:G,5,0)+VLOOKUP('תפוקה מצטברת מול אשתקד'!A30,'אלטשולר שחם'!A:G,5,0)+VLOOKUP('תפוקה מצטברת מול אשתקד'!A30,'מדיהו '!A:G,5,0)+VLOOKUP('תפוקה מצטברת מול אשתקד'!A30,'אנליסט '!A:G,5,0)+VLOOKUP('תפוקה מצטברת מול אשתקד'!A30,'מיטב דש'!A:G,5,0)+VLOOKUP('תפוקה מצטברת מול אשתקד'!A30,אינפניטי!A:G,5,0) -> 9.66 | J30: =VLOOKUP(A30,הכשרה!A:G,6,0)+VLOOKUP('תפוקה מצטברת מול אשתקד'!A30,מגדל!A:G,6,0)+VLOOKUP('תפוקה מצטברת מול אשתקד'!A30,מנורה!A:G,6,0)+VLOOKUP('תפוקה מצטברת מול אשתקד'!A30,איילון!A:G,6,0)+VLOOKUP(A30,הראל!A:G,6,0)+VLOOKUP('תפוקה מצטברת מול אשתקד'!A30,הפניקס!A:G,6,0)+VLOOKUP('תפוקה מצטברת מול אשתקד'!A30,כלל!A:G,6,0)+VLOOKUP('תפוקה מצטברת מול אשתקד'!A30,מור!A:G,6,0)+VLOOKUP('תפוקה מצטברת מול אשתקד'!A30,'אלטשולר שחם'!A:G,6,0)+VLOOKUP('תפוקה מצטברת מול אשתקד'!A30,'מדיהו '!A:G,6,0)+VLOOKUP('תפוקה מצטברת מול אשתקד'!A30,'אנליסט '!A:G,6,0)+VLOOKUP('תפוקה מצטברת מול אשתקד'!A30,'מיטב דש'!A:G,6,0)+VLOOKUP('תפוקה מצטברת מול אשתקד'!A30,אינפניטי!A:G,6,0) -> 0 | K30: =VLOOKUP(A30,הכשרה!A:G,7,0)+VLOOKUP('תפוקה מצטברת מול אשתקד'!A30,מגדל!A:G,7,0)+VLOOKUP('תפוקה מצטברת מול אשתקד'!A30,מנורה!A:G,7,0)+VLOOKUP('תפוקה מצטברת מול אשתקד'!A30,איילון!A:G,7,0)+VLOOKUP('תפוקה מצטברת מול אשתקד'!A30,הראל!A:G,7,0)+VLOOKUP('תפוקה מצטברת מול אשתקד'!A30,הפניקס!A:G,7,0)+VLOOKUP('תפוקה מצטברת מול אשתקד'!A30,כלל!A:G,7,0)+VLOOKUP('תפוקה מצטברת מול אשתקד'!A30,מור!A:G,7,0)+VLOOKUP('תפוקה מצטברת מול אשתקד'!A30,'אלטשולר שחם'!A:G,7,0)+VLOOKUP('תפוקה מצטברת מול אשתקד'!A30,'מדיהו '!A:K,7,0)+VLOOKUP(A30,'אנליסט '!A:G,7,0)+VLOOKUP('תפוקה מצטברת מול אשתקד'!A30,'מיטב דש'!A:G,7,0)+VLOOKUP('תפוקה מצטברת מול אשתקד'!A30,אינפניטי!A:G,7,0) -> 0 | L30: =VLOOKUP(A30,הכשרה!A:K,8,0)+VLOOKUP('תפוקה מצטברת מול אשתקד'!A30,מגדל!A:K,8,0)+VLOOKUP('תפוקה מצטברת מול אשתקד'!A30,מנורה!A:K,8,0)+VLOOKUP('תפוקה מצטברת מול אשתקד'!A30,איילון!A:K,8,0)+VLOOKUP('תפוקה מצטברת מול אשתקד'!A30,הראל!A:K,8,0)+VLOOKUP('תפוקה מצטברת מול אשתקד'!A30,הפניקס!A:K,8,0)+VLOOKUP('תפוקה מצטברת מול אשתקד'!A30,כלל!A:K,8,0)+VLOOKUP('תפוקה מצטברת מול אשתקד'!A30,מור!A:K,8,0)+VLOOKUP('תפוקה מצטברת מול אשתקד'!A30,'אלטשולר שחם'!A:K,8,0)+VLOOKUP('תפוקה מצטברת מול אשתקד'!A30,'מדיהו '!A:K,8,0)+VLOOKUP('תפוקה מצטברת מול אשתקד'!A30,'אנליסט '!A:K,8,0)+VLOOKUP('תפוקה מצטברת מול אשתקד'!A30,'מיטב דש'!A:K,8,0)+VLOOKUP('תפוקה מצטברת מול אשתקד'!A30,אינפניטי!A:K,8,0) -> 19696.8 | M30: =VLOOKUP(A30,הכשרה!A:K,9,0)+VLOOKUP('תפוקה מצטברת מול אשתקד'!A30,מגדל!A:K,9,0)+VLOOKUP('תפוקה מצטברת מול אשתקד'!A30,מנורה!A:K,9,0)+VLOOKUP('תפוקה מצטברת מול אשתקד'!A30,איילון!A:K,9,0)+VLOOKUP('תפוקה מצטברת מול אשתקד'!A30,הראל!A:K,9,0)+VLOOKUP('תפוקה מצטברת מול אשתקד'!A30,הפניקס!A:K,9,0)+VLOOKUP('תפוקה מצטברת מול אשתקד'!A30,כלל!A:K,9,0)+VLOOKUP('תפוקה מצטברת מול אשתקד'!A30,מור!A:K,9,0)+VLOOKUP('תפוקה מצטברת מול אשתקד'!A30,'אלטשולר שחם'!A:K,9,0)+VLOOKUP('תפוקה מצטברת מול אשתקד'!A30,'מדיהו '!A:K,9,0)+VLOOKUP('תפוקה מצטברת מול אשתקד'!A30,'אנליסט '!A:K,9,0)+VLOOKUP('תפוקה מצטברת מול אשתקד'!A30,'מיטב דש'!A:K,9,0)+VLOOKUP('תפוקה מצטברת מול אשתקד'!A30,אינפניטי!A:K,9,0) -> 7.9 | N30: =VLOOKUP(A30,הכשרה!A:K,10,0)+VLOOKUP('תפוקה מצטברת מול אשתקד'!A30,מגדל!A:K,10,0)+VLOOKUP('תפוקה מצטברת מול אשתקד'!A30,מנורה!A:K,10,0)+VLOOKUP('תפוקה מצטברת מול אשתקד'!A30,איילון!A:K,10,0)+VLOOKUP('תפוקה מצטברת מול אשתקד'!A30,הראל!A:K,10,0)+VLOOKUP('תפוקה מצטברת מול אשתקד'!A30,הפניקס!A:K,10,0)+VLOOKUP('תפוקה מצטברת מול אשתקד'!A30,כלל!A:K,10,0)+VLOOKUP('תפוקה מצטברת מול אשתקד'!A30,מור!A:K,10,0)+VLOOKUP('תפוקה מצטברת מול אשתקד'!A30,'אלטשולר שחם'!A:K,10,0)+VLOOKUP('תפוקה מצטברת מול אשתקד'!A30,'מדיהו '!A:K,10,0)+VLOOKUP('תפוקה מצטברת מול אשתקד'!A30,'אנליסט '!A:K,10,0)+VLOOKUP('תפוקה מצטברת מול אשתקד'!A30,'מיטב דש'!A:K,10,0)+VLOOKUP('תפוקה מצטברת מול אשתקד'!A30,אינפניטי!A:K,10,0) -> 0 | O30: =VLOOKUP(A30,הכשרה!A:K,11,0)+VLOOKUP('תפוקה מצטברת מול אשתקד'!A30,מגדל!A:K,11,0)+VLOOKUP('תפוקה מצטברת מול אשתקד'!A30,מנורה!A:K,11,0)+VLOOKUP('תפוקה מצטברת מול אשתקד'!A30,איילון!A:K,11,0)+VLOOKUP('תפוקה מצטברת מול אשתקד'!A30,הראל!A:K,11,0)+VLOOKUP('תפוקה מצטברת מול אשתקד'!A30,הפניקס!A:K,11,0)+VLOOKUP('תפוקה מצטברת מול אשתקד'!A30,כלל!A:K,11,0)+VLOOKUP('תפוקה מצטברת מול אשתקד'!A30,מור!A:K,11,0)+VLOOKUP('תפוקה מצטברת מול אשתקד'!A30,'אלטשולר שחם'!A:K,11,0)+VLOOKUP('תפוקה מצטברת מול אשתקד'!A30,'מדיהו '!A:K,11,0)+VLOOKUP('תפוקה מצטברת מול אשתקד'!A30,'אנליסט '!A:K,11,0)+VLOOKUP('תפוקה מצטברת מול אשתקד'!A30,'מיטב דש'!A:K,11,0)+VLOOKUP('תפוקה מצטברת מול אשתקד'!A30,אינפניטי!A:K,11,0) -> 213955.23
A31: סמיר בלאן | B31: ערן גירוני | C31: סוכנים | D31: =IF(H31=0,0%,IF(L31=0,100%,H31/L31-1)) -> -0.96206739 | E31: =IF(I31=0,0%,IF(M31=0,100%,I31/M31-1)) -> 0 | F31: =IF(J31=0,0%,IF(N31=0,100%,J31/N31-1)) -> -0.65566847 | G31: =IF(K31=0,0%,IF(O31=H54,100%,K31/O31-1)) -> 0 | H31: =VLOOKUP(A31,הכשרה!A:G,4,0)+VLOOKUP('תפוקה מצטברת מול אשתקד'!A31,מגדל!A:G,4,0)+VLOOKUP('תפוקה מצטברת מול אשתקד'!A31,מנורה!A:G,4,0)+VLOOKUP('תפוקה מצטברת מול אשתקד'!A31,איילון!A:G,4,0)+VLOOKUP('תפוקה מצטברת מול אשתקד'!A31,הראל!A:G,4,0)+VLOOKUP('תפוקה מצטברת מול אשתקד'!A31,הפניקס!A:G,4,0)+VLOOKUP('תפוקה מצטברת מול אשתקד'!A31,כלל!A:G,4,0)+VLOOKUP('תפוקה מצטברת מול אשתקד'!A31,מור!A:G,4,0)+VLOOKUP('תפוקה מצטברת מול אשתקד'!A31,'אלטשולר שחם'!A:G,4,0)+VLOOKUP('תפוקה מצטברת מול אשתקד'!A31,'מדיהו '!A:G,4,0)+VLOOKUP('תפוקה מצטברת מול אשתקד'!A31,'אנליסט '!A:G,4,0)+VLOOKUP('תפוקה מצטברת מול אשתקד'!A31,'מיטב דש'!A:G,4,0)+VLOOKUP('תפוקה מצטברת מול אשתקד'!A31,אינפניטי!A:G,4,0) -> 1430.7864 | I31: =VLOOKUP(A31,הכשרה!A:G,5,0)+VLOOKUP('תפוקה מצטברת מול אשתקד'!A31,מגדל!A:G,5,0)+VLOOKUP('תפוקה מצטברת מול אשתקד'!A31,מנורה!A:G,5,0)+VLOOKUP('תפוקה מצטברת מול אשתקד'!A31,איילון!A:G,5,0)+VLOOKUP('תפוקה מצטברת מול אשתקד'!A31,הראל!A:G,5,0)+VLOOKUP('תפוקה מצטברת מול אשתקד'!A31,הפניקס!A:G,5,0)+VLOOKUP('תפוקה מצטברת מול אשתקד'!A31,כלל!A:G,5,0)+VLOOKUP('תפוקה מצטברת מול אשתקד'!A31,מור!A:G,5,0)+VLOOKUP('תפוקה מצטברת מול אשתקד'!A31,'אלטשולר שחם'!A:G,5,0)+VLOOKUP('תפוקה מצטברת מול אשתקד'!A31,'מדיהו '!A:G,5,0)+VLOOKUP('תפוקה מצטברת מול אשתקד'!A31,'אנליסט '!A:G,5,0)+VLOOKUP('תפוקה מצטברת מול אשתקד'!A31,'מיטב דש'!A:G,5,0)+VLOOKUP('תפוקה מצטברת מול אשתקד'!A31,אינפניטי!A:G,5,0) -> 0 | J31: =VLOOKUP(A31,הכשרה!A:G,6,0)+VLOOKUP('תפוקה מצטברת מול אשתקד'!A31,מגדל!A:G,6,0)+VLOOKUP('תפוקה מצטברת מול אשתקד'!A31,מנורה!A:G,6,0)+VLOOKUP('תפוקה מצטברת מול אשתקד'!A31,איילון!A:G,6,0)+VLOOKUP(A31,הראל!A:G,6,0)+VLOOKUP('תפוקה מצטברת מול אשתקד'!A31,הפניקס!A:G,6,0)+VLOOKUP('תפוקה מצטברת מול אשתקד'!A31,כלל!A:G,6,0)+VLOOKUP('תפוקה מצטברת מול אשתקד'!A31,מור!A:G,6,0)+VLOOKUP('תפוקה מצטברת מול אשתקד'!A31,'אלטשולר שחם'!A:G,6,0)+VLOOKUP('תפוקה מצטברת מול אשתקד'!A31,'מדיהו '!A:G,6,0)+VLOOKUP('תפוקה מצטברת מול אשתקד'!A31,'אנליסט '!A:G,6,0)+VLOOKUP('תפוקה מצטברת מול אשתקד'!A31,'מיטב דש'!A:G,6,0)+VLOOKUP('תפוקה מצטברת מול אשתקד'!A31,אינפניטי!A:G,6,0) -> 14899.646 | K31: =VLOOKUP(A31,הכשרה!A:G,7,0)+VLOOKUP('תפוקה מצטברת מול אשתקד'!A31,מגדל!A:G,7,0)+VLOOKUP('תפוקה מצטברת מול אשתקד'!A31,מנורה!A:G,7,0)+VLOOKUP('תפוקה מצטברת מול אשתקד'!A31,איילון!A:G,7,0)+VLOOKUP('תפוקה מצטברת מול אשתקד'!A31,הראל!A:G,7,0)+VLOOKUP('תפוקה מצטברת מול אשתקד'!A31,הפניקס!A:G,7,0)+VLOOKUP('תפוקה מצטברת מול אשתקד'!A31,כלל!A:G,7,0)+VLOOKUP('תפוקה מצטברת מול אשתקד'!A31,מור!A:G,7,0)+VLOOKUP('תפוקה מצטברת מול אשתקד'!A31,'אלטשולר שחם'!A:G,7,0)+VLOOKUP('תפוקה מצטברת מול אשתקד'!A31,'מדיהו '!A:K,7,0)+VLOOKUP(A31,'אנליסט '!A:G,7,0)+VLOOKUP('תפוקה מצטברת מול אשתקד'!A31,'מיטב דש'!A:G,7,0)+VLOOKUP('תפוקה מצטברת מול אשתקד'!A31,אינפניטי!A:G,7,0) -> 0 | L31: =VLOOKUP(A31,הכשרה!A:K,8,0)+VLOOKUP('תפוקה מצטברת מול אשתקד'!A31,מגדל!A:K,8,0)+VLOOKUP('תפוקה מצטברת מול אשתקד'!A31,מנורה!A:K,8,0)+VLOOKUP('תפוקה מצטברת מול אשתקד'!A31,איילון!A:K,8,0)+VLOOKUP('תפוקה מצטברת מול אשתקד'!A31,הראל!A:K,8,0)+VLOOKUP('תפוקה מצטברת מול אשתקד'!A31,הפניקס!A:K,8,0)+VLOOKUP('תפוקה מצטברת מול אשתקד'!A31,כלל!A:K,8,0)+VLOOKUP('תפוקה מצטברת מול אשתקד'!A31,מור!A:K,8,0)+VLOOKUP('תפוקה מצטברת מול אשתקד'!A31,'אלטשולר שחם'!A:K,8,0)+VLOOKUP('תפוקה מצטברת מול אשתקד'!A31,'מדיהו '!A:K,8,0)+VLOOKUP('תפוקה מצטברת מול אשתקד'!A31,'אנליסט '!A:K,8,0)+VLOOKUP('תפוקה מצטברת מול אשתקד'!A31,'מיטב דש'!A:K,8,0)+VLOOKUP('תפוקה מצטברת מול אשתקד'!A31,אינפניטי!A:K,8,0) -> 37719.162 | M31: =VLOOKUP(A31,הכשרה!A:K,9,0)+VLOOKUP('תפוקה מצטברת מול אשתקד'!A31,מגדל!A:K,9,0)+VLOOKUP('תפוקה מצטברת מול אשתקד'!A31,מנורה!A:K,9,0)+VLOOKUP('תפוקה מצטברת מול אשתקד'!A31,איילון!A:K,9,0)+VLOOKUP('תפוקה מצטברת מול אשתקד'!A31,הראל!A:K,9,0)+VLOOKUP('תפוקה מצטברת מול אשתקד'!A31,הפניקס!A:K,9,0)+VLOOKUP('תפוקה מצטברת מול אשתקד'!A31,כלל!A:K,9,0)+VLOOKUP('תפוקה מצטברת מול אשתקד'!A31,מור!A:K,9,0)+VLOOKUP('תפוקה מצטברת מול אשתקד'!A31,'אלטשולר שחם'!A:K,9,0)+VLOOKUP('תפוקה מצטברת מול אשתקד'!A31,'מדיהו '!A:K,9,0)+VLOOKUP('תפוקה מצטברת מול אשתקד'!A31,'אנליסט '!A:K,9,0)+VLOOKUP('תפוקה מצטברת מול אשתקד'!A31,'מיטב דש'!A:K,9,0)+VLOOKUP('תפוקה מצטברת מול אשתקד'!A31,אינפניטי!A:K,9,0) -> 3052.74 | N31: =VLOOKUP(A31,הכשרה!A:K,10,0)+VLOOKUP('תפוקה מצטברת מול אשתקד'!A31,מגדל!A:K,10,0)+VLOOKUP('תפוקה מצטברת מול אשתקד'!A31,מנורה!A:K,10,0)+VLOOKUP('תפוקה מצטברת מול אשתקד'!A31,איילון!A:K,10,0)+VLOOKUP('תפוקה מצטברת מול אשתקד'!A31,הראל!A:K,10,0)+VLOOKUP('תפוקה מצטברת מול אשתקד'!A31,הפניקס!A:K,10,0)+VLOOKUP('תפוקה מצטברת מול אשתקד'!A31,כלל!A:K,10,0)+VLOOKUP('תפוקה מצטברת מול אשתקד'!A31,מור!A:K,10,0)+VLOOKUP('תפוקה מצטברת מול אשתקד'!A31,'אלטשולר שחם'!A:K,10,0)+VLOOKUP('תפוקה מצטברת מול אשתקד'!A31,'מדיהו '!A:K,10,0)+VLOOKUP('תפוקה מצטברת מול אשתקד'!A31,'אנליסט '!A:K,10,0)+VLOOKUP('תפוקה מצטברת מול אשתקד'!A31,'מיטב דש'!A:K,10,0)+VLOOKUP('תפוקה מצטברת מול אשתקד'!A31,אינפניטי!A:K,10,0) -> 43271.222 | O31: =VLOOKUP(A31,הכשרה!A:K,11,0)+VLOOKUP('תפוקה מצטברת מול אשתקד'!A31,מגדל!A:K,11,0)+VLOOKUP('תפוקה מצטברת מול אשתקד'!A31,מנורה!A:K,11,0)+VLOOKUP('תפוקה מצטברת מול אשתקד'!A31,איילון!A:K,11,0)+VLOOKUP('תפוקה מצטברת מול אשתקד'!A31,הראל!A:K,11,0)+VLOOKUP('תפוקה מצטברת מול אשתקד'!A31,הפניקס!A:K,11,0)+VLOOKUP('תפוקה מצטברת מול אשתקד'!A31,כלל!A:K,11,0)+VLOOKUP('תפוקה מצטברת מול אשתקד'!A31,מור!A:K,11,0)+VLOOKUP('תפוקה מצטברת מול אשתקד'!A31,'אלטשולר שחם'!A:K,11,0)+VLOOKUP('תפוקה מצטברת מול אשתקד'!A31,'מדיהו '!A:K,11,0)+VLOOKUP('תפוקה מצטברת מול אשתקד'!A31,'אנליסט '!A:K,11,0)+VLOOKUP('תפוקה מצטברת מול אשתקד'!A31,'מיטב דש'!A:K,11,0)+VLOOKUP('תפוקה מצטברת מול אשתקד'!A31,אינפניטי!A:K,11,0) -> 0
A32: רן בסין | B32: ערן גירוני | C32: סוכנים | D32: =IF(H32=0,0%,IF(L32=0,100%,H32/L32-1)) -> 0 | E32: =IF(I32=0,0%,IF(M32=0,100%,I32/M32-1)) -> 0 | F32: =IF(J32=0,0%,IF(N32=0,100%,J32/N32-1)) -> 0 | G32: =IF(K32=0,0%,IF(O32=H55,100%,K32/O32-1)) -> 0 | H32: =VLOOKUP(A32,הכשרה!A:G,4,0)+VLOOKUP('תפוקה מצטברת מול אשתקד'!A32,מגדל!A:G,4,0)+VLOOKUP('תפוקה מצטברת מול אשתקד'!A32,מנורה!A:G,4,0)+VLOOKUP('תפוקה מצטברת מול אשתקד'!A32,איילון!A:G,4,0)+VLOOKUP('תפוקה מצטברת מול אשתקד'!A32,הראל!A:G,4,0)+VLOOKUP('תפוקה מצטברת מול אשתקד'!A32,הפניקס!A:G,4,0)+VLOOKUP('תפוקה מצטברת מול אשתקד'!A32,כלל!A:G,4,0)+VLOOKUP('תפוקה מצטברת מול אשתקד'!A32,מור!A:G,4,0)+VLOOKUP('תפוקה מצטברת מול אשתקד'!A32,'אלטשולר שחם'!A:G,4,0)+VLOOKUP('תפוקה מצטברת מול אשתקד'!A32,'מדיהו '!A:G,4,0)+VLOOKUP('תפוקה מצטברת מול אשתקד'!A32,'אנליסט '!A:G,4,0)+VLOOKUP('תפוקה מצטברת מול אשתקד'!A32,'מיטב דש'!A:G,4,0)+VLOOKUP('תפוקה מצטברת מול אשתקד'!A32,אינפניטי!A:G,4,0) -> 0 | I32: =VLOOKUP(A32,הכשרה!A:G,5,0)+VLOOKUP('תפוקה מצטברת מול אשתקד'!A32,מגדל!A:G,5,0)+VLOOKUP('תפוקה מצטברת מול אשתקד'!A32,מנורה!A:G,5,0)+VLOOKUP('תפוקה מצטברת מול אשתקד'!A32,איילון!A:G,5,0)+VLOOKUP('תפוקה מצטברת מול אשתקד'!A32,הראל!A:G,5,0)+VLOOKUP('תפוקה מצטברת מול אשתקד'!A32,הפניקס!A:G,5,0)+VLOOKUP('תפוקה מצטברת מול אשתקד'!A32,כלל!A:G,5,0)+VLOOKUP('תפוקה מצטברת מול אשתקד'!A32,מור!A:G,5,0)+VLOOKUP('תפוקה מצטברת מול אשתקד'!A32,'אלטשולר שחם'!A:G,5,0)+VLOOKUP('תפוקה מצטברת מול אשתקד'!A32,'מדיהו '!A:G,5,0)+VLOOKUP('תפוקה מצטברת מול אשתקד'!A32,'אנליסט '!A:G,5,0)+VLOOKUP('תפוקה מצטברת מול אשתקד'!A32,'מיטב דש'!A:G,5,0)+VLOOKUP('תפוקה מצטברת מול אשתקד'!A32,אינפניטי!A:G,5,0) -> 0 | J32: =VLOOKUP(A32,הכשרה!A:G,6,0)+VLOOKUP('תפוקה מצטברת מול אשתקד'!A32,מגדל!A:G,6,0)+VLOOKUP('תפוקה מצטברת מול אשתקד'!A32,מנורה!A:G,6,0)+VLOOKUP('תפוקה מצטברת מול אשתקד'!A32,איילון!A:G,6,0)+VLOOKUP(A32,הראל!A:G,6,0)+VLOOKUP('תפוקה מצטברת מול אשתקד'!A32,הפניקס!A:G,6,0)+VLOOKUP('תפוקה מצטברת מול אשתקד'!A32,כלל!A:G,6,0)+VLOOKUP('תפוקה מצטברת מול אשתקד'!A32,מור!A:G,6,0)+VLOOKUP('תפוקה מצטברת מול אשתקד'!A32,'אלטשולר שחם'!A:G,6,0)+VLOOKUP('תפוקה מצטברת מול אשתקד'!A32,'מדיהו '!A:G,6,0)+VLOOKUP('תפוקה מצטברת מול אשתקד'!A32,'אנליסט '!A:G,6,0)+VLOOKUP('תפוקה מצטברת מול אשתקד'!A32,'מיטב דש'!A:G,6,0)+VLOOKUP('תפוקה מצטברת מול אשתקד'!A32,אינפניטי!A:G,6,0) -> 0 | K32: =VLOOKUP(A32,הכשרה!A:G,7,0)+VLOOKUP('תפוקה מצטברת מול אשתקד'!A32,מגדל!A:G,7,0)+VLOOKUP('תפוקה מצטברת מול אשתקד'!A32,מנורה!A:G,7,0)+VLOOKUP('תפוקה מצטברת מול אשתקד'!A32,איילון!A:G,7,0)+VLOOKUP('תפוקה מצטברת מול אשתקד'!A32,הראל!A:G,7,0)+VLOOKUP('תפוקה מצטברת מול אשתקד'!A32,הפניקס!A:G,7,0)+VLOOKUP('תפוקה מצטברת מול אשתקד'!A32,כלל!A:G,7,0)+VLOOKUP('תפוקה מצטברת מול אשתקד'!A32,מור!A:G,7,0)+VLOOKUP('תפוקה מצטברת מול אשתקד'!A32,'אלטשולר שחם'!A:G,7,0)+VLOOKUP('תפוקה מצטברת מול אשתקד'!A32,'מדיהו '!A:K,7,0)+VLOOKUP(A32,'אנליסט '!A:G,7,0)+VLOOKUP('תפוקה מצטברת מול אשתקד'!A32,'מיטב דש'!A:G,7,0)+VLOOKUP('תפוקה מצטברת מול אשתקד'!A32,אינפניטי!A:G,7,0) -> 0 | L32: =VLOOKUP(A32,הכשרה!A:K,8,0)+VLOOKUP('תפוקה מצטברת מול אשתקד'!A32,מגדל!A:K,8,0)+VLOOKUP('תפוקה מצטברת מול אשתקד'!A32,מנורה!A:K,8,0)+VLOOKUP('תפוקה מצטברת מול אשתקד'!A32,איילון!A:K,8,0)+VLOOKUP('תפוקה מצטברת מול אשתקד'!A32,הראל!A:K,8,0)+VLOOKUP('תפוקה מצטברת מול אשתקד'!A32,הפניקס!A:K,8,0)+VLOOKUP('תפוקה מצטברת מול אשתקד'!A32,כלל!A:K,8,0)+VLOOKUP('תפוקה מצטברת מול אשתקד'!A32,מור!A:K,8,0)+VLOOKUP('תפוקה מצטברת מול אשתקד'!A32,'אלטשולר שחם'!A:K,8,0)+VLOOKUP('תפוקה מצטברת מול אשתקד'!A32,'מדיהו '!A:K,8,0)+VLOOKUP('תפוקה מצטברת מול אשתקד'!A32,'אנליסט '!A:K,8,0)+VLOOKUP('תפוקה מצטברת מול אשתקד'!A32,'מיטב דש'!A:K,8,0)+VLOOKUP('תפוקה מצטברת מול אשתקד'!A32,אינפניטי!A:K,8,0) -> 0 | M32: =VLOOKUP(A32,הכשרה!A:K,9,0)+VLOOKUP('תפוקה מצטברת מול אשתקד'!A32,מגדל!A:K,9,0)+VLOOKUP('תפוקה מצטברת מול אשתקד'!A32,מנורה!A:K,9,0)+VLOOKUP('תפוקה מצטברת מול אשתקד'!A32,איילון!A:K,9,0)+VLOOKUP('תפוקה מצטברת מול אשתקד'!A32,הראל!A:K,9,0)+VLOOKUP('תפוקה מצטברת מול אשתקד'!A32,הפניקס!A:K,9,0)+VLOOKUP('תפוקה מצטברת מול אשתקד'!A32,כלל!A:K,9,0)+VLOOKUP('תפוקה מצטברת מול אשתקד'!A32,מור!A:K,9,0)+VLOOKUP('תפוקה מצטברת מול אשתקד'!A32,'אלטשולר שחם'!A:K,9,0)+VLOOKUP('תפוקה מצטברת מול אשתקד'!A32,'מדיהו '!A:K,9,0)+VLOOKUP('תפוקה מצטברת מול אשתקד'!A32,'אנליסט '!A:K,9,0)+VLOOKUP('תפוקה מצטברת מול אשתקד'!A32,'מיטב דש'!A:K,9,0)+VLOOKUP('תפוקה מצטברת מול אשתקד'!A32,אינפניטי!A:K,9,0) -> 7.37 | N32: =VLOOKUP(A32,הכשרה!A:K,10,0)+VLOOKUP('תפוקה מצטברת מול אשתקד'!A32,מגדל!A:K,10,0)+VLOOKUP('תפוקה מצטברת מול אשתקד'!A32,מנורה!A:K,10,0)+VLOOKUP('תפוקה מצטברת מול אשתקד'!A32,איילון!A:K,10,0)+VLOOKUP('תפוקה מצטברת מול אשתקד'!A32,הראל!A:K,10,0)+VLOOKUP('תפוקה מצטברת מול אשתקד'!A32,הפניקס!A:K,10,0)+VLOOKUP('תפוקה מצטברת מול אשתקד'!A32,כלל!A:K,10,0)+VLOOKUP('תפוקה מצטברת מול אשתקד'!A32,מור!A:K,10,0)+VLOOKUP('תפוקה מצטברת מול אשתקד'!A32,'אלטשולר שחם'!A:K,10,0)+VLOOKUP('תפוקה מצטברת מול אשתקד'!A32,'מדיהו '!A:K,10,0)+VLOOKUP('תפוקה מצטברת מול אשתקד'!A32,'אנליסט '!A:K,10,0)+VLOOKUP('תפוקה מצטברת מול אשתקד'!A32,'מיטב דש'!A:K,10,0)+VLOOKUP('תפוקה מצטברת מול אשתקד'!A32,אינפניטי!A:K,10,0) -> 0 | O32: =VLOOKUP(A32,הכשרה!A:K,11,0)+VLOOKUP('תפוקה מצטברת מול אשתקד'!A32,מגדל!A:K,11,0)+VLOOKUP('תפוקה מצטברת מול אשתקד'!A32,מנורה!A:K,11,0)+VLOOKUP('תפוקה מצטברת מול אשתקד'!A32,איילון!A:K,11,0)+VLOOKUP('תפוקה מצטברת מול אשתקד'!A32,הראל!A:K,11,0)+VLOOKUP('תפוקה מצטברת מול אשתקד'!A32,הפניקס!A:K,11,0)+VLOOKUP('תפוקה מצטברת מול אשתקד'!A32,כלל!A:K,11,0)+VLOOKUP('תפוקה מצטברת מול אשתקד'!A32,מור!A:K,11,0)+VLOOKUP('תפוקה מצטברת מול אשתקד'!A32,'אלטשולר שחם'!A:K,11,0)+VLOOKUP('תפוקה מצטברת מול אשתקד'!A32,'מדיהו '!A:K,11,0)+VLOOKUP('תפוקה מצטברת מול אשתקד'!A32,'אנליסט '!A:K,11,0)+VLOOKUP('תפוקה מצטברת מול אשתקד'!A32,'מיטב דש'!A:K,11,0)+VLOOKUP('תפוקה מצטברת מול אשתקד'!A32,אינפניטי!A:K,11,0) -> 0
A33: אלקרינאוי ראוף | B33: ערן גירוני | C33: סוכנים | D33: =IF(H33=0,0%,IF(L33=0,100%,H33/L33-1)) -> 0 | E33: =IF(I33=0,0%,IF(M33=0,100%,I33/M33-1)) -> -14.297011 | F33: =IF(J33=0,0%,IF(N33=0,100%,J33/N33-1)) -> 0 | G33: =IF(K33=0,0%,IF(O33=H56,100%,K33/O33-1)) -> 0 | H33: =VLOOKUP(A33,הכשרה!A:G,4,0)+VLOOKUP('תפוקה מצטברת מול אשתקד'!A33,מגדל!A:G,4,0)+VLOOKUP('תפוקה מצטברת מול אשתקד'!A33,מנורה!A:G,4,0)+VLOOKUP('תפוקה מצטברת מול אשתקד'!A33,איילון!A:G,4,0)+VLOOKUP('תפוקה מצטברת מול אשתקד'!A33,הראל!A:G,4,0)+VLOOKUP('תפוקה מצטברת מול אשתקד'!A33,הפניקס!A:G,4,0)+VLOOKUP('תפוקה מצטברת מול אשתקד'!A33,כלל!A:G,4,0)+VLOOKUP('תפוקה מצטברת מול אשתקד'!A33,מור!A:G,4,0)+VLOOKUP('תפוקה מצטברת מול אשתקד'!A33,'אלטשולר שחם'!A:G,4,0)+VLOOKUP('תפוקה מצטברת מול אשתקד'!A33,'מדיהו '!A:G,4,0)+VLOOKUP('תפוקה מצטברת מול אשתקד'!A33,'אנליסט '!A:G,4,0)+VLOOKUP('תפוקה מצטברת מול אשתקד'!A33,'מיטב דש'!A:G,4,0)+VLOOKUP('תפוקה מצטברת מול אשתקד'!A33,אינפניטי!A:G,4,0) -> 0 | I33: =VLOOKUP(A33,הכשרה!A:G,5,0)+VLOOKUP('תפוקה מצטברת מול אשתקד'!A33,מגדל!A:G,5,0)+VLOOKUP('תפוקה מצטברת מול אשתקד'!A33,מנורה!A:G,5,0)+VLOOKUP('תפוקה מצטברת מול אשתקד'!A33,איילון!A:G,5,0)+VLOOKUP('תפוקה מצטברת מול אשתקד'!A33,הראל!A:G,5,0)+VLOOKUP('תפוקה מצטברת מול אשתקד'!A33,הפניקס!A:G,5,0)+VLOOKUP('תפוקה מצטברת מול אשתקד'!A33,כלל!A:G,5,0)+VLOOKUP('תפוקה מצטברת מול אשתקד'!A33,מור!A:G,5,0)+VLOOKUP('תפוקה מצטברת מול אשתקד'!A33,'אלטשולר שחם'!A:G,5,0)+VLOOKUP('תפוקה מצטברת מול אשתקד'!A33,'מדיהו '!A:G,5,0)+VLOOKUP('תפוקה מצטברת מול אשתקד'!A33,'אנליסט '!A:G,5,0)+VLOOKUP('תפוקה מצטברת מול אשתקד'!A33,'מיטב דש'!A:G,5,0)+VLOOKUP('תפוקה מצטברת מול אשתקד'!A33,אינפניטי!A:G,5,0) -> 6659.396 | J33: =VLOOKUP(A33,הכשרה!A:G,6,0)+VLOOKUP('תפוקה מצטברת מול אשתקד'!A33,מגדל!A:G,6,0)+VLOOKUP('תפוקה מצטברת מול אשתקד'!A33,מנורה!A:G,6,0)+VLOOKUP('תפוקה מצטברת מול אשתקד'!A33,איילון!A:G,6,0)+VLOOKUP(A33,הראל!A:G,6,0)+VLOOKUP('תפוקה מצטברת מול אשתקד'!A33,הפניקס!A:G,6,0)+VLOOKUP('תפוקה מצטברת מול אשתקד'!A33,כלל!A:G,6,0)+VLOOKUP('תפוקה מצטברת מול אשתקד'!A33,מור!A:G,6,0)+VLOOKUP('תפוקה מצטברת מול אשתקד'!A33,'אלטשולר שחם'!A:G,6,0)+VLOOKUP('תפוקה מצטברת מול אשתקד'!A33,'מדיהו '!A:G,6,0)+VLOOKUP('תפוקה מצטברת מול אשתקד'!A33,'אנליסט '!A:G,6,0)+VLOOKUP('תפוקה מצטברת מול אשתקד'!A33,'מיטב דש'!A:G,6,0)+VLOOKUP('תפוקה מצטברת מול אשתקד'!A33,אינפניטי!A:G,6,0) -> 0 | K33: =VLOOKUP(A33,הכשרה!A:G,7,0)+VLOOKUP('תפוקה מצטברת מול אשתקד'!A33,מגדל!A:G,7,0)+VLOOKUP('תפוקה מצטברת מול אשתקד'!A33,מנורה!A:G,7,0)+VLOOKUP('תפוקה מצטברת מול אשתקד'!A33,איילון!A:G,7,0)+VLOOKUP('תפוקה מצטברת מול אשתקד'!A33,הראל!A:G,7,0)+VLOOKUP('תפוקה מצטברת מול אשתקד'!A33,הפניקס!A:G,7,0)+VLOOKUP('תפוקה מצטברת מול אשתקד'!A33,כלל!A:G,7,0)+VLOOKUP('תפוקה מצטברת מול אשתקד'!A33,מור!A:G,7,0)+VLOOKUP('תפוקה מצטברת מול אשתקד'!A33,'אלטשולר שחם'!A:G,7,0)+VLOOKUP('תפוקה מצטברת מול אשתקד'!A33,'מדיהו '!A:K,7,0)+VLOOKUP(A33,'אנליסט '!A:G,7,0)+VLOOKUP('תפוקה מצטברת מול אשתקד'!A33,'מיטב דש'!A:G,7,0)+VLOOKUP('תפוקה מצטברת מול אשתקד'!A33,אינפניטי!A:G,7,0) -> 0 | L33: =VLOOKUP(A33,הכשרה!A:K,8,0)+VLOOKUP('תפוקה מצטברת מול אשתקד'!A33,מגדל!A:K,8,0)+VLOOKUP('תפוקה מצטברת מול אשתקד'!A33,מנורה!A:K,8,0)+VLOOKUP('תפוקה מצטברת מול אשתקד'!A33,איילון!A:K,8,0)+VLOOKUP('תפוקה מצטברת מול אשתקד'!A33,הראל!A:K,8,0)+VLOOKUP('תפוקה מצטברת מול אשתקד'!A33,הפניקס!A:K,8,0)+VLOOKUP('תפוקה מצטברת מול אשתקד'!A33,כלל!A:K,8,0)+VLOOKUP('תפוקה מצטברת מול אשתקד'!A33,מור!A:K,8,0)+VLOOKUP('תפוקה מצטברת מול אשתקד'!A33,'אלטשולר שחם'!A:K,8,0)+VLOOKUP('תפוקה מצטברת מול אשתקד'!A33,'מדיהו '!A:K,8,0)+VLOOKUP('תפוקה מצטברת מול אשתקד'!A33,'אנליסט '!A:K,8,0)+VLOOKUP('תפוקה מצטברת מול אשתקד'!A33,'מיטב דש'!A:K,8,0)+VLOOKUP('תפוקה מצטברת מול אשתקד'!A33,אינפניטי!A:K,8,0) -> 0 | M33: =VLOOKUP(A33,הכשרה!A:K,9,0)+VLOOKUP('תפוקה מצטברת מול אשתקד'!A33,מגדל!A:K,9,0)+VLOOKUP('תפוקה מצטברת מול אשתקד'!A33,מנורה!A:K,9,0)+VLOOKUP('תפוקה מצטברת מול אשתקד'!A33,איילון!A:K,9,0)+VLOOKUP('תפוקה מצטברת מול אשתקד'!A33,הראל!A:K,9,0)+VLOOKUP('תפוקה מצטברת מול אשתקד'!A33,הפניקס!A:K,9,0)+VLOOKUP('תפוקה מצטברת מול אשתקד'!A33,כלל!A:K,9,0)+VLOOKUP('תפוקה מצטברת מול אשתקד'!A33,מור!A:K,9,0)+VLOOKUP('תפוקה מצטברת מול אשתקד'!A33,'אלטשולר שחם'!A:K,9,0)+VLOOKUP('תפוקה מצטברת מול אשתקד'!A33,'מדיהו '!A:K,9,0)+VLOOKUP('תפוקה מצטברת מול אשתקד'!A33,'אנליסט '!A:K,9,0)+VLOOKUP('תפוקה מצטברת מול אשתקד'!A33,'מיטב דש'!A:K,9,0)+VLOOKUP('תפוקה מצטברת מול אשתקד'!A33,אינפניטי!A:K,9,0) -> -500.819 | N33: =VLOOKUP(A33,הכשרה!A:K,10,0)+VLOOKUP('תפוקה מצטברת מול אשתקד'!A33,מגדל!A:K,10,0)+VLOOKUP('תפוקה מצטברת מול אשתקד'!A33,מנורה!A:K,10,0)+VLOOKUP('תפוקה מצטברת מול אשתקד'!A33,איילון!A:K,10,0)+VLOOKUP('תפוקה מצטברת מול אשתקד'!A33,הראל!A:K,10,0)+VLOOKUP('תפוקה מצטברת מול אשתקד'!A33,הפניקס!A:K,10,0)+VLOOKUP('תפוקה מצטברת מול אשתקד'!A33,כלל!A:K,10,0)+VLOOKUP('תפוקה מצטברת מול אשתקד'!A33,מור!A:K,10,0)+VLOOKUP('תפוקה מצטברת מול אשתקד'!A33,'אלטשולר שחם'!A:K,10,0)+VLOOKUP('תפוקה מצטברת מול אשתקד'!A33,'מדיהו '!A:K,10,0)+VLOOKUP('תפוקה מצטברת מול אשתקד'!A33,'אנליסט '!A:K,10,0)+VLOOKUP('תפוקה מצטברת מול אשתקד'!A33,'מיטב דש'!A:K,10,0)+VLOOKUP('תפוקה מצטברת מול אשתקד'!A33,אינפניטי!A:K,10,0) -> 0 | O33: =VLOOKUP(A33,הכשרה!A:K,11,0)+VLOOKUP('תפוקה מצטברת מול אשתקד'!A33,מגדל!A:K,11,0)+VLOOKUP('תפוקה מצטברת מול אשתקד'!A33,מנורה!A:K,11,0)+VLOOKUP('תפוקה מצטברת מול אשתקד'!A33,איילון!A:K,11,0)+VLOOKUP('תפוקה מצטברת מול אשתקד'!A33,הראל!A:K,11,0)+VLOOKUP('תפוקה מצטברת מול אשתקד'!A33,הפניקס!A:K,11,0)+VLOOKUP('תפוקה מצטברת מול אשתקד'!A33,כלל!A:K,11,0)+VLOOKUP('תפוקה מצטברת מול אשתקד'!A33,מור!A:K,11,0)+VLOOKUP('תפוקה מצטברת מול אשתקד'!A33,'אלטשולר שחם'!A:K,11,0)+VLOOKUP('תפוקה מצטברת מול אשתקד'!A33,'מדיהו '!A:K,11,0)+VLOOKUP('תפוקה מצטברת מול אשתקד'!A33,'אנליסט '!A:K,11,0)+VLOOKUP('תפוקה מצטברת מול אשתקד'!A33,'מיטב דש'!A:K,11,0)+VLOOKUP('תפוקה מצטברת מול אשתקד'!A33,אינפניטי!A:K,11,0) -> 0
... A37: בדארנה עומר | B37: ערן גירוני | C37: סוכנים | D37: =IF(H37=0,0%,IF(L37=0,100%,H37/L37-1)) -> 0 | E37: =IF(I37=0,0%,IF(M37=0,100%,I37/M37-1)) -> 0 | F37: =IF(J37=0,0%,IF(N37=0,100%,J37/N37-1)) -> 0 | G37: =IF(K37=0,0%,IF(O37=H60,100%,K37/O37-1)) -> 0 | H37: =VLOOKUP(A37,הכשרה!A:G,4,0)+VLOOKUP('תפוקה מצטברת מול אשתקד'!A37,מגדל!A:G,4,0)+VLOOKUP('תפוקה מצטברת מול אשתקד'!A37,מנורה!A:G,4,0)+VLOOKUP('תפוקה מצטברת מול אשתקד'!A37,איילון!A:G,4,0)+VLOOKUP('תפוקה מצטברת מול אשתקד'!A37,הראל!A:G,4,0)+VLOOKUP('תפוקה מצטברת מול אשתקד'!A37,הפניקס!A:G,4,0)+VLOOKUP('תפוקה מצטברת מול אשתקד'!A37,כלל!A:G,4,0)+VLOOKUP('תפוקה מצטברת מול אשתקד'!A37,מור!A:G,4,0)+VLOOKUP('תפוקה מצטברת מול אשתקד'!A37,'אלטשולר שחם'!A:G,4,0)+VLOOKUP('תפוקה מצטברת מול אשתקד'!A37,'מדיהו '!A:G,4,0)+VLOOKUP('תפוקה מצטברת מול אשתקד'!A37,'אנליסט '!A:G,4,0)+VLOOKUP('תפוקה מצטברת מול אשתקד'!A37,'מיטב דש'!A:G,4,0)+VLOOKUP('תפוקה מצטברת מול אשתקד'!A37,אינפניטי!A:G,4,0) -> 0 | I37: =VLOOKUP(A37,הכשרה!A:G,5,0)+VLOOKUP('תפוקה מצטברת מול אשתקד'!A37,מגדל!A:G,5,0)+VLOOKUP('תפוקה מצטברת מול אשתקד'!A37,מנורה!A:G,5,0)+VLOOKUP('תפוקה מצטברת מול אשתקד'!A37,איילון!A:G,5,0)+VLOOKUP('תפוקה מצטברת מול אשתקד'!A37,הראל!A:G,5,0)+VLOOKUP('תפוקה מצטברת מול אשתקד'!A37,הפניקס!A:G,5,0)+VLOOKUP('תפוקה מצטברת מול אשתקד'!A37,כלל!A:G,5,0)+VLOOKUP('תפוקה מצטברת מול אשתקד'!A37,מור!A:G,5,0)+VLOOKUP('תפוקה מצטברת מול אשתקד'!A37,'אלטשולר שחם'!A:G,5,0)+VLOOKUP('תפוקה מצטברת מול אשתקד'!A37,'מדיהו '!A:G,5,0)+VLOOKUP('תפוקה מצטברת מול אשתקד'!A37,'אנליסט '!A:G,5,0)+VLOOKUP('תפוקה מצטברת מול אשתקד'!A37,'מיטב דש'!A:G,5,0)+VLOOKUP('תפוקה מצטברת מול אשתקד'!A37,אינפניטי!A:G,5,0) -> 0 | J37: =VLOOKUP(A37,הכשרה!A:G,6,0)+VLOOKUP('תפוקה מצטברת מול אשתקד'!A37,מגדל!A:G,6,0)+VLOOKUP('תפוקה מצטברת מול אשתקד'!A37,מנורה!A:G,6,0)+VLOOKUP('תפוקה מצטברת מול אשתקד'!A37,איילון!A:G,6,0)+VLOOKUP(A37,הראל!A:G,6,0)+VLOOKUP('תפוקה מצטברת מול אשתקד'!A37,הפניקס!A:G,6,0)+VLOOKUP('תפוקה מצטברת מול אשתקד'!A37,כלל!A:G,6,0)+VLOOKUP('תפוקה מצטברת מול אשתקד'!A37,מור!A:G,6,0)+VLOOKUP('תפוקה מצטברת מול אשתקד'!A37,'אלטשולר שחם'!A:G,6,0)+VLOOKUP('תפוקה מצטברת מול אשתקד'!A37,'מדיהו '!A:G,6,0)+VLOOKUP('תפוקה מצטברת מול אשתקד'!A37,'אנליסט '!A:G,6,0)+VLOOKUP('תפוקה מצטברת מול אשתקד'!A37,'מיטב דש'!A:G,6,0)+VLOOKUP('תפוקה מצטברת מול אשתקד'!A37,אינפניטי!A:G,6,0) -> 0 | K37: =VLOOKUP(A37,הכשרה!A:G,7,0)+VLOOKUP('תפוקה מצטברת מול אשתקד'!A37,מגדל!A:G,7,0)+VLOOKUP('תפוקה מצטברת מול אשתקד'!A37,מנורה!A:G,7,0)+VLOOKUP('תפוקה מצטברת מול אשתקד'!A37,איילון!A:G,7,0)+VLOOKUP('תפוקה מצטברת מול אשתקד'!A37,הראל!A:G,7,0)+VLOOKUP('תפוקה מצטברת מול אשתקד'!A37,הפניקס!A:G,7,0)+VLOOKUP('תפוקה מצטברת מול אשתקד'!A37,כלל!A:G,7,0)+VLOOKUP('תפוקה מצטברת מול אשתקד'!A37,מור!A:G,7,0)+VLOOKUP('תפוקה מצטברת מול אשתקד'!A37,'אלטשולר שחם'!A:G,7,0)+VLOOKUP('תפוקה מצטברת מול אשתקד'!A37,'מדיהו '!A:K,7,0)+VLOOKUP(A37,'אנליסט '!A:G,7,0)+VLOOKUP('תפוקה מצטברת מול אשתקד'!A37,'מיטב דש'!A:G,7,0)+VLOOKUP('תפוקה מצטברת מול אשתקד'!A37,אינפניטי!A:G,7,0) -> 0 | L37: =VLOOKUP(A37,הכשרה!A:K,8,0)+VLOOKUP('תפוקה מצטברת מול אשתקד'!A37,מגדל!A:K,8,0)+VLOOKUP('תפוקה מצטברת מול אשתקד'!A37,מנורה!A:K,8,0)+VLOOKUP('תפוקה מצטברת מול אשתקד'!A37,איילון!A:K,8,0)+VLOOKUP('תפוקה מצטברת מול אשתקד'!A37,הראל!A:K,8,0)+VLOOKUP('תפוקה מצטברת מול אשתקד'!A37,הפניקס!A:K,8,0)+VLOOKUP('תפוקה מצטברת מול אשתקד'!A37,כלל!A:K,8,0)+VLOOKUP('תפוקה מצטברת מול אשתקד'!A37,מור!A:K,8,0)+VLOOKUP('תפוקה מצטברת מול אשתקד'!A37,'אלטשולר שחם'!A:K,8,0)+VLOOKUP('תפוקה מצטברת מול אשתקד'!A37,'מדיהו '!A:K,8,0)+VLOOKUP('תפוקה מצטברת מול אשתקד'!A37,'אנליסט '!A:K,8,0)+VLOOKUP('תפוקה מצטברת מול אשתקד'!A37,'מיטב דש'!A:K,8,0)+VLOOKUP('תפוקה מצטברת מול אשתקד'!A37,אינפניטי!A:K,8,0) -> -17643.071 | M37: =VLOOKUP(A37,הכשרה!A:K,9,0)+VLOOKUP('תפוקה מצטברת מול אשתקד'!A37,מגדל!A:K,9,0)+VLOOKUP('תפוקה מצטברת מול אשתקד'!A37,מנורה!A:K,9,0)+VLOOKUP('תפוקה מצטברת מול אשתקד'!A37,איילון!A:K,9,0)+VLOOKUP('תפוקה מצטברת מול אשתקד'!A37,הראל!A:K,9,0)+VLOOKUP('תפוקה מצטברת מול אשתקד'!A37,הפניקס!A:K,9,0)+VLOOKUP('תפוקה מצטברת מול אשתקד'!A37,כלל!A:K,9,0)+VLOOKUP('תפוקה מצטברת מול אשתקד'!A37,מור!A:K,9,0)+VLOOKUP('תפוקה מצטברת מול אשתקד'!A37,'אלטשולר שחם'!A:K,9,0)+VLOOKUP('תפוקה מצטברת מול אשתקד'!A37,'מדיהו '!A:K,9,0)+VLOOKUP('תפוקה מצטברת מול אשתקד'!A37,'אנליסט '!A:K,9,0)+VLOOKUP('תפוקה מצטברת מול אשתקד'!A37,'מיטב דש'!A:K,9,0)+VLOOKUP('תפוקה מצטברת מול אשתקד'!A37,אינפניטי!A:K,9,0) -> 0 | N37: =VLOOKUP(A37,הכשרה!A:K,10,0)+VLOOKUP('תפוקה מצטברת מול אשתקד'!A37,מגדל!A:K,10,0)+VLOOKUP('תפוקה מצטברת מול אשתקד'!A37,מנורה!A:K,10,0)+VLOOKUP('תפוקה מצטברת מול אשתקד'!A37,איילון!A:K,10,0)+VLOOKUP('תפוקה מצטברת מול אשתקד'!A37,הראל!A:K,10,0)+VLOOKUP('תפוקה מצטברת מול אשתקד'!A37,הפניקס!A:K,10,0)+VLOOKUP('תפוקה מצטברת מול אשתקד'!A37,כלל!A:K,10,0)+VLOOKUP('תפוקה מצטברת מול אשתקד'!A37,מור!A:K,10,0)+VLOOKUP('תפוקה מצטברת מול אשתקד'!A37,'אלטשולר שחם'!A:K,10,0)+VLOOKUP('תפוקה מצטברת מול אשתקד'!A37,'מדיהו '!A:K,10,0)+VLOOKUP('תפוקה מצטברת מול אשתקד'!A37,'אנליסט '!A:K,10,0)+VLOOKUP('תפוקה מצטברת מול אשתקד'!A37,'מיטב דש'!A:K,10,0)+VLOOKUP('תפוקה מצטברת מול אשתקד'!A37,אינפניטי!A:K,10,0) -> 0 | O37: =VLOOKUP(A37,הכשרה!A:K,11,0)+VLOOKUP('תפוקה מצטברת מול אשתקד'!A37,מגדל!A:K,11,0)+VLOOKUP('תפוקה מצטברת מול אשתקד'!A37,מנורה!A:K,11,0)+VLOOKUP('תפוקה מצטברת מול אשתקד'!A37,איילון!A:K,11,0)+VLOOKUP('תפוקה מצטברת מול אשתקד'!A37,הראל!A:K,11,0)+VLOOKUP('תפוקה מצטברת מול אשתקד'!A37,הפניקס!A:K,11,0)+VLOOKUP('תפוקה מצטברת מול אשתקד'!A37,כלל!A:K,11,0)+VLOOKUP('תפוקה מצטברת מול אשתקד'!A37,מור!A:K,11,0)+VLOOKUP('תפוקה מצטברת מול אשתקד'!A37,'אלטשולר שחם'!A:K,11,0)+VLOOKUP('תפוקה מצטברת מול אשתקד'!A37,'מדיהו '!A:K,11,0)+VLOOKUP('תפוקה מצטברת מול אשתקד'!A37,'אנליסט '!A:K,11,0)+VLOOKUP('תפוקה מצטברת מול אשתקד'!A37,'מיטב דש'!A:K,11,0)+VLOOKUP('תפוקה מצטברת מול אשתקד'!A37,אינפניטי!A:K,11,0) -> 623322.27
A38: לוי חיים | B38: ערן גירוני | C38: סוכנים | D38: =IF(H38=0,0%,IF(L38=0,100%,H38/L38-1)) -> -0.088880303 | E38: =IF(I38=0,0%,IF(M38=0,100%,I38/M38-1)) -> 1 | F38: =IF(J38=0,0%,IF(N38=0,100%,J38/N38-1)) -> 1 | G38: =IF(K38=0,0%,IF(O38=H62,100%,K38/O38-1)) -> 1 | H38: =VLOOKUP(A38,הכשרה!A:G,4,0)+VLOOKUP('תפוקה מצטברת מול אשתקד'!A38,מגדל!A:G,4,0)+VLOOKUP('תפוקה מצטברת מול אשתקד'!A38,מנורה!A:G,4,0)+VLOOKUP('תפוקה מצטברת מול אשתקד'!A38,איילון!A:G,4,0)+VLOOKUP('תפוקה מצטברת מול אשתקד'!A38,הראל!A:G,4,0)+VLOOKUP('תפוקה מצטברת מול אשתקד'!A38,הפניקס!A:G,4,0)+VLOOKUP('תפוקה מצטברת מול אשתקד'!A38,כלל!A:G,4,0)+VLOOKUP('תפוקה מצטברת מול אשתקד'!A38,מור!A:G,4,0)+VLOOKUP('תפוקה מצטברת מול אשתקד'!A38,'אלטשולר שחם'!A:G,4,0)+VLOOKUP('תפוקה מצטברת מול אשתקד'!A38,'מדיהו '!A:G,4,0)+VLOOKUP('תפוקה מצטברת מול אשתקד'!A38,'אנליסט '!A:G,4,0)+VLOOKUP('תפוקה מצטברת מול אשתקד'!A38,'מיטב דש'!A:G,4,0)+VLOOKUP('תפוקה מצטברת מול אשתקד'!A38,אינפניטי!A:G,4,0) -> 7357.82 | I38: =VLOOKUP(A38,הכשרה!A:G,5,0)+VLOOKUP('תפוקה מצטברת מול אשתקד'!A38,מגדל!A:G,5,0)+VLOOKUP('תפוקה מצטברת מול אשתקד'!A38,מנורה!A:G,5,0)+VLOOKUP('תפוקה מצטברת מול אשתקד'!A38,איילון!A:G,5,0)+VLOOKUP('תפוקה מצטברת מול אשתקד'!A38,הראל!A:G,5,0)+VLOOKUP('תפוקה מצטברת מול אשתקד'!A38,הפניקס!A:G,5,0)+VLOOKUP('תפוקה מצטברת מול אשתקד'!A38,כלל!A:G,5,0)+VLOOKUP('תפוקה מצטברת מול אשתקד'!A38,מור!A:G,5,0)+VLOOKUP('תפוקה מצטברת מול אשתקד'!A38,'אלטשולר שחם'!A:G,5,0)+VLOOKUP('תפוקה מצטברת מול אשתקד'!A38,'מדיהו '!A:G,5,0)+VLOOKUP('תפוקה מצטברת מול אשתקד'!A38,'אנליסט '!A:G,5,0)+VLOOKUP('תפוקה מצטברת מול אשתקד'!A38,'מיטב דש'!A:G,5,0)+VLOOKUP('תפוקה מצטברת מול אשתקד'!A38,אינפניטי!A:G,5,0) -> 2586.07 | J38: =VLOOKUP(A38,הכשרה!A:G,6,0)+VLOOKUP('תפוקה מצטברת מול אשתקד'!A38,מגדל!A:G,6,0)+VLOOKUP('תפוקה מצטברת מול אשתקד'!A38,מנורה!A:G,6,0)+VLOOKUP('תפוקה מצטברת מול אשתקד'!A38,איילון!A:G,6,0)+VLOOKUP(A38,הראל!A:G,6,0)+VLOOKUP('תפוקה מצטברת מול אשתקד'!A38,הפניקס!A:G,6,0)+VLOOKUP('תפוקה מצטברת מול אשתקד'!A38,כלל!A:G,6,0)+VLOOKUP('תפוקה מצטברת מול אשתקד'!A38,מור!A:G,6,0)+VLOOKUP('תפוקה מצטברת מול אשתקד'!A38,'אלטשולר שחם'!A:G,6,0)+VLOOKUP('תפוקה מצטברת מול אשתקד'!A38,'מדיהו '!A:G,6,0)+VLOOKUP('תפוקה מצטברת מול אשתקד'!A38,'אנליסט '!A:G,6,0)+VLOOKUP('תפוקה מצטברת מול אשתקד'!A38,'מיטב דש'!A:G,6,0)+VLOOKUP('תפוקה מצטברת מול אשתקד'!A38,אינפניטי!A:G,6,0) -> 245375.98 | K38: =VLOOKUP(A38,הכשרה!A:G,7,0)+VLOOKUP('תפוקה מצטברת מול אשתקד'!A38,מגדל!A:G,7,0)+VLOOKUP('תפוקה מצטברת מול אשתקד'!A38,מנורה!A:G,7,0)+VLOOKUP('תפוקה מצטברת מול אשתקד'!A38,איילון!A:G,7,0)+VLOOKUP('תפוקה מצטברת מול אשתקד'!A38,הראל!A:G,7,0)+VLOOKUP('תפוקה מצטברת מול אשתקד'!A38,הפניקס!A:G,7,0)+VLOOKUP('תפוקה מצטברת מול אשתקד'!A38,כלל!A:G,7,0)+VLOOKUP('תפוקה מצטברת מול אשתקד'!A38,מור!A:G,7,0)+VLOOKUP('תפוקה מצטברת מול אשתקד'!A38,'אלטשולר שחם'!A:G,7,0)+VLOOKUP('תפוקה מצטברת מול אשתקד'!A38,'מדיהו '!A:K,7,0)+VLOOKUP(A38,'אנליסט '!A:G,7,0)+VLOOKUP('תפוקה מצטברת מול אשתקד'!A38,'מיטב דש'!A:G,7,0)+VLOOKUP('תפוקה מצטברת מול אשתקד'!A38,אינפניטי!A:G,7,0) -> 227555.07 | L38: =VLOOKUP(A38,הכשרה!A:K,8,0)+VLOOKUP('תפוקה מצטברת מול אשתקד'!A38,מגדל!A:K,8,0)+VLOOKUP('תפוקה מצטברת מול אשתקד'!A38,מנורה!A:K,8,0)+VLOOKUP('תפוקה מצטברת מול אשתקד'!A38,איילון!A:K,8,0)+VLOOKUP('תפוקה מצטברת מול אשתקד'!A38,הראל!A:K,8,0)+VLOOKUP('תפוקה מצטברת מול אשתקד'!A38,הפניקס!A:K,8,0)+VLOOKUP('תפוקה מצטברת מול אשתקד'!A38,כלל!A:K,8,0)+VLOOKUP('תפוקה מצטברת מול אשתקד'!A38,מור!A:K,8,0)+VLOOKUP('תפוקה מצטברת מול אשתקד'!A38,'אלטשולר שחם'!A:K,8,0)+VLOOKUP('תפוקה מצטברת מול אשתקד'!A38,'מדיהו '!A:K,8,0)+VLOOKUP('תפוקה מצטברת מול אשתקד'!A38,'אנליסט '!A:K,8,0)+VLOOKUP('תפוקה מצטברת מול אשתקד'!A38,'מיטב דש'!A:K,8,0)+VLOOKUP('תפוקה מצטברת מול אשתקד'!A38,אינפניטי!A:K,8,0) -> 8075.58 | M38: =VLOOKUP(A38,הכשרה!A:K,9,0)+VLOOKUP('תפוקה מצטברת מול אשתקד'!A38,מגדל!A:K,9,0)+VLOOKUP('תפוקה מצטברת מול אשתקד'!A38,מנורה!A:K,9,0)+VLOOKUP('תפוקה מצטברת מול אשתקד'!A38,איילון!A:K,9,0)+VLOOKUP('תפוקה מצטברת מול אשתקד'!A38,הראל!A:K,9,0)+VLOOKUP('תפוקה מצטברת מול אשתקד'!A38,הפניקס!A:K,9,0)+VLOOKUP('תפוקה מצטברת מול אשתקד'!A38,כלל!A:K,9,0)+VLOOKUP('תפוקה מצטברת מול אשתקד'!A38,מור!A:K,9,0)+VLOOKUP('תפוקה מצטברת מול אשתקד'!A38,'אלטשולר שחם'!A:K,9,0)+VLOOKUP('תפוקה מצטברת מול אשתקד'!A38,'מדיהו '!A:K,9,0)+VLOOKUP('תפוקה מצטברת מול אשתקד'!A38,'אנליסט '!A:K,9,0)+VLOOKUP('תפוקה מצטברת מול אשתקד'!A38,'מיטב דש'!A:K,9,0)+VLOOKUP('תפוקה מצטברת מול אשתקד'!A38,אינפניטי!A:K,9,0) -> 0 | N38: =VLOOKUP(A38,הכשרה!A:K,10,0)+VLOOKUP('תפוקה מצטברת מול אשתקד'!A38,מגדל!A:K,10,0)+VLOOKUP('תפוקה מצטברת מול אשתקד'!A38,מנורה!A:K,10,0)+VLOOKUP('תפוקה מצטברת מול אשתקד'!A38,איילון!A:K,10,0)+VLOOKUP('תפוקה מצטברת מול אשתקד'!A38,הראל!A:K,10,0)+VLOOKUP('תפוקה מצטברת מול אשתקד'!A38,הפניקס!A:K,10,0)+VLOOKUP('תפוקה מצטברת מול אשתקד'!A38,כלל!A:K,10,0)+VLOOKUP('תפוקה מצטברת מול אשתקד'!A38,מור!A:K,10,0)+VLOOKUP('תפוקה מצטברת מול אשתקד'!A38,'אלטשולר שחם'!A:K,10,0)+VLOOKUP('תפוקה מצטברת מול אשתקד'!A38,'מדיהו '!A:K,10,0)+VLOOKUP('תפוקה מצטברת מול אשתקד'!A38,'אנליסט '!A:K,10,0)+VLOOKUP('תפוקה מצטברת מול אשתקד'!A38,'מיטב דש'!A:K,10,0)+VLOOKUP('תפוקה מצטברת מול אשתקד'!A38,אינפניטי!A:K,10,0) -> 0 | O38: =VLOOKUP(A38,הכשרה!A:K,11,0)+VLOOKUP('תפוקה מצטברת מול אשתקד'!A38,מגדל!A:K,11,0)+VLOOKUP('תפוקה מצטברת מול אשתקד'!A38,מנורה!A:K,11,0)+VLOOKUP('תפוקה מצטברת מול אשתקד'!A38,איילון!A:K,11,0)+VLOOKUP('תפוקה מצטברת מול אשתקד'!A38,הראל!A:K,11,0)+VLOOKUP('תפוקה מצטברת מול אשתקד'!A38,הפניקס!A:K,11,0)+VLOOKUP('תפוקה מצטברת מול אשתקד'!A38,כלל!A:K,11,0)+VLOOKUP('תפוקה מצטברת מול אשתקד'!A38,מור!A:K,11,0)+VLOOKUP('תפוקה מצטברת מול אשתקד'!A38,'אלטשולר שחם'!A:K,11,0)+VLOOKUP('תפוקה מצטברת מול אשתקד'!A38,'מדיהו '!A:K,11,0)+VLOOKUP('תפוקה מצטברת מול אשתקד'!A38,'אנליסט '!A:K,11,0)+VLOOKUP('תפוקה מצטברת מול אשתקד'!A38,'מיטב דש'!A:K,11,0)+VLOOKUP('תפוקה מצטברת מול אשתקד'!A38,אינפניטי!A:K,11,0) -> 0
